1.0019792,0.014168724,0.00602774,0.041616254,0.039591584,1.0019888,22.84665,21.84375,21.600004,1.0020698,-21.6,-0.0041465834,-21.84375,0.08804259,0.013476396,7.443752,7.4438543,30.719854,7.4437504,23.077236,7.443763,7.5108843,21.843754,0.07874768
1.0031683,0.014779042,0.0058626193,0.0543633,0.052643314,1.0031779,23.11878,21.46875,21.881254,1.0032676,-21.88125,-0.003902667,-21.46875,0.10963397,0.014116678,7.4625015,7.4626846,30.654467,7.4625,22.728752,7.4625134,7.529625,21.468754,0.096247174
1.0022537,0.019477135,0.013460442,0.050229304,0.048216257,1.0023396,23.124231,21.356255,21.956255,1.002357,-21.956251,-0.0029879794,-21.35625,0.10760761,0.014391084,7.2562623,7.2564096,30.629501,7.2562504,22.555323,7.2562647,7.3251405,21.356256,0.096247174
1.0029244,0.0145753175,0.0058626193,0.03765937,0.035215884,1.002934,23.088827,21.31875,21.937504,1.0030208,-21.9375,-0.003902667,-21.31875,0.10653508,0.013903251,7.2000017,7.200085,30.589918,7.2000003,22.501759,7.2000136,7.269516,21.318754,0.10062204
1.0029548,0.013933741,0.0038721773,0.037670635,0.03521252,1.0029548,23.107008,21.375,21.975004,1.0030516,-21.975,-0.0038721773,-21.375,0.10241311,0.013933741,7.14375,7.1438355,30.656015,7.14375,22.537165,7.1437635,7.213812,21.375004,0.096247174
1.002467,0.01637579,0.009555969,0.050074823,0.04827668,1.0025052,23.107008,21.468752,21.975004,1.0025626,-21.975,-0.0038416877,-21.46875,0.11153778,0.013842272,7.1437554,7.1439123,30.721457,7.14375,22.6261,7.1437635,7.213744,21.468754,0.10062204
1.00265,0.014604404,0.0060068066,0.041766595,0.039588403,1.0026596,23.12484,21.50625,21.993755,1.0027468,-21.993752,-0.004116094,-21.50625,0.103989504,0.013933741,7.1437516,7.1438584,30.761078,7.14375,22.661684,7.1437635,7.2137694,21.506254,0.096247174
1.0024366,0.014313801,0.0062196986,0.04166587,0.039621264,1.0024462,23.119055,21.46875,21.993755,1.0025293,-21.993752,-0.00442099,-21.46875,0.103989504,0.013628845,7.125002,7.125109,30.73487,7.1250005,22.620188,7.1250134,7.195173,21.468754,0.096247174
1.0021926,0.016634312,0.009789509,0.045979258,0.043968473,1.0022308,23.191053,21.356253,22.087505,1.0022925,-22.087502,-0.0043905005,-21.35625,0.11374665,0.014147167,7.0687556,7.068886,30.723722,7.0687504,22.495703,7.0687647,7.1394415,21.356255,0.10499691
1.0024366,0.0144520635,0.004573438,0.03786542,0.035296515,1.0024366,23.17892,21.225,22.068756,1.0025408,-22.06875,-0.004573438,-21.225,0.11483516,0.0144520635,7.0875,7.0875864,30.619118,7.0875,22.377071,7.087515,7.15804,21.225006,0.10937178
1.0018573,0.016790172,0.009285995,0.041900493,0.03949647,1.0018955,23.20776,21.206253,22.068756,1.0019598,-22.06875,-0.0031099378,-21.206251,0.11213675,0.014330105,7.1812553,7.181358,30.606125,7.18125,22.389181,7.1812644,7.250798,21.206255,0.10499691
1.0020401,0.014208146,0.003445323,0.033759546,0.030817296,1.0020401,23.273314,21.150002,22.143755,1.0021409,-22.143751,-0.003445323,-21.150002,0.10937178,0.014208146,7.1625004,7.1625657,30.62137,7.1625004,22.32989,7.162514,7.232254,21.150007,0.10499691
1.0021926,0.014517162,0.005923902,0.025886212,0.022236021,1.0022022,23.314764,21.112501,22.181255,1.0022882,-22.181252,-0.0039941357,-21.112501,0.11153777,0.013842272,7.1812515,7.1812835,30.622633,7.18125,22.300406,7.1812634,7.2508445,21.112505,0.10937178
1.0021926,0.014255753,0.00576226,0.041645963,0.039552037,1.0022022,23.379837,20.8875,22.237505,1.0022844,-22.237501,-0.003750219,-20.8875,0.11213675,0.013567866,7.218752,7.218858,30.50892,7.2187505,22.09973,7.2187634,7.2879868,20.887505,0.10499691
1.0023146,0.016350023,0.009226338,0.033594657,0.030763661,1.0023528,23.362003,20.681253,22.218754,1.0024098,-22.21875,-0.0029270002,-20.681252,0.10937178,0.013811781,7.2187557,7.2188153,30.354357,7.2187505,21.904898,7.218764,7.2880034,20.681257,0.10499691
1.0021012,0.014055699,0.0039941357,0.037715916,0.03522614,1.0021012,23.362003,20.681252,22.218754,1.0021998,-22.21875,-0.0039941357,-20.681252,0.11483516,0.014055699,7.2187505,7.2188354,30.354357,7.2187505,21.904898,7.2187643,7.287974,20.681257,0.10937178
1.0022537,0.0152749065,0.005822204,0.046131693,0.043917064,1.0022632,23.355795,20.7,22.200005,1.0023605,-22.2,-0.0038416877,-20.7,0.12186981,0.014635001,7.2562513,7.256382,30.35342,7.2562504,21.934977,7.256265,7.3251405,20.700006,0.11374665
1.002284,0.013872761,0.004878334,0.033619773,0.03101022,1.002284,23.33185,20.831251,22.162504,1.0023801,-22.1625,-0.004878334,-20.831251,0.11779701,0.013872761,7.2937503,7.2938147,30.415743,7.2937503,22.071243,7.293763,7.3622932,20.831255,0.11374665
1.0026805,0.014238637,0.003597771,0.029862363,0.026494639,1.0026805,23.355526,20.79375,22.181255,1.0027816,-22.181252,-0.003597771,-20.79375,0.11247759,0.014238637,7.3125005,7.3125477,30.40375,7.3125005,22.042067,7.3125143,7.3809237,20.793755,0.10937178
1.0024061,0.014482552,0.0034758127,0.037877064,0.03517114,1.0024061,23.3317,20.775002,22.143755,1.0025107,-22.143751,-0.0034758127,-20.775002,0.11483516,0.014482552,7.3500004,7.350084,30.363571,7.3500004,22.03686,7.3500147,7.4180403,20.775007,0.10937178
1.0026805,0.015362565,0.005315134,0.046160795,0.04385272,1.0026901,23.355434,20.75625,22.143755,1.0027887,-22.143751,-0.0030184689,-20.75625,0.11779702,0.01472647,7.4250016,7.425129,30.350742,7.425,22.04433,7.4250145,7.492396,20.756256,0.10937178
1.002467,0.014720807,0.0057031526,0.0459512,0.04390144,1.0024766,23.313921,20.868752,22.106255,1.0025656,-22.10625,-0.0036587503,-20.868752,0.10972121,0.014055699,7.406252,7.4063797,30.40051,7.4062505,22.144014,7.406264,7.473787,20.868755,0.10062204
1.0017048,0.014197728,0.00538533,0.045786306,0.043861285,1.0017143,23.42092,20.8125,22.181255,1.0017959,-22.181252,-0.0031404274,-20.8125,0.12596287,0.013506887,7.5187516,7.5188775,30.416576,7.51875,22.12898,7.518762,7.585184,20.812504,0.11812152
1.0017048,0.016401568,0.009507596,0.033619773,0.030849181,1.001743,23.456783,20.643753,22.200005,1.0018009,-22.2,-0.0037197294,-20.643751,0.10517904,0.013872761,7.5750055,7.5750623,30.315086,7.5750003,21.989658,7.575013,7.640945,20.643755,0.10062204
1.0024976,0.013750802,0.0038721773,0.04170592,0.039563786,1.0024976,23.510025,20.53125,22.256254,1.0025918,-22.25625,-0.0038721773,-20.53125,0.10805135,0.013750802,7.5750003,7.575103,30.27991,7.5750003,21.884077,7.5750127,7.641049,20.531254,0.10062204
1.0024976,0.015216492,0.0055125165,0.046112385,0.04387708,1.0025071,23.575022,20.362501,22.331257,1.0026035,-22.331251,-0.0033538546,-20.362501,0.0978251,0.014574022,7.5562515,7.556377,30.221123,7.55625,21.719309,7.5562644,7.6224613,20.362507,0.08749743
1.002772,0.019319976,0.013754916,0.037761535,0.035240177,1.0028578,23.604555,20.287504,22.368755,1.0028721,-22.368752,-0.004116094,-20.2875,0.098313004,0.014177658,7.537512,7.5375814,30.198406,7.5375004,21.642471,7.5375137,7.603911,20.287506,0.0918723
1.0029244,0.016894381,0.009789509,0.041942358,0.039617874,1.0029626,23.581425,20.137503,22.312504,1.0030285,-22.3125,-0.0043905005,-20.1375,0.09594842,0.0144520635,7.631255,7.631352,30.056057,7.6312504,21.53497,7.631264,7.6968718,20.137506,0.08749743
1.0026805,0.014662595,0.0058021313,0.037693232,0.035205867,1.0026901,23.59969,19.987503,22.312504,1.0027782,-22.3125,-0.0038111983,-19.987501,0.086174965,0.01399472,7.687502,7.68758,29.955767,7.6875005,21.414898,7.6875134,7.7526145,19.987507,0.07874768
1.0035038,0.016972693,0.009643751,0.03790042,0.035233106,1.003542,23.648975,19.781252,22.312504,1.0036092,-22.3125,-0.004055115,-19.78125,0.08219636,0.014543531,7.837505,7.8375783,29.818542,7.8375,21.277317,7.8375134,7.9014826,19.781256,0.074372806
1.0037781,0.014543531,0.0038721773,0.030008936,0.026533294,1.0037781,23.636576,19.78125,22.312504,1.0038835,-22.3125,-0.0038721773,-19.78125,0.09135,0.014543531,7.8,7.8000445,29.818542,7.8,21.263533,7.800014,7.8643227,19.781256,0.08749743
1.0037781,0.016504852,0.009460546,0.03367028,0.030834712,1.0038162,23.695862,19.743753,22.368755,1.0038756,-22.368752,-0.003597771,-19.743752,0.08858439,0.01399472,7.818755,7.8188105,29.83583,7.8187504,21.23555,7.818763,7.8829203,19.743757,0.08312255
1.0029548,0.015128907,0.0057031526,0.02271511,0.017877875,1.0029644,23.655195,19.706251,22.312504,1.0030594,-22.3125,-0.0036587503,-19.706251,0.076403834,0.014482552,7.8562517,7.85627,29.768843,7.8562503,21.214546,7.8562636,7.920012,19.706257,0.074372806
1.0037477,0.013445907,0.003902667,0.033445895,0.030871773,1.0037477,23.595913,19.725,22.256254,1.0038377,-22.25625,-0.003902667,-19.725,0.08043103,0.013445907,7.8375,7.8375597,29.739138,7.8375,21.225035,7.8375115,7.9015136,19.725006,0.074372806
1.0035342,0.015099723,0.005923902,0.03786542,0.03522614,1.0035437,23.584467,19.6875,22.237507,1.0036383,-22.237501,-0.0039941357,-19.6875,0.074372806,0.0144520635,7.8562517,7.856328,29.700237,7.8562503,21.19713,7.8562636,7.9200854,19.687506,0.06562307
1.0032599,0.01495388,0.005606572,0.037807494,0.035174165,1.0032694,23.677362,19.78125,22.368755,1.0033617,-22.368752,-0.0035063024,-19.78125,0.07054268,0.014299616,7.7625017,7.7625794,29.860659,7.7625003,21.249805,7.7625136,7.827065,19.781256,0.061248202
1.0039,0.016894381,0.009306594,0.03786542,0.035142317,1.0039382,23.694437,19.800003,22.406254,1.0040041,-22.40625,-0.0031709168,-19.800001,0.07054268,0.0144520635,7.706255,7.70633,29.901173,7.70625,21.246796,7.7062635,7.7713647,19.800007,0.061248202
1.0044185,0.022930399,0.0178473,0.03402068,0.030824173,1.0045708,23.663845,19.83751,22.425007,1.0045277,-22.425001,-0.0035063024,-19.837502,0.07640384,0.014817938,7.55627,7.556312,29.940058,7.55625,21.227892,7.556265,7.622714,19.837507,0.06999794
1.0034733,0.015538015,0.0053499998,0.03804232,0.03513418,1.0034828,23.728968,19.837502,22.500006,1.003584,-22.5,-0.0030794481,-19.837502,0.074372806,0.014909408,7.537502,7.5375814,29.996275,7.5375004,21.221224,7.537515,7.6040034,19.837507,0.06562307
1.0035647,0.014720807,0.0052134185,0.037715916,0.035113644,1.0035743,23.687456,19.837502,22.462505,1.0036632,-22.462502,-0.0028355315,-19.837502,0.06677951,0.014055699,7.5187516,7.5188317,29.968157,7.51875,21.214573,7.5187635,7.58543,19.837507,0.056873325
1.004022,0.01504137,0.0055125165,0.02618379,0.022129975,1.0040315,23.711191,19.893751,22.481256,1.0041251,-22.48125,-0.0033538546,-19.893751,0.069172785,0.014391084,7.537502,7.537532,30.01946,7.5375004,21.273815,7.537514,7.604076,19.893757,0.06562307
1.0044185,0.014177658,0.0033538546,0.037761535,0.035159297,1.0044185,23.806189,19.85625,22.556255,1.0045185,-22.556252,-0.0033538546,-19.85625,0.074372806,0.014177658,7.6125,7.612581,30.050877,7.6125,21.265486,7.6125135,7.678478,19.856256,0.06562307
1.0042964,0.014633497,0.005842367,0.033657618,0.030867932,1.004306,23.81797,19.875,22.575005,1.0043935,-22.575,-0.0038721773,-19.875,0.0645942,0.01396423,7.593752,7.5938125,30.077337,7.5937505,21.276293,7.5937634,7.659873,19.875006,0.056873325
1.004205,0.015421029,0.0054940195,0.034007415,0.0308039,1.0042145,23.80045,19.7625,22.537506,1.0043138,-22.5375,-0.003323365,-19.7625,0.060777657,0.0147874495,7.6500015,7.6500616,29.974913,7.65,21.191483,7.6500144,7.715629,19.762506,0.052498456
1.0046928,0.014866436,0.005842367,0.029847836,0.026533294,1.0047023,23.80045,19.650002,22.537504,1.0047933,-22.5375,-0.0038721773,-19.650002,0.05869506,0.014208146,7.6500015,7.6500454,29.900862,7.65,21.086609,7.6500134,7.7156925,19.650007,0.052498456
1.0041746,0.014517162,0.005263727,0.025886212,0.022069318,1.004184,23.841988,19.725002,22.575005,1.00427,-22.575,-0.0029270002,-19.725,0.052861772,0.013842272,7.6687517,7.6687813,29.97843,7.6687503,21.163303,7.6687627,7.734216,19.725006,0.048123587
1.004388,0.014546236,0.00576226,0.029689653,0.02651577,1.0043974,23.764944,19.743753,22.500004,1.0044837,-22.5,-0.003750219,-19.743752,0.054816984,0.013872761,7.6500015,7.6500454,29.934357,7.65,21.173998,7.650013,7.715653,19.743757,0.048123587
1.0048758,0.014139729,0.0057031526,0.033445895,0.030841887,1.0048853,23.83075,19.743753,22.537504,1.0049657,-22.5375,-0.0036587503,-19.743752,0.05340211,0.013445907,7.743751,7.7438107,29.962553,7.74375,21.20805,7.7437615,7.808677,19.743757,0.043748714
1.0045403,0.016582482,0.009593107,0.0418177,0.0395698,1.0045785,23.961542,19.612503,22.650005,1.0046391,-22.650002,-0.0039331564,-19.612501,0.05568302,0.014086188,7.818755,7.8188496,29.961187,7.8187504,21.113575,7.8187633,7.883017,19.612507,0.03937384
1.0049672,0.016067708,0.009495708,0.033458166,0.03084552,1.0050054,23.937702,19.743753,22.631254,1.0050576,-22.63125,-0.0036892397,-19.743752,0.05340211,0.013476396,7.800005,7.8000603,30.033136,7.8,21.228653,7.800012,7.864475,19.743757,0.043748714
1.0046928,0.014238637,0.0037197294,0.029862363,0.026511475,1.0046928,23.884527,19.706251,22.575005,1.0047936,-22.575,-0.0037197294,-19.706251,0.054816984,0.014238637,7.8,7.8000445,29.966097,7.8,21.19378,7.800013,7.8644395,19.706257,0.048123587
1.0049367,0.014720807,0.0060910247,0.04180744,0.039601266,1.0049462,23.914513,19.7625,22.593754,1.005035,-22.59375,-0.0042380523,-19.7625,0.05568302,0.014055699,7.837501,7.837599,30.017227,7.8375,21.259888,7.8375125,7.9016647,19.762505,0.03937384
1.0053332,0.014749921,0.006048755,0.03772729,0.03524735,1.0053426,23.938375,19.800001,22.612505,1.0054318,-22.612501,-0.004177073,-19.800001,0.059504684,0.014086188,7.8562517,7.856328,30.056034,7.8562503,21.30166,7.856263,7.9203134,19.800007,0.048123587
1.0051806,0.013965881,0.005439177,0.03337277,0.030794166,1.0051901,24.009233,19.6875,22.687504,1.0052681,-22.6875,-0.0032318959,-19.6875,0.05340211,0.013262969,7.8562517,7.85631,30.038647,7.8562503,21.19713,7.8562617,7.920294,19.687504,0.043748714
1.0051806,0.016427366,0.009403629,0.02235022,0.01783542,1.0052187,24.02153,19.650003,22.687504,1.0052768,-22.6875,-0.003445323,-19.650002,0.043087482,0.013903251,7.893755,7.8937693,30.014084,7.89375,21.176256,7.8937626,7.957492,19.650007,0.03937384
1.0049672,0.014147167,0.0037197294,0.022502761,0.017890453,1.0049672,23.979265,19.66875,22.668755,1.0050668,-22.66875,-0.0037197294,-19.66875,0.047118805,0.014147167,7.8187504,7.81877,30.012197,7.8187504,21.165836,7.8187633,7.8830714,19.668756,0.043748714
1.0050892,0.016401568,0.009555969,0.022331266,0.017916208,1.0051273,23.89004,19.725002,22.593754,1.005185,-22.59375,-0.0038416877,-19.725,0.043087482,0.013872761,7.7625055,7.76252,29.992554,7.7625003,21.197454,7.7625127,7.8272996,19.725006,0.03937384
1.0053332,0.014313801,0.0056642257,0.03351986,0.030834712,1.0053426,23.996464,19.59375,22.706255,1.0054255,-22.706251,-0.003597771,-19.59375,0.04650552,0.013628845,7.7625017,7.762561,29.99148,7.7625003,21.075375,7.762512,7.8273306,19.593754,0.03499897
1.0050281,0.014720807,0.00572276,0.029775571,0.026507216,1.0050377,24.068525,19.59375,22.743757,1.0051265,-22.743752,-0.0036892397,-19.59375,0.04732147,0.014055699,7.875002,7.8750443,30.019882,7.8750005,21.117071,7.875013,7.938874,19.593756,0.03937384
1.005516,0.017287232,0.009414842,0.030187951,0.026478354,1.0055541,23.990887,19.537502,22.687506,1.0056266,-22.6875,-0.0034758127,-19.5375,0.04033432,0.014909408,7.800005,7.8000445,29.940552,7.8,21.036966,7.8000145,7.864545,19.537506,0.030624101
1.0059733,0.014391084,0.0033538546,0.02618379,0.022129975,1.0059733,24.032448,19.6875,22.725006,1.0060763,-22.725,-0.0033538546,-19.6875,0.045042057,0.014391084,7.8187504,7.818781,30.06698,7.8187504,21.18326,7.8187637,7.8831997,19.687506,0.03937384
1.0051806,0.022502761,0.017800985,0.029818857,0.026451183,1.005333,23.991518,19.725008,22.668755,1.0052801,-22.66875,-0.0032623855,-19.725,0.04374871,0.014147167,7.85627,7.856294,30.049091,7.8562503,21.231964,7.856263,7.920294,19.725006,0.03499897
1.0049977,0.013872761,0.003902667,0.033619773,0.030871773,1.0049977,23.997663,19.706251,22.668755,1.0050935,-22.66875,-0.003902667,-19.706251,0.043309018,0.013872761,7.8750005,7.87506,30.036787,7.8750005,21.221498,7.875013,7.93887,19.706257,0.030624101
1.0052111,0.014749921,0.0056642257,0.029789975,0.026494639,1.0052207,24.02153,19.706251,22.687504,1.0053098,-22.6875,-0.003597771,-19.706251,0.04374871,0.014086188,7.893751,7.893794,30.05094,7.89375,21.228462,7.8937626,7.9574957,19.706257,0.03499897
1.0052416,0.014313801,0.0056836405,0.029576467,0.026498796,1.0052512,24.08082,19.650002,22.743755,1.005334,-22.743752,-0.0036282607,-19.650002,0.04374871,0.013628845,7.912502,7.912544,30.056627,7.9125004,21.183254,7.9125123,7.9761,19.650005,0.03499897
1.005455,0.014238637,0.0034148335,0.029862363,0.026470419,1.005455,23.991518,19.725,22.668755,1.0055559,-22.66875,-0.0034148335,-19.725,0.04374871,0.014238637,7.8562503,7.856294,30.049091,7.8562503,21.231964,7.856263,7.9203286,19.725006,0.03499897
1.0056075,0.01627283,0.009306594,0.025821202,0.022102991,1.0056455,23.978722,19.762503,22.687504,1.0057011,-22.6875,-0.0031709168,-19.7625,0.045042057,0.013720313,7.7625055,7.7625313,30.087856,7.7625003,21.232353,7.7625127,7.827366,19.762505,0.03937384
1.0049977,0.014208146,0.0029879794,0.029847836,0.026418744,1.0049977,24.04409,19.743752,22.743757,1.0050982,-22.743752,-0.0029879794,-19.743752,0.04374871,0.014208146,7.8,7.8000445,30.118002,7.8,21.228653,7.800013,7.8644786,19.743757,0.03499897
1.005516,0.014808168,0.005606572,0.029818857,0.026482373,1.0055255,24.0259,19.612501,22.743757,1.0056155,-22.743752,-0.0035063024,-19.612501,0.037122015,0.014147167,7.743751,7.7437944,30.032124,7.74375,21.085917,7.743763,7.8087597,19.612507,0.026249228
1.0053332,0.015245696,0.005315134,0.022793062,0.017757902,1.0053426,24.04365,19.63125,22.762506,1.0054392,-22.7625,-0.0030184689,-19.63125,0.031547643,0.014604511,7.743751,7.7437696,30.058567,7.74375,21.103357,7.743764,7.808736,19.631256,0.026249228
1.00576,0.01961269,0.013754916,0.022773538,0.017977046,1.0058455,23.996464,19.725006,22.706257,1.0058655,-22.706251,-0.004116094,-19.725,0.03527134,0.014574022,7.7625113,7.76252,30.077393,7.7625003,21.197454,7.762514,7.8273854,19.725006,0.030624101
1.0062479,0.014255753,0.005903388,0.018877035,0.013710069,1.0062573,24.019865,19.837502,22.743755,1.0063393,-22.743752,-0.003963646,-19.837502,0.02934753,0.013567866,7.725002,7.725012,30.17954,7.7250004,21.288544,7.7250123,7.7902613,19.837505,0.026249228
1.0049367,0.015421029,0.0056449086,0.026403714,0.022163326,1.0049462,24.019865,19.9125,22.743757,1.0050455,-22.743752,-0.0035672814,-19.9125,0.030935012,0.0147874495,7.725002,7.7250314,30.228891,7.7250004,21.358448,7.7250147,7.790092,19.912506,0.021874357
1.005455,0.016868306,0.009207174,0.026200559,0.022061314,1.0054932,24.002111,19.856253,22.725006,1.0055585,-22.725,-0.002866021,-19.85625,0.03416884,0.014421573,7.7250056,7.7250314,30.177746,7.7250004,21.306017,7.7250137,7.7901587,19.856256,0.026249228
1.0060649,0.014371875,0.005587555,0.025805015,0.022148786,1.0060744,23.919035,19.85625,22.650005,1.006158,-22.650002,-0.0034758127,-19.85625,0.03416884,0.013689824,7.687502,7.6875315,30.12131,7.6875005,21.292448,7.687513,7.753053,19.856255,0.026249228
1.0052111,0.014808168,0.0055125165,0.029818857,0.02646262,1.0052207,23.913015,19.9125,22.650005,1.0053107,-22.650002,-0.0033538546,-19.9125,0.037122015,0.014147167,7.6687517,7.668795,30.15842,7.6687503,21.338167,7.668763,7.7343507,19.912504,0.026249228
1.005516,0.014086188,0.0035672814,0.019252952,0.013600771,1.005516,23.883953,19.96875,22.593754,1.0056146,-22.59375,-0.0035672814,-19.96875,0.025509665,0.014086188,7.74375,7.743761,30.153416,7.74375,21.417671,7.743763,7.8087597,19.968756,0.021874357
1.0059428,0.016972693,0.009134189,0.030008936,0.026379867,1.005981,23.82524,19.912502,22.518755,1.006048,-22.518751,-0.0026221042,-19.9125,0.03416884,0.014543531,7.7812552,7.781295,30.05997,7.7812505,21.378857,7.7812643,7.846004,19.912506,0.021874357
1.0056685,0.016479008,0.009426141,0.022388203,0.0178473,1.0057065,23.866808,19.800003,22.556255,1.0057654,-22.556252,-0.0035063024,-19.800001,0.028012844,0.01396423,7.800005,7.8000197,30.013739,7.8,21.28098,7.8000126,7.8645644,19.800005,0.021874357
1.0054855,0.01624713,0.009414842,0.029604616,0.026478354,1.0055237,23.838322,19.687502,22.500004,1.0055788,-22.5,-0.0034758127,-19.6875,0.031547643,0.013689824,7.8750052,7.8750443,29.897285,7.8750005,21.204086,7.8750124,7.9389315,19.687504,0.017499484
1.0055771,0.014895579,0.005439177,0.022560379,0.017795423,1.0055865,23.862219,19.668753,22.518755,1.0056778,-22.518751,-0.0032318959,-19.66875,0.031547643,0.014238637,7.893751,7.8937693,29.899063,7.89375,21.193655,7.893763,7.957542,19.668756,0.026249228
1.0056685,0.019319976,0.013666774,0.022521943,0.017909694,1.0057541,23.856022,19.743757,22.518755,1.0057684,-22.518751,-0.0038111983,-19.743752,0.028012844,0.014177658,7.8750114,7.87502,29.948454,7.8750005,21.256325,7.8750134,7.938955,19.743757,0.021874357
1.0065527,0.0152749065,0.0052978783,0.030053373,0.026418744,1.0065622,23.886116,19.743753,22.537506,1.006659,-22.5375,-0.0029879794,-19.743752,0.03416884,0.014635001,7.912502,7.912544,29.962553,7.9125004,21.270247,7.9125137,7.9762654,19.743757,0.021874357
1.005821,0.014429971,0.0053676073,0.022255708,0.017773679,1.0058305,23.880884,19.6875,22.518755,1.0059149,-22.518751,-0.0031099378,-19.6875,0.021874355,0.013750802,7.9500012,7.9500194,29.911398,7.9500003,21.232056,7.950012,8.013375,19.687506,0.013124614
1.0053941,0.014168724,0.0054573487,0.0188114,0.013524002,1.0054036,23.856964,19.650002,22.500004,1.0054845,-22.5,-0.0032623855,-19.650002,0.018561007,0.013476396,7.9312515,7.931261,29.872606,7.93125,21.190264,7.9312615,7.99472,19.650005,0.013124614
1.0059733,0.0148789175,0.003445323,0.02645505,0.022144023,1.0059733,23.873722,19.706251,22.537506,1.0060834,-22.5375,-0.003445323,-19.706251,0.028012844,0.0148789175,7.8750005,7.875031,29.937857,7.8750005,21.221498,7.8750143,7.9389935,19.706257,0.017499484
1.0061563,0.015655076,0.0054031666,0.03024837,0.026440058,1.0061659,23.914513,19.7625,22.593756,1.0062686,-22.59375,-0.0031709168,-19.7625,0.03416884,0.015031365,7.837501,7.837544,30.017227,7.8375,21.259888,7.8375144,7.9018197,19.762506,0.021874357
1.0060953,0.016712174,0.009245864,0.022560379,0.017752744,1.0061333,23.913868,19.706253,22.612505,1.006196,-22.612501,-0.0029879794,-19.706251,0.021874355,0.014238637,7.7812552,7.78127,29.994358,7.7812505,21.186888,7.7812634,7.8460236,19.706257,0.013124614
1.0059733,0.015362565,0.005148104,0.022871397,0.017708626,1.0059829,23.848482,19.78125,22.556257,1.0060812,-22.556252,-0.002713573,-19.78125,0.024748007,0.01472647,7.743751,7.7437696,30.001371,7.74375,21.242964,7.743764,7.8088183,19.781256,0.017499484
1.0060953,0.014116678,0.0035063024,0.026033979,0.022153592,1.0060953,23.926096,19.66875,22.612505,1.0061944,-22.612501,-0.0035063024,-19.66875,0.025509665,0.014116678,7.8187504,7.818781,29.969734,7.8187504,21.165836,7.8187633,7.8832154,19.668756,0.013124614
1.0058819,0.0147874495,0.0028965105,0.01718216,0.009216711,1.0058819,24.009233,19.650002,22.687506,1.0059906,-22.6875,-0.0028965105,-19.650002,0.009782509,0.0147874495,7.8562503,7.856255,30.014084,7.8562503,21.162308,7.856264,7.920383,19.650007,0.004374871
1.0059733,0.015128907,0.0052807424,0.026234172,0.022073383,1.0059829,24.04409,19.725002,22.743757,1.0060776,-22.743752,-0.0029574898,-19.725,0.023559403,0.014482552,7.8000016,7.8000307,30.105711,7.8,21.211216,7.8000135,7.8646035,19.725006,0.008749742
1.0062479,0.016842248,0.009392501,0.02618379,0.0221393,1.0062859,24.097841,19.743753,22.781254,1.0063508,-22.78125,-0.0034148335,-19.743752,0.025509665,0.014391084,7.856255,7.856281,30.146328,7.8562503,21.249386,7.8562636,7.9204297,19.743757,0.013124614
1.0054245,0.016427366,0.009327547,0.02235022,0.017795423,1.0054625,24.038553,19.706253,22.725004,1.0055206,-22.725,-0.0032318959,-19.706251,0.021874355,0.013903251,7.837505,7.8375196,30.079262,7.8375,21.207611,7.8375125,7.9017267,19.706257,0.013124614
1.005821,0.01504137,0.005923902,0.02993535,0.026551366,1.0058305,24.026953,19.800001,22.706257,1.0059239,-22.706251,-0.0039941357,-19.800001,0.02934753,0.014391084,7.8562517,7.856294,30.12663,7.8562503,21.30166,7.8562636,7.9203753,19.800007,0.013124614
1.0061563,0.016170135,0.009207174,0.041655906,0.03947801,1.0061944,24.074665,19.781252,22.743755,1.0062482,-22.743752,-0.002866021,-19.78125,0.04150367,0.0135983545,7.893755,7.8938484,30.142597,7.89375,21.298101,7.8937616,7.9576154,19.781254,0.013124614
1.0062479,0.014055699,0.0029879794,0.029775571,0.026418744,1.0062479,24.062395,19.7625,22.743757,1.006346,-22.743752,-0.0029879794,-19.7625,0.027669115,0.014055699,7.8562503,7.856294,30.130295,7.8562503,21.266808,7.8562627,7.9204297,19.762505,0.008749742
1.005455,0.0145753175,0.005421116,0.029703911,0.026443731,1.0054646,23.978722,19.7625,22.687504,1.0055512,-22.6875,-0.0032014062,-19.7625,0.026611302,0.013903251,7.7625017,7.762545,30.087856,7.7625003,21.232353,7.7625127,7.8273463,19.762505,0.004374871
1.0056685,0.015187291,0.005606572,0.030008936,0.026482373,1.005678,23.937172,19.668753,22.650007,1.0057737,-22.650002,-0.0035063024,-19.66875,0.026611302,0.014543531,7.743751,7.7437944,29.99804,7.74375,21.138247,7.7437634,7.8087792,19.668756,0.004374871
1.0056685,0.014482552,0.0034758127,0.026234172,0.022148786,1.0056685,23.90701,19.612501,22.650007,1.0057728,-22.650002,-0.0034758127,-19.612501,0.025509665,0.014482552,7.65,7.6500316,29.961187,7.65,21.051668,7.650014,7.71582,19.612507,0.013124614
1.0065527,0.016816203,0.009381458,0.016816203,0.009381458,1.0065907,23.918783,19.650003,22.668755,1.0066551,-22.66875,-0.0033843438,-19.650002,0.012374003,0.0143605955,7.631255,7.631255,29.999914,7.6312504,21.079813,7.6312637,7.6973457,19.650007,0.008749742
1.0063697,0.019297611,0.013546359,0.026050525,0.022129975,1.0064553,23.966301,19.631254,22.706255,1.0064691,-22.706251,-0.0033538546,-19.63125,0.023559403,0.014147167,7.6687613,7.6687813,30.015993,7.6687503,21.07595,7.668763,7.7345014,19.631256,0.008749742
1.0058819,0.01495388,0.005084876,0.026133629,0.022027345,1.0058914,23.984066,19.612501,22.725006,1.0059836,-22.725,-0.0025916148,-19.612501,0.028012844,0.014299616,7.6687517,7.6687813,30.017925,7.6687503,21.058489,7.6687636,7.734438,19.612507,0.017499484
1.0058819,0.015450268,0.0058021313,0.026420802,0.02220389,1.0058914,23.889069,19.556252,22.650007,1.0059911,-22.650002,-0.0038111983,-19.556252,0.023559403,0.014817938,7.593752,7.593782,29.924397,7.5937505,20.978846,7.593765,7.6600814,19.556257,0.008749742
1.0064306,0.0145753175,0.005606572,0.019119516,0.013584905,1.0064402,23.847715,19.59375,22.593754,1.0065267,-22.59375,-0.0035063024,-19.59375,0.0138345575,0.013903251,7.6312513,7.6312613,29.906397,7.6312504,21.027388,7.631263,7.6973295,19.593756,0.004374871
1.0064306,0.01472647,0.0033843438,0.030098021,0.026466502,1.0064306,23.877499,19.706251,22.612505,1.0065384,-22.612501,-0.0033843438,-19.706251,0.02934753,0.01472647,7.6687503,7.668795,29.994358,7.6687503,21.145828,7.6687646,7.7345095,19.706257,0.013124614
1.0064306,0.014238637,0.0030794481,0.022560379,0.017768368,1.0064306,23.954914,19.725,22.668755,1.0065314,-22.66875,-0.0030794481,-19.725,0.019565018,0.014238637,7.74375,7.7437696,30.049091,7.74375,21.190596,7.743763,7.8088775,19.725006,0.008749742
1.0056989,0.016479008,0.009226338,0.029732503,0.026411915,1.0057371,23.949331,19.800003,22.650005,1.0057958,-22.650002,-0.0029270002,-19.800001,0.026611302,0.01396423,7.7812552,7.781295,30.084259,7.7812505,21.274113,7.781263,7.845973,19.800005,0.004374871
1.005821,0.013842272,0.0027745522,0.025886212,0.022049617,1.005821,23.978722,19.706251,22.687504,1.0059162,-22.6875,-0.0027745522,-19.706251,0.022307554,0.013842272,7.7625003,7.7625313,30.05094,7.7625003,21.180008,7.7625127,7.8273935,19.706257,0.004374871
1.0056075,0.015216492,0.0052134185,0.01961269,0.013427424,1.005617,23.966608,19.7625,22.687504,1.0057131,-22.6875,-0.0028355315,-19.7625,0.018561007,0.014574022,7.725002,7.725012,30.087856,7.7250004,21.218672,7.725014,7.7901783,19.762506,0.013124614
1.0056989,0.014662595,0.0052978783,0.02596805,0.02207749,1.0057085,23.990404,19.800001,22.706255,1.0057963,-22.706251,-0.0029879794,-19.800001,0.023559403,0.01399472,7.743751,7.7437806,30.12663,7.74375,21.260426,7.7437625,7.808783,19.800007,0.008749742
1.0061258,0.0147874495,0.0038416877,0.01718216,0.009555969,1.0061258,24.115568,19.81875,22.800005,1.0062345,-22.800001,-0.0038416877,-19.81875,0.008749742,0.0147874495,7.8562503,7.856255,30.20965,7.8562503,21.319088,7.856264,7.920414,19.818756,0.0
1.0060649,0.0145753175,0.005315134,0.029703911,0.026422208,1.0060744,24.097303,19.9125,22.800005,1.006161,-22.800001,-0.0030184689,-19.9125,0.027669115,0.013903251,7.8000016,7.8000445,30.271235,7.8,21.385689,7.8000126,7.864615,19.912504,0.008749742
1.0060953,0.016556589,0.009327547,0.026000965,0.022111822,1.0061333,24.109467,19.893753,22.800005,1.0061935,-22.800001,-0.0032318959,-19.893751,0.025509665,0.014055699,7.837505,7.8375306,30.258905,7.8375,21.381948,7.8375125,7.901812,19.893755,0.013124614
1.0059428,0.015187291,0.0054940195,0.019590044,0.013538842,1.0059524,24.115568,19.893751,22.800005,1.006048,-22.800001,-0.003323365,-19.893751,0.0138345575,0.014543531,7.8562517,7.8562613,30.258905,7.8562503,21.388828,7.8562636,7.9203906,19.893757,0.004374871
1.0063392,0.01692047,0.009460546,0.02997943,0.026494639,1.0063772,24.109467,19.912502,22.800005,1.0064434,-22.800001,-0.003597771,-19.9125,0.026611302,0.014482552,7.837505,7.837544,30.271235,7.8375,21.399395,7.8375134,7.901843,19.912506,0.004374871
1.0066441,0.016504852,0.00904362,0.019186132,0.013322334,1.0066822,24.139408,19.968752,22.818754,1.0067414,-22.81875,-0.002286719,-19.96875,0.013124614,0.01399472,7.8750052,7.8750114,30.322374,7.8750005,21.465475,7.875013,7.9390783,19.968756,-0.0
1.0065831,0.0144520635,0.0030184689,0.029964713,0.026422208,1.0065831,24.151667,19.96875,22.818754,1.0066868,-22.81875,-0.0030184689,-19.96875,0.026249228,0.0144520635,7.9125004,7.912544,30.322374,7.9125004,21.479261,7.9125137,7.9762692,19.968756,-0.0
1.0059124,0.017103503,0.009414842,0.026352596,0.022148786,1.0059505,24.128569,19.912502,22.781254,1.0060198,-22.78125,-0.0034758127,-19.9125,0.022307554,0.01469598,7.950005,7.9500303,30.257116,7.9500003,21.440853,7.9500136,8.013387,19.912506,0.004374871
1.0060649,0.022950115,0.017877875,0.03015788,0.02650299,1.006217,24.110094,19.912508,22.781256,1.0061744,-22.78125,-0.0036587503,-19.9125,0.027669115,0.014848429,7.8937693,7.893794,30.257116,7.89375,21.42006,7.893764,7.957604,19.912506,0.008749742
1.0065831,0.01495388,0.00516424,0.029891487,0.026392268,1.0065926,24.170155,19.893751,22.818754,1.0066847,-22.81875,-0.0027440628,-19.893751,0.026611302,0.014299616,7.968752,7.968794,30.273035,7.9687505,21.430407,7.9687634,8.032073,19.893757,0.004374871
1.0065527,0.015450268,0.00538533,0.030142881,0.026436418,1.0065622,24.140106,19.837502,22.800005,1.0066618,-22.800001,-0.0031404274,-19.837502,0.026611302,0.014817938,7.9312515,7.9312935,30.221952,7.93125,21.36425,7.931264,7.9948654,19.837507,0.004374871
1.0056989,0.014817938,0.0033538546,0.017208407,0.009370503,1.0056989,24.051582,19.81875,22.706257,1.0058081,-22.706251,-0.0033538546,-19.81875,0.009782509,0.014817938,7.93125,7.931255,30.138956,7.93125,21.34684,7.931264,7.994758,19.818756,-0.004374871
1.0059428,0.015099723,0.005100483,0.026217354,0.022030953,1.0059524,24.063974,19.85625,22.706257,1.0060467,-22.706251,-0.0026221042,-19.85625,0.021874357,0.0144520635,7.968752,7.9687805,30.16363,7.9687505,21.3956,7.9687634,8.031993,19.856256,-0.0
1.0058819,0.013965881,0.00538533,0.021957647,0.01777904,1.0058914,24.046282,19.931252,22.687504,1.0059693,-22.6875,-0.0031404274,-19.931252,0.017499484,0.013262969,7.968752,7.9687696,30.198963,7.9687505,21.465221,7.9687614,8.031985,19.931255,-0.0
1.0064306,0.019119516,0.013710069,0.033632364,0.03087954,1.0065162,23.963095,19.968754,22.612505,1.0065267,-22.612501,-0.003963646,-19.96875,0.030624101,0.013903251,7.931261,7.931309,30.167469,7.93125,21.486176,7.9312625,7.99485,19.968756,-0.0
1.0060039,0.014574022,0.0033538546,0.01961269,0.013546359,1.0060039,23.915308,20.04375,22.575005,1.0061094,-22.575,-0.0033538546,-20.04375,0.0138345575,0.014574022,7.89375,7.893761,30.189114,7.89375,21.542128,7.8937635,7.957596,20.043756,0.004374871
1.0058514,0.014720807,0.005439177,0.029775571,0.02644744,1.0058609,23.886116,20.1,22.537504,1.0059496,-22.5375,-0.0032318959,-20.1,0.026611302,0.014055699,7.912502,7.912544,30.198492,7.9125004,21.601336,7.912513,7.976177,20.100006,0.004374871
1.0062172,0.015421029,0.005148104,0.022910709,0.017708626,1.0062268,23.856022,19.987503,22.518755,1.006326,-22.518751,-0.002713573,-19.987501,0.017499484,0.0147874495,7.875002,7.87502,30.109705,7.8750005,21.48292,7.8750143,7.9390244,19.987507,0.0
1.0066746,0.016479008,0.0093170265,0.029732503,0.026443731,1.0067127,23.844522,20.006252,22.500004,1.0067714,-22.5,-0.0032014062,-20.00625,0.026249228,0.01396423,7.893755,7.893794,30.108139,7.89375,21.507238,7.8937626,7.9576807,20.006256,0.0
1.0056989,0.016479008,0.009207174,0.029732503,0.026405226,1.0057371,23.938375,20.062502,22.612505,1.0057958,-22.612501,-0.002866021,-20.0625,0.026611302,0.01396423,7.856255,7.856294,30.229607,7.8562503,21.545872,7.8562627,7.9203596,20.062506,0.004374871
1.0060649,0.01469598,0.0031099378,0.03396774,0.030781606,1.0060649,23.932228,20.025002,22.612505,1.0061722,-22.612501,-0.0031099378,-20.025002,0.030935014,0.01469598,7.8375,7.8375597,30.204733,7.8375,21.504118,7.837514,7.9018083,20.025007,0.004374871
1.0061258,0.014866436,0.0054940195,0.022541149,0.017812261,1.0061353,23.87909,20.043753,22.556255,1.0062262,-22.556252,-0.003323365,-20.04375,0.017499484,0.014208146,7.837501,7.8375196,30.175097,7.8375,21.521578,7.837513,7.901816,20.043756,-0.0
1.0059124,0.0154795125,0.0052134185,0.04208058,0.03947581,1.005922,23.89761,20.025002,22.556257,1.006022,-22.556252,-0.0028355315,-20.025002,0.039616145,0.014848429,7.893751,7.8938484,30.162645,7.89375,21.524683,7.893764,7.9575844,20.025007,0.004374871
1.0060649,0.0147874495,0.0029574898,0.030127903,0.026415313,1.0060649,23.927711,20.025002,22.575005,1.0061735,-22.575,-0.0029574898,-20.025002,0.026611302,0.0147874495,7.93125,7.9312935,30.176668,7.93125,21.538464,7.931264,7.9948044,20.025007,0.004374871
1.0062172,0.014808168,0.0054573487,0.026050525,0.022116298,1.0062268,23.891424,20.081251,22.556255,1.0063168,-22.556252,-0.0032623855,-20.081251,0.022307554,0.014147167,7.875002,7.875031,30.200018,7.8750005,21.570171,7.8750134,7.9390244,20.081257,0.004374871
1.005638,0.016868306,0.009108353,0.026200559,0.022020254,1.005676,23.914513,20.193752,22.593754,1.0057414,-22.59375,-0.0025306356,-20.19375,0.023559403,0.014421573,7.837505,7.8375306,30.30289,7.8375,21.661348,7.8375134,7.901754,20.193756,0.008749742
1.0064613,0.016582482,0.009236055,0.0337084,0.030766578,1.0064993,23.902956,20.175003,22.575005,1.0065597,-22.575,-0.0029574898,-20.175001,0.030935014,0.014086188,7.856255,7.85631,30.276415,7.8562503,21.650665,7.856263,7.9204564,20.175007,0.004374871
1.0052416,0.013750802,0.0027440628,0.019008946,0.013408407,1.0052416,23.832134,20.175001,22.500004,1.0053357,-22.5,-0.0027440628,-20.175001,0.018561007,0.013750802,7.8562503,7.8562613,30.220533,7.8562503,21.650665,7.856262,7.920302,20.175005,0.013124614
1.0063088,0.0149830375,0.005148104,0.033811055,0.030744089,1.0063183,23.832134,20.137503,22.500004,1.0064108,-22.5,-0.002713573,-20.1375,0.031849544,0.014330105,7.8562517,7.85631,30.19551,7.8562503,21.615726,7.856263,7.9204373,20.137506,0.008749742
1.0063697,0.014749921,0.0055125165,0.02601746,0.022129975,1.0063792,23.914513,20.1,22.593754,1.0064683,-22.59375,-0.0033538546,-20.1,0.021874357,0.014086188,7.837501,7.8375306,30.240496,7.8375,21.573975,7.8375125,7.901847,20.100006,-0.0
1.0066746,0.01666025,0.009460546,0.026067095,0.022168253,1.0067127,23.937172,20.118753,22.650005,1.0067744,-22.650002,-0.003597771,-20.118752,0.022307554,0.014177658,7.743755,7.7437806,30.294996,7.74375,21.557592,7.743763,7.808909,20.118757,0.004374871
1.0060953,0.015099723,0.0054031666,0.022695685,0.01778445,1.0061048,23.98436,20.1,22.706257,1.0061991,-22.706251,-0.0031709168,-20.1,0.024748007,0.0144520635,7.725002,7.7250204,30.32464,7.7250004,21.533361,7.725014,7.7902412,20.100006,0.017499484
1.0058514,0.016868306,0.009448994,0.02995002,0.026490517,1.0058894,24.049696,19.931253,22.762506,1.0059547,-22.7625,-0.0035672814,-19.931252,0.026611302,0.014421573,7.7625055,7.762545,30.25535,7.7625003,21.389511,7.7625136,7.8273973,19.931257,0.004374871
1.0063088,0.014895579,0.0049649957,0.022560379,0.017656263,1.0063183,24.031599,19.875,22.762506,1.0064095,-22.7625,-0.002347698,-19.875,0.019565018,0.014238637,7.7062516,7.7062697,30.218325,7.70625,21.316706,7.7062635,7.771676,19.875006,0.008749742
1.0060953,0.01545822,0.0025916148,0.026785146,0.022027345,1.0060953,23.990067,19.96875,22.725006,1.006214,-22.725,-0.0025916148,-19.96875,0.022307554,0.01545822,7.6875005,7.6875315,30.251886,7.6875005,21.397398,7.687516,7.753057,19.968756,0.004374871
1.0060039,0.015128907,0.005587555,0.026234172,0.022148786,1.0060133,24.019865,19.987503,22.743757,1.006108,-22.743752,-0.0034758127,-19.987501,0.022307554,0.014482552,7.725002,7.7250314,30.278349,7.7250004,21.428389,7.725014,7.7902293,19.987507,0.004374871
1.0058514,0.014177658,0.0027745522,0.026067095,0.022049617,1.0058514,24.020273,20.0625,22.725006,1.0059513,-22.725,-0.0027745522,-20.0625,0.023559403,0.014177658,7.7812505,7.781281,30.31385,7.7812505,21.518637,7.7812634,7.8459926,20.062506,0.008749742
1.0054245,0.014023805,0.0057031526,0.025612792,0.02217823,1.005434,23.973803,20.043753,22.650005,1.0055128,-22.650002,-0.0036587503,-20.04375,0.022307554,0.013323949,7.8562517,7.856281,30.24524,7.8562503,21.528414,7.8562617,7.920325,20.043755,0.004374871
1.0057294,0.014208146,0.0032014062,0.026083691,0.022107385,1.0057294,24.016182,20.025002,22.668755,1.0058298,-22.66875,-0.0032014062,-20.025002,0.022307554,0.014208146,7.93125,7.93128,30.246866,7.93125,21.538464,7.931263,7.994762,20.025005,0.004374871
1.0053941,0.015122835,0.0030184689,0.026593,0.022081636,1.0053941,23.964092,20.025002,22.593756,1.0055078,-22.59375,-0.0030184689,-20.025002,0.028012844,0.015122835,7.9875,7.98753,30.190697,7.9875,21.55924,7.9875145,8.050527,20.025007,0.017499484
1.0058514,0.015538015,0.005100483,0.022989614,0.01769484,1.0058609,23.911066,20.175001,22.537506,1.0059619,-22.5375,-0.0026221042,-20.175001,0.019565018,0.014909408,7.9875016,7.9875193,30.248465,7.9875,21.698637,7.987514,8.050584,20.175007,0.008749742
1.0060649,0.015421029,0.005421116,0.026403714,0.022107385,1.0060744,23.93759,20.15625,22.518755,1.0061735,-22.518751,-0.0032014062,-20.15625,0.021874357,0.0147874495,8.118752,8.11878,30.221987,8.118751,21.7299,8.118764,8.180848,20.156256,-0.0
1.0057294,0.014895579,0.00538533,0.019364769,0.013495102,1.005739,24.008158,20.0625,22.593754,1.0058303,-22.59375,-0.0031404274,-20.0625,0.0138345575,0.014238637,8.118752,8.118761,30.215582,8.118751,21.642967,8.118763,8.180807,20.062506,0.004374871
1.0059124,0.014517162,0.0054940195,0.025886212,0.022125376,1.005922,23.967966,20.0625,22.537504,1.0060077,-22.5375,-0.003323365,-20.0625,0.023559403,0.013842272,8.156251,8.15628,30.173546,8.15625,21.657063,8.156261,8.218045,20.062506,0.008749742
1.0061258,0.014208146,0.0030184689,0.014866436,0.005315134,1.0061258,24.043453,20.0625,22.631256,1.0062262,-22.63125,-0.0030184689,-20.0625,0.0061870017,0.014208146,8.118751,8.118752,30.243635,8.118751,21.642967,8.118763,8.180856,20.062506,0.004374871
1.005821,0.014238637,0.0030184689,0.026100311,0.022081636,1.005821,24.119125,20.118752,22.725006,1.0059217,-22.725,-0.0030184689,-20.118752,0.022307554,0.014238637,8.08125,8.08128,30.351109,8.08125,21.681116,8.081263,8.143603,20.118757,0.004374871
1.0062172,0.0148372995,0.0052978783,0.033746727,0.030769523,1.0062268,24.037128,20.175001,22.631256,1.0063171,-22.63125,-0.0029879794,-20.175001,0.030935014,0.014177658,8.100002,8.100059,30.31838,8.1,21.740301,8.100013,8.16226,20.175007,0.004374871
1.0059124,0.017208407,0.009519565,0.026420802,0.022193504,1.0059505,24.083796,20.175003,22.687506,1.0060216,-22.6875,-0.003750219,-20.175001,0.022307554,0.014817938,8.081255,8.08128,30.36039,8.08125,21.733322,8.081264,8.143615,20.175007,0.004374871
1.0063392,0.01396423,0.0033843438,0.019163905,0.01355394,1.0063392,24.072437,20.0625,22.668755,1.0064361,-22.66875,-0.0033843438,-20.0625,0.015773822,0.01396423,8.1,8.100011,30.271706,8.1,21.63594,8.100013,8.162274,20.062506,0.008749742
1.0060039,0.013933741,0.0030794481,0.025935238,0.022090055,1.0060039,24.034817,20.118752,22.668755,1.0061003,-22.66875,-0.0030794481,-20.118752,0.022307554,0.013933741,7.9875,7.98753,30.309015,7.9875,21.646347,7.9875126,8.050603,20.118755,0.004374871
1.0064306,0.019432122,0.013546359,0.0149830375,0.0055125165,1.0065162,23.98079,20.212505,22.631256,1.0065327,-22.63125,-0.0033538546,-20.212502,0.0138345575,0.014330105,7.931261,7.9312515,30.343348,7.93125,21.712898,7.931263,7.99485,20.212507,0.013124614
1.00576,0.01495388,0.0052807424,0.01940965,0.013453707,1.0057694,23.963095,20.268751,22.612505,1.0058615,-22.612501,-0.0029574898,-20.268751,0.018561007,0.014299616,7.9312515,7.931261,30.36688,7.93125,21.76527,7.931263,7.9947658,20.268757,0.013124614
1.0059124,0.014574022,0.0038416877,0.033915155,0.030864123,1.0059124,23.935007,20.212502,22.556255,1.006018,-22.556252,-0.0038416877,-20.212502,0.033318028,0.014574022,8.00625,8.006309,30.28745,8.00625,21.740406,8.006264,8.069195,20.212507,0.013124614
1.0063088,0.016816203,0.009275828,0.019454619,0.013481041,1.0063468,23.811357,20.137503,22.425005,1.0064112,-22.425001,-0.0030794481,-20.1375,0.0138345575,0.0143605955,8.006255,8.006261,30.13967,8.00625,21.670694,8.006263,8.069244,20.137506,0.004374871
1.0060953,0.014633497,0.005531119,0.016479008,0.009381458,1.0061048,23.84164,20.025002,22.443754,1.0061922,-22.44375,-0.0033843438,-20.025002,0.019565018,0.01396423,8.043753,8.043756,30.078608,8.043751,21.580143,8.043763,8.106427,20.025005,0.017499484
1.0059124,0.014488092,0.0056449086,0.029661208,0.026490517,1.005922,23.80392,20.00625,22.443754,1.0060072,-22.44375,-0.0035672814,-20.00625,0.02934753,0.013811781,7.9312515,7.9312935,30.066128,7.93125,21.52103,7.931262,7.994785,20.006256,0.013124614
1.0064002,0.01533334,0.005315134,0.017103503,0.009255762,1.0064098,23.839283,20.00625,22.481256,1.0065075,-22.48125,-0.0030184689,-20.00625,0.015773822,0.01469598,7.9312515,7.931255,30.094131,7.93125,21.52103,7.931264,7.9948463,20.006256,0.013124614
1.0058819,0.015245696,0.005549827,0.017024973,0.009392501,1.0058914,23.793697,19.987503,22.406254,1.0059879,-22.40625,-0.0034148335,-19.987501,0.009782509,0.014604511,8.006251,8.006255,30.02566,8.00625,21.531378,8.006264,8.069191,19.987507,0.004374871
1.0060039,0.014895579,0.00556864,0.016712174,0.009403629,1.0060133,23.753408,19.875,22.350004,1.0061046,-22.35,-0.003445323,-19.875,0.012374003,0.014238637,8.043753,8.043756,29.90883,8.043751,21.441025,8.043763,8.106416,19.875006,0.008749742
1.005821,0.0144520635,0.0036892397,0.019522235,0.013633267,1.005821,23.829016,19.85625,22.443754,1.0059248,-22.44375,-0.0036892397,-19.85625,0.015773822,0.0144520635,8.00625,8.006261,29.966524,8.00625,21.409594,8.006264,8.069183,19.856256,0.008749742
1.0063697,0.0148372995,0.005587555,0.026067095,0.022148786,1.0063792,23.79768,19.931252,22.443754,1.0064696,-22.44375,-0.0034758127,-19.931252,0.023559403,0.014177658,7.912502,7.9125304,30.016273,7.9125004,21.444405,7.9125133,7.9762425,19.931257,0.008749742
1.0060953,0.016582482,0.009067181,0.029789975,0.02635674,1.0061333,23.868427,19.931253,22.518755,1.0061939,-22.518751,-0.0023781878,-19.931252,0.027669115,0.014086188,7.912505,7.912544,30.072395,7.9125004,21.444405,7.912513,7.9762077,19.931257,0.008749742
1.005638,0.014055699,0.0032318959,0.029775571,0.02644744,1.005638,23.90225,19.95,22.593754,1.0057362,-22.59375,-0.0032318959,-19.95,0.027669115,0.014055699,7.8,7.8000445,30.141005,7.8,21.42061,7.800013,7.8645606,19.950006,0.008749742
1.0063088,0.016972693,0.009519565,0.026267886,0.022193504,1.0063468,23.949945,19.893753,22.631256,1.0064138,-22.63125,-0.003750219,-19.893751,0.023559403,0.014543531,7.837505,7.8375306,30.131956,7.8375,21.381948,7.8375134,7.9018393,19.893757,0.008749742
1.0055771,0.014808168,0.005263727,0.019297611,0.013447038,1.0055865,23.884527,19.96875,22.575005,1.0056765,-22.575,-0.0029270002,-19.96875,0.0138345575,0.014147167,7.8000016,7.800011,30.13937,7.8,21.438072,7.800013,7.8645525,19.968756,0.004374871
1.0066441,0.013720313,0.0035672814,0.01627283,0.009448994,1.0066441,23.914513,20.025002,22.593754,1.0067377,-22.59375,-0.0035672814,-20.025002,0.015773822,0.013720313,7.8375,7.837505,30.190697,7.8375,21.504118,7.837512,7.901882,20.025005,0.013124614
1.005516,0.0143605955,0.0036892397,0.016816203,0.009495708,1.005516,23.926096,20.0625,22.612505,1.0056186,-22.612501,-0.0036892397,-20.0625,0.009782509,0.0143605955,7.8187504,7.818755,30.229607,7.8187504,21.532227,7.8187637,7.8831415,20.062506,0.004374871
1.0055771,0.016479008,0.0095682675,0.025951633,0.022214437,1.0056151,23.949945,20.006252,22.631256,1.005674,-22.63125,-0.0038721773,-20.00625,0.022307554,0.01396423,7.837505,7.8375306,30.20635,7.8375,21.486658,7.8375125,7.9017463,20.006256,-0.004374871
1.0060649,0.0145753175,0.0053676073,0.033632364,0.030781606,1.0060744,23.926096,19.893751,22.612505,1.006161,-22.612501,-0.0031099378,-19.893751,0.030935014,0.013903251,7.818752,7.8188105,30.117878,7.8187504,21.375082,7.818763,7.8832116,19.893755,0.004374871
1.0061563,0.017024973,0.009392501,0.019635357,0.013561585,1.0061944,23.873722,19.912502,22.537506,1.0062623,-22.5375,-0.0034148335,-19.9125,0.013124614,0.014604511,7.8750052,7.8750114,30.074018,7.8750005,21.413157,7.875014,7.9390163,19.912506,0.0
1.0056075,0.017418882,0.009381458,0.02655837,0.022134617,1.0056455,23.839283,19.912502,22.481256,1.0057203,-22.48125,-0.0033843438,-19.9125,0.021874357,0.015061855,7.931255,7.93128,30.031889,7.93125,21.433907,7.9312644,7.9947467,19.912506,0.0
1.0056075,0.016712174,0.009426141,0.019364769,0.013584905,1.0056455,23.92249,19.893753,22.556255,1.0057082,-22.556252,-0.0035063024,-19.893751,0.0138345575,0.014238637,7.9687552,7.9687614,30.075668,7.9687505,21.430407,7.9687634,8.031951,19.893757,0.004374871
1.0055771,0.017339852,0.009472183,0.026506603,0.022173222,1.0056151,23.956896,19.762503,22.612505,1.0056884,-22.612501,-0.0036282607,-19.7625,0.022307554,0.014970387,7.912505,7.9125304,30.031343,7.9125004,21.287651,7.9125147,7.9761424,19.762506,0.004374871
1.0061258,0.014749921,0.0054031666,0.014749921,0.0054031666,1.0061353,23.999453,19.81875,22.631256,1.0062244,-22.63125,-0.0031709168,-19.81875,0.0061870017,0.014086188,7.9875016,7.9875016,30.082493,7.9875,21.367804,7.9875126,8.050618,19.818756,0.004374871
1.0061258,0.014808168,0.0054573487,0.026050525,0.022116298,1.0061353,23.927711,19.95,22.575005,1.0062252,-22.575,-0.0032623855,-19.95,0.023559403,0.014147167,7.9312515,7.93128,30.126951,7.93125,21.46875,7.9312625,7.994812,19.950006,0.008749742
1.0055771,0.01495388,0.00538533,0.01940965,0.013495102,1.0055865,23.927711,20.1,22.575005,1.0056787,-22.575,-0.0031404274,-20.1,0.025509665,0.014299616,7.9312515,7.931261,30.226488,7.93125,21.60821,7.931263,7.994743,20.100006,0.021874357
1.0054245,0.017313534,0.009359634,0.019886075,0.013538842,1.0054625,23.892336,20.212503,22.537506,1.0055355,-22.5375,-0.003323365,-20.212502,0.013124614,0.014939897,7.931255,7.931261,30.273489,7.93125,21.712898,7.931264,7.994724,20.212507,-0.0
1.0060039,0.015596538,0.0054031666,0.017339852,0.009306594,1.0060133,23.879913,20.175001,22.537506,1.0061152,-22.5375,-0.0031709168,-20.175001,0.009782509,0.014970387,7.893751,7.893755,30.248465,7.89375,21.6643,7.8937645,7.957596,20.175007,0.004374871
1.0055771,0.020605607,0.013467243,0.018135423,0.009255762,1.0056627,23.933006,20.250004,22.593756,1.0057025,-22.59375,-0.0030184689,-20.25,0.009782509,0.015885074,7.893761,7.893755,30.340403,7.89375,21.734161,7.893766,7.957542,20.250006,0.004374871
1.0056075,0.01504137,0.005421116,0.019477135,0.013509423,1.005617,23.921503,20.2875,22.575005,1.0057105,-22.575,-0.0032014062,-20.2875,0.013124614,0.014391084,7.912502,7.9125113,30.351496,7.9125004,21.775911,7.9125133,7.976146,20.287506,0.0
1.0058819,0.014633497,0.0053499998,0.025951633,0.022090055,1.0058914,23.91625,20.2875,22.556255,1.0059788,-22.556252,-0.0030794481,-20.2875,0.022307554,0.01396423,7.9500012,7.9500303,30.337555,7.9500003,21.789566,7.9500127,8.013383,20.287506,0.004374871
1.0051806,0.01504137,0.0049649957,0.022656903,0.017656263,1.0051901,23.92249,20.23125,22.556255,1.0052836,-22.556252,-0.002347698,-20.23125,0.018038055,0.014391084,7.968752,7.9687696,30.299967,7.9687505,21.744068,7.9687634,8.031898,20.231256,0.004374871
1.0057294,0.017103503,0.009236055,0.019703485,0.013453707,1.0057676,24.000565,20.100002,22.612505,1.0058368,-22.612501,-0.0029574898,-20.1,0.015773822,0.01469598,8.043756,8.043761,30.254507,8.043751,21.649755,8.043764,8.106381,20.100006,0.008749742
1.0056989,0.017498033,0.009142988,0.02661035,0.022034604,1.0057371,24.043453,20.025003,22.631256,1.0058131,-22.63125,-0.002652594,-20.025002,0.021874357,0.015153323,8.118755,8.11878,30.218773,8.118751,21.608212,8.118765,8.180803,20.025007,0.0
1.0061258,0.016453179,0.009403629,0.019141698,0.013569294,1.0061638,24.114061,19.893753,22.706255,1.0062222,-22.706251,-0.003445323,-19.893751,0.013124614,0.013933741,8.118755,8.118761,30.18833,8.118751,21.486633,8.118762,8.180856,19.893755,-0.0
1.005638,0.0148372995,0.005842367,0.01666025,0.0095682675,1.0056475,24.126713,19.875,22.706255,1.0057379,-22.706251,-0.0038721773,-19.875,0.012374003,0.014177658,8.156251,8.156255,30.175976,8.15625,21.483482,8.156262,8.218012,19.875006,0.008749742
1.0061867,0.01495388,0.0054573487,0.01940965,0.013524002,1.0061963,24.068882,19.800001,22.631256,1.0062884,-22.63125,-0.0032623855,-19.800001,0.013124614,0.014299616,8.193751,8.193761,30.070145,8.19375,21.428429,8.193763,8.255299,19.800007,-0.0
1.0060649,0.016842248,0.0092962505,0.016842248,0.0092962505,1.0061029,24.078754,19.687502,22.668755,1.0061678,-22.66875,-0.0031404274,-19.6875,0.008749742,0.014391084,8.118755,8.118755,30.024488,8.118751,21.295816,8.118763,8.180848,19.687506,0.0
1.0056075,0.014546236,0.005549827,0.019097356,0.013561585,1.005617,24.0359,19.7625,22.650005,1.0057032,-22.650002,-0.0034148335,-19.7625,0.0138345575,0.013872761,8.043753,8.043761,30.059591,8.043751,21.336784,8.043763,8.106366,19.762505,0.004374871
1.0061867,0.014429971,0.005263727,0.016298544,0.009226338,1.0061963,24.028591,19.800001,22.668755,1.0062808,-22.66875,-0.0029270002,-19.800001,0.012374003,0.013750802,7.968752,7.9687552,30.098377,7.9687505,21.343407,7.9687624,8.032023,19.800005,0.008749742
1.0056685,0.014779042,0.005148104,0.022483606,0.017708626,1.005678,23.939198,19.837502,22.593754,1.0057676,-22.59375,-0.002713573,-19.837502,0.017499484,0.014116678,7.912502,7.9125195,30.06666,7.9125004,21.357296,7.912513,7.976154,19.837507,-0.0
1.0062479,0.014543531,0.002866021,0.016972693,0.009207174,1.0062479,23.967665,19.837502,22.650007,1.0063529,-22.650002,-0.002866021,-19.837502,0.008749742,0.014543531,7.8375,7.837505,30.108953,7.8375,21.329624,7.8375134,7.9018316,19.837507,-0.0
1.0060953,0.014313801,0.0052807424,0.016195783,0.009236055,1.0061048,23.920664,19.743753,22.593754,1.0061876,-22.59375,-0.0029574898,-19.743752,0.009782509,0.013628845,7.8562517,7.856255,30.004887,7.8562503,21.249386,7.856262,7.92041,19.743757,0.004374871
1.0061867,0.014720807,0.0053676073,0.02244537,0.017773679,1.0061963,23.920664,19.7625,22.593754,1.006285,-22.59375,-0.0031099378,-19.7625,0.018038055,0.014055699,7.8562517,7.85627,30.017227,7.8562503,21.266808,7.8562627,7.9204216,19.762505,-0.004374871
1.0064613,0.015070543,0.005439177,0.019499673,0.01351668,1.0064707,23.985384,19.78125,22.668755,1.0065645,-22.66875,-0.0032318959,-19.78125,0.013124614,0.014421573,7.837501,7.837511,30.086044,7.8375,21.277317,7.8375134,7.901859,19.781256,-0.0
1.0061563,0.01466549,0.0029270002,0.019680755,0.013447038,1.0061563,23.950708,19.81875,22.612505,1.0062633,-22.612501,-0.0029270002,-19.81875,0.013124614,0.01466549,7.89375,7.893761,30.06839,7.89375,21.332935,7.8937635,7.9576154,19.818756,-0.0
1.0064002,0.015421029,0.005549827,0.019771801,0.013561585,1.0064098,23.986998,19.743753,22.631256,1.006509,-22.63125,-0.0034148335,-19.743752,0.013124614,0.0147874495,7.9500012,7.950011,30.033136,7.9500003,21.284225,7.950014,8.013448,19.743757,-0.0
1.005455,0.014546236,0.0051162243,0.025902528,0.022034604,1.0054646,23.940168,19.650002,22.575005,1.0055507,-22.575,-0.002652594,-19.650002,0.022307554,0.013872761,7.968752,7.9687805,29.929136,7.9687505,21.204329,7.9687624,8.031932,19.650007,-0.004374871
1.0060649,0.014574022,0.0039331564,0.026284778,0.022225149,1.0060649,23.933933,19.6875,22.575005,1.0061704,-22.575,-0.0039331564,-19.6875,0.022307554,0.014574022,7.9500003,7.9500303,29.95377,7.9500003,21.232056,7.9500136,8.013406,19.687506,0.004374871
1.0063088,0.014147167,0.0038416877,0.026050525,0.022209143,1.0063088,23.887135,19.706251,22.518755,1.0064082,-22.518751,-0.0038416877,-19.706251,0.022307554,0.014147167,7.9687505,7.9687805,29.923744,7.9687505,21.256466,7.968763,8.032039,19.706257,0.004374871
1.0063697,0.016686205,0.009392501,0.016686205,0.009392501,1.0064077,23.83305,19.706253,22.481255,1.00647,-22.48125,-0.0034148335,-19.706251,0.009782509,0.014208146,7.912505,7.912505,29.895535,7.9125004,21.235441,7.9125133,7.9762425,19.706257,-0.004374871
1.0065831,0.015245696,0.005148104,0.019635357,0.0134022,1.0065926,23.862219,19.800001,22.518755,1.0066891,-22.518751,-0.002713573,-19.800001,0.013124614,0.014604511,7.893751,7.893761,29.985565,7.89375,21.315517,7.8937635,7.9576693,19.800007,-0.0
1.0058819,0.014330105,0.0031404274,0.019432122,0.013495102,1.0058819,23.784382,19.7625,22.462505,1.005984,-22.462502,-0.0031404274,-19.7625,0.015773822,0.014330105,7.8187504,7.8187613,29.918562,7.8187504,21.252983,7.8187637,7.8831882,19.762506,-0.008749742
1.0062172,0.0152749065,0.005742463,0.0152749065,0.005742463,1.0062268,23.813652,19.837502,22.500004,1.0063237,-22.5,-0.0037197294,-19.837502,0.004374871,0.014635001,7.8000016,7.8000016,29.996275,7.8,21.315874,7.800014,7.8646345,19.837507,-0.0
1.0058819,0.016298544,0.008999105,0.025837416,0.02197529,1.0059199,23.842962,19.950003,22.537504,1.0059758,-22.5375,-0.0021037813,-19.95,0.021874357,0.013750802,7.7812552,7.781281,30.098862,7.7812505,21.41379,7.781263,7.8459964,19.950006,-0.0
1.0059428,0.015450268,0.0054031666,0.017208407,0.009306594,1.0059524,23.872309,19.931252,22.575005,1.006052,-22.575,-0.0031709168,-19.931252,0.009782509,0.014817938,7.7625017,7.7625055,30.114538,7.7625003,21.389511,7.7625146,7.8274093,19.931257,0.004374871
1.0059428,0.013903251,0.0033538546,0.019119516,0.013546359,1.0059428,23.90225,19.81875,22.593754,1.0060389,-22.59375,-0.0033538546,-19.81875,0.013124614,0.013903251,7.8,7.800011,30.05429,7.8,21.298424,7.8000126,7.8645997,19.818756,0.0
1.0064306,0.014517162,0.0054940195,0.01637579,0.009359634,1.0064402,23.967062,19.800001,22.668755,1.0065259,-22.66875,-0.003323365,-19.800001,0.009782509,0.013842272,7.781252,7.7812552,30.098377,7.7812505,21.274113,7.781263,7.8460665,19.800005,0.004374871
1.0053636,0.01530412,0.005230064,0.019680755,0.013433896,1.0053731,24.009233,19.78125,22.687504,1.0054705,-22.6875,-0.002866021,-19.78125,0.013124614,0.01466549,7.8562517,7.8562613,30.100174,7.8562503,21.284231,7.856264,7.920317,19.781256,0.0
1.0054855,0.013476396,0.0027745522,0.022087218,0.017718071,1.0054855,23.962244,19.800001,22.631254,1.0055759,-22.63125,-0.0027745522,-19.800001,0.017499484,0.013476396,7.8750005,7.87502,30.070145,7.8750005,21.308582,7.875012,7.9389315,19.800005,-0.0
1.0063088,0.019499673,0.0134022,0.016868306,0.009160866,1.0063944,24.016182,19.800005,22.668755,1.0064121,-22.66875,-0.002713573,-19.800001,0.012374003,0.014421573,7.931261,7.931255,30.098377,7.93125,21.329433,7.931263,7.994835,19.800007,-0.008749742
1.0060649,0.01504137,0.00556864,0.022656903,0.01783542,1.0060744,24.02153,19.6875,22.687504,1.0061678,-22.6875,-0.003445323,-19.6875,0.018038055,0.014391084,7.893751,7.8937693,30.038647,7.89375,21.211058,7.893763,7.957604,19.687506,-0.004374871
1.0062479,0.014749921,0.005100483,0.016582482,0.009134189,1.0062573,23.979954,19.48125,22.650005,1.0063465,-22.650002,-0.0026221042,-19.48125,0.009782509,0.014086188,7.875002,7.8750052,29.875437,7.8750005,21.012728,7.875013,7.9390283,19.481256,-0.004374871
1.0058819,0.014086188,0.003323365,0.014749921,0.0054940195,1.0058819,24.02083,19.5375,22.706255,1.0059805,-22.706251,-0.003323365,-19.5375,0.009782509,0.014086188,7.8375,7.837501,29.954762,7.8375,21.050898,7.8375125,7.901785,19.537506,-0.008749742
1.0062479,0.01533334,0.005531119,0.022851778,0.01782374,1.0062573,24.032448,19.612501,22.725006,1.0063552,-22.725,-0.0033843438,-19.612501,0.019565018,0.01469598,7.818752,7.81877,30.017925,7.8187504,21.113575,7.818764,7.883235,19.612507,0.008749742
1.005821,0.017313534,0.009414842,0.017313534,0.009414842,1.005859,24.02153,19.537502,22.687506,1.0059319,-22.6875,-0.0034758127,-19.5375,0.012374003,0.014939897,7.893755,7.893755,29.940552,7.89375,21.071905,7.893764,7.957573,19.537506,-0.008749742
1.0059124,0.014421573,0.0033843438,0.015070543,0.005531119,1.0059124,24.03309,19.650002,22.706257,1.0060158,-22.706251,-0.0033843438,-19.650002,0.009782509,0.014421573,7.8750005,7.875002,30.02826,7.8750005,21.169275,7.875014,7.938986,19.650007,0.008749742
1.0063088,0.014895579,0.00556864,0.016712174,0.009403629,1.0063183,24.08082,19.556252,22.743757,1.0064095,-22.743752,-0.003445323,-19.556252,0.008749742,0.014238637,7.912502,7.912505,29.99542,7.9125004,21.096317,7.9125133,7.9762344,19.556257,-0.0
1.00576,0.01666025,0.009448994,0.01666025,0.009448994,1.005798,24.039242,19.556253,22.706255,1.0058599,-22.706251,-0.0035672814,-19.556252,0.009782509,0.014177658,7.893755,7.893755,29.966995,7.89375,21.089293,7.893763,7.9575653,19.556257,0.004374871
1.0063392,0.015122835,0.0037197294,0.020023877,0.013641549,1.0063392,24.02153,19.650002,22.687506,1.0064528,-22.6875,-0.0037197294,-19.650002,0.015773822,0.015122835,7.89375,7.893761,30.014084,7.89375,21.176256,7.8937645,7.9576383,19.650007,-0.008749742
1.0066746,0.0152749065,0.0054573487,0.014635001,0.0032623855,1.0066841,24.015375,19.7625,22.687504,1.006781,-22.6875,-0.0032623855,-19.7625,0.0,0.014635001,7.875002,7.8750005,30.087856,7.8750005,21.27374,7.8750143,7.939082,19.762506,-0.0
1.0058819,0.014848429,0.0029879794,0.01981745,0.013460442,1.0058819,23.927711,19.706251,22.575005,1.0059915,-22.575,-0.0029879794,-19.706251,0.015773822,0.014848429,7.93125,7.931261,29.966097,7.93125,21.242435,7.931264,7.994781,19.706257,0.008749742
1.00576,0.014749921,0.005587555,0.014086188,0.0034758127,1.0057694,23.892336,19.6875,22.537504,1.0058585,-22.5375,-0.0034758127,-19.6875,0.0,0.014086188,7.9312515,7.93125,29.925518,7.93125,21.22504,7.9312625,7.9947658,19.687506,0.0
1.0063392,0.013384928,0.002500146,0.025644567,0.022016771,1.0063392,23.844522,19.725,22.500004,1.0064282,-22.5,-0.002500146,-19.725,0.021874357,0.013384928,7.89375,7.89378,29.921993,7.89375,21.245869,7.8937616,7.9576383,19.725006,0.0
1.0063392,0.015187291,0.0053499998,0.026267886,0.022090055,1.0063487,23.826832,19.63125,22.481256,1.0064443,-22.48125,-0.0030794481,-19.63125,0.022307554,0.014543531,7.893751,7.89378,29.84615,7.89375,21.158857,7.8937635,7.9576383,19.631256,0.004374871
1.0060649,0.0145753175,0.005100483,0.019119516,0.01338398,1.0060744,23.779036,19.63125,22.443754,1.006161,-22.44375,-0.0026221042,-19.63125,0.0138345575,0.013903251,7.8562517,7.8562613,29.817913,7.8562503,21.144897,7.8562627,7.9204063,19.631256,0.004374871
1.0058514,0.01660839,0.0093170265,0.026033979,0.022107385,1.0058894,23.815365,19.631252,22.462505,1.0059505,-22.462502,-0.0032014062,-19.63125,0.022307554,0.014116678,7.912505,7.9125304,29.83203,7.9125004,21.165861,7.912513,7.976177,19.631256,0.004374871
1.0061258,0.016790172,0.009392501,0.016790172,0.009392501,1.0061638,23.858055,19.593752,22.481256,1.0062279,-22.48125,-0.0034148335,-19.59375,0.012374003,0.014330105,7.987505,7.987505,29.821497,7.9875,21.159283,7.987513,8.050618,19.593756,-0.008749742
1.0064002,0.0149830375,0.005132098,0.014330105,0.0026830835,1.0064098,23.883268,19.575003,22.481256,1.0065023,-22.48125,-0.0026830835,-19.575,0.0,0.014330105,8.062501,8.0625,29.809181,8.0625,21.17037,8.062512,8.125069,19.575006,0.0
1.0061563,0.0152749065,0.00516424,0.014635001,0.0027440628,1.0061659,23.86434,19.725002,22.481256,1.0062628,-22.48125,-0.0027440628,-19.725,0.004374871,0.014635001,8.006251,8.00625,29.907896,8.00625,21.287924,8.006264,8.069225,19.725006,0.004374871
1.0067966,0.014238637,0.0027745522,0.014895579,0.005180505,1.0067966,23.89967,19.7625,22.518755,1.0068973,-22.518751,-0.0027745522,-19.7625,0.004374871,0.014238637,8.00625,8.006251,29.960817,8.00625,21.322676,8.006263,8.069305,19.762506,-0.0
1.0064613,0.014749921,0.0052978783,0.019252952,0.013460442,1.0064707,23.898565,19.706251,22.537504,1.0065597,-22.5375,-0.0029879794,-19.706251,0.0138345575,0.014086188,7.9500012,7.950011,29.937857,7.9500003,21.249443,7.9500127,8.013455,19.706257,0.004374871
1.0065527,0.01504137,0.0054940195,0.014391084,0.003323365,1.0065622,23.910023,19.668753,22.556255,1.0066556,-22.556252,-0.003323365,-19.66875,0.004374871,0.014391084,7.9312515,7.93125,29.927317,7.93125,21.207651,7.931263,7.9948654,19.668756,-0.004374871
1.0062479,0.016634312,0.009381458,0.014808168,0.005531119,1.0062859,23.969307,19.687502,22.612505,1.0063473,-22.612501,-0.0033843438,-19.6875,0.004374871,0.014147167,7.950005,7.9500012,29.982042,7.9500003,21.232056,7.9500127,8.013429,19.687506,-0.0
1.0062172,0.014208146,0.0031404274,0.014866436,0.00538533,1.0062172,23.938375,19.81875,22.612505,1.0063176,-22.612501,-0.0031404274,-19.81875,0.004374871,0.014208146,7.8562503,7.8562517,30.06839,7.8562503,21.319088,7.856263,7.9204254,19.818756,-0.0
1.0056075,0.0149830375,0.0049224044,0.019432122,0.013317134,1.005617,23.908375,19.743753,22.593754,1.0057095,-22.59375,-0.0022562293,-19.743752,0.013124614,0.014330105,7.818752,7.8187613,30.004887,7.8187504,21.23555,7.8187637,7.8831534,19.743757,-0.0
1.0064306,0.014604511,0.0025916148,0.019635357,0.01337804,1.0064306,23.907772,19.78125,22.612505,1.0065366,-22.612501,-0.0025916148,-19.78125,0.015773822,0.014604511,7.7625003,7.7625113,30.043686,7.7625003,21.249805,7.762514,7.8274717,19.781256,0.008749742
1.0064306,0.015099723,0.0054031666,0.019522235,0.01350223,1.0064402,23.978722,19.6875,22.687504,1.0065345,-22.6875,-0.0031709168,-19.6875,0.013124614,0.0144520635,7.7625017,7.7625113,30.038647,7.7625003,21.162563,7.7625136,7.8274717,19.687506,-0.0
1.0060649,0.016972693,0.009370503,0.016972693,0.009370503,1.0061029,23.985384,19.612503,22.668755,1.00617,-22.66875,-0.0033538546,-19.612501,0.012374003,0.014543531,7.837505,7.837505,29.975365,7.8375,21.120525,7.8375134,7.9018083,19.612507,-0.008749742
1.0060649,0.014488092,0.0054031666,0.016350023,0.009306594,1.0060744,23.991518,19.725002,22.668755,1.0061597,-22.66875,-0.0031709168,-19.725,0.009782509,0.013811781,7.8562517,7.856255,30.049091,7.8562503,21.231964,7.856262,7.9204063,19.725006,-0.004374871
1.0063697,0.015012202,0.005100483,0.019454619,0.01338398,1.0063792,24.039242,19.78125,22.706257,1.0064722,-22.706251,-0.0026221042,-19.78125,0.018561007,0.0143605955,7.893751,7.893761,30.114311,7.89375,21.298101,7.893763,7.957642,19.781256,0.013124614
1.0066136,0.014482552,0.0032623855,0.01692047,0.009338155,1.0066136,24.039242,19.837502,22.706257,1.0067178,-22.706251,-0.0032623855,-19.837502,0.009782509,0.014482552,7.89375,7.893755,30.15129,7.89375,21.350357,7.8937635,7.957673,19.837507,-0.004374871
1.0060039,0.014662595,0.0053499998,0.016504852,0.009275828,1.0060133,24.058735,19.837502,22.687504,1.0061011,-22.6875,-0.0030794481,-19.837502,0.015773822,0.01399472,8.006251,8.006255,30.137173,8.00625,21.392206,8.006263,8.069206,19.837505,-0.013124614
1.0064002,0.014177658,0.0029270002,0.01666025,0.009226338,1.0064002,24.064981,19.800001,22.687504,1.0065001,-22.6875,-0.0029270002,-19.800001,0.008749742,0.014177658,8.025001,8.025005,30.112501,8.025001,21.364471,8.025013,8.08786,19.800007,-0.0
1.005821,0.014895579,0.0052134185,0.014895579,0.0052134185,1.0058305,24.076418,19.7625,22.706255,1.0059217,-22.706251,-0.0028355315,-19.7625,0.004374871,0.014238637,8.006251,8.006251,30.101997,8.00625,21.322676,8.006263,8.069183,19.762506,-0.0
1.005638,0.014482552,0.003597771,0.01692047,0.009460546,1.005638,24.017134,19.837502,22.650007,1.0057423,-22.650002,-0.003597771,-19.837502,0.012374003,0.014482552,7.9875,7.987505,30.108953,7.9875,21.385197,7.9875135,8.050557,19.837507,-0.008749742
1.0060953,0.019680755,0.013297015,0.01530412,0.0048677106,1.0061809,24.010904,19.893755,22.650007,1.0062022,-22.650002,-0.002134271,-19.893751,0.004374871,0.01466549,7.9687614,7.968752,30.146044,7.9687505,21.430407,7.968764,8.032012,19.893757,-0.0
1.0062479,0.0144520635,0.0032318959,0.015099723,0.005439177,1.0062479,24.034817,19.85625,22.668755,1.0063516,-22.66875,-0.0032318959,-19.85625,0.0138345575,0.0144520635,7.9875,7.9875016,30.13541,7.9875,21.40259,7.987513,8.050633,19.856256,-0.013124614
1.0063088,0.01495388,0.005263727,0.016764158,0.009226338,1.0063183,23.933933,19.875,22.575005,1.0064104,-22.575,-0.0029270002,-19.875,0.008749742,0.014299616,7.9500012,7.950005,30.077337,7.9500003,21.40603,7.950013,8.013436,19.875006,-0.0
1.0064613,0.015450268,0.0052978783,0.019794615,0.013460442,1.0064707,23.945402,19.800001,22.593756,1.0065703,-22.59375,-0.0029879794,-19.800001,0.0138345575,0.014817938,7.9312515,7.931261,30.041931,7.93125,21.329433,7.931264,7.994854,19.800007,0.004374871
1.0056685,0.015421029,0.005549827,0.022910709,0.017829554,1.005678,23.92683,19.706251,22.593756,1.0057772,-22.59375,-0.0034148335,-19.706251,0.019565018,0.0147874495,7.875002,7.87502,29.980225,7.8750005,21.221498,7.8750143,7.938955,19.706257,-0.008749742
1.0064306,0.014866436,0.0058626193,0.016686205,0.009580647,1.0064402,23.949945,19.78125,22.631256,1.006531,-22.63125,-0.003902667,-19.78125,0.008749742,0.014208146,7.837501,7.837505,30.0578,7.8375,21.277317,7.837513,7.901855,19.781256,-0.0
1.0063088,0.013476396,0.0032014062,0.016067708,0.0093170265,1.0063088,23.920664,19.85625,22.593754,1.006399,-22.59375,-0.0032014062,-19.85625,0.009782509,0.013476396,7.8562503,7.856255,30.079033,7.8562503,21.353954,7.8562617,7.9204373,19.856255,-0.004374871
1.0072235,0.019635357,0.013467243,0.015245696,0.005315134,1.007309,23.969307,19.837505,22.612505,1.0073293,-22.612501,-0.0030184689,-19.837502,0.0061870017,0.014604511,7.950011,7.9500012,30.080753,7.9500003,21.371218,7.9500136,8.013551,19.837507,0.004374871
1.0065527,0.016686205,0.009067181,0.014208146,0.0023781878,1.0065907,23.896801,19.950003,22.575005,1.006653,-22.575,-0.0023781878,-19.95,0.0,0.014208146,7.837505,7.8375,30.126951,7.8375,21.434294,7.837513,7.9018703,19.950006,0.0
1.0061867,0.014604404,0.00556864,0.022369199,0.01783542,1.0061963,23.914513,20.025002,22.593754,1.0062833,-22.59375,-0.003445323,-20.025002,0.017499484,0.013933741,7.837501,7.8375196,30.190697,7.8375,21.504118,7.8375125,7.9018235,20.025005,-0.0
1.0066136,0.014604404,0.0054031666,0.013933741,0.0031709168,1.0066231,23.90225,19.96875,22.593754,1.00671,-22.59375,-0.0031709168,-19.96875,0.004374871,0.013933741,7.8000016,7.8,30.153416,7.8,21.438072,7.8000126,7.8646855,19.968756,0.004374871
1.0063088,0.014238637,0.003445323,0.014238637,0.003445323,1.0063088,23.872309,20.00625,22.575005,1.0064095,-22.575,-0.003445323,-20.00625,0.004374871,0.014238637,7.7625003,7.7625003,30.16423,7.7625003,21.459414,7.7625136,7.827456,20.006256,-0.004374871
1.0063392,0.015362565,0.005180505,0.017129708,0.009179113,1.0063487,23.854578,20.043753,22.556257,1.006447,-22.556252,-0.0027745522,-20.04375,0.008749742,0.01472647,7.7625017,7.7625055,30.175097,7.7625003,21.494379,7.7625146,7.8274603,20.043756,-0.0
1.0065527,0.0145753175,0.005421116,0.019119516,0.013509423,1.0065622,23.943245,19.987503,22.650005,1.0066487,-22.650002,-0.0032014062,-19.987501,0.0138345575,0.013903251,7.7625017,7.7625113,30.207993,7.7625003,21.441936,7.7625127,7.8274875,19.987507,0.004374871
1.0058514,0.01396423,0.0029879794,0.016479008,0.009245864,1.0058514,23.87182,19.9125,22.593754,1.0059483,-22.59375,-0.0029879794,-19.9125,0.012374003,0.01396423,7.70625,7.706255,30.116196,7.70625,21.351673,7.7062626,7.771617,19.912504,0.008749742
1.0056075,0.015450268,0.004881156,0.015450268,0.004881156,1.005617,23.89004,19.743753,22.593756,1.0057167,-22.59375,-0.0021647606,-19.743752,0.0061870017,0.014817938,7.7625017,7.7625017,30.004887,7.7625003,21.214903,7.7625146,7.827366,19.743757,-0.004374871
1.0058819,0.01495388,0.0054031666,0.01495388,0.0054031666,1.0058914,23.860685,19.7625,22.556255,1.0059836,-22.556252,-0.0031709168,-19.7625,0.0061870017,0.014299616,7.781252,7.781252,29.989014,7.7812505,21.239216,7.781264,7.8459964,19.762506,0.004374871
1.0064613,0.015889423,0.005148104,0.020139258,0.0134022,1.0064707,23.890657,19.743753,22.575006,1.0065771,-22.575,-0.002713573,-19.743752,0.015773822,0.015275282,7.818752,7.8187613,29.990772,7.8187504,21.23555,7.818765,7.883262,19.743757,-0.008749742
1.0056685,0.015948053,0.0053499998,0.017656695,0.009275828,1.005678,23.89761,19.78125,22.556257,1.0057855,-22.556252,-0.0030794481,-19.78125,0.008749742,0.015336261,7.893751,7.893755,30.001371,7.89375,21.298101,7.893765,7.957554,19.781256,-0.0
1.0062172,0.014895579,0.005421116,0.026100311,0.022107385,1.0062268,23.910023,19.725002,22.556255,1.0063181,-22.556252,-0.0032014062,-19.725,0.021874357,0.014238637,7.9312515,7.93128,29.964314,7.93125,21.25983,7.931263,7.9948235,19.725006,-0.0
1.0068271,0.01504137,0.005549827,0.016842248,0.009392501,1.0068367,23.868427,19.63125,22.518755,1.00693,-22.518751,-0.0034148335,-19.63125,0.008749742,0.014391084,7.912502,7.912505,29.874405,7.9125004,21.165861,7.9125133,7.9763002,19.631256,-0.0
1.0064613,0.015596538,0.005230064,0.019908993,0.013433896,1.0064707,23.77483,19.575003,22.406256,1.0065725,-22.40625,-0.002866021,-19.575,0.015773822,0.014970387,7.9500012,7.950011,29.752659,7.9500003,21.127783,7.950014,8.013455,19.575006,-0.008749742
1.0059124,0.015508762,0.00576226,0.017260943,0.009519565,1.005922,23.845526,19.63125,22.481256,1.0060225,-22.48125,-0.003750219,-19.63125,0.009782509,0.0148789175,7.9500012,7.950005,29.84615,7.9500003,21.179909,7.950014,8.013387,19.631256,0.004374871
1.0059124,0.013659334,0.0032014062,0.014342834,0.005421116,1.0059124,23.862219,19.63125,22.518755,1.0060052,-22.518751,-0.0032014062,-19.63125,0.0061870017,0.013659334,7.89375,7.893751,29.874405,7.89375,21.158857,7.893762,7.9575844,19.631254,0.004374871
1.0059124,0.01399472,0.0029879794,0.016504852,0.009245864,1.0059124,23.963095,19.612501,22.612505,1.0060098,-22.612501,-0.0029879794,-19.612501,0.009782509,0.01399472,7.93125,7.931255,29.932848,7.93125,21.155495,7.9312625,7.994785,19.612507,0.004374871
1.0061563,0.017339852,0.009426141,0.023029208,0.0178473,1.0061944,23.950708,19.537502,22.612505,1.0062677,-22.612501,-0.0035063024,-19.5375,0.019565018,0.014970387,7.893755,7.8937693,29.88376,7.89375,21.071905,7.8937645,7.9576154,19.537506,-0.008749742
1.0061563,0.022989614,0.01778445,0.017287232,0.009306594,1.0063086,23.861378,19.593758,22.537506,1.0062668,-22.5375,-0.0031709168,-19.59375,0.015773822,0.014909408,7.8375196,7.837505,29.863924,7.8375,21.103115,7.8375144,7.9018197,19.593756,-0.013124614
1.005821,0.016504852,0.009359634,0.014662595,0.0054940195,1.005859,23.913868,19.650003,22.612505,1.0059183,-22.612501,-0.003323365,-19.650002,0.0061870017,0.01399472,7.7812552,7.781252,29.957432,7.7812505,21.134579,7.781263,7.8459883,19.650007,0.004374871
1.0062479,0.016998827,0.009108353,0.01961269,0.013366361,1.0062859,23.932228,19.687502,22.612505,1.0063534,-22.612501,-0.0025306356,-19.6875,0.0138345575,0.014574022,7.837505,7.837511,29.982042,7.8375,21.190187,7.8375134,7.9018316,19.687506,0.004374871
1.0063697,0.01666025,0.0093170265,0.014177658,0.0032014062,1.0064077,23.961542,19.668753,22.650005,1.0064696,-22.650002,-0.0032014062,-19.66875,0.008749742,0.014177658,7.818755,7.8187504,29.99804,7.8187504,21.165836,7.8187633,7.8832507,19.668756,-0.008749742
1.0061563,0.014720807,0.0050540688,0.014055699,0.0025306356,1.0061659,23.973803,19.650002,22.650005,1.0062546,-22.650002,-0.0025306356,-19.650002,0.004374871,0.014055699,7.8562517,7.8562503,29.985748,7.8562503,21.162308,7.8562627,7.920418,19.650007,-0.004374871
1.0059428,0.015508762,0.005606572,0.015508762,0.005606572,1.0059524,23.986118,19.612501,22.650007,1.0060529,-22.650002,-0.0035063024,-19.612501,0.0061870017,0.0148789175,7.893751,7.893751,29.961187,7.89375,21.141464,7.893764,7.957588,19.612507,-0.004374871
1.0059124,0.01692047,0.009414842,0.019544816,0.013577067,1.0059505,23.902956,19.650003,22.575005,1.0060167,-22.575,-0.0034758127,-19.650002,0.0138345575,0.014482552,7.856255,7.8562613,29.929136,7.8562503,21.162308,7.8562636,7.920387,19.650007,-0.004374871
1.0061867,0.014604404,0.0053499998,0.016453179,0.009275828,1.0061963,23.914513,19.650002,22.593754,1.0062833,-22.59375,-0.0030794481,-19.650002,0.008749742,0.013933741,7.837501,7.837505,29.943281,7.8375,21.155354,7.8375125,7.9018235,19.650007,0.0
1.0064306,0.014116678,0.0033538546,0.014779042,0.0055125165,1.0064306,24.02153,19.556252,22.687504,1.0065297,-22.6875,-0.0033538546,-19.556252,0.004374871,0.014116678,7.89375,7.893751,29.95279,7.89375,21.089293,7.8937626,7.95765,19.556255,-0.0
1.0060039,0.0152749065,0.00556864,0.019658046,0.013569294,1.0060133,24.111788,19.537502,22.743757,1.0061103,-22.743752,-0.003445323,-19.5375,0.013124614,0.014635001,8.006251,8.006261,29.983198,8.00625,21.114307,8.006264,8.069206,19.537506,-0.0
1.0061867,0.014574022,0.0031404274,0.016998827,0.0092962505,1.0061867,24.152452,19.5,22.800005,1.0062923,-22.800001,-0.0031404274,-19.5,0.012374003,0.014574022,7.9687505,7.9687552,30.001501,7.9687505,21.065397,7.968764,8.032023,19.500006,-0.008749742
1.0060039,0.014488092,0.005023813,0.016350023,0.0090916,1.0060133,24.176342,19.650002,22.818754,1.0060986,-22.81875,-0.0024696563,-19.650002,0.012374003,0.013811781,7.9875016,7.987505,30.113419,7.9875,21.211382,7.987512,8.050603,19.650007,-0.008749742
1.0063088,0.019544816,0.01355394,0.014482552,0.0033843438,1.0063944,24.129475,19.612507,22.762506,1.006413,-22.7625,-0.0033843438,-19.612501,0.004374871,0.014482552,8.006261,8.00625,30.046326,8.00625,21.183725,8.006264,8.069244,19.612507,-0.004374871
1.0065527,0.013720313,0.0029879794,0.01627283,0.009245864,1.0065527,24.140951,19.612501,22.781254,1.0066462,-22.78125,-0.0029879794,-19.612501,0.008749742,0.013720313,7.9875,7.987505,30.060532,7.9875,21.176647,7.987512,8.050672,19.612507,0.0
1.0060953,0.017445253,0.009495708,0.017445253,0.009495708,1.0061333,24.235628,19.650003,22.875006,1.0062085,-22.875,-0.0036892397,-19.650002,0.009782509,0.015092344,8.006255,8.006255,30.156063,8.00625,21.218449,8.006265,8.069218,19.650007,0.004374871
1.0060649,0.017051136,0.009142988,0.019658046,0.013389987,1.0061029,24.225153,19.631252,22.837505,1.0061713,-22.837502,-0.002652594,-19.63125,0.018561007,0.014635001,8.081255,8.081261,30.115402,8.08125,21.229523,8.081264,8.143634,19.631256,-0.013124614
1.0064918,0.014720807,0.005606572,0.014720807,0.005606572,1.0065012,24.225153,19.706251,22.837505,1.0065899,-22.837502,-0.0035063024,-19.706251,0.0061870017,0.014055699,8.081251,8.081251,30.164347,8.08125,21.298895,8.081263,8.143686,19.706257,0.004374871
1.0059733,0.0149247255,0.0058626193,0.016738158,0.009580647,1.0059829,24.105568,19.743753,22.743757,1.0060745,-22.743752,-0.003902667,-19.743752,0.012374003,0.014269126,7.9875016,7.987505,30.118002,7.9875,21.29826,7.987513,8.050599,19.743757,-0.008749742
1.0062479,0.016764158,0.009348851,0.01940965,0.01353139,1.0062859,24.081665,19.725002,22.725006,1.0063494,-22.725,-0.0032928751,-19.725,0.0138345575,0.014299616,7.9687552,7.9687614,30.091549,7.9687505,21.273848,7.9687634,8.032031,19.725006,-0.004374871
1.0056685,0.014055699,0.0029270002,0.02244537,0.017742584,1.0056685,24.057772,19.650002,22.706255,1.0057667,-22.706251,-0.0029270002,-19.650002,0.017499484,0.014055699,7.9500003,7.9500194,30.02826,7.9500003,21.197289,7.9500127,8.013356,19.650007,0.0
1.0060344,0.014895579,0.005315134,0.022560379,0.017757902,1.0060439,24.074665,19.6875,22.743757,1.0061351,-22.743752,-0.0030184689,-19.6875,0.018038055,0.014238637,7.893751,7.8937693,30.081156,7.89375,21.211058,7.893763,7.9576,19.687506,0.004374871
1.0060649,0.016556589,0.009426141,0.014720807,0.005606572,1.0061029,24.050806,19.743753,22.725004,1.006163,-22.725,-0.0035063024,-19.743752,0.004374871,0.014055699,7.8750052,7.875002,30.103844,7.8750005,21.256325,7.875013,7.939005,19.743757,0.0
1.0063088,0.0143605955,0.0029270002,0.016816203,0.009226338,1.0063088,23.938375,19.81875,22.612505,1.0064112,-22.612501,-0.0029270002,-19.81875,0.009782509,0.0143605955,7.8562503,7.856255,30.06839,7.8562503,21.319088,7.8562636,7.9204373,19.818756,-0.004374871
1.0062783,0.015099723,0.005230064,0.0144520635,0.002866021,1.0062878,23.992296,19.837502,22.650007,1.006382,-22.650002,-0.002866021,-19.837502,0.008749742,0.0144520635,7.912502,7.9125004,30.108953,7.9125004,21.357296,7.9125137,7.9762306,19.837507,-0.008749742
1.0060649,0.01940965,0.013546359,0.016764158,0.009370503,1.0061505,23.99699,19.781254,22.687504,1.0061665,-22.6875,-0.0033538546,-19.78125,0.012374003,0.014299616,7.8187613,7.818755,30.100174,7.8187504,21.270418,7.8187637,7.8832116,19.781256,-0.008749742
1.0063392,0.014604511,0.0027745522,0.019635357,0.013414679,1.0063392,24.015375,19.743752,22.687504,1.0064452,-22.6875,-0.0027745522,-19.743752,0.021874355,0.014604511,7.8750005,7.8750114,30.075544,7.8750005,21.256325,7.875014,7.9390397,19.743757,-0.017499484
1.0064002,0.01504137,0.005421116,0.019477135,0.013509423,1.0064098,23.90225,19.893751,22.593754,1.0065031,-22.59375,-0.0032014062,-19.893751,0.0138345575,0.014391084,7.8000016,7.800011,30.103802,7.8,21.36823,7.8000135,7.864658,19.893757,0.004374871
1.0063088,0.015099723,0.0053676073,0.0144520635,0.0031099378,1.0063183,23.937702,20.00625,22.631256,1.0064125,-22.63125,-0.0031099378,-20.00625,0.004374871,0.0144520635,7.8000016,7.8,30.20635,7.8,21.473007,7.8000135,7.8646464,20.006256,-0.004374871
1.0062479,0.015421029,0.0052807424,0.01718216,0.009236055,1.0062573,23.908375,20.025002,22.593756,1.0063565,-22.59375,-0.0029574898,-20.025002,0.009782509,0.0147874495,7.818752,7.818755,30.190697,7.8187504,21.497292,7.818764,7.883235,20.025007,-0.004374871
1.0063088,0.015099723,0.0054031666,0.016894381,0.009306594,1.0063183,23.902956,19.9125,22.575005,1.0064125,-22.575,-0.0031709168,-19.9125,0.008749742,0.0144520635,7.8562517,7.856255,30.10213,7.8562503,21.40627,7.8562636,7.9204373,19.912506,-0.0
1.0062172,0.016453179,0.0093170265,0.019141698,0.013509423,1.0062554,24.004688,19.743753,22.650005,1.0063138,-22.650002,-0.0032014062,-19.743752,0.015773822,0.013933741,7.950005,7.950011,30.047268,7.9500003,21.284225,7.950012,8.013425,19.743757,-0.008749742
1.0063392,0.01495388,0.005315134,0.014299616,0.0030184689,1.0063487,23.943817,19.725002,22.631256,1.0064408,-22.63125,-0.0030184689,-19.725,0.004374871,0.014299616,7.818752,7.8187504,30.020811,7.8187504,21.218117,7.8187637,7.8832464,19.725006,-0.004374871
1.0060953,0.014749921,0.0054031666,0.014749921,0.0054031666,1.0061048,23.902956,19.81875,22.575005,1.0061939,-22.575,-0.0031709168,-19.81875,0.0138345575,0.014086188,7.8562517,7.8562517,30.040197,7.8562503,21.319088,7.856263,7.92041,19.818756,-0.013124614
1.0062479,0.019499673,0.013509423,0.014421573,0.0032014062,1.0063335,23.87909,19.800005,22.556255,1.0063511,-22.556252,-0.0032014062,-19.800001,0.013124614,0.014421573,7.837511,7.8375,30.013739,7.8375,21.294752,7.8375134,7.9018316,19.800007,-0.013124614
1.0062783,0.016790172,0.009348851,0.0149830375,0.00547563,1.0063163,23.892336,19.650003,22.537506,1.0063803,-22.5375,-0.0032928751,-19.650002,0.004374871,0.014330105,7.931255,7.9312515,29.900862,7.93125,21.190264,7.931263,7.994831,19.650007,-0.0
1.0059124,0.014817938,0.0032623855,0.017208407,0.009338155,1.0059124,23.856964,19.575,22.500006,1.0060216,-22.5,-0.0032623855,-19.575,0.015773822,0.014817938,7.93125,7.931255,29.823324,7.93125,21.120733,7.931264,7.994785,19.575006,-0.013124614
1.0063392,0.01504137,0.005315134,0.019477135,0.013467243,1.0063487,23.921503,19.59375,22.575005,1.0064421,-22.575,-0.0030184689,-19.59375,0.015773822,0.014391084,7.912502,7.9125113,29.892235,7.9125004,21.131084,7.9125133,7.9762387,19.593756,-0.008749742
1.0063697,0.016712174,0.009327547,0.014238637,0.0032318959,1.0064077,23.962244,19.631252,22.631256,1.0064704,-22.63125,-0.0032318959,-19.63125,0.004374871,0.014238637,7.8750052,7.8750005,29.959297,7.8750005,21.15187,7.8750134,7.9390435,19.631256,-0.004374871
1.0062479,0.01530412,0.005315134,0.01530412,0.005315134,1.0062573,23.861378,19.668753,22.537506,1.0063547,-22.5375,-0.0030184689,-19.66875,0.0061870017,0.01466549,7.837501,7.837501,29.913187,7.8375,21.17277,7.837514,7.9018316,19.668756,0.004374871
1.0062783,0.015187291,0.0054573487,0.016972693,0.009338155,1.0062878,23.89761,19.743753,22.556255,1.0063833,-22.556252,-0.0032623855,-19.743752,0.012374003,0.014543531,7.893751,7.893755,29.976662,7.89375,21.263279,7.8937635,7.9576306,19.743757,-0.008749742
1.0061563,0.015216492,0.0053676073,0.014574022,0.0031099378,1.0061659,23.879913,19.6875,22.537506,1.006262,-22.5375,-0.0031099378,-19.6875,0.004374871,0.014574022,7.893751,7.89375,29.925518,7.89375,21.211058,7.8937635,7.9576154,19.687506,0.004374871
1.0064002,0.0148372995,0.0052468344,0.014177658,0.0028965105,1.0064098,23.951618,19.650002,22.593754,1.0065001,-22.59375,-0.0028965105,-19.650002,0.004374871,0.014177658,7.9500012,7.9500003,29.943281,7.9500003,21.197289,7.9500127,8.013448,19.650007,-0.004374871
1.0062783,0.014482552,0.0031099378,0.014482552,0.0031099378,1.0062783,23.98079,19.725,22.631256,1.0063825,-22.63125,-0.0031099378,-19.725,0.0,0.014482552,7.93125,7.93125,30.020811,7.93125,21.25983,7.9312634,7.994831,19.725006,-0.0
1.0064002,0.017024973,0.009207174,0.017024973,0.009207174,1.0064383,23.974594,19.781252,22.631256,1.0065062,-22.63125,-0.002866021,-19.78125,0.009782509,0.014604511,7.912505,7.912505,30.0578,7.9125004,21.30506,7.9125137,7.9762464,19.781256,-0.004374871
1.0060649,0.019477135,0.013460442,0.019477135,0.013460442,1.0061505,23.951618,19.743757,22.593754,1.0061678,-22.59375,-0.0029879794,-19.743752,0.013124614,0.014391084,7.950011,7.950011,30.004887,7.9500003,21.284225,7.950013,8.013406,19.743757,0.0
1.0062479,0.014546236,0.005315134,0.016401568,0.009255762,1.0062573,23.87465,19.743753,22.518755,1.0063435,-22.518751,-0.0030184689,-19.743752,0.008749742,0.013872761,7.9312515,7.931255,29.948454,7.93125,21.27723,7.931262,7.9948273,19.743757,-0.0
1.0063392,0.014269126,0.0028355315,0.014269126,0.0028355315,1.0063392,23.879913,19.837502,22.537504,1.0064404,-22.5375,-0.0028355315,-19.837502,0.0,0.014269126,7.89375,7.89375,30.024414,7.89375,21.350357,7.893763,7.9576383,19.837507,-0.0
1.0060039,0.015099723,0.005315134,0.016894381,0.009255762,1.0060133,23.826832,19.85625,22.481256,1.0061076,-22.48125,-0.0030184689,-19.85625,0.008749742,0.0144520635,7.893751,7.893755,29.994623,7.89375,21.367779,7.8937635,7.957596,19.856256,0.0
1.00576,0.013720313,0.0028965105,0.01627283,0.009216711,1.00576,23.879913,19.800001,22.537504,1.0058535,-22.5375,-0.0028965105,-19.800001,0.008749742,0.013720313,7.89375,7.893755,29.999651,7.89375,21.315517,7.893762,7.9575653,19.800005,0.0
1.0062172,0.01495388,0.0053499998,0.01940965,0.013481041,1.0062268,23.915308,19.85625,22.575005,1.0063189,-22.575,-0.0030794481,-19.85625,0.013124614,0.014299616,7.893751,7.893761,30.064953,7.89375,21.367779,7.893763,7.957623,19.856256,0.0
1.0064613,0.014848429,0.0030794481,0.0154795125,0.0053499998,1.0064613,23.932228,19.85625,22.612505,1.0065707,-22.612501,-0.0030794481,-19.85625,0.009782509,0.014848429,7.8375,7.837501,30.09312,7.8375,21.347063,7.837514,7.901859,19.856256,-0.008749742
1.0064002,0.026234172,0.022065295,0.01692047,0.009216711,1.0066379,23.915308,19.818762,22.575005,1.0065044,-22.575,-0.0028965105,-19.81875,0.009782509,0.014482552,7.89378,7.893755,30.040197,7.89375,21.332935,7.8937635,7.9576464,19.818756,-0.004374871
1.0059733,0.017129708,0.009285995,0.01472647,0.0031099378,1.0060115,23.873722,19.818752,22.537506,1.0060812,-22.5375,-0.0031099378,-19.81875,0.0,0.01472647,7.8750052,7.8750005,30.012028,7.8750005,21.326006,7.8750143,7.9389935,19.818756,-0.0
1.0061563,0.014391084,0.0025916148,0.01504137,0.005084876,1.0061563,23.945402,19.85625,22.593754,1.0062592,-22.59375,-0.0025916148,-19.85625,0.009782509,0.014391084,7.93125,7.9312515,30.079033,7.93125,21.38166,7.931263,7.994816,19.856256,0.008749742
1.0060649,0.019544816,0.0136088,0.01692047,0.009460546,1.0061505,23.95785,19.837505,22.593754,1.0061691,-22.59375,-0.003597771,-19.837502,0.008749742,0.014482552,7.9687614,7.9687552,30.06666,7.9687505,21.3782,7.968764,8.032008,19.837507,0.0
1.0064002,0.014808168,0.0052807424,0.014808168,0.0052807424,1.0064098,23.981771,19.78125,22.612505,1.0064996,-22.612501,-0.0029574898,-19.78125,0.009782509,0.014147167,7.9875016,7.9875016,30.043686,7.9875,21.333027,7.9875126,8.0506525,19.781256,0.008749742
1.0063088,0.019477135,0.013408407,0.01504137,0.00516424,1.0063944,23.986998,19.875004,22.631256,1.0064117,-22.63125,-0.0027440628,-19.875,0.0138345575,0.014391084,7.950011,7.9500012,30.119581,7.9500003,21.40603,7.950013,8.013436,19.875006,0.013124614
1.0061258,0.014720807,0.00547563,0.014055699,0.0032928751,1.0061353,24.028591,19.893751,22.668755,1.006224,-22.66875,-0.0032928751,-19.893751,0.004374871,0.014055699,7.968752,7.9687505,30.160131,7.9687505,21.430407,7.968763,8.032016,19.893755,-0.004374871
1.0065222,0.014177658,0.0030794481,0.01666025,0.009275828,1.0065222,23.999453,19.837502,22.631256,1.006622,-22.63125,-0.0030794481,-19.837502,0.009782509,0.014177658,7.9875,7.987505,30.094849,7.9875,21.385197,7.9875126,8.050668,19.837507,0.004374871
1.0059124,0.0144520635,0.0026221042,0.022695685,0.01769484,1.0059124,23.992296,19.81875,22.650007,1.0060163,-22.650002,-0.0026221042,-19.81875,0.019565018,0.0144520635,7.9125004,7.9125195,30.096601,7.9125004,21.339882,7.9125137,7.976185,19.818756,-0.008749742
1.0063088,0.014895579,0.0053499998,0.014895579,0.0053499998,1.0063183,24.027699,19.706251,22.687504,1.0064095,-22.6875,-0.0030794481,-19.706251,0.0061870017,0.014238637,7.912502,7.912502,30.05094,7.9125004,21.235441,7.9125133,7.9762344,19.706257,-0.004374871
1.0060039,0.016686205,0.009370503,0.016686205,0.009370503,1.0060419,24.009996,19.725002,22.668755,1.0061041,-22.66875,-0.0033538546,-19.725,0.009782509,0.014208146,7.912505,7.912505,30.049091,7.9125004,21.252842,7.9125133,7.9761963,19.725006,0.004374871
1.0058819,0.014177658,0.0028355315,0.014177658,0.0028355315,1.0058819,24.110868,19.66875,22.762506,1.0059818,-22.7625,-0.0028355315,-19.66875,0.0,0.014177658,7.9500003,7.9500003,30.083073,7.9500003,21.214672,7.9500127,8.013383,19.668756,0.0
1.0062479,0.014543531,0.002866021,0.015187291,0.005230064,1.0062479,24.140106,19.650002,22.800005,1.0063529,-22.800001,-0.002866021,-19.650002,0.0061870017,0.014543531,7.93125,7.9312515,30.099213,7.93125,21.190264,7.9312634,7.9948273,19.650007,-0.004374871
1.0062172,0.017208407,0.009338155,0.015450268,0.0054573487,1.0062554,24.146275,19.612503,22.800005,1.0063264,-22.800001,-0.0032623855,-19.612501,0.009782509,0.014817938,7.950005,7.9500012,30.074743,7.9500003,21.16253,7.950014,8.013425,19.612507,-0.008749742
1.0059733,0.01530412,0.0054573487,0.017077312,0.009338155,1.0059829,24.009996,19.537502,22.668755,1.0060803,-22.66875,-0.0032623855,-19.5375,0.008749742,0.01466549,7.912502,7.912505,29.926346,7.9125004,21.078938,7.9125137,7.9761925,19.537506,-0.0
1.0061258,0.014779042,0.005421116,0.014779042,0.005421116,1.0061353,24.039242,19.59375,22.706255,1.0062249,-22.706251,-0.0032014062,-19.59375,0.004374871,0.014116678,7.893751,7.893751,29.99148,7.89375,21.12407,7.8937626,7.9576116,19.593756,0.0
1.0059733,0.014391084,0.0033538546,0.014391084,0.0033538546,1.0059733,24.046282,19.650002,22.687504,1.0060763,-22.6875,-0.0033538546,-19.650002,0.004374871,0.014391084,7.9687505,7.9687505,30.014084,7.9687505,21.204329,7.9687634,8.031997,19.650007,-0.004374871
1.0060953,0.014779042,0.0052978783,0.01660839,0.009245864,1.0061048,24.053568,19.575003,22.668755,1.0061944,-22.66875,-0.0029879794,-19.575,0.015773822,0.014116678,8.043753,8.043756,29.950842,8.043751,21.163237,8.043763,8.106427,19.575006,0.013124614
1.0063392,0.014269126,0.0027745522,0.0149247255,0.005180505,1.0063392,24.0057,19.5375,22.631256,1.0064404,-22.63125,-0.0027745522,-19.5375,0.0061870017,0.014269126,8.00625,8.006251,29.897951,8.00625,21.114307,8.006263,8.069248,19.537506,-0.004374871
1.0061867,0.014866436,0.005439177,0.014866436,0.005439177,1.0061963,23.898565,19.63125,22.537504,1.0062871,-22.5375,-0.0032318959,-19.63125,0.0061870017,0.014208146,7.9500012,7.9500012,29.888542,7.9500003,21.179909,7.9500127,8.013421,19.631256,0.004374871
1.0062479,0.0149830375,0.0053676073,0.0149830375,0.0053676073,1.0062573,23.886116,19.668753,22.537506,1.0063498,-22.5375,-0.0031099378,-19.66875,0.004374871,0.014330105,7.912502,7.912502,29.913187,7.9125004,21.200647,7.9125133,7.976227,19.668756,-0.0
1.0060953,0.01961269,0.01350223,0.015216492,0.0054031666,1.0061809,23.886116,19.687504,22.537506,1.0062008,-22.5375,-0.0031709168,-19.6875,0.004374871,0.014574022,7.9125113,7.912502,29.925518,7.9125004,21.218042,7.9125137,7.9762077,19.687506,0.0
1.0066441,0.015128907,0.0053676073,0.015128907,0.0053676073,1.0066537,23.826832,19.706251,22.481256,1.0067483,-22.48125,-0.0031099378,-19.706251,0.004374871,0.014482552,7.893751,7.893751,29.895535,7.89375,21.228462,7.8937635,7.957677,19.706257,0.0
1.0065222,0.014635001,0.0027440628,0.0152749065,0.00516424,1.0065222,23.815365,19.7625,22.462505,1.0066285,-22.462502,-0.0027440628,-19.7625,0.004374871,0.014635001,7.9125004,7.912502,29.918562,7.9125004,21.287651,7.9125137,7.9762616,19.762506,0.0
1.0063392,0.019590044,0.013524002,0.016972693,0.009338155,1.0064248,23.826832,19.837505,22.481256,1.0064443,-22.48125,-0.0032623855,-19.837502,0.015773822,0.014543531,7.893761,7.893755,29.982214,7.89375,21.350357,7.8937635,7.9576383,19.837507,0.013124614
1.0067052,0.014391084,0.0030184689,0.01504137,0.005315134,1.0067052,23.855225,19.81875,22.537506,1.0068079,-22.5375,-0.0030184689,-19.81875,0.009782509,0.014391084,7.8187504,7.818752,30.012028,7.8187504,21.305298,7.8187637,7.883293,19.818756,0.008749742
1.0063088,0.014116678,0.0028050418,0.019275272,0.013421019,1.0063088,23.813652,19.78125,22.500004,1.0064077,-22.5,-0.0028050418,-19.78125,0.015773822,0.014116678,7.8,7.800011,29.959103,7.8,21.263533,7.800013,7.8646464,19.781256,0.008749742
1.0063697,0.014208146,0.0034148335,0.019342361,0.013561585,1.0063697,23.926096,19.725,22.612505,1.00647,-22.612501,-0.0034148335,-19.725,0.0138345575,0.014208146,7.8187504,7.8187613,30.006681,7.8187504,21.218117,7.8187633,7.8832507,19.725006,-0.004374871
1.0060953,0.015216492,0.005180505,0.014574022,0.0027745522,1.0061048,23.88525,19.668753,22.556255,1.0062008,-22.556252,-0.0027745522,-19.66875,0.0,0.014574022,7.8562517,7.8562503,29.927317,7.8562503,21.179718,7.8562636,7.92041,19.668756,-0.0
1.0060649,0.014208146,0.002866021,0.016686205,0.009207174,1.0060649,23.986118,19.706251,22.650005,1.0061651,-22.650002,-0.002866021,-19.706251,0.012374003,0.014208146,7.89375,7.893755,30.02264,7.89375,21.228462,7.893763,7.957604,19.706257,0.008749742
1.0063088,0.014147167,0.0028355315,0.014808168,0.0052134185,1.0063088,24.063974,19.725,22.706255,1.0064082,-22.706251,-0.0028355315,-19.725,0.004374871,0.014147167,7.9687505,7.968752,30.077393,7.9687505,21.273848,7.968763,8.032039,19.725006,0.0
1.0060953,0.01399472,0.0027745522,0.019186132,0.013414679,1.0060953,24.118021,19.63125,22.743757,1.0061926,-22.743752,-0.0027745522,-19.63125,0.015773822,0.01399472,8.025001,8.025012,30.04437,8.025001,21.208174,8.025013,8.087822,19.631256,-0.008749742
1.0062479,0.014299616,0.002866021,0.01495388,0.005230064,1.0062479,24.058735,19.63125,22.687504,1.0063494,-22.6875,-0.002866021,-19.63125,0.0061870017,0.014299616,8.00625,8.006251,30.00181,8.00625,21.201086,8.006263,8.069237,19.631256,-0.004374871
1.0061563,0.014749921,0.00538533,0.014749921,0.00538533,1.0061659,24.047306,19.650002,22.668755,1.0062549,-22.66875,-0.0031404274,-19.650002,0.0061870017,0.014086188,8.0250025,8.0250025,29.999914,8.025001,21.225533,8.025013,8.08783,19.650007,-0.004374871
1.0060649,0.014330105,0.003323365,0.0149830375,0.0054940195,1.0060649,24.0057,19.7625,22.631256,1.0061669,-22.63125,-0.003323365,-19.7625,0.0061870017,0.014330105,8.00625,8.006251,30.045465,8.00625,21.322676,8.006263,8.069214,19.762506,-0.004374871
1.0062172,0.015187291,0.0051968987,0.019590044,0.013421019,1.0062268,23.988022,19.837502,22.612505,1.0063224,-22.612501,-0.0028050418,-19.837502,0.0138345575,0.014543531,8.006251,8.006261,30.080753,8.00625,21.392206,8.006264,8.069233,19.837507,0.004374871
1.0067052,0.014147167,0.0030184689,0.016634312,0.009255762,1.0067052,23.989195,19.85625,22.593754,1.0068045,-22.59375,-0.0030184689,-19.85625,0.009782509,0.014147167,8.0625,8.062505,30.079033,8.0625,21.430693,8.062512,8.125107,19.856256,-0.004374871
1.0059428,0.01466549,0.0030794481,0.01466549,0.0030794481,1.0059428,23.8946,19.7625,22.500006,1.0060498,-22.5,-0.0030794481,-19.7625,0.004374871,0.01466549,8.043751,8.043751,29.946726,8.043751,21.336784,8.043764,8.106408,19.762506,-0.004374871
1.0060649,0.016972693,0.009327547,0.015187291,0.005439177,1.0061029,23.86434,19.725002,22.481256,1.00617,-22.48125,-0.0032318959,-19.725,0.009782509,0.014543531,8.006255,8.006251,29.907896,8.00625,21.287924,8.006264,8.069214,19.725006,0.008749742
1.0064613,0.015099723,0.005263727,0.015099723,0.005263727,1.0064707,23.792503,19.725002,22.425005,1.006565,-22.425001,-0.0029270002,-19.725,0.0061870017,0.0144520635,7.9500012,7.9500012,29.865637,7.9500003,21.266832,7.950013,8.013455,19.725006,0.004374871
1.0064918,0.014866436,0.0052978783,0.014208146,0.0029879794,1.0065012,23.82785,19.800001,22.462505,1.006592,-22.462502,-0.0029879794,-19.800001,0.0,0.014208146,7.9500012,7.9500003,29.943346,7.9500003,21.336414,7.9500127,8.013459,19.800007,0.0
1.0062172,0.015099723,0.0052978783,0.015099723,0.0052978783,1.0062268,23.821602,19.875,22.462505,1.0063211,-22.462502,-0.0029879794,-19.875,0.0061870017,0.0144520635,7.9312515,7.9312515,29.992992,7.93125,21.399073,7.9312634,7.9948235,19.875006,0.004374871
1.0065222,0.01495388,0.005315134,0.016764158,0.009255762,1.0065317,23.869457,19.85625,22.500004,1.0066237,-22.5,-0.0030184689,-19.85625,0.009782509,0.014299616,7.968752,7.9687552,30.008677,7.9687505,21.3956,7.9687634,8.032065,19.856256,-0.004374871
1.0060039,0.01533334,0.0053676073,0.01533334,0.0053676073,1.0060133,23.8946,19.725002,22.500006,1.0061111,-22.5,-0.0031099378,-19.725,0.009782509,0.01469598,8.043753,8.043753,29.921993,8.043751,21.302055,8.043764,8.106416,19.725006,0.008749742
1.0057905,0.014574022,0.0030184689,0.016998827,0.009255762,1.0057905,23.839283,19.78125,22.481256,1.005896,-22.48125,-0.0030184689,-19.78125,0.008749742,0.014574022,7.93125,7.931255,29.945024,7.93125,21.312029,7.9312634,7.9947696,19.781256,0.0
1.0062172,0.015099723,0.0052468344,0.0144520635,0.0028965105,1.0062268,23.844522,19.9125,22.500004,1.0063211,-22.5,-0.0028965105,-19.9125,0.0,0.0144520635,7.893751,7.89375,30.045927,7.89375,21.42006,7.8937635,7.957623,19.912506,0.0
1.0062479,0.0144520635,0.0029270002,0.0144520635,0.0029270002,1.0062479,23.886116,19.875,22.537506,1.0063516,-22.5375,-0.0029270002,-19.875,0.004374871,0.0144520635,7.9125004,7.9125004,30.049202,7.9125004,21.392132,7.9125137,7.976227,19.875006,-0.004374871
1.0064002,0.01469598,0.0028965105,0.017103503,0.009216711,1.0064002,23.886116,19.893751,22.537506,1.0065075,-22.5375,-0.0028965105,-19.893751,0.008749742,0.01469598,7.9125004,7.912505,30.061607,7.9125004,21.409554,7.912514,7.9762464,19.893757,0.0
1.0060039,0.016842248,0.009245864,0.01504137,0.0052978783,1.0060419,23.90481,19.856253,22.537506,1.0061067,-22.5375,-0.0029879794,-19.85625,0.0061870017,0.014391084,7.9687552,7.968752,30.036804,7.9687505,21.3956,7.9687634,8.032001,19.856256,0.004374871
1.0061867,0.0149830375,0.005439177,0.0149830375,0.005439177,1.0061963,23.910023,19.85625,22.556255,1.0062888,-22.556252,-0.0032318959,-19.85625,0.009782509,0.014330105,7.9312515,7.9312515,30.050877,7.93125,21.38166,7.931263,7.9948196,19.856256,-0.008749742
1.0059733,0.016634312,0.009359634,0.016634312,0.009359634,1.0060115,23.826832,19.837503,22.481255,1.0060729,-22.48125,-0.003323365,-19.837502,0.008749742,0.014147167,7.893755,7.893755,29.982214,7.89375,21.350357,7.8937626,7.957592,19.837507,0.0
1.0060953,0.014543531,0.0030489585,0.019590044,0.01347411,1.0060953,23.785238,19.95,22.443754,1.0062004,-22.44375,-0.0030489585,-19.95,0.013124614,0.014543531,7.8750005,7.8750114,30.028728,7.8750005,21.448034,7.875014,7.9390087,19.950006,-0.0
1.0060953,0.014895579,0.0051968987,0.016712174,0.009188375,1.0061048,23.814436,19.893751,22.481255,1.006196,-22.48125,-0.0028050418,-19.893751,0.009782509,0.014238637,7.8562517,7.856255,30.01946,7.8562503,21.388828,7.856263,7.92041,19.893757,0.004374871
1.0061563,0.014086188,0.002866021,0.019252952,0.013433896,1.0061563,23.821602,19.800001,22.462505,1.0062549,-22.462502,-0.002866021,-19.800001,0.015773822,0.014086188,7.93125,7.931261,29.943346,7.93125,21.329433,7.9312625,7.994816,19.800007,0.008749742
1.0063088,0.014604511,0.002866021,0.015245696,0.005230064,1.0063088,23.845526,19.837502,22.481256,1.0064148,-22.48125,-0.002866021,-19.837502,0.0138345575,0.014604511,7.9500003,7.9500012,29.982214,7.9500003,21.371218,7.9500136,8.013436,19.837507,0.013124614
1.0064613,0.014208146,0.002652594,0.014208146,0.002652594,1.0064613,23.816442,19.893751,22.443754,1.0065615,-22.44375,-0.002652594,-19.893751,0.004374871,0.014208146,7.9687505,7.9687505,29.991386,7.9687505,21.430407,7.9687634,8.032058,19.893755,-0.004374871
1.0059124,0.016998827,0.009285995,0.016998827,0.009285995,1.0059505,23.792503,19.856253,22.425005,1.006018,-22.425001,-0.0031099378,-19.85625,0.008749742,0.014574022,7.950005,7.950005,29.952486,7.9500003,21.388624,7.9500136,8.013387,19.856256,0.0
1.0064306,0.015450268,0.0052468344,0.015450268,0.0052468344,1.0064402,23.782364,19.800001,22.387506,1.0065398,-22.3875,-0.0028965105,-19.800001,0.004374871,0.014817938,8.0250025,8.0250025,29.887125,8.025001,21.364471,8.025014,8.087864,19.800007,-0.0
1.0060953,0.015391794,0.0052134185,0.017155927,0.009197729,1.0061048,23.893394,19.6875,22.518755,1.0062035,-22.518751,-0.0028355315,-19.6875,0.012374003,0.014756959,7.9875016,7.987505,29.911398,7.9875,21.246124,7.987514,8.050614,19.687506,0.008749742
1.0064918,0.014574022,0.0029270002,0.016998827,0.009226338,1.0064918,23.927711,19.650002,22.575005,1.0065973,-22.575,-0.0029270002,-19.650002,0.009782509,0.014574022,7.93125,7.931255,29.929136,7.93125,21.190264,7.9312634,7.994858,19.650007,-0.004374871
1.0059733,0.01666025,0.009306594,0.014177658,0.0031709168,1.0060115,23.92249,19.725002,22.556255,1.0060732,-22.556252,-0.0031709168,-19.725,0.0,0.014177658,7.9687552,7.9687505,29.964314,7.9687505,21.273848,7.968763,8.031997,19.725006,0.0
1.0063392,0.016972693,0.009160866,0.019590044,0.0134022,1.0063772,23.875723,19.706253,22.500004,1.0064443,-22.5,-0.002713573,-19.706251,0.015773822,0.014543531,7.987505,7.987511,29.909636,7.9875,21.263502,7.9875135,8.050645,19.706257,-0.008749742
1.0061563,0.014808168,0.005332508,0.019297611,0.01347411,1.0061659,23.84039,19.743753,22.462505,1.0062557,-22.462502,-0.0030489585,-19.743752,0.0138345575,0.014147167,7.9875016,7.987511,29.906181,7.9875,21.29826,7.9875126,8.050622,19.743757,0.004374871
1.0062172,0.014895579,0.00547563,0.014895579,0.00547563,1.0062268,23.95388,19.668753,22.556255,1.0063181,-22.556252,-0.0032928751,-19.66875,0.004374871,0.014238637,8.062501,8.062501,29.927317,8.0625,21.257086,8.062512,8.125047,19.668756,-0.0
1.0061258,0.01692047,0.009255762,0.01692047,0.009255762,1.0061638,23.960197,19.668753,22.556255,1.00623,-22.556252,-0.0030184689,-19.66875,0.008749742,0.014482552,8.081255,8.081255,29.927317,8.08125,21.264204,8.081263,8.143641,19.668756,-0.0
1.0063088,0.016634312,0.009275828,0.016634312,0.009275828,1.0063468,23.994287,19.725002,22.612505,1.0064082,-22.612501,-0.0030794481,-19.725,0.012374003,0.014147167,8.025005,8.025005,30.006681,8.025001,21.294983,8.025013,8.087849,19.725006,0.008749742
1.0061867,0.014208146,0.0032928751,0.019342361,0.01353139,1.0061867,23.95388,19.78125,22.556255,1.0062871,-22.556252,-0.0032928751,-19.78125,0.013124614,0.014208146,8.0625,8.0625105,30.001371,8.0625,21.361221,8.062512,8.125043,19.781256,0.0
1.0060649,0.0148372995,0.0053676073,0.0148372995,0.0053676073,1.0060744,23.956728,19.78125,22.518755,1.0061648,-22.518751,-0.0031099378,-19.78125,0.0061870017,0.014177658,8.175001,8.175001,29.973188,8.175,21.403936,8.175013,8.236673,19.781256,-0.004374871
1.0062783,0.014147167,0.0029574898,0.014147167,0.0029574898,1.0062783,24.022402,19.706251,22.575005,1.0063777,-22.575,-0.0029574898,-19.706251,0.008749742,0.014147167,8.212501,8.212501,29.966097,8.212501,21.34904,8.212513,8.273921,19.706257,-0.008749742
1.0062783,0.015128907,0.005439177,0.01692047,0.009327547,1.0062878,24.075272,19.706251,22.631256,1.0063825,-22.63125,-0.0032318959,-19.706251,0.008749742,0.014482552,8.2125025,8.212505,30.008497,8.212501,21.34904,8.212514,8.273921,19.706257,-0.0
1.0061258,0.019163905,0.013467243,0.022388203,0.017757902,1.0062114,24.085083,19.725006,22.668755,1.0062227,-22.66875,-0.0030184689,-19.725,0.018038055,0.01396423,8.137511,8.13752,30.049091,8.137501,21.337633,8.137513,8.199464,19.725006,0.004374871
1.0062172,0.019908993,0.01353139,0.014970387,0.0032928751,1.0063028,24.000565,19.706255,22.612505,1.0063287,-22.612501,-0.0032928751,-19.706251,0.0,0.014970387,8.043761,8.043751,29.994358,8.043751,21.284697,8.043765,8.1064415,19.706257,0.0
1.0062172,0.01692047,0.009226338,0.01692047,0.009226338,1.0062554,24.000565,19.650003,22.612505,1.0063215,-22.612501,-0.0029270002,-19.650002,0.009782509,0.014482552,8.043756,8.043756,29.957432,8.043751,21.232628,8.043764,8.1064415,19.650007,0.004374871
1.0061563,0.0149247255,0.0054940195,0.016738158,0.009359634,1.0061659,24.000565,19.612501,22.612505,1.0062575,-22.612501,-0.003323365,-19.612501,0.009782509,0.014269126,8.043753,8.043756,29.932848,8.043751,21.197927,8.043763,8.106434,19.612507,-0.004374871
1.0062172,0.016686205,0.009134189,0.014866436,0.005100483,1.0062554,23.97785,19.575003,22.575005,1.0063176,-22.575,-0.0026221042,-19.575,0.0061870017,0.014208146,8.081255,8.081251,29.879948,8.08125,21.177519,8.081263,8.143653,19.575006,-0.004374871
1.0060649,0.0143605955,0.0029879794,0.016816203,0.009245864,1.0060649,24.000565,19.66875,22.612505,1.0061674,-22.612501,-0.0029879794,-19.66875,0.008749742,0.0143605955,8.043751,8.043756,29.969734,8.043751,21.24998,8.043763,8.106423,19.668756,0.0
1.0060344,0.014633497,0.0052978783,0.01396423,0.0029879794,1.0060439,24.000565,19.743753,22.612505,1.0061313,-22.612501,-0.0029879794,-19.743752,0.004374871,0.01396423,8.043753,8.043751,30.019009,8.043751,21.31942,8.043763,8.10642,19.743757,0.004374871
1.0061563,0.016634312,0.009108353,0.016634312,0.009108353,1.0061944,23.947577,19.800003,22.556255,1.0062557,-22.556252,-0.0025306356,-19.800001,0.012374003,0.014147167,8.043756,8.043756,30.013739,8.043751,21.371523,8.043763,8.106434,19.800007,0.008749742
1.0061563,0.014238637,0.0034758127,0.016712174,0.009414842,1.0061563,23.924898,19.743752,22.518755,1.006257,-22.518751,-0.0034758127,-19.743752,0.008749742,0.014238637,8.08125,8.081255,29.948454,8.08125,21.333597,8.081263,8.143645,19.743757,0.0
1.0058514,0.014299616,0.003323365,0.016764158,0.009359634,1.0058514,23.948881,19.78125,22.537506,1.0059531,-22.5375,-0.003323365,-19.78125,0.015773822,0.014299616,8.1,8.100005,29.987278,8.1,21.375402,8.100013,8.162214,19.781256,-0.013124614
1.0062479,0.01504137,0.005263727,0.016842248,0.009226338,1.0062573,23.947577,19.931252,22.556255,1.0063508,-22.556252,-0.0029270002,-19.931252,0.008749742,0.014391084,8.043753,8.043756,30.100487,8.043751,21.49318,8.043764,8.106445,19.931257,0.0
1.0060649,0.014808168,0.0054573487,0.014147167,0.0032623855,1.0060744,23.8946,19.931252,22.500004,1.0061643,-22.5,-0.0032623855,-19.931252,0.008749742,0.014147167,8.043753,8.043751,30.058355,8.043751,21.49318,8.043763,8.106423,19.931257,0.008749742
1.0061867,0.014604404,0.005587555,0.014604404,0.005587555,1.0061963,23.883268,19.95,22.481255,1.0062833,-22.48125,-0.0034758127,-19.95,0.0061870017,0.013933741,8.062501,8.062501,30.056767,8.0625,21.517584,8.062512,8.125043,19.950006,-0.004374871
1.0060344,0.014086188,0.0028965105,0.014749921,0.0052468344,1.0060344,23.888294,19.931252,22.500004,1.006133,-22.5,-0.0028965105,-19.931252,0.004374871,0.014086188,8.025001,8.0250025,30.058355,8.025001,21.486168,8.025013,8.087814,19.931257,0.0
1.0062783,0.019522235,0.01337804,0.015099723,0.005084876,1.0063639,23.887135,19.856255,22.518755,1.006382,-22.518751,-0.0025916148,-19.85625,0.009782509,0.0144520635,7.9687614,7.968752,30.02274,7.9687505,21.3956,7.9687634,8.032035,19.856256,-0.008749742
1.0061563,0.014895579,0.0052468344,0.016712174,0.009216711,1.0061659,23.969307,19.875,22.612505,1.006257,-22.612501,-0.0028965105,-19.875,0.009782509,0.014238637,7.9500012,7.950005,30.105495,7.9500003,21.40603,7.950013,8.013417,19.875006,-0.004374871
1.0062172,0.016998827,0.009348851,0.015216492,0.00547563,1.0062554,24.016182,19.893753,22.668755,1.0063229,-22.66875,-0.0032928751,-19.893751,0.0061870017,0.014574022,7.931255,7.9312515,30.160131,7.93125,21.41649,7.9312634,7.9948235,19.893757,-0.004374871
1.0059124,0.014604404,0.005263727,0.016453179,0.009226338,1.005922,23.921503,19.9125,22.575005,1.006009,-22.575,-0.0029270002,-19.9125,0.008749742,0.013933741,7.912502,7.912505,30.10213,7.9125004,21.426977,7.912513,7.976185,19.912504,0.0
1.0060039,0.016686205,0.009207174,0.014866436,0.005230064,1.0060419,23.850737,19.781252,22.500004,1.0061041,-22.5,-0.002866021,-19.78125,0.0061870017,0.014208146,7.912505,7.912502,29.959103,7.9125004,21.30506,7.9125133,7.9761963,19.781256,-0.004374871
1.0064306,0.014299616,0.002866021,0.016764158,0.009207174,1.0064306,23.933006,19.7625,22.593754,1.0065323,-22.59375,-0.002866021,-19.7625,0.008749742,0.014299616,7.89375,7.893755,30.017227,7.89375,21.28069,7.893763,7.95765,19.762506,-0.0
1.0060953,0.014269126,0.0032928751,0.016738158,0.009348851,1.0060953,23.920664,19.81875,22.593754,1.0061965,-22.59375,-0.0032928751,-19.81875,0.009782509,0.014269126,7.8562503,7.856255,30.05429,7.8562503,21.319088,7.856263,7.92041,19.818756,-0.004374871
1.0059124,0.016479008,0.009255762,0.016479008,0.009255762,1.0059505,23.89761,19.725002,22.556255,1.0060093,-22.556252,-0.0030184689,-19.725,0.008749742,0.01396423,7.893755,7.893755,29.964314,7.89375,21.245869,7.8937626,7.9575844,19.725006,-0.0
1.0062783,0.01666025,0.009226338,0.01666025,0.009226338,1.0063163,23.845526,19.706253,22.481255,1.0063782,-22.48125,-0.0029270002,-19.706251,0.009782509,0.014177658,7.950005,7.950005,29.895535,7.9500003,21.249443,7.9500127,8.0134325,19.706257,0.004374871
1.0062783,0.014421573,0.002866021,0.016868306,0.009207174,1.0062783,23.82785,19.650002,22.462505,1.0063816,-22.462502,-0.002866021,-19.650002,0.009782509,0.014421573,7.9500003,7.950005,29.844372,7.9500003,21.197289,7.950013,8.0134325,19.650007,-0.004374871
1.0061867,0.014779042,0.0052807424,0.014779042,0.0052807424,1.0061963,23.822721,19.650002,22.443754,1.0062858,-22.44375,-0.0029574898,-19.650002,0.004374871,0.014116678,7.9875016,7.9875016,29.830261,7.9875,21.211382,7.9875126,8.050626,19.650007,0.0
1.0065222,0.014238637,0.0028965105,0.016712174,0.009216711,1.0065222,23.911066,19.650002,22.537504,1.0066229,-22.5375,-0.0028965105,-19.650002,0.012374003,0.014238637,7.9875,7.987505,29.900862,7.9875,21.211382,7.987513,8.050668,19.650007,0.008749742
1.0060953,0.014313801,0.0052807424,0.016195783,0.009236055,1.0061048,23.917337,19.7625,22.537504,1.0061876,-22.5375,-0.0029574898,-19.7625,0.008749742,0.013628845,8.006251,8.006255,29.974913,8.00625,21.322676,8.006262,8.069218,19.762505,0.0
1.0064613,0.014086188,0.0027745522,0.014749921,0.005180505,1.0064613,23.85298,19.800001,22.462505,1.0065597,-22.462502,-0.0027745522,-19.800001,0.004374871,0.014086188,8.025001,8.0250025,29.943346,8.025001,21.364471,8.025013,8.087868,19.800007,0.0
1.0061563,0.014513043,0.0029879794,0.016946575,0.009245864,1.0061563,23.942547,19.800001,22.537506,1.006261,-22.5375,-0.0029879794,-19.800001,0.008749742,0.014513043,8.08125,8.081255,29.999651,8.08125,21.385664,8.081264,8.143645,19.800007,0.0
1.0063697,0.01666025,0.009275828,0.0148372995,0.0053499998,1.0064077,23.948881,19.893753,22.537504,1.0064696,-22.5375,-0.0030794481,-19.893751,0.0061870017,0.014177658,8.100005,8.100002,30.061607,8.1,21.479557,8.100013,8.162278,19.893755,0.004374871
1.0061563,0.014421573,0.0027440628,0.014421573,0.0027440628,1.0061563,23.976618,19.95,22.593754,1.0062597,-22.59375,-0.0027440628,-19.95,0.008749742,0.014421573,8.025001,8.025001,30.141005,8.025001,21.503561,8.025014,8.08783,19.950006,0.008749742
1.0063392,0.0140252095,0.0027745522,0.016530713,0.009179113,1.0063392,23.981771,19.931252,22.612505,1.006437,-22.612501,-0.0027745522,-19.931252,0.009782509,0.0140252095,7.9875,7.987505,30.14266,7.9875,21.47219,7.9875126,8.050645,19.931257,0.004374871
1.0064002,0.015099723,0.0052134185,0.016894381,0.009197729,1.0064098,23.941284,19.875,22.556255,1.006504,-22.556252,-0.0028355315,-19.875,0.008749742,0.0144520635,8.0250025,8.025005,30.063269,8.025001,21.433998,8.025014,8.08786,19.875006,0.0
1.0064002,0.014208146,0.0029270002,0.014866436,0.005263727,1.0064002,24.006855,19.81875,22.612505,1.0065006,-22.612501,-0.0029270002,-19.81875,0.0061870017,0.014208146,8.0625,8.062501,30.06839,8.0625,21.395952,8.062512,8.125069,19.818756,0.004374871
1.0059428,0.014574022,0.0034148335,0.015216492,0.005549827,1.0059428,24.053568,19.81875,22.668755,1.0060484,-22.66875,-0.0034148335,-19.81875,0.009782509,0.014574022,8.043751,8.043753,30.110714,8.043751,21.388895,8.043764,8.106408,19.818756,-0.008749742
1.0067661,0.014488092,0.0053676073,0.014488092,0.0053676073,1.0067756,23.999453,19.7625,22.631256,1.0068609,-22.63125,-0.0031099378,-19.7625,0.004374871,0.013811781,7.9875016,7.9875016,30.045465,7.9875,21.315641,7.987512,8.050698,19.762505,-0.0
1.0063088,0.014513043,0.0027440628,0.016946575,0.009169944,1.0063088,23.98079,19.725,22.631256,1.0064135,-22.63125,-0.0027440628,-19.725,0.008749742,0.014513043,7.93125,7.931255,30.020811,7.93125,21.25983,7.9312634,7.994835,19.725006,-0.0
1.0062783,0.014269126,0.0031404274,0.0149247255,0.00538533,1.0062783,23.993217,19.6875,22.631256,1.0063794,-22.63125,-0.0031404274,-19.6875,0.0061870017,0.014269126,7.9687505,7.968752,29.996185,7.9687505,21.239082,7.9687634,8.032035,19.687506,0.004374871
1.0061258,0.016842248,0.009265751,0.01504137,0.005332508,1.0061638,23.952677,19.800003,22.575005,1.0062287,-22.575,-0.0030489585,-19.800001,0.0061870017,0.014391084,8.006255,8.006251,30.027832,8.00625,21.357435,8.006264,8.0692215,19.800007,0.004374871
1.0059733,0.014866436,0.00516424,0.014208146,0.0027440628,1.0059829,23.917337,19.800001,22.537504,1.0060737,-22.5375,-0.0027440628,-19.800001,0.004374871,0.014208146,8.006251,8.00625,29.999651,8.00625,21.357435,8.006263,8.069202,19.800007,0.004374871
1.0061563,0.01504137,0.0052978783,0.01504137,0.0052978783,1.0061659,23.905956,19.743753,22.518755,1.0062592,-22.518751,-0.0029879794,-19.743752,0.004374871,0.014391084,8.0250025,8.0250025,29.948454,8.025001,21.312353,8.025014,8.08783,19.743757,0.0
1.0060953,0.016764158,0.009265751,0.01495388,0.005332508,1.0061333,23.791452,19.725002,22.443754,1.0061969,-22.44375,-0.0030489585,-19.725,0.009782509,0.014299616,7.893755,7.893751,29.879719,7.89375,21.245869,7.893763,7.9576077,19.725006,0.008749742
1.0062479,0.014330105,0.0030794481,0.019432122,0.013481041,1.0062479,23.792503,19.66875,22.425005,1.0063498,-22.425001,-0.0030794481,-19.66875,0.015773822,0.014330105,7.9500003,7.950011,29.828518,7.9500003,21.214672,7.950013,8.013429,19.668756,0.008749742
1.0062479,0.01495388,0.0055125165,0.014299616,0.0033538546,1.0062573,23.785238,19.706251,22.443754,1.0063494,-22.44375,-0.0033538546,-19.706251,0.004374871,0.014299616,7.875002,7.8750005,29.867344,7.8750005,21.221498,7.8750134,7.9390283,19.706257,0.004374871
1.0062172,0.014808168,0.005439177,0.014147167,0.0032318959,1.0062268,23.767548,19.725002,22.425005,1.0063168,-22.425001,-0.0032318959,-19.725,0.004374871,0.014147167,7.875002,7.8750005,29.865637,7.8750005,21.238909,7.8750134,7.9390244,19.725006,-0.004374871
1.0059428,0.01660839,0.009370503,0.014116678,0.0033538546,1.005981,23.739492,19.687502,22.368755,1.0060419,-22.368752,-0.0033538546,-19.6875,0.008749742,0.014116678,7.950005,7.9500003,29.798637,7.9500003,21.232056,7.9500127,8.013391,19.687506,0.008749742
1.0063392,0.0149830375,0.005439177,0.016790172,0.009327547,1.0063487,23.77483,19.556252,22.406254,1.0064412,-22.40625,-0.0032318959,-19.556252,0.009782509,0.014330105,7.9500012,7.950005,29.740326,7.9500003,21.11041,7.950013,8.01344,19.556257,-0.004374871
1.0063088,0.01504137,0.0054031666,0.014391084,0.0031709168,1.0063183,23.839283,19.650002,22.481256,1.0064117,-22.48125,-0.0031709168,-19.650002,0.008749742,0.014391084,7.9312515,7.93125,29.858486,7.93125,21.190264,7.931263,7.994835,19.650007,0.008749742
1.0062479,0.0148372995,0.0054031666,0.0148372995,0.0054031666,1.0062573,23.773766,19.800001,22.425005,1.0063477,-22.425001,-0.0031709168,-19.800001,0.004374871,0.014177658,7.893751,7.893751,29.915226,7.89375,21.315517,7.893763,7.957627,19.800007,0.0
1.0067052,0.0149830375,0.005263727,0.016790172,0.009226338,1.0067146,23.86434,19.931252,22.481256,1.0068071,-22.48125,-0.0029270002,-19.931252,0.008749742,0.014330105,8.006251,8.006255,30.044325,8.00625,21.479172,8.006263,8.069294,19.931257,0.0
1.0064306,0.017051136,0.009255762,0.014635001,0.0030184689,1.0064688,23.792503,20.025003,22.425007,1.0065371,-22.425001,-0.0030184689,-20.025002,0.008749742,0.014635001,7.950005,7.9500003,30.06462,7.9500003,21.545376,7.9500136,8.013452,20.025007,0.008749742
1.0061563,0.014391084,0.0026830835,0.019477135,0.01339606,1.0061563,23.764715,20.081251,22.368757,1.0062592,-22.368752,-0.0026830835,-20.081251,0.0138345575,0.014391084,8.025001,8.025012,30.060234,8.025001,21.625385,8.025014,8.08783,20.081257,0.004374871
1.0062172,0.014604404,0.005549827,0.014604404,0.005549827,1.0062268,23.795044,20.081251,22.387505,1.0063138,-22.3875,-0.0034148335,-20.081251,0.004374871,0.013933741,8.062501,8.062501,30.074188,8.0625,21.63933,8.062512,8.125047,20.081257,0.0
1.0064002,0.014269126,0.0033843438,0.014269126,0.0033843438,1.0064002,23.905956,20.081251,22.518755,1.0065014,-22.518751,-0.0033843438,-20.081251,0.008749742,0.014269126,8.025001,8.025001,30.17202,8.025001,21.625385,8.025013,8.08786,20.081257,-0.008749742
1.0062172,0.01469598,0.0035063024,0.01469598,0.0035063024,1.0062172,23.880884,20.1,22.518755,1.0063246,-22.518751,-0.0035063024,-20.1,0.0,0.01469598,7.9500003,7.9500003,30.184502,7.9500003,21.615099,7.9500136,8.013425,20.100006,0.0
1.0062479,0.0149830375,0.005263727,0.014330105,0.0029270002,1.0062573,23.87465,20.025002,22.518755,1.0063498,-22.518751,-0.0029270002,-20.025002,0.008749742,0.014330105,7.9312515,7.93125,30.134613,7.93125,21.538464,7.931263,7.9948273,20.025005,0.008749742
1.0060039,0.015012202,0.0053499998,0.016816203,0.009275828,1.0060133,23.91625,19.987503,22.556255,1.0061063,-22.556252,-0.0030794481,-19.987501,0.012374003,0.0143605955,7.9500012,7.950005,30.137762,7.9500003,21.510527,7.950013,8.013398,19.987507,0.008749742
1.0064306,0.019658046,0.013427424,0.0152749065,0.0052134185,1.0065162,23.933006,19.931255,22.593754,1.0065371,-22.59375,-0.0028355315,-19.931252,0.009782509,0.014635001,7.893761,7.893751,30.128595,7.89375,21.437492,7.8937635,7.95765,19.931257,0.008749742
1.0056685,0.015128907,0.0051968987,0.019544816,0.013421019,1.005678,23.963095,19.837502,22.612505,1.0057728,-22.612501,-0.0028050418,-19.837502,0.018561007,0.014482552,7.9312515,7.931261,30.080753,7.93125,21.36425,7.9312634,7.9947543,19.837507,0.013124614
1.0062479,0.01692047,0.009426141,0.015128907,0.005606572,1.0062859,23.992296,19.875002,22.650007,1.0063521,-22.650002,-0.0035063024,-19.875,0.009782509,0.014482552,7.912505,7.912502,30.133673,7.9125004,21.392132,7.9125137,7.976227,19.875006,0.008749742
1.0061563,0.014895579,0.0054573487,0.022560379,0.017800985,1.0061659,23.915308,19.875,22.575005,1.006257,-22.575,-0.0032623855,-19.875,0.018038055,0.014238637,7.893751,7.8937693,30.077337,7.89375,21.385202,7.893763,7.9576154,19.875006,0.004374871
1.0063392,0.015099723,0.005332508,0.0144520635,0.0030489585,1.0063487,23.87465,19.875,22.518755,1.006443,-22.518751,-0.0030489585,-19.875,0.004374871,0.0144520635,7.9312515,7.93125,30.035141,7.93125,21.399073,7.9312634,7.9948387,19.875006,0.004374871
1.0060344,0.0144520635,0.0031404274,0.015099723,0.00538533,1.0060344,23.834112,19.85625,22.462505,1.0061381,-22.462502,-0.0031404274,-19.85625,0.004374871,0.0144520635,7.9687505,7.968752,29.980572,7.9687505,21.3956,7.9687634,8.032004,19.856256,0.0
1.0061258,0.015187291,0.005315134,0.015187291,0.005315134,1.0061353,23.82785,19.875,22.462505,1.006231,-22.462502,-0.0030184689,-19.875,0.0061870017,0.014543531,7.9500012,7.9500012,29.992992,7.9500003,21.40603,7.9500136,8.013413,19.875006,-0.004374871
1.0061258,0.014895579,0.0053676073,0.019364769,0.013488039,1.0061353,23.946415,19.81875,22.575005,1.0062265,-22.575,-0.0031099378,-19.81875,0.018561007,0.014238637,7.9875016,7.987511,30.040197,7.9875,21.367804,7.987513,8.050618,19.818756,0.013124614
1.0059124,0.016868306,0.009245864,0.015070543,0.0052978783,1.0059505,23.941284,19.762503,22.556255,1.0060158,-22.556252,-0.0029879794,-19.7625,0.0061870017,0.014421573,8.025005,8.0250025,29.989014,8.025001,21.329723,8.025014,8.087799,19.762506,-0.004374871
1.0058514,0.014177658,0.0027440628,0.014177658,0.0027440628,1.0058514,23.947577,19.800001,22.556255,1.0059513,-22.556252,-0.0027440628,-19.800001,0.0,0.014177658,8.043751,8.043751,30.013739,8.043751,21.371523,8.043763,8.106397,19.800007,0.0
