Bpressure,deviceId,Ay,Ax,Gy,Gx,activity,My,Mx,Az,counter,Gz,Lilluminance,timestamp,Mz
,5a287c6d3ffda73f,0.2332763522863388,0.1112060546875,,,1,,,0.94049072265625,3,,,2023-06-19 19:00:29,
,5a287c6d3ffda73f,0.08978271484375,0.10333251953125,-0.20999009907245636,-0.34328120946884155,1,26.766799926757812,8.332599639892578,1.0306396484375,4,0.01837579719722271,225,2023-06-19 19:00:29,-27.20599937438965
931.0174560546875,5a287c6d3ffda73f,0.1104736328125,0.12646484375,0.3334275186061859,-0.05712476372718811,1,28.047800064086914,9.46720027923584,0.96075439453125,0,0.30546435713768005,,2023-06-19 19:00:30,-26.205598831176758
931.021240234375,5a287c6d3ffda73f,0.0238037109375,0.2047729641199112,-0.16604797542095184,-0.09254477918148041,1,29.194599151611328,10.784799575805664,1.058837890625,1,0.02157158963382244,108,2023-06-19 19:00:30,-24.985599517822266
931.0062255859375,5a287c6d3ffda73f,0.06158447265625,0.14691162109375,-0.6538055539131165,0.2954775094985962,1,29.914400100708008,12.029199600219727,0.92974853515625,2,0.06657897680997849,114,2023-06-19 19:00:30,-23.765600204467773
930.9912109375,5a287c6d3ffda73f,0.1368408203125,0.39349365234375,0.08415582776069641,-0.7118624448776245,1,25.070999145507812,9.320799827575684,0.87353515625,3,-1.2286484241485596,164,2023-06-19 19:00:30,-26.85219955444336
,5a287c6d3ffda73f,0.0894775390625,0.4343262016773224,,,1,25.74199867248535,9.44279956817627,0.8770141005516052,4,,268,2023-06-19 19:00:30,-25.77859878540039
932.0924682617188,5a287c6d3ffda73f,0.4874267578125,-0.45623779296875,-0.47910231351852417,-0.14567480981349945,1,-28.51140022277832,-14.090999603271484,0.866943359375,0,0.21398483216762543,6620,2023-06-12 18:26:28,-26.766799926757812
932.2762451171875,5a287c6d3ffda73f,0.6348876953125,-0.47772216796875,0.5439502596855164,-0.6106624007225037,1,-21.996599197387695,-16.409000396728516,0.612060546875,1,1.1448920965194702,3082,2023-06-12 18:26:28,-28.962799072265625
932.28125,5a287c6d3ffda73f,0.0836181640625,0.2297973781824112,0.001464737462811172,0.792689323425293,1,-19.15399932861328,-17.421600341796875,1.165283203125,0,0.13315795361995697,2290,2023-06-12 18:26:29,-29.633798599243164
932.29248046875,5a287c6d3ffda73f,0.0728759765625,-0.06463623046875,-0.662061333656311,0.7599324584007263,1,-16.95800018310547,-18.53179931640625,0.9074707627296448,1,0.8804404139518738,743,2023-06-12 18:26:29,-29.597198486328125
932.2787475585938,5a287c6d3ffda73f,0.2354736179113388,0.0520629845559597,-0.22783325612545013,0.5400886535644531,1,-15.615999221801758,-19.86159896850586,1.284423828125,2,-0.10732531547546387,574,2023-06-12 18:26:29,-28.950599670410156
932.29248046875,5a287c6d3ffda73f,0.3892822265625,-0.17840576171875,-0.05779055133461952,0.27244117856025696,1,-14.993800163269043,-21.642799377441406,0.927978515625,3,-0.6937529444694519,518,2023-06-12 18:26:29,-27.7549991607666
932.2737426757812,5a287c6d3ffda73f,0.2320556640625,0.14288330078125,0.7643266916275024,-0.40573230385780334,1,-13.505399703979492,-23.22879981994629,0.713623046875,0,0.3873564898967743,537,2023-06-12 18:26:30,-27.43779945373535
932.2974853515625,5a287c6d3ffda73f,0.5269775390625,-0.14715576171875,-0.05752423778176308,0.30466538667678833,1,-12.22439956665039,-24.424400329589844,0.8923339247703552,1,0.8314382433891296,1069,2023-06-12 18:26:30,-27.267000198364258
932.2412109375,5a287c6d3ffda73f,0.4176025390625,-0.19403076171875,0.014514217153191566,0.04034686088562012,1,-12.60260009765625,-25.351598739624023,0.9982909560203552,2,0.4528702199459076,2713,2023-06-12 18:26:30,-26.376399993896484
932.2487182617188,5a287c6d3ffda73f,0.5533447265625,0.15264892578125,0.027297381311655045,-0.32517173886299133,1,-12.639200210571289,-26.327598571777344,0.945068359375,3,-0.4546012580394745,3965,2023-06-12 18:26:30,-25.77859878540039
932.2037353515625,5a287c6d3ffda73f,0.3824462890625,0.07550048828125,-1.416800618171692,-0.4289017617702484,1,-13.285799980163574,-26.705799102783203,0.707275390625,4,-0.4697812795639038,8628,2023-06-12 18:26:30,-25.473600387573242
932.32373046875,5a287c6d3ffda73f,0.3443603515625,-0.00897216796875,-0.4954807460308075,0.5865607857704163,1,12.9197998046875,-8.210599899291992,1.264404296875,0,-0.25486433506011963,8069,2023-06-12 18:29:05,-34.5260009765625
932.3187255859375,5a287c6d3ffda73f,0.3331298828125,-0.34832763671875,0.42903491854667664,-0.702940821647644,1,11.711999893188477,-9.61359977722168,0.873291015625,1,-0.0366184376180172,8083,2023-06-12 18:29:05,-34.367401123046875
932.8837280273438,5a287c6d3ffda73f,0.3975830078125,0.12579345703125,0.32104381918907166,0.0492684431374073,1,-10.809199333190918,29.74359893798828,1.160888671875,0,0.13022847473621368,849,2023-06-12 18:34:32,-27.15719985961914
933.0675048828125,5a287c6d3ffda73f,0.5845947265625,-0.02947997860610485,0.4338286221027374,0.30772802233695984,1,-11.724200248718262,28.364999771118164,0.8176270127296448,1,0.31265488266944885,673,2023-06-12 18:34:32,-27.376798629760742
933.1537475585938,5a287c6d3ffda73f,0.7486572265625,-0.2247924655675888,0.2781669795513153,0.09414267539978027,1,-12.809999465942383,28.645599365234375,0.829345703125,0,0.5820333957672119,446,2023-06-12 18:34:33,-26.010398864746094
933.2274780273438,5a287c6d3ffda73f,0.4932861030101776,-0.21307373046875,0.013715269044041634,-0.21851220726966858,1,-13.822599411010742,28.608999252319336,0.579833984375,1,0.378301739692688,474,2023-06-12 18:34:33,-25.656599044799805
933.302490234375,5a287c6d3ffda73f,0.7115478515625,-0.29705810546875,-0.08309056609869003,-0.008655266836285591,1,-14.713199615478516,28.401599884033203,0.676025390625,2,0.16804534196853638,682,2023-06-12 18:34:33,-25.754199981689453
933.3775024414062,5a287c6d3ffda73f,0.5264892578125,0.09942626953125,0.5407544374465942,-0.1332911103963852,1,-16.20159912109375,28.267398834228516,0.647705078125,3,0.5209138989448547,1145,2023-06-12 18:34:33,-26.071399688720703
933.407470703125,5a287c6d3ffda73f,0.6046142578125,-0.2042846828699112,0.6119939684867859,0.17190691828727722,1,-14.310599327087402,27.937999725341797,1.025146484375,0,0.8435556292533875,1529,2023-06-12 18:34:34,-16.88479995727539
933.4299926757812,5a287c6d3ffda73f,0.4400634765625,-0.17791748046875,0.2054627239704132,0.19481009244918823,1,-17.189800262451172,27.340200424194336,0.758544921875,1,0.6933534741401672,1560,2023-06-12 18:34:34,-16.274799346923828
933.4624633789062,5a287c6d3ffda73f,0.5460205078125,0.01641845703125,0.1375521719455719,-0.051265813410282135,1,-19.81279945373535,26.400798797607422,0.850830078125,2,0.3175817131996155,1488,2023-06-12 18:34:34,-15.872200012207031
933.4537353515625,5a287c6d3ffda73f,0.4888916015625,0.14141845703125,0.1213068962097168,0.06085318699479103,1,-24.76599884033203,24.570798873901367,0.948974609375,3,-0.0022636852227151394,1290,2023-06-12 18:34:34,-23.765600204467773
933.4974975585938,5a287c6d3ffda73f,0.5592041015625,-0.12664794921875,0.27297380566596985,-0.279764860868454,1,-28.633399963378906,23.60700035095215,0.764404296875,4,0.41944757103919983,1013,2023-06-12 18:34:34,-22.277198791503906
933.4937133789062,5a287c6d3ffda73f,0.7100830078125,-0.16619873046875,0.6182523965835571,0.2438122183084488,1,-31.14659881591797,22.338199615478516,0.856201171875,0,1.2953605651855469,394,2023-06-12 18:34:35,-20.642398834228516
933.4912109375,5a287c6d3ffda73f,0.3262939453125,-0.14813232421875,0.10373004525899887,-0.1993374526500702,1,-33.41579818725586,20.593599319458008,0.681396484375,1,0.29707539081573486,230,2023-06-12 18:34:35,-19.105199813842773
933.5037231445312,5a287c6d3ffda73f,0.6724853515625,0.09844970703125,0.0751010850071907,-0.14327795803546906,1,-34.830997467041016,19.117399215698242,1.050537109375,2,-0.42304283380508423,193,2023-06-12 18:34:35,-17.87299919128418
933.4849853515625,5a287c6d3ffda73f,0.4727783203125,0.18194580078125,0.11864373832941055,-0.12104058265686035,1,-35.42879867553711,18.49519920349121,0.703857421875,3,0.14820480346679688,252,2023-06-12 18:34:35,-16.677400588989258
933.47998046875,5a287c6d3ffda73f,0.5904541015625,-0.12371826171875,0.37883439660072327,-0.02090579830110073,1,-36.30719757080078,16.92140007019043,0.9919432997703552,0,0.6623276472091675,421,2023-06-12 18:34:36,-14.335000038146973
933.46875,5a287c6d3ffda73f,0.5567626953125,-0.30633544921875,0.08615319430828094,0.13622058928012848,1,-37.05139923095703,15.066999435424805,0.573486328125,1,0.5597960352897644,908,2023-06-12 18:34:36,-13.200399398803711
933.4724731445312,5a287c6d3ffda73f,0.5924072265625,0.03643798828125,-0.12716585397720337,-0.15459638833999634,1,-37.67359924316406,13.114999771118164,0.699951171875,2,0.14101427793502808,1989,2023-06-12 18:34:36,-12.297599792480469
933.4662475585938,5a287c6d3ffda73f,0.2750244140625,0.21417236328125,0.2552638053894043,0.05952160432934761,1,-37.56380081176758,12.248799324035645,1.527587890625,3,-0.2078595608472824,2249,2023-06-12 18:34:36,-11.894999504089355
933.46875,5a287c6d3ffda73f,0.5269775390625,-0.05780029296875,-0.11837742477655411,0.05632581561803818,1,-37.19779968261719,12.11460018157959,0.604248046875,0,0.2155827283859253,1705,2023-06-12 18:34:37,-11.467999458312988
,5a287c6d3ffda73f,0.60205078125,-0.3912353515625,-1.2821779251098633,-0.8958867192268372,5,5.355799674987793,26.91320037841797,0.87286376953125,0,-0.878043532371521,80,2023-06-12 19:05:24,-25.937198638916016
932.3262329101562,5a287c6d3ffda73f,0.251708984375,-0.14715576171875,-1.5440996885299683,-0.17909744381904602,5,9.942999839782715,22.704198837280273,0.9946900010108948,1,-1.5069485902786255,73,2023-06-12 19:05:24,-28.279600143432617
931.938720703125,5a287c6d3ffda73f,0.2229614108800888,-0.13055419921875,-1.1286468505859375,-0.14847111701965332,5,15.835599899291992,17.88520050048828,0.8937987685203552,2,-0.8358324766159058,44,2023-06-12 19:05:24,-25.095399856567383
931.69873046875,5a287c6d3ffda73f,0.134521484375,0.0635986328125,-0.4054659605026245,-0.22130851447582245,5,17.994998931884766,12.285399436950684,1.18695068359375,3,-0.9139962196350098,31,2023-06-12 19:05:24,-26.083599090576172
931.4599609375,5a287c6d3ffda73f,0.1600341796875,0.159912109375,-0.2605901062488556,0.0007989477599039674,5,19.239398956298828,7.795799732208252,0.67596435546875,0,-0.46631917357444763,28,2023-06-12 19:05:25,-26.595998764038086
931.282470703125,5a287c6d3ffda73f,0.1005859375,0.08349609375,-0.5448823571205139,0.0025300011038780212,5,19.910400390625,4.550600051879883,0.66705322265625,1,0.2287653684616089,24,2023-06-12 19:05:25,-26.998600006103516
931.2049560546875,5a287c6d3ffda73f,0.3280029296875,0.3162841796875,0.32676962018013,-0.28455856442451477,5,20.5447998046875,1.9397999048233032,1.42578125,2,-0.6321008205413818,20,2023-06-12 19:05:25,-27.16939926147461
931.106201171875,5a287c6d3ffda73f,0.2313232421875,0.045654296875,-0.21158799529075623,0.6856303215026855,5,20.349599838256836,-0.3903999924659729,0.7327880859375,3,-0.5451486706733704,18,2023-06-12 19:05:25,-27.376798629760742
,5a287c6d3ffda73f,0.14556884765625,0.314208984375,,,5,,,0.7574462890625,4,,,2023-06-12 19:05:25,
,5a287c6d3ffda73f,0.4447632133960724,0.1302490234375,,,5,-32.13479995727539,6.3317999839782715,0.68853759765625,0,,105,2023-06-12 19:05:58,-5.502200126647949
931.5599975585938,5a287c6d3ffda73f,0.69940185546875,-0.17645263671875,0.0003994738799519837,0.06058686971664429,5,-31.573598861694336,5.941400051116943,1.0521240234375,1,-0.17670060694217682,70,2023-06-12 19:05:58,-4.916599750518799
931.6950073242188,5a287c6d3ffda73f,0.51531982421875,-0.123779296875,0.48868969082832336,-0.0492684431374073,5,-31.51259994506836,4.672599792480469,0.73419189453125,2,0.3404848873615265,48,2023-06-12 19:05:58,-3.9528000354766846
931.8224487304688,5a287c6d3ffda73f,0.58624267578125,-0.02990722842514515,-0.5776392221450806,0.16231954097747803,5,-31.622400283813477,3.6355998516082764,0.688232421875,3,0.3767038583755493,33,2023-06-12 19:05:58,-4.306600093841553
931.91748046875,5a287c6d3ffda73f,0.4986571967601776,0.2041626125574112,-0.04114580899477005,-0.8757798671722412,5,-31.841999053955078,3.5989999771118164,0.98663330078125,0,-0.2215748429298401,21,2023-06-12 19:05:59,-5.343599796295166
931.981201171875,5a287c6d3ffda73f,0.340576171875,-0.066650390625,-0.5625923871994019,-0.03621896356344223,5,-31.744400024414062,2.464400053024292,0.4912109375,1,-0.22556957602500916,11,2023-06-12 19:05:59,-6.6367998123168945
932.0700073242188,5a287c6d3ffda73f,0.2904052734375,0.3603515625,-1.819070816040039,-0.8375635147094727,5,-32.07379913330078,2.866999864578247,0.94927978515625,2,1.3664668798446655,9,2023-06-12 19:05:59,-3.6599998474121094
932.0924682617188,5a287c6d3ffda73f,0.24151611328125,0.6219482421875,-0.9932252168655396,0.5230444669723511,5,-34.55039978027344,0.8905999660491943,0.81201171875,3,1.3177311420440674,91,2023-06-12 19:05:59,-9.186599731445312
932.1300048828125,5a287c6d3ffda73f,0.03887939453125,1.03570556640625,-0.523577094078064,-0.4864259958267212,5,-33.44020080566406,-2.64739990234375,0.7679443359375,4,-0.20732693374156952,164,2023-06-12 19:05:59,-10.333399772644043
932.137451171875,5a287c6d3ffda73f,0.0590820275247097,0.67822265625,1.1472889184951782,-0.9663273096084595,5,-32.51300048828125,-5.062999725341797,0.71697998046875,0,-0.49814391136169434,,2023-06-12 19:06:00,-12.212200164794922
932.1925048828125,5a287c6d3ffda73f,0.16058349609375,0.28900146484375,1.473525881767273,0.8105324506759644,5,-31.768798828125,-5.916999816894531,0.801025390625,1,-0.923849880695343,196,2023-06-12 19:06:00,-14.578999519348145
932.16748046875,5a287c6d3ffda73f,0.16253662109375,0.3931884765625,1.1968237161636353,-0.14128059148788452,5,-30.80500030517578,-7.856800079345703,0.9790648818016052,2,0.29534435272216797,168,2023-06-12 19:06:00,-17.921798706054688
932.2012329101562,5a287c6d3ffda73f,0.21661376953125,0.13299560546875,-0.27190855145454407,-0.31678277254104614,5,-29.8533992767334,-7.258999824523926,0.559326171875,3,-0.8993488550186157,231,2023-06-12 19:06:00,-20.16659927368164
932.26123046875,5a287c6d3ffda73f,0.28143310546875,-0.04522705078125,1.2535489797592163,0.5327649712562561,5,-27.19379997253418,-6.02679967880249,1.28863525390625,4,0.6765755414962769,256,2023-06-12 19:06:00,-14.932799339294434
932.2212524414062,5a287c6d3ffda73f,0.31964111328125,0.04876708984375,-0.31917962431907654,0.17563533782958984,5,-28.1697998046875,-2.305799961090088,0.65673828125,0,-0.02516685426235199,271,2023-06-12 19:06:01,-15.481800079345703
932.2862548828125,5a287c6d3ffda73f,0.4857177734375,-0.0687255859375,0.22570273280143738,0.1339569091796875,5,-29.231199264526367,2.781599998474121,0.79180908203125,1,-0.4822981059551239,309,2023-06-12 19:06:01,-15.994199752807617
932.2862548828125,5a287c6d3ffda73f,0.5797119140625,-0.15484619140625,0.5306344628334045,-0.19680745899677277,5,-30.109600067138672,7.283400058746338,1.46661376953125,2,0.03968106955289841,334,2023-06-12 19:06:01,-15.408599853515625
932.293701171875,5a287c6d3ffda73f,0.38665771484375,-0.1353759765625,-0.23222747445106506,0.6091976165771484,5,-30.4877986907959,10.565199851989746,0.5347900390625,3,0.029028434306383133,343,2023-06-12 19:06:01,-14.603399276733398
932.25,5a287c6d3ffda73f,0.3370361328125,0.1339111328125,-0.643818736076355,-0.7090660929679871,5,-30.43899917602539,12.980799674987793,1.3265380859375,4,-0.4696480929851532,333,2023-06-12 19:06:01,-14.017799377441406
932.2662353515625,5a287c6d3ffda73f,0.41180419921875,-0.1083984449505806,0.014514217153191566,0.6336987018585205,5,-30.743999481201172,15.237799644470215,0.71484375,0,-0.5567334294319153,300,2023-06-12 19:06:02,-12.773399353027344
,5a287c6d3ffda73f,0.4816894829273224,-0.17205810546875,0.5147886276245117,-0.14993585646152496,5,,,1.07958984375,1,0.023568958044052124,272,2023-06-12 19:06:02,
,5a287c6d3ffda73f,0.57696533203125,-0.5179443359375,-0.5958818197250366,-0.13981585204601288,1,-27.974599838256836,19.715200424194336,0.639892578125,0,0.13076111674308777,193,2023-06-12 19:06:06,-0.7197999954223633
932.2274780273438,5a287c6d3ffda73f,0.51104736328125,-0.4544067084789276,-0.5189165472984314,-0.9665936231613159,1,-28.328399658203125,19.373600006103516,0.737548828125,1,-0.036485280841588974,,2023-06-12 19:06:06,-2.61080002784729
932.21875,5a287c6d3ffda73f,0.5765380859375,-0.4349365234375,-1.2845747470855713,-1.0066741704940796,1,-27.571998596191406,19.2637996673584,0.7176513671875,2,-0.1525990217924118,192,2023-06-12 19:06:06,-5.441199779510498
932.3037109375,5a287c6d3ffda73f,0.29119873046875,-0.4986571967601776,0.90427565574646,-1.0656630992889404,1,-26.4739990234375,17.750999450683594,0.927734375,3,2.049034595489502,201,2023-06-12 19:06:06,-8.344799995422363
932.324951171875,5a287c6d3ffda73f,-0.03015136905014515,-0.21038818359375,-0.2035985141992569,1.1326415538787842,1,-24.387800216674805,14.822999954223633,1.053466796875,4,1.0901641845703125,291,2023-06-12 19:06:06,-10.613999366760254
932.32373046875,5a287c6d3ffda73f,0.1678466796875,-0.29931640625,0.1452753245830536,0.6411555409431458,1,-23.802200317382812,12.22439956665039,0.9324340224266052,0,1.7527581453323364,277,2023-06-12 19:06:07,-10.882399559020996
932.2787475585938,5a287c6d3ffda73f,0.33642578125,-0.2220458984375,0.1687111258506775,0.14314480125904083,1,-19.141799926757812,9.515999794006348,0.9075927734375,1,1.6168038845062256,229,2023-06-12 19:06:07,-10.504199981689453
932.2249755859375,5a287c6d3ffda73f,0.2396240383386612,-0.156494140625,-1.1689937114715576,-2.5770058631896973,1,-20.50819969177246,6.4903998374938965,0.405517578125,2,2.5845959186553955,316,2023-06-12 19:06:07,-9.760000228881836
932.2324829101562,5a287c6d3ffda73f,-0.4697876274585724,0.9476318359375,-0.6832334399223328,-1.978327751159668,1,-19.105199813842773,-0.25619998574256897,0.77081298828125,3,-0.4304996728897095,497,2023-06-12 19:06:07,-11.809599876403809
932.239990234375,5a287c6d3ffda73f,-0.20806884765625,0.9136962294578552,1.3025511503219604,0.8741819858551025,1,-18.739200592041016,-6.831999778747559,1.37652587890625,4,-0.5494097471237183,652,2023-06-12 19:06:07,-9.735599517822266
932.3200073242188,5a287c6d3ffda73f,-0.3876953125,0.59356689453125,0.5269060134887695,3.24039888381958,1,-18.336599349975586,-12.541600227355957,1.41851806640625,0,0.08562056720256805,1052,2023-06-12 19:06:08,-9.760000228881836
932.302490234375,5a287c6d3ffda73f,0.0189208984375,0.14483642578125,0.09334372729063034,0.6747113466262817,1,-17.51919937133789,-17.043399810791016,0.6549072265625,1,-0.5275717973709106,690,2023-06-12 19:06:08,-10.516399383544922
932.2862548828125,5a287c6d3ffda73f,0.3001708984375,0.1475830078125,0.926379919052124,-0.8949546217918396,1,-18.81239891052246,-20.813199996948242,0.573486328125,2,0.1837579756975174,575,2023-06-12 19:06:08,-9.162199974060059
932.32373046875,5a287c6d3ffda73f,0.62054443359375,0.2080077975988388,-0.3760380744934082,0.34274858236312866,1,-20.044599533081055,-23.716798782348633,0.93914794921875,3,-0.11851058155298233,897,2023-06-12 19:06:08,-9.27199935913086
932.3349609375,5a287c6d3ffda73f,0.3948974609375,-0.00830078125,0.8402267098426819,-0.02197106182575226,1,-21.118200302124023,-26.095800399780273,0.7484130859375,4,-0.09534109383821487,962,2023-06-12 19:06:08,-9.552599906921387
932.3499755859375,5a287c6d3ffda73f,0.6220703125,-0.1884765625,0.4961465299129486,-0.5153213143348694,1,-22.716400146484375,-26.18120002746582,0.87835693359375,0,0.6768419146537781,1113,2023-06-12 19:06:09,-10.516399383544922
932.3200073242188,5a287c6d3ffda73f,0.29998779296875,-0.11328125,0.24221432209014893,0.28908592462539673,1,-25.11979866027832,-25.375999450683594,1.09954833984375,1,1.0855036973953247,1355,2023-06-12 19:06:09,-12.57819938659668
,5a287c6d3ffda73f,0.3692626953125,-0.049560546875,,,1,,,0.7381591796875,2,,1373,2023-06-12 19:06:09,
,5a287c6d3ffda73f,0.5079345703125,-0.05792236328125,,,1,,,0.8318480849266052,0,,,2023-06-12 19:10:48,
,5a287c6d3ffda73f,0.4354248046875,-0.14605712890625,-0.342349112033844,0.062317922711372375,1,-17.848600387573242,-3.8185999393463135,1.0760498046875,1,0.17989639937877655,614,2023-06-12 19:10:48,-21.789199829101562
933.1962280273438,5a287c6d3ffda73f,0.31768798828125,0.06805419921875,-0.8583361506462097,-0.16484954953193665,1,-17.27519989013672,-7.307799816131592,0.801025390625,2,0.21891167759895325,485,2023-06-12 19:10:48,-21.14259910583496
933.1699829101562,5a287c6d3ffda73f,0.4464111030101776,0.13458251953125,-0.3043990731239319,-0.06617950648069382,1,-17.21419906616211,-10.089399337768555,0.852294921875,3,-0.1873532384634018,,2023-06-12 19:10:48,-20.935199737548828
,5a287c6d3ffda73f,0.4517822563648224,0.27471923828125,,,1,,,0.813232421875,4,,376,2023-06-12 19:10:48,
933.2224731445312,5a287c6d3ffda73f,0.4698486328125,0.23760986328125,-0.3055975139141083,-0.15539532899856567,1,-18.763599395751953,-11.919400215148926,1.113037109375,5,-0.5109270811080933,269,2023-06-12 19:10:48,-20.288599014282227
,5a287c6d3ffda73f,0.6148681640625,0.23956298828125,,,1,,,0.640380859375,0,,,2023-06-12 19:10:49,
933.19873046875,5a287c6d3ffda73f,0.4908446967601776,-0.1188354566693306,-0.37204334139823914,0.49934232234954834,1,-22.899398803710938,-14.920599937438965,0.792724609375,1,-0.24341274797916412,220,2023-06-12 19:10:49,-23.118999481201172
933.1937255859375,5a287c6d3ffda73f,0.2554931640625,0.09893798828125,0.21771325170993805,0.327968031167984,1,,,0.588623046875,2,0.4046670198440552,,2023-06-12 19:10:49,
,5a287c6d3ffda73f,0.3463134765625,0.17950439453125,,,1,-24.619600296020508,-14.883999824523926,0.733642578125,3,,185,2023-06-12 19:10:49,-22.47239875793457
933.1925048828125,5a287c6d3ffda73f,0.1881103515625,-0.00018310546875,1.4335784912109375,-0.7580682635307312,1,-30.06079864501953,-17.433799743652344,1.7819825410842896,4,0.997086763381958,240,2023-06-12 19:10:49,-22.606599807739258
,5a287c6d3ffda73f,0.3956298828125,0.00616455078125,,,1,,,0.802001953125,5,,,2023-06-12 19:10:49,
933.1962280273438,5a287c6d3ffda73f,0.3033447265625,0.09796142578125,0.35473278164863586,0.2222406268119812,1,-28.82859992980957,-17.7997989654541,0.9001465439796448,6,0.9740504622459412,207,2023-06-12 19:10:49,-22.618799209594727
,5a287c6d3ffda73f,0.5172119140625,-0.02166748046875,,,1,,,0.767822265625,7,,,2023-06-12 19:10:49,
933.1824951171875,5a287c6d3ffda73f,0.5938720703125,0.27569580078125,-0.5547360181808472,0.7629950642585754,1,-26.656999588012695,-18.88559913635254,0.857177734375,8,0.2041311413049698,154,2023-06-12 19:10:49,-31.82979965209961
,5a287c6d3ffda73f,0.2877197265625,0.29962158203125,,,1,,,1.314697265625,0,,,2023-06-12 19:10:50,
,5a287c6d3ffda73f,0.2081298679113388,-0.34735107421875,-0.5519397258758545,-0.1165132075548172,5,8.210599899291992,38.25920104980469,1.367431640625,0,-1.0592715740203857,75,2023-06-14 18:10:06,-24.26580047607422
938.5299682617188,5a287c6d3ffda73f,0.1964111328125,-0.14276123046875,-0.07057371735572815,-1.1096051931381226,5,11.699799537658691,37.30759811401367,1.052001953125,1,0.5898897647857666,83,2023-06-14 18:10:06,-23.911998748779297
937.94873046875,5a287c6d3ffda73f,0.1558837890625,-0.29656982421875,-1.6848475933074951,1.125317931175232,5,10.882399559020996,35.55080032348633,1.214111328125,0,0.35886070132255554,59,2023-06-14 18:10:07,-25.87619972229004
937.5025024414062,5a287c6d3ffda73f,0.0811767578125,0.36505126953125,-1.8955035209655762,-2.130793571472168,5,12.09019947052002,28.45039939880371,1.393798828125,1,0.0492684431374073,72,2023-06-14 18:10:07,-25.24180030822754
937.1499633789062,5a287c6d3ffda73f,-0.1966552734375,0.39483642578125,-1.103346824645996,-4.436024188995361,5,19.50779914855957,18.446399688720703,0.486572265625,2,1.628654956817627,27,2023-06-14 18:10:07,-22.50899887084961
936.8087158203125,5a287c6d3ffda73f,-1.9691162109375,0.9299926161766052,1.1817768812179565,-0.5286371111869812,5,21.5939998626709,15.420799255371094,0.301025390625,3,-0.7310371994972229,15,2023-06-14 18:10:07,-18.90999984741211
,5a287c6d3ffda73f,-0.5189208984375,0.44610595703125,,,5,,,0.587158203125,0,,,2023-06-14 18:10:08,
,5a287c6d3ffda73f,0.6246337890625,-0.11114501953125,-0.3806985914707184,0.5085302591323853,5,-36.904998779296875,6.148799896240234,1.0244140625,0,-0.01651158556342125,11,2023-06-14 18:10:45,-6.563600063323975
937.0700073242188,5a287c6d3ffda73f,0.436279296875,-0.04229736328125,0.5093291997909546,-0.39188385009765625,5,-38.283599853515625,5.70959997177124,0.57781982421875,1,0.18162745237350464,12,2023-06-14 18:10:45,-5.868199825286865
937.28125,5a287c6d3ffda73f,0.5809326171875,0.0118408203125,-0.04953476041555405,-0.21997694671154022,5,-37.86880111694336,5.831599712371826,1.03668212890625,2,-0.5289034247398376,13,2023-06-14 18:10:45,-6.502599716186523
937.3637084960938,5a287c6d3ffda73f,0.40753173828125,0.0504150390625,-0.17803218960762024,0.09267793595790863,5,-37.11240005493164,6.5269999504089355,0.81219482421875,3,-0.5089297294616699,14,2023-06-14 18:10:45,-6.880799770355225
937.4312133789062,5a287c6d3ffda73f,0.54083251953125,-0.31353759765625,0.11185268312692642,-0.3495396375656128,5,-36.51459884643555,7.283400058746338,0.73974609375,4,0.2728406488895416,15,2023-06-14 18:10:45,-7.527400016784668
937.4862060546875,5a287c6d3ffda73f,0.4986571967601776,-0.35455322265625,0.08242477476596832,0.35886070132255554,5,-33.354801177978516,12.980799674987793,1.08734130859375,0,0.7416898012161255,17,2023-06-14 18:10:46,-9.162199974060059
937.4974975585938,5a287c6d3ffda73f,0.355712890625,-0.1060790941119194,-0.9045419692993164,-0.32530489563941956,5,-33.47679901123047,12.004799842834473,0.58587646484375,1,0.03142527863383293,17,2023-06-14 18:10:46,-9.46720027923584
937.5799560546875,5a287c6d3ffda73f,0.4223632514476776,0.0033569338265806437,-0.3818970024585724,-0.5435507893562317,5,-36.856201171875,10.089399337768555,0.83172607421875,2,-0.06218476593494415,19,2023-06-14 18:10:46,-14.822999954223633
937.6637573242188,5a287c6d3ffda73f,0.4758301079273224,0.23016357421875,-1.4849774837493896,-0.6865624189376831,5,-36.392601013183594,8.77180004119873,1.15728759765625,3,-0.5544697046279907,21,2023-06-14 18:10:46,-16.457799911499023
937.6487426757812,5a287c6d3ffda73f,0.30645751953125,-0.01708984375,-0.22370536625385284,0.5179844498634338,5,-35.697200775146484,7.088200092315674,0.52325439453125,4,1.0532793998718262,28,2023-06-14 18:10:46,-18.434200286865234
937.7124633789062,5a287c6d3ffda73f,0.4420165717601776,0.3167724609375,0.7769766449928284,2.2671473026275635,5,-35.587398529052734,4.355400085449219,1.60162353515625,0,0.6287718415260315,233,2023-06-14 18:10:47,-19.16619873046875
937.6587524414062,5a287c6d3ffda73f,0.16473388671875,0.4464111030101776,0.0774979293346405,0.10639320313930511,5,-36.03879928588867,1.256600022315979,0.5087890625,1,0.02210422046482563,313,2023-06-14 18:10:47,-18.27560043334961
937.6199951171875,5a287c6d3ffda73f,0.4217529296875,0.38330078125,0.3400854170322418,-1.3231905698776245,5,-36.17300033569336,-1.354200005531311,0.1513671875,2,-1.1147984266281128,357,2023-06-14 18:10:47,-18.15359878540039
937.6749877929688,5a287c6d3ffda73f,0.6063232421875,0.66839599609375,1.0559425354003906,0.6655234694480896,5,-36.209598541259766,-2.0007998943328857,1.38165283203125,3,-0.7506113648414612,,2023-06-14 18:10:47,-17.982799530029297
937.7674560546875,5a287c6d3ffda73f,0.4107666015625,-0.20635986328125,-0.03941475600004196,-0.002663159044459462,5,-22.47239875793457,-7.332200050354004,0.9255980849266052,0,0.5006738901138306,2445,2023-06-14 18:10:52,-14.176400184631348
,5a287c6d3ffda73f,0.40606689453125,-0.03594970703125,,,5,,,0.912109375,1,,,2023-06-14 18:10:52,
,5a287c6d3ffda73f,0.56951904296875,-0.3426513671875,-0.934902012348175,-0.8174566626548767,1,-27.950199127197266,-16.677400588989258,0.53375244140625,0,-0.08149266988039017,6627,2023-06-14 18:10:55,-25.266199111938477
937.771240234375,5a287c6d3ffda73f,0.635498046875,-0.1820068359375,,,1,-26.266599655151367,-19.068599700927734,0.97607421875,1,,,2023-06-14 18:10:55,-24.997798919677734
937.8087158203125,5a287c6d3ffda73f,0.3448486328125,-0.0184326171875,0.39428070187568665,-0.787762463092804,1,-20.996198654174805,-19.4955997467041,0.684326171875,2,1.1072083711624146,5897,2023-06-14 18:10:55,-27.279199600219727
937.7849731445312,5a287c6d3ffda73f,-0.1206054762005806,-0.24432373046875,-2.0791282653808594,0.5988113284111023,1,-17.385000228881836,-20.58139991760254,1.16461181640625,0,1.2162647247314453,4994,2023-06-14 18:10:56,-28.14539909362793
937.7799682617188,5a287c6d3ffda73f,0.2430419921875,0.0279541015625,,,1,-14.578999519348145,-24.704999923706055,1.0977783203125,1,,3785,2023-06-14 18:10:56,-25.937198638916016
937.7874755859375,5a287c6d3ffda73f,0.18524169921875,0.32916259765625,-1.1250516176223755,1.6301196813583374,1,-12.907599449157715,-27.14499855041504,0.63763427734375,2,0.6739124059677124,2993,2023-06-14 18:10:56,-23.9242000579834
,5a287c6d3ffda73f,0.18170166015625,0.581787109375,-0.0003994738799519837,-0.35939332842826843,1,,,0.952880859375,3,-0.9660609364509583,2987,2023-06-14 18:10:56,
,5a287c6d3ffda73f,0.4906005561351776,-0.09210205078125,-0.03235738351941109,-0.6058686971664429,1,-41.47999954223633,6.173199653625488,0.40960693359375,0,-0.8575372099876404,7997,2023-06-14 18:13:41,-15.420799255371094
937.9949951171875,5a287c6d3ffda73f,0.53900146484375,-0.245361328125,0.17150744795799255,0.5040028691291809,1,-40.491798400878906,8.515600204467773,1.25592041015625,0,0.1844237744808197,8529,2023-06-14 18:13:42,-16.787199020385742
938.0675048828125,5a287c6d3ffda73f,0.4505615532398224,-0.18328857421875,0.08974846452474594,0.03209106624126434,1,-41.17499923706055,7.954400062561035,0.635986328125,1,0.6946850419044495,8068,2023-06-14 18:13:42,-16.128398895263672
938.1074829101562,5a287c6d3ffda73f,0.4685669243335724,-0.062255859375,-0.3929491341114044,-2.6503758430480957,1,-40.77239990234375,6.5879998207092285,0.65411376953125,2,-0.3898864984512329,8734,2023-06-14 18:13:42,-17.848600387573242
938.2575073242188,5a287c6d3ffda73f,0.0277099609375,0.05609130859375,0.48549389839172363,0.2612559199333191,1,-38.478797912597656,6.673399925231934,1.37451171875,3,0.08641951531171799,9327,2023-06-14 18:13:42,-21.17919921875
938.2862548828125,5a287c6d3ffda73f,0.2121581882238388,-0.12713623046875,-0.10546109825372696,1.2237216234207153,1,-38.161598205566406,6.770999908447266,0.6751708984375,4,0.10293109714984894,9544,2023-06-14 18:13:42,-22.17959976196289
938.3612060546875,5a287c6d3ffda73f,0.4185180962085724,-0.175048828125,0.12117373943328857,0.601607620716095,1,-38.67399978637695,6.575799942016602,1.26171875,0,0.34514543414115906,9440,2023-06-14 18:13:43,-22.081998825073242
938.3574829101562,5a287c6d3ffda73f,0.4034423828125,-0.1067504957318306,0.23036326467990875,0.6243776679039001,1,-39.41819763183594,6.063399791717529,0.65411376953125,1,0.6440850496292114,8639,2023-06-14 18:13:43,-21.350000381469727
938.4037475585938,5a287c6d3ffda73f,0.5728759765625,-0.00836181640625,-0.27710169553756714,-0.40626493096351624,1,-39.869598388671875,5.172800064086914,0.873046875,2,-0.320644348859787,8176,2023-06-14 18:13:43,-21.350000381469727
938.4237060546875,5a287c6d3ffda73f,0.51934814453125,0.1092529296875,,,1,,,0.9681395888328552,3,,7697,2023-06-14 18:13:43,
,5a287c6d3ffda73f,0.5372314453125,-0.31805419921875,-0.407330185174942,0.3644533157348633,1,-41.21159744262695,2.976799964904785,1.817138671875,0,-0.5367597341537476,876,2023-06-14 18:14:37,-17.23859977722168
938.4612426757812,5a287c6d3ffda73f,0.5426025390625,0.4168091118335724,-0.025300011038780212,0.05113265663385391,1,-41.43119812011719,4.086999893188477,1.002685546875,1,0.014913691207766533,800,2023-06-14 18:14:37,-16.482200622558594
938.5099487304688,5a287c6d3ffda73f,0.4776611328125,-0.33221435546875,0.13315795361995697,0.49161916971206665,1,-41.90699768066406,3.8185999393463135,0.781494140625,0,0.3368896245956421,583,2023-06-14 18:14:38,-15.262199401855469
938.521240234375,5a287c6d3ffda73f,0.5206298828125,0.17462158203125,-0.8234487771987915,0.7949529886245728,1,-42.46820068359375,2.720599889755249,1.014892578125,1,0.44048652052879333,550,2023-06-14 18:14:38,-13.346799850463867
,5a287c6d3ffda73f,0.5255126953125,0.07891845703125,-0.40213701128959656,-1.8374465703964233,1,-42.37059783935547,2.086199998855591,0.277099609375,2,-0.23023010790348053,753,2023-06-14 18:14:38,-13.688399314880371
,5a287c6d3ffda73f,0.4913329780101776,0.47344970703125,,,1,,,0.9938964247703552,0,,10138,2023-06-14 18:15:22,
938.66748046875,5a287c6d3ffda73f,0.4005126953125,0.52423095703125,-0.037151068449020386,0.37683701515197754,1,-27.279199600219727,22.582199096679688,1.385009765625,1,-1.029976725578308,8299,2023-06-14 18:15:22,-26.4862003326416
938.625,5a287c6d3ffda73f,0.2882080078125,0.17462158203125,-0.09108003973960876,-0.22716747224330902,1,-25.74199867248535,24.643999099731445,1.046630859375,2,-0.42424124479293823,7204,2023-06-14 18:15:22,-26.16899871826172
938.6612548828125,5a287c6d3ffda73f,0.4591064751148224,-0.20037841796875,-0.0037284228019416332,-0.3363569974899292,1,-24.461000442504883,25.888399124145508,0.555419921875,0,0.1368863731622696,7101,2023-06-14 18:15:23,-26.693599700927734
938.6612548828125,5a287c6d3ffda73f,0.4766845703125,-0.08123779296875,-0.012516847811639309,0.22596904635429382,1,-24.143798828125,26.266599655151367,1.018798828125,1,0.7475487589836121,7521,2023-06-14 18:15:23,-27.13279914855957
938.7274780273438,5a287c6d3ffda73f,0.4913329780101776,0.02325439453125,0.03009369783103466,-0.08801741153001785,1,-23.9242000579834,26.608200073242188,0.637451171875,2,-0.8038745522499084,7628,2023-06-14 18:15:23,-27.901399612426758
938.7024536132812,5a287c6d3ffda73f,0.4996337592601776,0.37335205078125,-0.008788425475358963,-0.0762995108962059,1,-22.972599029541016,27.254798889160156,0.937255859375,3,-0.6014744639396667,7644,2023-06-14 18:15:23,-28.46259880065918
938.7274780273438,5a287c6d3ffda73f,0.3770751953125,-0.03192138671875,-0.28735485672950745,0.19081534445285797,1,-21.288999557495117,28.694398880004883,0.695556640625,0,0.23755379021167755,7673,2023-06-14 18:15:24,-29.292200088500977
,5a287c6d3ffda73f,0.4044189453125,-0.11248779296875,,,1,-31.10999870300293,-18.458599090576172,1.060302734375,1,,292,2023-06-14 18:15:24,-18.81239891052246
938.7062377929688,5a287c6d3ffda73f,0.4034423828125,-0.15545654296875,0.37097805738449097,-0.04993423447012901,1,-31.061199188232422,-18.507400512695312,1.033935546875,0,0.6135918498039246,227,2023-06-14 18:15:45,-18.81239891052246
938.7062377929688,5a287c6d3ffda73f,0.3839111328125,0.15264892578125,-0.14607428014278412,0.034621067345142365,1,-30.524398803710938,-18.775798797607422,0.679931640625,0,0.31744855642318726,171,2023-06-14 18:15:46,-19.2637996673584
938.782470703125,5a287c6d3ffda73f,0.4200439453125,0.24444580078125,-0.19773955643177032,0.28083011507987976,1,-30.292598724365234,-19.300399780273438,1.108642578125,1,-0.10239847004413605,131,2023-06-14 18:15:46,-19.361398696899414
938.7774658203125,5a287c6d3ffda73f,0.3785400390625,0.58380126953125,,,1,-30.40239906311035,-19.690799713134766,0.779541015625,2,,96,2023-06-14 18:15:46,-19.117399215698242
,5a287c6d3ffda73f,0.54974365234375,-0.54547119140625,-0.39121806621551514,-0.05206476151943207,1,-20.788799285888672,-20.007999420166016,0.927734375,0,-0.0015978955198079348,,2023-06-13 12:31:48,-37.62479782104492
933.90625,5a287c6d3ffda73f,0.4624633491039276,-0.33123779296875,-0.6318345069885254,-0.3695133328437805,1,-20.55699920654297,-21.80139923095703,0.602783203125,1,-0.027297381311655045,10409,2023-06-13 12:31:48,-36.843997955322266
933.9524536132812,5a287c6d3ffda73f,0.4039306640625,-0.373046875,-0.3400854170322418,-1.0544778108596802,1,-18.507400512695312,-23.19219970703125,1.0703125,0,-0.0870852991938591,14397,2023-06-13 12:31:49,-37.10020065307617
933.9224853515625,5a287c6d3ffda73f,0.205810546875,-0.17529296875,-0.12303794920444489,-1.9675419330596924,1,-14.432600021362305,-24.87579917907715,0.7794189453125,1,1.4776538610458374,20230,2023-06-13 12:31:49,-37.222198486328125
933.8912353515625,5a287c6d3ffda73f,-0.15576171875,-0.3406982421875,1.8170734643936157,-0.7241129875183105,1,-7.393199920654297,-22.899398803710938,1.0771484375,2,2.8708856105804443,26368,2023-06-13 12:31:49,-38.41780090332031
933.8412475585938,5a287c6d3ffda73f,0.11004638671875,-0.34722900390625,-2.274204730987549,-0.22996379435062408,1,-2.440000057220459,-21.20359992980957,1.0283203125,3,-0.7904255986213684,26960,2023-06-13 12:31:49,-38.173797607421875
933.813720703125,5a287c6d3ffda73f,-0.03387451171875,-0.13861083984375,-2.520946502685547,-0.15086796879768372,1,0.6710000038146973,-24.046199798583984,0.7957763671875,4,-0.739026665687561,30940,2023-06-13 12:31:49,-35.5629997253418
933.8612060546875,5a287c6d3ffda73f,-0.13494873046875,0.50115966796875,1.096422553062439,1.96248197555542,1,1.0125999450683594,-27.279199600219727,1.35919189453125,0,-0.7258440256118774,28119,2023-06-13 12:31:50,-32.64719772338867
933.8049926757812,5a287c6d3ffda73f,0.06787109375,0.27203369140625,0.7439534664154053,0.6302366256713867,1,4.379799842834473,-13.102799415588379,0.6708984375,1,-0.4643217921257019,24011,2023-06-13 12:31:50,-8.77180004119873
933.793701171875,5a287c6d3ffda73f,0.4371337890625,-0.0345458984375,0.08881635963916779,-0.23555642366409302,1,6.185400009155273,-13.956799507141113,0.78076171875,2,-0.171773761510849,21321,2023-06-13 12:31:50,-8.625399589538574
933.79248046875,5a287c6d3ffda73f,0.3795166015625,-0.16546630859375,0.12823110818862915,-0.30772802233695984,1,6.710000038146973,-30.17059898376465,1.10430908203125,3,0.8796414732933044,23272,2023-06-13 12:31:50,-31.646799087524414
933.813720703125,5a287c6d3ffda73f,0.2111816257238388,-0.014648436568677425,-1.1571426391601562,-0.07656582444906235,1,7.844599723815918,-30.14620018005371,0.70013427734375,4,0.12543480098247528,26998,2023-06-13 12:31:50,-30.79279899597168
933.8387451171875,5a287c6d3ffda73f,0.2734375,0.2160644680261612,-0.5311670899391174,-0.38469332456588745,1,6.831999778747559,-32.183597564697266,1.14923095703125,0,1.1133337020874023,25683,2023-06-13 12:31:51,-28.694398880004883
933.8175048828125,5a287c6d3ffda73f,0.25390625,0.52191162109375,-0.6691187024116516,0.12277163565158844,1,5.648600101470947,-34.42839813232422,0.8460693359375,1,-0.054994236677885056,26082,2023-06-13 12:31:51,-26.388599395751953
933.7999877929688,5a287c6d3ffda73f,0.1402587890625,0.5242919921875,0.4185154438018799,-0.43396177887916565,1,5.124000072479248,-33.611000061035156,0.78387451171875,2,-0.18109482526779175,23498,2023-06-13 12:31:51,-26.315399169921875
933.793701171875,5a287c6d3ffda73f,0.11346435546875,0.4241943359375,0.3201117217540741,0.07709845900535583,1,5.807199954986572,-32.354400634765625,1.1708984375,3,-0.2677806615829468,26326,2023-06-13 12:31:51,-26.266599655151367
933.7899780273438,5a287c6d3ffda73f,0.1168212816119194,0.1920166015625,0.8042740225791931,-0.02330264262855053,1,8.161799430847168,-31.854198455810547,0.703125,4,-0.01850895583629608,27119,2023-06-13 12:31:51,-25.49799919128418
933.7999877929688,5a287c6d3ffda73f,0.13226318359375,0.4263916015625,0.32637014985084534,-0.21544957160949707,1,10.626199722290039,-31.744400024414062,1.0108642578125,0,-0.43875545263290405,28830,2023-06-13 12:31:52,-24.753799438476562
933.7974853515625,5a287c6d3ffda73f,0.0306396484375,0.1483154296875,0.4205128252506256,0.2716422379016876,1,11.931599617004395,-31.305198669433594,0.9560547471046448,1,-0.7621961236000061,30501,2023-06-13 12:31:52,-24.046199798583984
933.793701171875,5a287c6d3ffda73f,0.25341796875,-0.0859375,-0.7507445216178894,1.042759895324707,1,11.309399604797363,-31.366199493408203,0.958251953125,2,-0.19028271734714508,27880,2023-06-13 12:31:52,-23.997400283813477
933.7899780273438,5a287c6d3ffda73f,0.28778076171875,-0.109130859375,-0.07257108390331268,0.7368960976600647,1,9.808799743652344,-31.46379852294922,1.02294921875,3,0.8520777821540833,22786,2023-06-13 12:31:52,-24.326799392700195
933.793701171875,5a287c6d3ffda73f,0.499267578125,0.1151123046875,-0.5761744976043701,0.3543333113193512,1,7.685999870300293,-31.646799087524414,0.529052734375,4,-0.1832253485918045,19767,2023-06-13 12:31:52,-24.814800262451172
933.8324584960938,5a287c6d3ffda73f,0.672119140625,0.4646606743335724,1.1628683805465698,-0.017576850950717926,1,5.733999729156494,-31.378398895263672,1.129150390625,0,0.3466101586818695,17679,2023-06-13 12:31:53,-25.888399124145508
933.8125,5a287c6d3ffda73f,0.5096435546875,0.3218994140625,0.5202481150627136,0.4608596861362457,1,3.4159998893737793,-30.682998657226562,0.5546875,1,0.05273054912686348,18770,2023-06-13 12:31:53,-27.16939926147461
933.8074951171875,5a287c6d3ffda73f,0.46435546875,-0.03173828125,-0.7894935011863708,0.14128059148788452,1,1.6347999572753906,-30.743999481201172,0.7276611328125,2,1.6997612714767456,14902,2023-06-13 12:31:53,-27.5231990814209
933.8012084960938,5a287c6d3ffda73f,0.5765380859375,0.52813720703125,-0.8362319469451904,0.40213701128959656,1,1.281000018119812,-31.1343994140625,0.8496093153953552,3,0.984836220741272,14324,2023-06-13 12:31:53,-27.303600311279297
933.7962036132812,5a287c6d3ffda73f,0.32366943359375,0.4541625678539276,-0.08628635853528976,-0.41838228702545166,1,2.147199869155884,-31.927398681640625,0.455322265625,4,0.9715204238891602,9932,2023-06-13 12:31:53,-26.21780014038086
933.7999877929688,5a287c6d3ffda73f,0.2472534030675888,1.055419921875,0.00892158318310976,0.34381383657455444,1,4.123600006103516,-32.32999801635742,0.9382935166358948,0,-0.7073350548744202,10781,2023-06-13 12:31:54,-25.314998626708984
933.7899780273438,5a287c6d3ffda73f,0.3988037109375,0.5328369140625,-0.026098959147930145,-0.22303956747055054,1,4.80679988861084,-32.878997802734375,0.2252807766199112,1,-1.2085416316986084,9369,2023-06-13 12:31:54,-24.631799697875977
933.8074951171875,5a287c6d3ffda73f,0.615966796875,0.5904541015625,-0.48868969082832336,-0.4881570637226105,1,5.685199737548828,-33.33039855957031,0.74725341796875,2,0.3021354079246521,9321,2023-06-13 12:31:54,-24.021799087524414
933.8049926757812,5a287c6d3ffda73f,0.3455810546875,0.5050048828125,-0.09760478138923645,1.1117358207702637,1,6.929599761962891,-33.90380096435547,0.78466796875,3,0.636495053768158,7728,2023-06-13 12:31:54,-22.996999740600586
933.8224487304688,5a287c6d3ffda73f,0.47210693359375,0.6666259765625,-0.0342215932905674,-0.031158961355686188,1,8.710800170898438,-35.306800842285156,0.3948974609375,4,0.2451438009738922,5962,2023-06-13 12:31:54,-21.227998733520508
933.8187255859375,5a287c6d3ffda73f,0.50390625,0.8668823838233948,-0.20626167953014374,0.11877689510583878,1,9.9552001953125,-36.1973991394043,0.50616455078125,0,-0.2756369709968567,5359,2023-06-13 12:31:55,-19.92259979248047
933.8162231445312,5a287c6d3ffda73f,0.44580078125,0.59039306640625,0.29228171706199646,0.09480846673250198,1,9.44279956817627,-36.904998779296875,0.24853515625,1,-0.4277033507823944,2632,2023-06-13 12:31:55,-19.15399932861328
933.8574829101562,5a287c6d3ffda73f,0.67303466796875,0.7601318359375,0.33369383215904236,0.04367581009864807,1,8.271599769592285,-37.45399856567383,0.728759765625,2,0.23648852109909058,2689,2023-06-13 12:31:55,-19.763999938964844
933.82373046875,5a287c6d3ffda73f,0.4689941108226776,0.5242919921875,0.7416898012161255,0.5946834087371826,1,6.624599933624268,-37.4906005859375,0.5550537109375,3,-0.059255290776491165,2620,2023-06-13 12:31:55,-20.374000549316406
933.8487548828125,5a287c6d3ffda73f,0.4532471001148224,0.52435302734375,0.12543480098247528,0.2824280261993408,1,7.588399887084961,-36.953800201416016,0.59759521484375,4,1.0127993822097778,3126,2023-06-13 12:31:55,-22.8627986907959
933.8212280273438,5a287c6d3ffda73f,0.43658447265625,0.823974609375,-0.3873564898967743,-0.030360013246536255,1,7.746999740600586,-36.29499816894531,0.49053955078125,0,-0.09454214572906494,2128,2023-06-13 12:31:56,-23.85099983215332
933.824951171875,5a287c6d3ffda73f,0.5733642578125,0.50469970703125,0.41771650314331055,-1.0610026121139526,1,7.088200092315674,-35.7947998046875,0.255615234375,1,-1.1290463209152222,2080,2023-06-13 12:31:56,-24.997798919677734
933.8150024414062,5a287c6d3ffda73f,0.60540771484375,0.66815185546875,-0.154995858669281,0.4294344186782837,1,5.916999816894531,-35.47760009765625,0.90924072265625,2,0.533297598361969,2314,2023-06-13 12:31:56,-26.4862003326416
933.8049926757812,5a287c6d3ffda73f,0.5067138671875,0.38494873046875,-0.4467449486255646,0.3079943358898163,1,5.392399787902832,-34.84320068359375,0.4780273735523224,3,0.22743378579616547,1904,2023-06-13 12:31:56,-27.49880027770996
933.8087158203125,5a287c6d3ffda73f,0.550537109375,0.68365478515625,0.47071337699890137,-1.1595394611358643,1,5.807199954986572,-34.2942008972168,0.4843750298023224,4,0.09827057272195816,1799,2023-06-13 12:31:56,-28.15760040283203
933.7837524414062,5a287c6d3ffda73f,0.40863037109375,0.8304443359375,0.11930952966213226,0.09520793706178665,1,6.1975998878479,-33.76959991455078,0.668212890625,0,-0.5562008023262024,2410,2023-06-13 12:31:57,-28.633399963378906
,5a287c6d3ffda73f,0.3955078125,0.3333740234375,0.023169483989477158,-0.4181159734725952,1,6.661200046539307,-33.8671989440918,0.4462890625,1,-0.03568633273243904,2341,2023-06-13 12:31:57,-28.401599884033203
,5a287c6d3ffda73f,0.6279296875,0.62530517578125,-0.2547311782836914,-0.35513225197792053,1,7.393199920654297,-34.269798278808594,0.877685546875,2,0.4402202069759369,2879,2023-06-13 12:31:57,-27.742799758911133
,5a287c6d3ffda73f,0.26165771484375,0.40087890625,0.9629983305931091,-0.4930838942527771,1,8.60099983215332,-33.891597747802734,0.546630859375,3,0.5013396739959717,3903,2023-06-13 12:31:57,-27.694000244140625
,5a287c6d3ffda73f,0.23138427734375,0.5303955078125,2.3172147274017334,0.732901394367218,1,10.028399467468262,-32.52519989013672,1.28997802734375,4,-0.2828274965286255,18064,2023-06-13 12:31:57,-29.719200134277344
,5a287c6d3ffda73f,0.2325439453125,0.2092285007238388,-0.49827706813812256,0.7767103314399719,1,7.112599849700928,-18.31220054626465,0.749267578125,0,-0.15126743912696838,16884,2023-06-13 12:31:58,-19.483400344848633
,5a287c6d3ffda73f,0.53533935546875,0.091796875,-0.07496792823076248,0.47950178384780884,1,6.6367998123168945,-16.286998748779297,0.71368408203125,1,0.18881797790527344,14826,2023-06-13 12:31:58,-21.264598846435547
,5a287c6d3ffda73f,0.5411376953125,0.0902099609375,0.24061642587184906,-0.10839057713747025,1,5.795000076293945,-13.968999862670898,1.017578125,2,0.8763124942779541,14096,2023-06-13 12:31:58,-23.302000045776367
,5a287c6d3ffda73f,0.4620361328125,0.115478515625,0.026098959147930145,-0.4251733422279358,1,5.526599884033203,-11.73639965057373,0.6199951171875,3,0.4367581009864807,13999,2023-06-13 12:31:58,-25.058799743652344
,5a287c6d3ffda73f,0.5966796875,0.37640380859375,0.06950845569372177,-0.7223818898200989,1,5.916999816894531,-9.284199714660645,1.10498046875,4,-0.6615287065505981,14858,2023-06-13 12:31:58,-26.80340003967285
,5a287c6d3ffda73f,0.2052001953125,0.3099365234375,0.1856221854686737,0.15832480788230896,1,5.514400005340576,-6.990599632263184,0.9010009765625,0,-0.5199818015098572,15839,2023-06-13 12:31:59,-28.291799545288086
,5a287c6d3ffda73f,0.33465576171875,0.0819091796875,0.7637940049171448,0.6984134912490845,1,3.5989999771118164,-4.574999809265137,0.67791748046875,1,-0.12037479132413864,16274,2023-06-13 12:31:59,-29.926599502563477
,5a287c6d3ffda73f,0.53338623046875,-0.12762451171875,0.38043227791786194,0.009187898598611355,1,1.9764000177383423,-3.4647998809814453,1.05975341796875,2,0.6811029314994812,16099,2023-06-13 12:31:59,-30.18280029296875
,5a287c6d3ffda73f,0.47760009765625,-0.013916015625,-0.048070020973682404,0.02277000993490219,1,1.5859999656677246,-2.15939998626709,0.6815185546875,3,0.5113265514373779,14038,2023-06-13 12:31:59,-29.902198791503906
,5a287c6d3ffda73f,0.5989990234375,0.08074951171875,0.22264009714126587,-0.18828535079956055,1,2.086199998855591,-0.6466000080108643,1.00714111328125,4,-0.22264009714126587,12434,2023-06-13 12:31:59,-29.511798858642578
,5a287c6d3ffda73f,0.37664794921875,0.15887451171875,-0.4289017617702484,0.16911059617996216,1,,,0.8874511122703552,0,-0.47350969910621643,,2023-06-13 12:32:00,
,5a287c6d3ffda73f,0.39007568359375,0.007446289528161287,,,1,,,1.0146484375,0,,,2023-06-13 12:36:24,
,5a287c6d3ffda73f,0.20989990234375,0.16802978515625,-0.05472791939973831,-0.1129179447889328,1,15.103599548339844,5.428999900817871,1.17156982421875,1,-0.3683148920536041,55,2023-06-13 12:36:24,-40.918800354003906
,5a287c6d3ffda73f,0.2136230617761612,0.0416259765625,-1.2654000520706177,0.5254412889480591,1,13.4443998336792,2.903599977493286,0.6043701171875,0,-0.4546012580394745,48,2023-06-13 12:36:25,-41.78499984741211
,5a287c6d3ffda73f,0.3546142578125,0.0527343712747097,0.21971063315868378,-0.5659213066101074,1,9.57699966430664,6.6001996994018555,1.23846435546875,1,-0.2848248779773712,39,2023-06-13 12:36:25,-34.574798583984375
,5a287c6d3ffda73f,0.1842041015625,0.0048828125,-0.20972378551959991,0.061652131378650665,1,9.064599990844727,5.270400047302246,0.83221435546875,2,0.29947224259376526,35,2023-06-13 12:36:25,-34.40399932861328
,5a287c6d3ffda73f,0.3065185546875,0.12744140625,0.1081242561340332,-0.04101264849305153,1,8.625399589538574,4.0991997718811035,0.78265380859375,3,0.13701952993869781,32,2023-06-13 12:36:25,-33.745201110839844
,5a287c6d3ffda73f,0.28363037109375,0.27301025390625,0.05153212696313858,-0.42783650755882263,1,8.845000267028809,3.2086000442504883,1.28167724609375,4,-0.17550218105316162,29,2023-06-13 12:36:25,-32.8057975769043
,5a287c6d3ffda73f,0.080810546875,0.254638671875,-0.21611535549163818,0.12317110598087311,1,9.333000183105469,2.0251998901367188,0.8819580078125,0,-1.044224739074707,28,2023-06-13 12:36:26,-31.915199279785156
,5a287c6d3ffda73f,0.20843505859375,0.09375,-0.40706387162208557,0.0074568456038832664,1,9.381799697875977,0.3659999966621399,0.73236083984375,1,-0.9639304280281067,28,2023-06-13 12:36:26,-31.1343994140625
932.8062133789062,5a287c6d3ffda73f,0.2260131984949112,-0.08270263671875,0.4336954653263092,-0.15126743912696838,1,9.174399375915527,-2.476599931716919,1.2255859375,2,0.024101590737700462,27,2023-06-13 12:36:26,-30.280399322509766
932.782470703125,5a287c6d3ffda73f,0.1993408203125,-0.04595947265625,0.019973693415522575,0.311190128326416,1,9.4306001663208,-4.465199947357178,0.785888671875,3,0.5946834087371826,24,2023-06-13 12:36:26,-29.353199005126953
932.7449951171875,5a287c6d3ffda73f,0.3662109375,0.200439453125,-0.4403533637523651,0.5924197435379028,1,9.760000228881836,-5.941400051116943,0.8512572646141052,4,0.6404897570610046,21,2023-06-13 12:36:26,-28.303998947143555
,5a287c6d3ffda73f,0.5220947265625,-0.8541869521141052,-0.6568682193756104,-0.6930871605873108,1,2.208199977874756,21.48419952392578,1.106689453125,0,0.004261054564267397,,2023-06-19 20:25:46,-35.257999420166016
932.4712524414062,5a287c6d3ffda73f,0.2105712741613388,-0.92303466796875,-1.6682028770446777,-1.088033676147461,1,7.283400058746338,18.470800399780273,1.094482421875,0,1.4642049074172974,19,2023-06-19 20:25:47,-34.22100067138672
932.4987182617188,5a287c6d3ffda73f,0.0313720703125,-0.47186279296875,-1.1843068599700928,-0.7139929533004761,1,10.27239990234375,16.689599990844727,0.187744140625,1,0.40333545207977295,18,2023-06-19 20:25:47,-33.91600036621094
932.5174560546875,5a287c6d3ffda73f,0.2281494140625,0.08184814453125,0.8957535624504089,0.49281758069992065,1,16.286998748779297,10.27239990234375,1.297607421875,2,-0.5150549411773682,7,2023-06-19 20:25:47,-32.573997497558594
932.521240234375,5a287c6d3ffda73f,0.0113525390625,0.52813720703125,-0.4294344186782837,0.3171822428703308,1,17.51919937133789,9.564800262451172,0.851806640625,3,-0.20865851640701294,22,2023-06-19 20:25:47,-32.91559982299805
932.5625,5a287c6d3ffda73f,0.2574462890625,-0.14422607421875,-0.5841639637947083,0.7976161241531372,1,18.385398864746094,8.649800300598145,0.772705078125,4,0.6162550449371338,21,2023-06-19 20:25:47,-33.354801177978516
932.5849609375,5a287c6d3ffda73f,0.0274658203125,-0.18817138671875,-0.5728455185890198,0.11038794368505478,1,18.348798751831055,7.307799816131592,1.717041015625,0,-0.42144492268562317,19,2023-06-19 20:25:48,-34.08679962158203
,5a287c6d3ffda73f,0.2945556640625,0.27716064453125,,,1,17.86079978942871,4.355400085449219,0.347900390625,1,,15,2023-06-19 20:25:48,-34.257598876953125
,5a287c6d3ffda73f,0.16387939453125,0.18865966796875,,,1,,,0.77197265625,0,,,2023-06-19 20:29:38,
,5a287c6d3ffda73f,0.21697998046875,0.1265869140625,0.23622220754623413,-0.29454538226127625,1,16.067399978637695,7.588399887084961,0.8985595703125,1,-0.7181208729743958,136,2023-06-19 20:29:38,-28.572399139404297
932.1724853515625,5a287c6d3ffda73f,0.2886962890625,-0.09478759765625,-0.6769750714302063,0.17989639937877655,1,15.39639949798584,7.478600025177002,1.240478515625,2,0.6415550112724304,139,2023-06-19 20:29:38,-29.963199615478516
932.0574951171875,5a287c6d3ffda73f,-0.0106201171875,0.01739501953125,-0.3970770239830017,0.03874896466732025,1,14.054399490356445,7.088200092315674,0.839111328125,3,0.2749711871147156,131,2023-06-19 20:29:38,-31.45159912109375
932.0724487304688,5a287c6d3ffda73f,0.1754150390625,0.19659423828125,0.11677952855825424,-0.18335850536823273,1,13.029600143432617,6.5513997077941895,0.793701171875,0,-0.4612591564655304,134,2023-06-19 20:29:39,-32.31779861450195
932.0037231445312,5a287c6d3ffda73f,0.3267822265625,0.25714111328125,-0.318247526884079,-0.43103229999542236,1,12.639200210571289,6.124399662017822,1.058837890625,1,-1.0867021083831787,165,2023-06-19 20:29:39,-32.671600341796875
931.9375,5a287c6d3ffda73f,0.2144775539636612,0.04229736328125,,,1,13.017399787902832,4.818999767303467,0.830810546875,2,,217,2023-06-19 20:29:39,-32.69599914550781
,5a287c6d3ffda73f,0.45941162109375,-0.1031494140625,-0.2756369709968567,-0.23821958899497986,5,11.10200023651123,4.965399742126465,0.8859862685203552,0,-0.46631917357444763,40,2023-06-19 19:15:52,-43.33440017700195
930.4249877929688,5a287c6d3ffda73f,0.44921875,-0.1326904296875,-0.30772802233695984,-0.4840291738510132,5,12.175600051879883,3.5257999897003174,0.8903807997703552,1,-0.503470242023468,,2023-06-19 19:15:52,-42.98059844970703
930.2911987304688,5a287c6d3ffda73f,0.3853759765625,-0.03314208984375,-0.4607265293598175,-0.219843789935112,5,13.785999298095703,1.8055999279022217,0.926513671875,2,-0.689491868019104,33,2023-06-19 19:15:52,-42.5536003112793
930.1962280273438,5a287c6d3ffda73f,0.3162841796875,0.057861328125,-0.1964079886674881,-0.10879004746675491,5,14.932799339294434,-0.3903999924659729,0.9332275986671448,3,-0.3563306927680969,30,2023-06-19 19:15:52,-42.3583984375
930.1024780273438,5a287c6d3ffda73f,0.3111572265625,-0.02862548828125,0.17683376371860504,0.6661892533302307,5,15.677000045776367,-1.7201999425888062,0.7779541015625,4,0.5202481150627136,29,2023-06-19 19:15:52,-42.248600006103516
930.0512084960938,5a287c6d3ffda73f,0.2996826171875,-0.07171630859375,-0.2775011658668518,-0.2612559199333191,5,15.445199966430664,-2.427799940109253,0.88323974609375,0,-0.22144168615341187,29,2023-06-19 19:15:53,-42.34619903564453
929.9924926757812,5a287c6d3ffda73f,0.4547119438648224,0.0902099609375,-0.2620548605918884,0.27843329310417175,5,15.469599723815918,-3.1963999271392822,1.077880859375,1,-0.5025381445884705,25,2023-06-19 19:15:53,-42.34619903564453
929.9324951171875,5a287c6d3ffda73f,0.32745361328125,-0.00946044921875,0.11624689400196075,-0.5941507816314697,5,13.493199348449707,-3.8673999309539795,0.78662109375,2,-0.6014744639396667,23,2023-06-19 19:15:53,-41.614200592041016
929.9299926757812,5a287c6d3ffda73f,0.4837646484375,-0.018798828125,0.31505173444747925,0.1459411233663559,5,14.151999473571777,-5.575399875640869,1.138427734375,3,0.3812312185764313,21,2023-06-19 19:15:53,-41.38240051269531
929.88623046875,5a287c6d3ffda73f,0.3153076171875,0.0533447302877903,0.15872427821159363,0.8088014125823975,5,19.031999588012695,-1.8543999195098877,0.76715087890625,4,0.16777902841567993,18,2023-06-19 19:15:53,-38.173797607421875
930.0512084960938,5a287c6d3ffda73f,0.4293822944164276,-0.0140380859375,-0.41784965991973877,0.19188061356544495,5,17.824199676513672,-2.244799852371216,0.9262085556983948,0,-1.1143989562988281,17,2023-06-19 19:15:54,-38.40559768676758
929.9637451171875,5a287c6d3ffda73f,0.3973388671875,-0.0792236328125,-0.9174582958221436,0.0022636852227151394,5,15.835599899291992,-2.976799964904785,0.9033203125,1,-1.1684610843658447,16,2023-06-19 19:15:54,-38.45439910888672
929.9450073242188,5a287c6d3ffda73f,0.4552002251148224,-0.085205078125,-0.5093291997909546,-0.8661925196647644,5,14.06659984588623,-4.73360013961792,0.8461913466453552,2,-0.4246407151222229,17,2023-06-19 19:15:54,-38.5275993347168
929.8887329101562,5a287c6d3ffda73f,0.5123291015625,0.0665283203125,-0.09640636295080185,0.6820350289344788,5,12.761199951171875,-6.343999862670898,1.14599609375,3,-0.33475908637046814,15,2023-06-19 19:15:54,-38.08839797973633
929.8624877929688,5a287c6d3ffda73f,0.333740234375,0.0645751953125,-1.1982884407043457,-0.40639808773994446,5,10.309000015258789,-7.722599983215332,0.64306640625,4,-1.0760494470596313,33,2023-06-19 19:15:54,-37.344200134277344
929.8699951171875,5a287c6d3ffda73f,0.4831543266773224,0.23187255859375,-0.4217112362384796,-0.37577176094055176,5,3.2818000316619873,-14.139800071716309,1.176025390625,0,-1.1389000415802002,47,2023-06-19 19:15:55,-39.30839920043945
929.8637084960938,5a287c6d3ffda73f,0.3323974609375,-0.1741943359375,-0.2600574791431427,0.8820382952690125,5,-0.15860000252723694,-16.945798873901367,0.852294921875,1,-0.8990825414657593,56,2023-06-19 19:15:55,-37.661399841308594
929.8987426757812,5a287c6d3ffda73f,0.5093994140625,0.03131103515625,0.3838943839073181,-0.3538006842136383,5,-3.6599998474121094,-19.593198776245117,0.90625,2,-0.4041343927383423,56,2023-06-19 19:15:55,-36.002201080322266
929.8524780273438,5a287c6d3ffda73f,0.571533203125,0.11346435546875,-0.05566002428531647,-0.22863221168518066,5,-6.563600063323975,-22.020999908447266,0.8532103896141052,3,0.43769019842147827,59,2023-06-19 19:15:55,-34.45280075073242
929.8150024414062,5a287c6d3ffda73f,0.20654296875,-0.07525634765625,-1.9531608819961548,0.8466182947158813,5,-7.625,-24.668399810791016,0.390380859375,4,2.6932528018951416,95,2023-06-19 19:15:55,-32.53739929199219
929.7974853515625,5a287c6d3ffda73f,0.34466552734375,0.50335693359375,-0.3982754349708557,-1.416267991065979,5,-8.2593994140625,-27.779399871826172,1.06915283203125,0,0.42970073223114014,91,2023-06-19 19:15:56,-29.84119987487793
929.79248046875,5a287c6d3ffda73f,0.41455078125,0.742919921875,2.0820577144622803,-2.4888553619384766,5,-8.076399803161621,-30.41459846496582,0.59649658203125,1,-1.993507742881775,67,2023-06-19 19:15:56,-27.13279914855957
929.7999877929688,5a287c6d3ffda73f,-0.06219482421875,0.4763183891773224,-2.5875253677368164,-0.16405059397220612,5,-4.965399742126465,-31.7810001373291,0.77337646484375,2,0.8811061978340149,105,2023-06-19 19:15:56,-24.80259895324707
929.8099975585938,5a287c6d3ffda73f,-0.11163330078125,0.3280029296875,-1.4110748767852783,-3.7009921073913574,5,-7.112599849700928,-30.51219940185547,0.442626953125,3,0.37204334139823914,60,2023-06-19 19:15:56,-15.835599899291992
929.844970703125,5a287c6d3ffda73f,-1.243896484375,0.95892333984375,-0.9853688478469849,0.11797794699668884,5,-3.9161999225616455,-31.75659942626953,0.8479614853858948,4,0.3743070065975189,25,2023-06-19 19:15:56,-10.821399688720703
929.9012451171875,5a287c6d3ffda73f,-0.602294921875,0.73553466796875,0.9825725555419922,0.102132149040699,5,-0.012199999764561653,-33.2693977355957,0.07855224609375,0,0.798814594745636,13,2023-06-19 19:15:57,-5.22160005569458
929.8999633789062,5a287c6d3ffda73f,-0.4171142578125,0.8388671278953552,-0.3920170068740845,-0.280963271856308,5,4.782400131225586,-34.635799407958984,0.5343017578125,1,0.8528767228126526,10,2023-06-19 19:15:57,-0.4269999861717224
,5a287c6d3ffda73f,-1.6590577363967896,0.5389404296875,,,5,,,0.32501220703125,2,,,2023-06-19 19:15:57,
,5a287c6d3ffda73f,0.54241943359375,-0.1158447265625,0.3970770239830017,-0.40573230385780334,5,-28.621198654174805,4.867799758911133,0.81744384765625,0,0.6483460664749146,128,2023-06-19 19:16:34,-1.2444000244140625
930.4637451171875,5a287c6d3ffda73f,0.46600341796875,-0.16998291015625,0.7107971906661987,0.02649843320250511,5,-27.669599533081055,4.526199817657471,0.8815917372703552,1,0.5845634341239929,128,2023-06-19 19:16:34,-2.0983998775482178
930.63623046875,5a287c6d3ffda73f,0.50018310546875,-0.22265625,0.7896266579627991,-0.07283740490674973,5,-26.8887996673584,5.124000072479248,0.79852294921875,2,0.5878923535346985,119,2023-06-19 19:16:34,-2.500999927520752
930.7737426757812,5a287c6d3ffda73f,0.51251220703125,-0.29669189453125,-0.3190464675426483,-0.649944007396698,5,-26.583799362182617,5.245999813079834,0.807861328125,0,0.5298355221748352,153,2023-06-19 19:16:35,-2.818199872970581
930.876220703125,5a287c6d3ffda73f,0.4932861030101776,-0.21234130859375,-0.06325002759695053,-0.07243792712688446,5,-26.81559944152832,4.428599834442139,0.95269775390625,1,0.39721018075942993,259,2023-06-19 19:16:35,-3.025599956512451
,5a287c6d3ffda73f,0.4271240234375,-0.056640625,0.09960214793682098,0.0330231711268425,5,,,0.93572998046875,2,0.3271690905094147,,2023-06-19 19:16:35,
,5a287c6d3ffda73f,0.40960693359375,-0.03515625,,,1,-20.666799545288086,-25.131999969482422,0.70391845703125,0,,,2023-06-19 19:16:37,-11.28499984741211
,5a287c6d3ffda73f,0.5684814453125,0.22607421875,0.5287702679634094,0.110521100461483,1,-19.349199295043945,-23.985198974609375,1.00701904296875,1,0.31198909878730774,874,2023-06-19 19:16:37,-13.822599411010742
931.0862426757812,5a287c6d3ffda73f,0.4158935546875,0.1697998046875,0.5226449966430664,-0.5065328478813171,1,-19.044198989868164,-22.801799774169922,0.8275146484375,0,-0.4816323220729828,1011,2023-06-19 19:16:38,-15.07919979095459
931.1337280273438,5a287c6d3ffda73f,0.3714599609375,-0.02697754092514515,-1.3651353120803833,0.19374482333660126,1,-18.482999801635742,-23.070199966430664,0.69976806640625,1,-0.059255290776491165,852,2023-06-19 19:16:38,-15.091400146484375
931.1974487304688,5a287c6d3ffda73f,0.66619873046875,0.1178588792681694,0.5677855014801025,0.1525990217924118,1,-16.140600204467773,-30.45119857788086,1.1552734375,2,0.8956204056739807,755,2023-06-19 19:16:38,-19.483400344848633
931.1950073242188,5a287c6d3ffda73f,0.2711181640625,0.187255859375,-0.727974534034729,0.2671148478984833,1,-14.664400100708008,-31.695598602294922,0.69317626953125,3,0.7647261619567871,636,2023-06-19 19:16:38,-18.458599090576172
931.1937255859375,5a287c6d3ffda73f,0.3900146484375,0.56915283203125,-1.123320460319519,-0.6090644598007202,1,-13.554200172424316,-25.888399124145508,0.76922607421875,4,0.2553969621658325,467,2023-06-19 19:16:38,-12.565999984741211
931.2537231445312,5a287c6d3ffda73f,0.1763916015625,0.6365966796875,0.1856221854686737,-0.45686495304107666,1,-12.492799758911133,-26.291000366210938,0.83636474609375,0,-0.17829850316047668,470,2023-06-19 19:16:39,-12.358599662780762
931.26123046875,5a287c6d3ffda73f,0.32696533203125,0.2847900390625,0.5387570858001709,-0.5572660565376282,1,-11.41919994354248,-26.315399169921875,0.76422119140625,1,-1.1847063302993774,535,2023-06-19 19:16:39,-12.944199562072754
,5a287c6d3ffda73f,0.4546508491039276,0.2406006008386612,,,1,,,0.8864745497703552,2,,,2023-06-19 19:16:39,
,5a287c6d3ffda73f,0.4896850883960724,-0.2240600436925888,,,1,-35.34339904785156,15.957599639892578,0.69970703125,0,,1003,2023-06-19 19:17:13,-12.895400047302246
931.2449951171875,5a287c6d3ffda73f,0.56182861328125,-0.30633544921875,-0.24394537508487701,-0.2882869839668274,1,-35.18479919433594,14.73759937286377,1.1600341796875,1,0.05472791939973831,1016,2023-06-19 19:17:13,-13.651800155639648
931.2424926757812,5a287c6d3ffda73f,0.345947265625,-0.083251953125,-0.297741174697876,-0.26684853434562683,1,-34.12339782714844,10.028399467468262,0.68890380859375,2,0.6281060576438904,1072,2023-06-19 19:17:13,-16.591999053955078
931.2787475585938,5a287c6d3ffda73f,0.4719237983226776,0.062255859375,0.146606907248497,0.4685828387737274,1,-34.08679962158203,8.661999702453613,0.824462890625,3,0.5085302591323853,963,2023-06-19 19:17:13,-16.494400024414062
931.3012084960938,5a287c6d3ffda73f,0.4338379204273224,0.2506103515625,0.009054740890860558,-0.42796966433525085,1,-34.245399475097656,8.418000221252441,1.08917236328125,0,-0.5689839720726013,844,2023-06-19 19:17:14,-16.067399978637695
931.2387084960938,5a287c6d3ffda73f,0.4014892578125,-0.2008056640625,0.10652636736631393,0.3466101586818695,1,-34.5260009765625,8.661999702453613,0.645751953125,1,-0.7460840344429016,712,2023-06-19 19:17:14,-15.677000045776367
931.251220703125,5a287c6d3ffda73f,0.6328125,-0.39404296875,0.34274858236312866,0.29201540350914,1,-35.648399353027344,3.2695999145507812,1.17633056640625,2,0.7060034871101379,674,2023-06-19 19:17:14,-16.64080047607422
,5a287c6d3ffda73f,0.3619384765625,0.04888916015625,-0.24634221196174622,0.3729754388332367,1,,,0.70709228515625,3,0.7972166538238525,,2023-06-19 19:17:14,
,5a287c6d3ffda73f,0.5650634765625,-0.23675537109375,-0.8490151166915894,-0.3998733460903168,1,-31.585800170898438,-2.744999885559082,1.50244140625,0,1.353550672531128,775,2023-06-19 19:17:26,-17.29960060119629
931.2974853515625,5a287c6d3ffda73f,0.2318115234375,0.19915771484375,-0.1237037405371666,1.5185333490371704,1,-31.902999877929688,-6.112199783325195,0.78704833984375,1,0.09560741484165192,716,2023-06-19 19:17:26,-13.57859992980957
,5a287c6d3ffda73f,0.20233154296875,0.30511474609375,-0.6311687231063843,-0.0282294861972332,1,,,0.732666015625,2,-1.1518163681030273,562,2023-06-19 19:17:26,
,5a287c6d3ffda73f,0.58154296875,0.04522705078125,-0.1609879732131958,-0.6117276549339294,1,,,1.08477783203125,0,-0.5547360181808472,717,2023-06-19 19:19:35,
,5a287c6d3ffda73f,0.3492431640625,0.13018798828125,,,1,-32.037200927734375,8.356999397277832,0.598388671875,1,,,2023-06-19 19:19:35,-19.031999588012695
931.4474487304688,5a287c6d3ffda73f,0.3546142578125,-0.02752685546875,-0.3218427896499634,0.25726115703582764,1,-32.22019958496094,9.881999969482422,0.335693359375,0,-0.47590652108192444,695,2023-06-19 19:19:36,-18.81239891052246
,5a287c6d3ffda73f,0.6026611328125,-0.21356201171875,,,1,,,1.036376953125,1,,,2023-06-19 19:19:36,
931.5562133789062,5a287c6d3ffda73f,0.7218017578125,-0.29119873046875,0.35899385809898376,-0.11158636957406998,1,-32.22019958496094,11.163000106811523,1.343994140625,2,-0.03914843872189522,698,2023-06-19 19:19:36,-18.55620002746582
,5a287c6d3ffda73f,0.5328369140625,-0.12176513671875,,,1,,,0.921630859375,3,,,2023-06-19 19:19:36,
931.6487426757812,5a287c6d3ffda73f,0.3209228515625,-0.02313232421875,0.22676800191402435,0.11677952855825424,1,-32.45199966430664,11.211799621582031,0.4289551079273224,4,0.4348938763141632,665,2023-06-19 19:19:36,-17.982799530029297
,5a287c6d3ffda73f,0.3731689453125,0.08380126953125,-1.00813889503479,-0.10559425503015518,1,,,0.583251953125,5,0.3519364893436432,702,2023-06-19 19:19:36,
931.6837158203125,5a287c6d3ffda73f,0.5328369140625,0.17218017578125,,,1,-28.13319969177246,9.881999969482422,1.285400390625,6,,,2023-06-19 19:19:36,-13.420000076293945
931.7987060546875,5a287c6d3ffda73f,0.4405517280101776,0.29327392578125,0.5757750272750854,-0.6153228878974915,1,,,1.046142578125,7,0.09880319982767105,636,2023-06-19 19:19:36,
,5a287c6d3ffda73f,0.3018798828125,0.1062622144818306,,,1,-31.024599075317383,6.6489996910095215,0.8859862685203552,8,,,2023-06-19 19:19:36,-15.542799949645996
931.8150024414062,5a287c6d3ffda73f,0.6549072265625,-0.34783935546875,0.09041424840688705,0.8755135536193848,1,-34.78219985961914,3.9161999225616455,0.587158203125,0,-0.6350302696228027,488,2023-06-19 19:19:37,-18.17799949645996
,5a287c6d3ffda73f,0.6231689453125,-0.17742919921875,0.28908592462539673,-0.04340949282050133,1,,,1.268798828125,1,0.13262532651424408,,2023-06-19 19:19:37,
931.8374633789062,5a287c6d3ffda73f,0.5426025390625,-0.24481201171875,,,1,-36.40480041503906,4.794600009918213,1.022705078125,2,,419,2023-06-19 19:19:37,-17.55579948425293
931.8312377929688,5a287c6d3ffda73f,0.2911376953125,-0.006530761253088713,0.3857586085796356,-0.08016108721494675,1,,,0.708251953125,3,0.657267689704895,416,2023-06-19 19:19:37,
,5a287c6d3ffda73f,0.4844970703125,-0.00262451171875,,,1,-36.587799072265625,4.818999767303467,0.529541015625,4,,,2023-06-19 19:19:37,-17.104398727416992
,5a287c6d3ffda73f,0.5758056640625,0.43487548828125,-0.5536707639694214,0.32583752274513245,1,,,1.401123046875,5,0.5024049878120422,,2023-06-19 19:19:37,
,5a287c6d3ffda73f,0.3883056640625,0.14678955078125,,,1,,,0.521240234375,0,,,2023-06-19 19:20:57,
,5a287c6d3ffda73f,0.5987548828125,-0.09100341796875,0.009587372653186321,0.14407691359519958,1,-33.34259796142578,31.17099952697754,0.794677734375,1,-0.6627271175384521,1096,2023-06-19 19:20:57,-26.21780014038086
,5a287c6d3ffda73f,0.6295166015625,-0.12860107421875,,,1,,,1.449462890625,2,,,2023-06-19 19:20:57,
932.04248046875,5a287c6d3ffda73f,0.3326416015625,-0.07635498046875,0.33063119649887085,-0.16205322742462158,1,-31.963998794555664,32.671600341796875,0.680419921875,3,-0.08149266988039017,1119,2023-06-19 19:20:57,-26.242198944091797
,5a287c6d3ffda73f,0.3433837890625,-0.2208862155675888,0.48988813161849976,0.342349112033844,1,,,0.513427734375,4,0.3653854429721832,,2023-06-19 19:20:57,
932.052490234375,5a287c6d3ffda73f,0.4571533501148224,-0.1061401292681694,,,1,-32.22019958496094,33.574398040771484,0.621337890625,5,,1126,2023-06-19 19:20:57,-24.973400115966797
932.0625,5a287c6d3ffda73f,0.4488525092601776,-0.2203979343175888,-0.118910051882267,-0.28202855587005615,1,-32.45199966430664,33.97700119018555,1.066162109375,6,0.058589499443769455,1176,2023-06-19 19:20:57,-24.363399505615234
,5a287c6d3ffda73f,0.2589111328125,0.09161376953125,,,1,,,1.6789551973342896,0,,,2023-06-19 19:20:58,
932.1187133789062,5a287c6d3ffda73f,0.4273681640625,0.15655517578125,-0.6615287065505981,-0.6259755492210388,1,-31.683399200439453,34.22100067138672,0.654541015625,1,-0.5331644415855408,1177,2023-06-19 19:20:58,-25.375999450683594
,5a287c6d3ffda73f,0.4166259765625,-0.09002685546875,,,1,,,0.536865234375,2,,,2023-06-19 19:20:58,
932.1187133789062,5a287c6d3ffda73f,0.4571533501148224,-0.25115966796875,0.41598546504974365,0.10439583659172058,1,-30.43899917602539,35.306800842285156,0.835693359375,3,-0.7249119281768799,1195,2023-06-19 19:20:58,-26.107999801635742
,5a287c6d3ffda73f,0.4444579780101776,-0.37518310546875,,,1,,,1.315673828125,4,,,2023-06-19 19:20:58,
935.2837524414062,5a287c6d3ffda73f,0.4844970703125,0.04962158203125,0.15779218077659607,0.04340949282050133,5,-13.017399787902832,16.591999053955078,0.781494140625,0,0.25060325860977173,133,2023-06-09 20:27:10,-26.266599655151367
935.2962036132812,5a287c6d3ffda73f,0.6968994140625,0.07208251953125,-0.24820642173290253,0.16018901765346527,5,-11.028800010681152,15.640399932861328,0.939697265625,0,-0.3123885691165924,156,2023-06-09 20:27:11,-26.925399780273438
935.2662353515625,5a287c6d3ffda73f,0.4371337890625,0.39825439453125,-0.23409168422222137,0.08375635743141174,5,-10.736000061035156,14.847399711608887,1.209228515625,1,-0.5663207769393921,221,2023-06-09 20:27:11,-27.48659896850586
935.2487182617188,5a287c6d3ffda73f,0.4029541015625,0.2454223483800888,0.1129179447889328,-0.5627255439758301,5,-9.833199501037598,14.469200134277344,0.589111328125,2,-0.18349166214466095,172,2023-06-09 20:27:11,-28.047800064086914
935.2974853515625,5a287c6d3ffda73f,0.5167236328125,0.08917236328125,0.06657897680997849,0.591354489326477,5,-9.74779987335205,14.469200134277344,1.145751953125,3,-0.0894821435213089,158,2023-06-09 20:27:11,-28.694398880004883
935.2286987304688,5a287c6d3ffda73f,0.5050048828125,-0.14862060546875,0.7669898271560669,-0.028096329420804977,5,-10.113800048828125,14.883999824523926,0.785888671875,0,0.6125265955924988,134,2023-06-09 20:27:12,-28.54800033569336
935.2762451171875,5a287c6d3ffda73f,0.4224853515625,-0.03680419921875,0.12743216753005981,0.36019226908683777,5,-9.674599647521973,15.005999565124512,0.4738769233226776,1,0.062317922711372375,96,2023-06-09 20:27:12,-28.76759910583496
935.2224731445312,5a287c6d3ffda73f,0.6202392578125,0.09161376953125,-0.4017375409603119,0.20746009051799774,5,-12.212200164794922,21.654998779296875,1.363037109375,2,0.11624689400196075,76,2023-06-09 20:27:12,-34.78219985961914
935.1849975585938,5a287c6d3ffda73f,0.3038330078125,-0.04022216796875,-0.12809795141220093,-0.31451907753944397,5,-12.626999855041504,21.679399490356445,0.452392578125,3,0.1993374526500702,45,2023-06-09 20:27:12,-34.830997467041016
935.219970703125,5a287c6d3ffda73f,0.5186767578125,0.12579345703125,-0.3796333372592926,0.60533607006073,5,-14.127599716186523,21.52079963684082,0.779052734375,0,-0.10839057713747025,36,2023-06-09 20:27:13,-34.91640090942383
935.199951171875,5a287c6d3ffda73f,0.5855712890625,0.00811767578125,0.6653903126716614,-0.5233107805252075,5,-15.39639949798584,21.789199829101562,0.930908203125,1,0.2323606312274933,36,2023-06-09 20:27:13,-34.5260009765625
935.2124633789062,5a287c6d3ffda73f,0.2969970703125,-0.2472534030675888,1.569532871246338,0.9205209612846375,5,-17.336198806762695,21.959999084472656,0.618408203125,2,1.484045386314392,32,2023-06-09 20:27:13,-33.183998107910156
935.1424560546875,5a287c6d3ffda73f,0.6553955078125,0.12725830078125,1.2373037338256836,-0.4053328037261963,5,-16.774999618530273,14.774199485778809,1.380126953125,3,0.7229145169258118,31,2023-06-09 20:27:13,-25.229598999023438
935.1074829101562,5a287c6d3ffda73f,0.4298095703125,0.12921142578125,0.746882975101471,-0.7821698188781738,5,-19.19059944152832,14.054399490356445,0.276123046875,0,0.8550072312355042,23,2023-06-09 20:27:14,-22.167400360107422
935.114990234375,5a287c6d3ffda73f,0.4639892578125,-0.013366700150072575,-0.2707101106643677,0.23648852109909058,5,-21.777000427246094,12.858799934387207,0.736572265625,1,0.4181159734725952,21,2023-06-09 20:27:14,-19.678600311279297
935.1237182617188,5a287c6d3ffda73f,0.6329345703125,0.11065673828125,-1.1486204862594604,-0.18482324481010437,5,-31.976200103759766,16.628599166870117,1.036865234375,2,0.08628635853528976,21,2023-06-09 20:27:14,-20.678998947143555
935.0762329101562,5a287c6d3ffda73f,0.5113525390625,-0.14617919921875,0.25433170795440674,0.02197106182575226,5,-34.39179992675781,15.298799514770508,0.943603515625,3,0.635163426399231,19,2023-06-09 20:27:14,-18.068199157714844
935.0862426757812,5a287c6d3ffda73f,0.3477783203125,-0.1080932691693306,0.21358536183834076,-0.12357058376073837,5,-36.917198181152344,13.09060001373291,0.674072265625,0,0.2680469751358032,17,2023-06-09 20:27:15,-15.7746000289917
935.1012573242188,5a287c6d3ffda73f,0.7637939453125,0.14532470703125,0.0021305272821336985,0.8210519552230835,5,-38.161598205566406,10.845799446105957,1.198974609375,1,-0.2522011697292328,13,2023-06-09 20:27:15,-14.322799682617188
935.0499877929688,5a287c6d3ffda73f,0.2838134765625,0.12628173828125,-0.6954839825630188,-0.3575291037559509,5,-38.5275993347168,8.991399765014648,0.750732421875,2,-0.2908169627189636,22,2023-06-09 20:27:15,-13.847000122070312
935.0299682617188,5a287c6d3ffda73f,0.5572509765625,0.14385986328125,-0.3472759425640106,-0.4491417706012726,5,-37.9297981262207,7.344399929046631,0.489990234375,3,-0.5486107468605042,29,2023-06-09 20:27:15,-14.176400184631348
935.0262451171875,5a287c6d3ffda73f,0.6099853515625,0.26934814453125,0.2929475009441376,0.056725289672613144,5,-37.39299774169922,7.539599895477295,1.097900390625,4,0.16138744354248047,30,2023-06-09 20:27:15,-14.005599975585938
934.9949951171875,5a287c6d3ffda73f,0.4488525092601776,-0.09637451171875,-0.16072164475917816,-0.45606598258018494,5,-37.11240005493164,7.649399757385254,0.803955078125,0,0.22809958457946777,34,2023-06-09 20:27:16,-13.493199348449707
935.0187377929688,5a287c6d3ffda73f,0.5318603515625,-0.13836669921875,-0.204264298081398,-0.22929799556732178,5,-36.648799896240234,7.69819974899292,0.502197265625,1,0.011584741994738579,45,2023-06-09 20:27:16,-13.57859992980957
935.0262451171875,5a287c6d3ffda73f,0.7276611328125,0.30010986328125,-0.07403582334518433,0.7741803526878357,5,-36.16080093383789,8.161799430847168,1.044189453125,2,-0.22090904414653778,49,2023-06-09 20:27:16,-13.554200172424316
934.9974975585938,5a287c6d3ffda73f,0.3814697265625,-0.07391357421875,-0.2018674612045288,-0.253532737493515,5,-35.46540069580078,8.857199668884277,0.376220703125,3,-0.10359688848257065,57,2023-06-09 20:27:16,-14.042200088500977
935.0474853515625,5a287c6d3ffda73f,0.5616455078125,-0.06512451171875,0.5816339254379272,1.180312156677246,5,-35.575199127197266,8.515600204467773,0.564697265625,0,0.5014728307723999,62,2023-06-09 20:27:17,-13.639599800109863
935.0149536132812,5a287c6d3ffda73f,0.8629150390625,0.2229614108800888,2.658365488052368,-0.022370535880327225,5,-36.014400482177734,7.039400100708008,1.238525390625,1,1.6345138549804688,50,2023-06-09 20:27:17,-12.358599662780762
935.0087280273438,5a287c6d3ffda73f,0.3673095703125,-0.12762451171875,1.8335850238800049,0.2725743353366852,5,-36.08760070800781,4.245599746704102,0.561279296875,2,1.0831067562103271,63,2023-06-09 20:27:17,-11.870599746704102
935.0037231445312,5a287c6d3ffda73f,0.6480712890625,0.07452392578125,1.25701105594635,-0.28735485672950745,5,-35.636199951171875,0.9271999597549438,0.959228515625,3,1.0877673625946045,89,2023-06-09 20:27:17,-11.711999893188477
934.9824829101562,5a287c6d3ffda73f,0.7301025390625,0.15264892578125,0.6162550449371338,-0.5106607675552368,5,-33.305999755859375,-6.3196001052856445,0.220947265625,0,0.7149250507354736,86,2023-06-09 20:27:18,-12.773399353027344
934.9762573242188,5a287c6d3ffda73f,0.6490478515625,0.30255126953125,0.1897500902414322,-0.5869602560997009,5,-31.80539894104004,-10.394399642944336,0.9855956435203552,1,-0.20945745706558228,79,2023-06-09 20:27:18,-13.480999946594238
934.969970703125,5a287c6d3ffda73f,0.7012939453125,-0.02557373046875,-0.18575534224510193,0.020373167470097542,5,-30.243799209594727,-14.24959945678711,0.8845214247703552,2,0.15606112778186798,92,2023-06-09 20:27:18,-14.21299934387207
934.96875,5a287c6d3ffda73f,0.5723876953125,-0.08660888671875,-1.0508825778961182,-0.15219953656196594,5,-28.54800033569336,-17.86079978942871,0.768310546875,3,-0.632766604423523,130,2023-06-09 20:27:18,-15.018199920654297
934.9887084960938,5a287c6d3ffda73f,0.7203369140625,0.04522705078125,0.053130023181438446,0.774979293346405,5,-27.083999633789062,-20.666799545288086,1.044189453125,0,-0.154995858669281,183,2023-06-09 20:27:19,-15.933199882507324
934.9537353515625,5a287c6d3ffda73f,0.4586181938648224,-0.18914794921875,0.06032055243849754,-0.3587275445461273,5,-25.48579978942871,-23.143400192260742,0.315185546875,1,0.11012163013219833,207,2023-06-09 20:27:19,-16.55539894104004
934.9849853515625,5a287c6d3ffda73f,0.7662353515625,0.30352783203125,0.8137282729148865,-0.04953476041555405,5,-25.595600128173828,-23.60700035095215,0.828369140625,2,0.6083986759185791,217,2023-06-09 20:27:19,-15.750199317932129
934.9862060546875,5a287c6d3ffda73f,0.5308837890625,-0.29803466796875,0.46578651666641235,0.013448953628540039,5,-25.449199676513672,-23.997400283813477,1.019287109375,3,0.8165245652198792,278,2023-06-09 20:27:19,-15.432999610900879
935.0249633789062,5a287c6d3ffda73f,0.4478759467601776,0.01251220703125,0.6306360960006714,0.5956155061721802,5,-24.680599212646484,-24.314599990844727,0.854248046875,0,1.0908299684524536,246,2023-06-09 20:27:20,-15.628199577331543
934.9949951171875,5a287c6d3ffda73f,0.3253173828125,0.20245361328125,0.5185170769691467,-0.13595427572727203,5,-23.777799606323242,-24.656200408935547,1.389404296875,1,0.344745934009552,73,2023-06-09 20:27:20,-15.713600158691406
934.9762573242188,5a287c6d3ffda73f,0.5123291015625,0.1072387769818306,-0.08042740821838379,0.052863709628582,5,-20.593599319458008,-24.948999404907227,1.010009765625,2,0.38349491357803345,34,2023-06-09 20:27:20,-17.677799224853516
934.9737548828125,5a287c6d3ffda73f,0.6949462890625,0.04669189453125,0.7616634964942932,-0.23023010790348053,5,-18.007200241088867,-24.936800003051758,0.803466796875,3,0.8684561848640442,36,2023-06-09 20:27:20,-19.50779914855957
934.981201171875,5a287c6d3ffda73f,0.5035400390625,-0.07049560546875,0.23222747445106506,-0.02024000883102417,5,-14.920599937438965,-24.631799697875977,0.830810546875,4,0.5804355144500732,46,2023-06-09 20:27:20,-21.679399490356445
934.9937133789062,5a287c6d3ffda73f,0.5406494140625,0.07843017578125,0.18815219402313232,0.670050859451294,5,-11.785200119018555,-24.351200103759766,0.9919432997703552,0,0.5151881575584412,35,2023-06-09 20:27:21,-23.875398635864258
934.9724731445312,5a287c6d3ffda73f,0.4327392578125,0.51153564453125,0.1825595498085022,-0.20093534886837006,5,-9.162199974060059,-23.802200317382812,0.798095703125,1,0.5655218362808228,38,2023-06-09 20:27:21,-25.595600128173828
934.9674682617188,5a287c6d3ffda73f,0.6173095703125,0.14923095703125,-0.21931114792823792,0.37989965081214905,5,-4.904399871826172,-22.411399841308594,0.612548828125,2,0.23821958899497986,48,2023-06-09 20:27:21,-28.18199920654297
934.9786987304688,5a287c6d3ffda73f,0.6739501953125,0.31134033203125,0.6358292102813721,-0.02330264262855053,5,-3.2451999187469482,-21.691598892211914,0.960693359375,3,0.3797664940357208,40,2023-06-09 20:27:21,-29.340999603271484
934.969970703125,5a287c6d3ffda73f,0.4454345405101776,-0.01141357421875,0.5250418186187744,-0.5508744716644287,5,-1.6225999593734741,-20.642398834228516,0.844970703125,0,0.5633913278579712,28,2023-06-09 20:27:22,-30.621999740600586
934.9949951171875,5a287c6d3ffda73f,0.5372314453125,0.06182861328125,0.45433494448661804,0.15086796879768372,5,0.14640000462532043,-19.410200119018555,0.722412109375,1,-0.07496792823076248,14,2023-06-09 20:27:22,-31.671199798583984
934.9612426757812,5a287c6d3ffda73f,0.5401611328125,0.33428955078125,-0.5305013060569763,0.48629283905029297,5,0.536799967288971,-18.81239891052246,1.254150390625,2,-0.10639320313930511,13,2023-06-09 20:27:22,-32.39099884033203
934.9299926757812,5a287c6d3ffda73f,0.4605712890625,0.06719970703125,-0.6752439737319946,-0.27124276757240295,5,1.5127999782562256,-18.141399383544922,0.4177245795726776,3,-0.4379565119743347,8,2023-06-09 20:27:22,-33.574398040771484
934.9612426757812,5a287c6d3ffda73f,0.6080322265625,0.04913330078125,0.9096019864082336,0.4727107286453247,5,1.7811999320983887,-17.372798919677734,0.565185546875,0,-0.15832480788230896,7,2023-06-09 20:27:23,-34.318599700927734
934.9149780273438,5a287c6d3ffda73f,0.3531494140625,0.07061767578125,0.4032022953033447,0.5950828790664673,5,1.7445999383926392,-15.811200141906738,1.309326171875,1,0.26698169112205505,7,2023-06-09 20:27:23,-35.46540069580078
935.001220703125,5a287c6d3ffda73f,0.4556885063648224,-0.36199951171875,0.07190529257059097,0.02143843099474907,5,5.990200042724609,-13.688399314880371,0.642333984375,2,0.25486433506011963,6,2023-06-09 20:27:23,-33.01319885253906
934.9649658203125,5a287c6d3ffda73f,0.7003173828125,-0.26531982421875,-0.6458160877227783,-1.4033516645431519,5,6.002399921417236,-13.005199432373047,1.047119140625,3,0.5269060134887695,6,2023-06-09 20:27:23,-33.684200286865234
934.9649658203125,5a287c6d3ffda73f,0.4620361328125,0.12188720703125,0.04740423336625099,0.0270310640335083,5,6.160999774932861,-13.102799415588379,0.595458984375,0,-0.30253487825393677,6,2023-06-09 20:27:24,-34.03799819946289
935.0449829101562,5a287c6d3ffda73f,0.4190673828125,0.10382080078125,0.9655283093452454,-0.007590003311634064,5,7.990999698638916,-13.310199737548828,0.690185546875,1,0.6030724048614502,21,2023-06-09 20:27:24,-34.318599700927734
934.9974975585938,5a287c6d3ffda73f,0.5479736328125,0.14532470703125,0.5074649453163147,0.18775272369384766,5,8.930399894714355,-11.846199989318848,1.161376953125,2,1.164999008178711,26,2023-06-09 20:27:24,-35.02619934082031
,5a287c6d3ffda73f,0.2320556640625,-0.29412841796875,0.17030902206897736,-0.32530489563941956,5,-19.20279884338379,-23.326398849487305,0.770751953125,3,0.2347574681043625,32,2023-06-09 20:27:24,-20.17879867553711
934.5,5a287c6d3ffda73f,0.7901611328125,-0.00604248046875,0.34674331545829773,-0.5480781197547913,5,-16.60420036315918,-22.996999740600586,0.863525390625,0,0.5856286883354187,30,2023-06-09 20:28:11,-22.11859893798828
934.3599853515625,5a287c6d3ffda73f,0.5025634765625,-0.28631591796875,0.11464899778366089,0.29893961548805237,5,-14.444799423217773,-23.20439910888672,0.703369140625,1,0.1322258561849594,31,2023-06-09 20:28:11,-23.021400451660156
934.2525024414062,5a287c6d3ffda73f,0.6480712890625,0.04425048828125,-0.43156492710113525,0.1826927214860916,5,-13.480999946594238,-23.753398895263672,0.877685546875,2,-0.08855003863573074,55,2023-06-09 20:28:11,-22.8627986907959
934.177490234375,5a287c6d3ffda73f,0.5596923828125,-0.00213623046875,-0.11784479022026062,-0.2701774835586548,5,-12.626999855041504,-24.54640007019043,0.9841307997703552,3,-0.025433169677853584,52,2023-06-09 20:28:11,-22.326000213623047
934.074951171875,5a287c6d3ffda73f,0.6060791015625,-0.07733154296875,0.10732531547546387,-0.13622058928012848,5,-11.199600219726562,-25.52239990234375,0.740966796875,0,-0.07177213579416275,86,2023-06-09 20:28:12,-21.667200088500977
934.0274658203125,5a287c6d3ffda73f,0.5806884765625,-0.04705810546875,-0.2912164330482483,-0.2066611498594284,5,-10.699399948120117,-26.046998977661133,0.874267578125,1,-0.09334372729063034,125,2023-06-09 20:28:12,-21.264598846435547
934.0149536132812,5a287c6d3ffda73f,0.3194580078125,-0.00360107421875,-0.16711322963237762,-0.24967116117477417,5,-9.174399375915527,-26.91320037841797,1.054443359375,2,-0.24314641952514648,162,2023-06-09 20:28:12,-20.813199996948242
934.012451171875,5a287c6d3ffda73f,0.4825439453125,-0.12420654296875,-0.5134570598602295,-0.14207953214645386,5,-8.479000091552734,-28.047800064086914,0.832763671875,3,-0.4881570637226105,172,2023-06-09 20:28:12,-19.410200119018555
,5a287c6d3ffda73f,0.62066650390625,-0.3726806640625,-1.162335753440857,-1.3238563537597656,1,10.882399559020996,2.15939998626709,0.5867919921875,0,0.31691592931747437,547,2023-06-08 19:16:53,-38.588600158691406
932.7474975585938,5a287c6d3ffda73f,0.46795654296875,-0.0733642578125,-0.5776392221450806,-0.7616634964942932,1,14.359399795532227,-1.1101999282836914,0.8864745497703552,1,-0.3490070104598999,513,2023-06-08 19:16:53,-36.69759750366211
932.8062133789062,5a287c6d3ffda73f,0.4304199516773224,-0.0001220703125,-0.28748801350593567,-0.906805694103241,1,23.802200317382812,-5.855999946594238,0.9433593153953552,2,-1.2145336866378784,584,2023-06-08 19:16:53,-28.962799072265625
932.8574829101562,5a287c6d3ffda73f,0.2155761867761612,0.0152587890625,0.21851220726966858,0.7600656151771545,1,24.10719871520996,-9.4306001663208,1.1385498046875,3,-1.4628733396530151,558,2023-06-08 19:16:53,-27.5231990814209
932.8974609375,5a287c6d3ffda73f,0.2857666015625,-0.161376953125,0.3724428117275238,0.9334372878074646,1,21.947799682617188,-12.419599533081055,0.8740234375,0,-1.881388783454895,421,2023-06-08 19:16:54,-27.291399002075195
932.9199829101562,5a287c6d3ffda73f,0.4134521484375,-0.4027099609375,1.1917636394500732,1.10454523563385,1,15.920999526977539,-14.969399452209473,0.89422607421875,1,-1.3439632654190063,231,2023-06-08 19:16:54,-29.633798599243164
932.9262084960938,5a287c6d3ffda73f,0.342529296875,-0.5908203125,1.1217225790023804,0.4407528340816498,1,10.76039981842041,-14.017799377441406,0.57421875,2,-1.629320740699768,154,2023-06-08 19:16:54,-29.8533992767334
932.9437255859375,5a287c6d3ffda73f,0.1763916015625,-1.0562744140625,-0.7119956016540527,-0.5600623488426208,1,6.2708001136779785,-11.94379997253418,0.28277587890625,3,1.0369009971618652,209,2023-06-08 19:16:54,-30.951398849487305
932.9624633789062,5a287c6d3ffda73f,0.2734375,-0.8228759169578552,-0.5673860311508179,0.13595427572727203,1,2.134999990463257,-13.310199737548828,0.64862060546875,4,-0.12863057851791382,248,2023-06-08 19:16:54,-30.695199966430664
932.9774780273438,5a287c6d3ffda73f,0.4627685546875,-0.6422119140625,-0.5237102508544922,-0.16351796686649323,1,-2.684000015258789,-14.164199829101562,0.57861328125,0,-0.1808284968137741,326,2023-06-08 19:16:55,-30.81719970703125
932.989990234375,5a287c6d3ffda73f,0.4187622368335724,-0.95928955078125,-0.3394196331501007,-1.0199899673461914,1,-7.039400100708008,-14.932799339294434,0.550048828125,1,2.5052337646484375,583,2023-06-08 19:16:55,-31.597999572753906
932.9887084960938,5a287c6d3ffda73f,0.3675537109375,-0.0823974609375,0.4665854871273041,0.0576573945581913,1,-8.906000137329102,-14.652199745178223,0.916015625,2,0.6539387106895447,637,2023-06-08 19:16:55,-32.81800079345703
932.9849853515625,5a287c6d3ffda73f,0.449951171875,-0.29840087890625,-1.0467547178268433,-0.42663809657096863,1,-9.113399505615234,-13.920199394226074,0.8072509765625,3,-0.20679430663585663,810,2023-06-08 19:16:55,-33.6963996887207
933.0025024414062,5a287c6d3ffda73f,0.59088134765625,-0.347900390625,-0.9648625254631042,-0.2649843394756317,1,-6.661200046539307,-14.493599891662598,0.844482421875,4,0.7723161578178406,478,2023-06-08 19:16:55,-33.891597747802734
,5a287c6d3ffda73f,0.3018798828125,-0.0455322265625,,,1,,,1.008056640625,0,,70,2023-06-08 19:16:56,
,5a287c6d3ffda73f,0.4195556640625,0.0118408203125,-0.3716438412666321,0.060986343771219254,1,13.420000076293945,7.344399929046631,0.854248046875,0,0.0732368752360344,,2023-06-08 19:21:35,-16.494400024414062
932.3412475585938,5a287c6d3ffda73f,0.4403686821460724,-0.00042724609375,-0.06338318437337875,0.6468813419342041,1,12.346399307250977,6.307399749755859,0.87939453125,0,-0.105727419257164,65,2023-06-08 19:21:36,-17.104398727416992
932.1549682617188,5a287c6d3ffda73f,0.487548828125,0.00341796875,0.08868319541215897,-0.9695230722427368,1,12.443999290466309,5.453399658203125,0.8721923828125,1,0.1591237634420395,65,2023-06-08 19:21:36,-17.958398818969727
932.0099487304688,5a287c6d3ffda73f,0.256591796875,0.1131591796875,0.29201540350914,0.14687322080135345,1,12.822199821472168,5.599800109863281,0.9994506239891052,2,0.7313035130500793,84,2023-06-08 19:21:36,-19.068599700927734
931.9087524414062,5a287c6d3ffda73f,0.3310546875,0.18304443359375,0.06671213358640671,0.27403905987739563,1,12.956399917602539,6.148799896240234,0.89678955078125,3,0.36258912086486816,88,2023-06-08 19:21:36,-19.88599967956543
931.8462524414062,5a287c6d3ffda73f,0.4214477837085724,0.2208862155675888,0.308793306350708,0.12636689841747284,1,12.700200080871582,6.6977996826171875,0.89520263671875,4,0.08855003863573074,88,2023-06-08 19:21:36,-20.691200256347656
931.8262329101562,5a287c6d3ffda73f,0.3734130859375,0.1451416015625,0.28083011507987976,0.0624510794878006,1,9.223199844360352,0.561199963092804,1.055908203125,0,0.19773955643177032,99,2023-06-08 19:21:37,-28.670000076293945
931.8087158203125,5a287c6d3ffda73f,0.3763427734375,0.0643310546875,0.01584579609334469,0.3118559420108795,1,8.722999572753906,1.378600001335144,0.78033447265625,1,0.15219953656196594,113,2023-06-08 19:21:37,-29.353199005126953
931.7974853515625,5a287c6d3ffda73f,0.4918212592601776,0.0970458984375,-0.6363618969917297,-0.20746009051799774,1,8.015399932861328,2.037400007247925,0.8099365234375,2,-0.4175833463668823,119,2023-06-08 19:21:37,-30.80500030517578
931.8187255859375,5a287c6d3ffda73f,0.3682861328125,0.2735595703125,,,1,8.234999656677246,2.342400074005127,1.01300048828125,3,,121,2023-06-08 19:21:37,-32.46419906616211
,5a287c6d3ffda73f,0.3546142578125,-0.1326904296875,,,5,10.125999450683594,-1.8421999216079712,0.7353515625,0,,,2023-06-08 19:21:45,-36.636600494384766
,5a287c6d3ffda73f,0.4427489936351776,-0.2278442531824112,-0.4046670198440552,-0.5267728567123413,5,11.894999504089355,-3.013399839401245,0.92156982421875,1,-0.24767379462718964,42,2023-06-08 19:21:45,-35.97779846191406
931.88623046875,5a287c6d3ffda73f,0.1982421875,-0.1605224609375,-0.2312953621149063,-0.10852373391389847,5,12.017000198364258,-2.952399969100952,1.102294921875,2,0.9953557252883911,43,2023-06-08 19:21:45,-35.92900085449219
931.8787231445312,5a287c6d3ffda73f,0.29302978515625,0.10931396484375,-0.4223770201206207,0.20319904386997223,5,12.358599662780762,-3.2695999145507812,0.80084228515625,3,0.29827383160591125,39,2023-06-08 19:21:45,-35.88019943237305
931.8887329101562,5a287c6d3ffda73f,0.3135986328125,0.0279541015625,0.5294360518455505,-0.6391581892967224,5,13.529799461364746,-3.4282000064849854,1.139892578125,0,-0.2901511788368225,53,2023-06-08 19:21:46,-35.40439987182617
931.9112548828125,5a287c6d3ffda73f,0.0452880859375,-0.0308837890625,-0.013848427683115005,-0.3960117697715759,5,13.810400009155273,-4.209000110626221,0.8613281846046448,1,-0.735298216342926,77,2023-06-08 19:21:46,-35.160400390625
931.94873046875,5a287c6d3ffda73f,0.3212890625,-0.1884765625,-1.0398304462432861,1.4402364492416382,5,12.151199340820312,-6.258599758148193,1.19366455078125,2,-0.06404897570610046,83,2023-06-08 19:21:46,-34.79439926147461
931.9837036132812,5a287c6d3ffda73f,0.45819091796875,0.00634765625,-1.786180853843689,1.8845845460891724,5,,,0.70556640625,3,0.43928807973861694,100,2023-06-08 19:21:46,
931.94873046875,5a287c6d3ffda73f,0.41253662109375,0.250244140625,2.3108232021331787,-1.2254526615142822,5,11.382599830627441,-7.954400062561035,0.37451171875,4,1.9379808902740479,141,2023-06-08 19:21:46,-31.79319953918457
931.9874877929688,5a287c6d3ffda73f,0.13555908203125,0.11248779296875,2.8774101734161377,-0.6326334476470947,5,,,1.552001953125,0,0.2697780132293701,109,2023-06-08 19:21:47,
931.9862060546875,5a287c6d3ffda73f,0.0611572265625,-0.2358398288488388,0.8127961754798889,0.595482349395752,5,11.626599311828613,-5.733999729156494,0.70172119140625,1,0.9940241575241089,81,2023-06-08 19:21:47,-31.46379852294922
931.9450073242188,5a287c6d3ffda73f,0.6400146484375,-0.4490966498851776,0.9508809447288513,0.9399620294570923,5,11.41919994354248,-3.1598000526428223,0.9257202744483948,2,-0.9102677702903748,66,2023-06-08 19:21:47,-31.12220001220703
931.9537353515625,5a287c6d3ffda73f,0.1045532152056694,-1.01416015625,-1.726259708404541,-0.3178480267524719,5,11.028800010681152,-0.7563999891281128,0.7774658203125,3,-0.15512901544570923,37,2023-06-08 19:21:47,-30.939199447631836
931.9549560546875,5a287c6d3ffda73f,0.10980224609375,-0.2708740234375,1.2177294492721558,2.260622501373291,5,10.870200157165527,0.9515999555587769,0.98675537109375,4,1.249820590019226,20,2023-06-08 19:21:47,-31.43939971923828
931.9237060546875,5a287c6d3ffda73f,0.67626953125,-0.26287841796875,-1.5235933065414429,-0.2510027587413788,5,8.857199668884277,3.3794000148773193,0.6474609375,0,0.2552638053894043,16,2023-06-08 19:21:48,-32.43980026245117
931.896240234375,5a287c6d3ffda73f,0.4818115234375,-0.2149658352136612,1.6413049697875977,0.6061350107192993,5,8.588799476623535,7.112599849700928,0.47784423828125,1,-0.48855653405189514,13,2023-06-08 19:21:48,-33.08639907836914
931.8787231445312,5a287c6d3ffda73f,0.0709228515625,-0.9273682236671448,3.1160292625427246,0.6749776601791382,5,8.527799606323242,13.480999946594238,0.260498046875,2,-2.3210763931274414,9,2023-06-08 19:21:48,-32.69599914550781
931.8637084960938,5a287c6d3ffda73f,-0.165771484375,-1.1832275390625,0.2877543270587921,-0.09507478028535843,5,7.990999698638916,16.713998794555664,-0.0072021484375,3,-3.1911303997039795,8,2023-06-08 19:21:48,-27.376798629760742
931.8899536132812,5a287c6d3ffda73f,0.1654052734375,-1.8162840604782104,-1.5881749391555786,-0.7462171912193298,5,9.491600036621094,17.93400001525879,0.35931396484375,4,-0.7358308434486389,6,2023-06-08 19:21:48,-26.095800399780273
,5a287c6d3ffda73f,0.3782958984375,-0.19122314453125,0.41878175735473633,0.28735485672950745,5,-16.25040054321289,-26.095800399780273,1.14129638671875,0,0.29467856884002686,55,2023-06-08 19:22:25,-28.730998992919922
931.449951171875,5a287c6d3ffda73f,0.19781494140625,-0.29437255859375,-0.07337003201246262,0.10865689069032669,5,-15.823399543762207,-25.717599868774414,0.8637695908546448,1,1.2359721660614014,50,2023-06-08 19:22:25,-29.243398666381836
931.2487182617188,5a287c6d3ffda73f,0.3868408203125,-0.064453125,-0.4551338851451874,-0.3440801501274109,5,-13.651800155639648,-27.108400344848633,0.821044921875,2,0.6225134134292603,41,2023-06-08 19:22:25,-28.90180015563965
931.1412353515625,5a287c6d3ffda73f,0.2607421875,0.18798828125,0.2680469751358032,0.21252009272575378,5,-11.528999328613281,-28.047800064086914,1.10601806640625,3,-0.1676458716392517,37,2023-06-08 19:22:25,-29.682600021362305
931.01123046875,5a287c6d3ffda73f,0.2921142578125,0.02490234375,0.5050681233406067,0.1255679577589035,5,-10.833600044250488,-28.035598754882812,0.80322265625,4,0.04194475710391998,35,2023-06-08 19:22:25,-29.731399536132812
930.9299926757812,5a287c6d3ffda73f,0.3851318359375,-0.02349853515625,0.98124098777771,-0.5809681415557861,5,-10.406599998474121,-25.888399124145508,0.933837890625,0,-0.13835111260414124,36,2023-06-08 19:22:26,-30.255998611450195
930.938720703125,5a287c6d3ffda73f,0.2552490234375,-0.37799072265625,-0.49588021636009216,-0.0037284228019416332,5,-9.57699966430664,-24.985599517822266,1.04473876953125,1,0.2973417043685913,58,2023-06-08 19:22:26,-30.902599334716797
930.8612060546875,5a287c6d3ffda73f,0.29705810546875,-0.141357421875,-0.23169484734535217,0.31744855642318726,5,-8.7839994430542,-24.704999923706055,0.80615234375,2,0.4127896726131439,81,2023-06-08 19:22:26,-31.07339859008789
930.8224487304688,5a287c6d3ffda73f,0.3780517578125,-0.0792236328125,-0.27843329310417175,-0.08868319541215897,5,-7.051599979400635,-24.692798614501953,1.021728515625,3,-0.2876211702823639,119,2023-06-08 19:22:26,-31.03679847717285
930.7637329101562,5a287c6d3ffda73f,0.270751953125,0.02648925594985485,-0.021038956940174103,0.0153131652623415,5,-5.441199779510498,-24.997798919677734,0.953857421875,4,-0.11744531989097595,161,2023-06-08 19:22:26,-30.585399627685547
930.7362060546875,5a287c6d3ffda73f,0.28277587890625,-0.02325439453125,-0.42903491854667664,0.1627190262079239,5,-4.550600051879883,-25.022199630737305,0.9368285536766052,0,-0.024900536984205246,202,2023-06-08 19:22:27,-29.914400100708008
930.708740234375,5a287c6d3ffda73f,0.2650146484375,0.0413818359375,-0.23315958678722382,-0.47284388542175293,5,-3.8185999393463135,-25.11979866027832,0.96368408203125,1,0.35539859533309937,232,2023-06-08 19:22:27,-28.79199981689453
930.6737060546875,5a287c6d3ffda73f,0.23590087890625,0.0208740234375,0.5816339254379272,0.04434159770607948,5,-2.317999839782715,-25.546798706054688,0.95367431640625,2,0.5151881575584412,299,2023-06-08 19:22:27,-27.376798629760742
930.6612548828125,5a287c6d3ffda73f,0.2569580078125,-0.0126953125,0.12956269085407257,0.2090579867362976,5,-0.8295999765396118,-26.229999542236328,0.9276123046875,3,-0.1729721873998642,307,2023-06-08 19:22:27,-25.705398559570312
930.677490234375,5a287c6d3ffda73f,0.203369140625,0.0179443359375,-0.022237379103899002,-0.3958786129951477,5,0.4513999819755554,-26.998600006103516,1.03338623046875,4,0.20746009051799774,237,2023-06-08 19:22:27,-23.52159881591797
930.6724853515625,5a287c6d3ffda73f,0.1533203125,0.0001220703125,-0.595482349395752,0.013981585390865803,5,2.0739998817443848,-27.108400344848633,1.04107666015625,0,0.48629283905029297,71,2023-06-08 19:22:28,-21.337799072265625
930.6325073242188,5a287c6d3ffda73f,0.1768798828125,0.15673828125,,,5,4.1479997634887695,-26.547199249267578,0.9510498046875,1,,,2023-06-08 19:22:28,-19.422399520874023
,5a287c6d3ffda73f,0.54364013671875,0.0108642578125,,,1,-17.22640037536621,-34.3307991027832,0.85552978515625,0,,5198,2023-06-08 18:04:28,-25.473600387573242
933.9087524414062,5a287c6d3ffda73f,0.5367431640625,0.00274658203125,0.12836426496505737,-0.17749954760074615,1,-16.469999313354492,-33.85499954223633,0.847900390625,1,-0.012516847811639309,,2023-06-08 18:04:28,-26.364198684692383
933.3212280273438,5a287c6d3ffda73f,0.4651489555835724,-0.03851318359375,-0.12317110598087311,-0.171773761510849,1,-15.591599464416504,-33.70859909057617,0.8989868760108948,2,-0.0366184376180172,5632,2023-06-08 18:04:28,-27.14499855041504
932.8899536132812,5a287c6d3ffda73f,0.4153442680835724,-0.01763916015625,0.0031957910396158695,-0.0017310534603893757,1,-15.030399322509766,-33.65979766845703,0.9197998046875,3,-0.04860265180468559,5766,2023-06-08 18:04:28,-27.41339874267578
932.574951171875,5a287c6d3ffda73f,0.4114990234375,-0.02099609375,,,1,-14.798599243164062,-33.623199462890625,0.91619873046875,0,,5781,2023-06-08 18:04:29,-27.571998596191406
932.3374633789062,5a287c6d3ffda73f,0.41009521484375,-0.021484375,-0.02330264262855053,0.001331579522229731,1,-14.688799858093262,-33.65979766845703,0.9285277724266052,1,0.009720530360937119,5724,2023-06-08 18:04:29,-27.657400131225586
932.1612548828125,5a287c6d3ffda73f,0.4000244140625,0.007446289528161287,,,1,-14.542399406433105,-33.65979766845703,0.9177246689796448,2,,5674,2023-06-08 18:04:29,-27.681798934936523
932.0287475585938,5a287c6d3ffda73f,0.38983154296875,-0.01422119140625,0.053130023181438446,0.0318247526884079,1,-14.456999778747559,-33.58660125732422,0.923583984375,3,-0.05392897129058838,5737,2023-06-08 18:04:29,-27.779399871826172
931.9400024414062,5a287c6d3ffda73f,0.39520263671875,-0.02984619326889515,,,1,-14.078800201416016,-33.37919998168945,0.942138671875,4,,5723,2023-06-08 18:04:29,-28.1697998046875
931.8624877929688,5a287c6d3ffda73f,0.4002685546875,-0.04107666015625,-0.016112113371491432,0.10679268091917038,1,-14.042200088500977,-33.318199157714844,0.9345702528953552,0,-0.016112113371491432,5568,2023-06-08 18:04:30,-28.243000030517578
931.8175048828125,5a287c6d3ffda73f,0.4532471001148224,-0.03143310546875,-0.14580796658992767,0.37563860416412354,1,-14.456999778747559,-33.33039855957031,0.8884276747703552,1,-0.007723161485046148,5174,2023-06-08 18:04:30,-27.86479949951172
931.7911987304688,5a287c6d3ffda73f,0.51629638671875,0.0040283203125,-0.11132004857063293,0.1609879732131958,1,-15.005999565124512,-33.354801177978516,0.871337890625,2,-0.017976323142647743,4807,2023-06-08 18:04:30,-27.47439956665039
931.7525024414062,5a287c6d3ffda73f,0.5120849609375,-0.000244140625,-0.02450106292963028,-0.050600022077560425,1,-15.493999481201172,-33.41579818725586,0.863525390625,3,-0.023568958044052124,4862,2023-06-08 18:04:30,-27.059598922729492
931.7274780273438,5a287c6d3ffda73f,0.5128173828125,0.0010986328125,-0.006524739786982536,0.028096329420804977,1,-15.969799995422363,-33.42799758911133,0.87158203125,4,-0.0022636852227151394,4852,2023-06-08 18:04:30,-26.632598876953125
931.7062377929688,5a287c6d3ffda73f,0.51898193359375,0.00238037109375,0.003861580742523074,0.04966791719198227,1,-16.494400024414062,-33.501197814941406,0.8690184950828552,0,0.024767380207777023,4787,2023-06-08 18:04:31,-26.19339942932129
931.6925048828125,5a287c6d3ffda73f,0.5247802734375,0.02532958984375,-0.18895113468170166,0.10652636736631393,1,-16.994600296020508,-33.76959991455078,0.85345458984375,1,0.06751108169555664,4618,2023-06-08 18:04:31,-25.51019859313965
931.6812133789062,5a287c6d3ffda73f,0.54278564453125,0.06646728515625,-0.09440898895263672,0.03688475489616394,1,-17.445999145507812,-34.13560104370117,0.85491943359375,2,0.03435475379228592,4434,2023-06-08 18:04:31,-24.729398727416992
931.6937255859375,5a287c6d3ffda73f,0.5357666015625,0.06610107421875,-0.011984216049313545,-0.08681898564100266,1,-17.690000534057617,-34.46500015258789,0.8417968153953552,3,0.0035952648613601923,4443,2023-06-08 18:04:31,-24.13159942626953
931.6937255859375,5a287c6d3ffda73f,0.517822265625,0.0592040978372097,0.07403582334518433,-0.09174583107233047,1,-17.665599822998047,-34.67239761352539,0.8758545517921448,4,-0.0010652636410668492,4642,2023-06-08 18:04:31,-23.85099983215332
931.6950073242188,5a287c6d3ffda73f,0.5115966796875,0.05596923828125,0.0270310640335083,-0.023568958044052124,1,-17.51919937133789,-34.830997467041016,0.86273193359375,0,0.018109481781721115,4697,2023-06-08 18:04:32,-23.729000091552734
931.6849975585938,5a287c6d3ffda73f,0.4812012016773224,0.04595947265625,-0.08455529808998108,0.11065425723791122,1,-17.287399291992188,-34.9286003112793,0.880859375,1,-0.02396843209862709,4978,2023-06-08 18:04:32,-23.753398895263672
931.6824951171875,5a287c6d3ffda73f,0.4763183891773224,0.03369140625,,,1,-17.116600036621094,-35.07500076293945,0.89208984375,2,,4940,2023-06-08 18:04:32,-23.692399978637695
931.7037353515625,5a287c6d3ffda73f,0.494384765625,0.0487060546875,-0.057391077280044556,0.10066741704940796,1,-16.909198760986328,-35.196998596191406,0.8558349013328552,3,0.0366184376180172,4720,2023-06-08 18:04:32,-23.741199493408203
931.6599731445312,5a287c6d3ffda73f,0.4906005561351776,0.035888671875,0.2990727722644806,-0.20626167953014374,1,-16.677400588989258,-35.05059814453125,0.89208984375,4,-0.038349490612745285,5115,2023-06-08 18:04:32,-24.18039894104004
931.6349487304688,5a287c6d3ffda73f,0.4741210639476776,-0.0159912109375,0.04101264849305153,0.052464235574007034,1,-16.409000396728516,-34.81879806518555,0.90069580078125,0,0.029561065137386322,5201,2023-06-08 18:04:33,-24.778200149536133
931.614990234375,5a287c6d3ffda73f,0.4736327826976776,-0.01165771484375,-0.011717899702489376,-0.06072002649307251,1,-16.067399978637695,-34.562599182128906,0.8892212510108948,1,0.014514217153191566,5327,2023-06-08 18:04:33,-25.388198852539062
931.6074829101562,5a287c6d3ffda73f,0.4345092475414276,-0.020751953125,,,1,-15.811200141906738,-34.379600524902344,0.91314697265625,2,,5415,2023-06-08 18:04:33,-25.86400032043457
931.5849609375,5a287c6d3ffda73f,0.4599609375,-0.00701904296875,0.0564589723944664,-0.03502054139971733,1,-15.530599594116211,-34.18439865112305,0.8944701552391052,3,-0.01078579481691122,5388,2023-06-08 18:04:33,-26.376399993896484
931.5824584960938,5a287c6d3ffda73f,0.42584228515625,-0.027587890625,0.008522109128534794,-0.06564687192440033,1,-15.347599983215332,-34.001399993896484,0.91473388671875,4,-0.024234747514128685,5552,2023-06-08 18:04:33,-26.730199813842773
931.5799560546875,5a287c6d3ffda73f,0.4257812798023224,-0.02227783203125,-0.05219791829586029,0.04394212365150452,1,-15.066999435424805,-33.78179931640625,0.9105224609375,0,0.003062632866203785,5450,2023-06-08 18:04:34,-27.16939926147461
931.5849609375,5a287c6d3ffda73f,0.4291381537914276,-0.01593017578125,-0.008122635073959827,-0.0010652636410668492,1,-14.786399841308594,-33.574398040771484,0.91534423828125,1,0.009454214945435524,5402,2023-06-08 18:04:34,-27.51099967956543
931.5874633789062,5a287c6d3ffda73f,0.4229736328125,-0.006713867653161287,,,1,-14.542399406433105,-33.52560043334961,0.9168701171875,2,,5376,2023-06-08 18:04:34,-27.645198822021484
931.583740234375,5a287c6d3ffda73f,0.4201659858226776,-0.01068115234375,0.012117373757064342,-0.051265813410282135,1,-14.310599327087402,-33.42799758911133,0.91119384765625,3,-0.013981585390865803,5424,2023-06-08 18:04:34,-27.7549991607666
931.5824584960938,5a287c6d3ffda73f,0.401611328125,-0.0179443359375,0.04460791498422623,-0.06085318699479103,1,-14.23740005493164,-33.40359878540039,0.93206787109375,4,-0.0270310640335083,5536,2023-06-08 18:04:34,-27.79159927368164
931.6137084960938,5a287c6d3ffda73f,0.4223632514476776,-0.02288818359375,-0.01837579719722271,0.08255793154239655,1,-14.27400016784668,-33.318199157714844,0.91900634765625,0,-0.056725289672613144,5467,2023-06-08 18:04:35,-27.85260009765625
931.6474609375,5a287c6d3ffda73f,0.41009521484375,-0.05438232421875,-0.021172115579247475,0.14913691580295563,1,-14.335000038146973,-33.20840072631836,0.91650390625,1,-0.05233107507228851,5365,2023-06-08 18:04:35,-27.82819938659668
931.7062377929688,5a287c6d3ffda73f,0.4306029975414276,-0.02447509765625,0.14687322080135345,-0.6616618633270264,1,-14.286199569702148,-33.13520050048828,0.908203125,2,-0.1687111258506775,5734,2023-06-08 18:04:35,-27.974599838256836
931.7124633789062,5a287c6d3ffda73f,0.317138671875,-0.04486083984375,-0.13488900661468506,0.17616797983646393,1,-14.371600151062012,-32.95219802856445,0.9669800400733948,3,-0.2167811542749405,5709,2023-06-08 18:04:35,-28.15760040283203
931.7062377929688,5a287c6d3ffda73f,0.34490966796875,-0.08123779296875,0.1495363861322403,-0.03262370079755783,1,-14.359399795532227,-32.75699996948242,0.919677734375,4,0.10532794147729874,5821,2023-06-08 18:04:35,-28.46259880065918
931.69873046875,5a287c6d3ffda73f,0.3760986328125,-0.0413818359375,-0.01837579719722271,-0.06498108059167862,1,-14.371600151062012,-32.45199966430664,0.95953369140625,0,0.03874896466732025,5739,2023-06-08 18:04:36,-28.80419921875
931.7137451171875,5a287c6d3ffda73f,0.3331298828125,-0.1031494140625,0.10825742036104202,0.32996541261672974,1,-14.859600067138672,-32.305599212646484,0.964599609375,1,-0.10133320093154907,5510,2023-06-08 18:04:36,-28.80419921875
931.69873046875,5a287c6d3ffda73f,0.4249267578125,-0.0399169921875,0.14341111481189728,-0.2563290596008301,1,-15.310999870300293,-32.14699935913086,0.88946533203125,2,-0.002663159044459462,5405,2023-06-08 18:04:36,-28.81639862060547
,5a287c6d3ffda73f,0.3409423828125,-0.083251953125,,,1,-15.481800079345703,-31.927398681640625,0.95269775390625,3,,5851,2023-06-08 18:04:36,-29.011598587036133
931.6912231445312,5a287c6d3ffda73f,0.3328857421875,-0.08404541015625,0.0655137151479721,-0.01504684891551733,1,,,0.93719482421875,4,0.08042740821838379,,2023-06-08 18:04:36,
,5a287c6d3ffda73f,0.363037109375,-0.0386962890625,0.0703074038028717,-0.04660528525710106,1,-10.003999710083008,-34.45280075073242,0.9511719346046448,0,0.08894951641559601,5529,2023-06-08 18:05:08,-26.864398956298828
931.594970703125,5a287c6d3ffda73f,0.3431396484375,-0.014770506881177425,0.07017423957586288,-0.09267793595790863,1,-9.772199630737305,-34.13560104370117,0.9404296278953552,1,-0.013981585390865803,5589,2023-06-08 18:05:08,-27.13279914855957
931.5874633789062,5a287c6d3ffda73f,0.3380126953125,-0.0281982421875,-0.05219791829586029,0.005725792143493891,1,-9.723400115966797,-34.05019760131836,0.9541016221046448,2,-0.05938844755291939,5674,2023-06-08 18:05:08,-27.14499855041504
931.5874633789062,5a287c6d3ffda73f,0.32568359375,-0.0534057654440403,0.004660528618842363,0.02649843320250511,1,-9.78439998626709,-34.05019760131836,0.9526367783546448,3,0.0037284228019416332,5658,2023-06-08 18:05:08,-27.279199600219727
931.5799560546875,5a287c6d3ffda73f,0.33685302734375,-0.0433349609375,0.0017310534603893757,0.09867004305124283,1,-9.833199501037598,-34.03799819946289,0.9575195908546448,0,0.04846949502825737,5555,2023-06-08 18:05:09,-27.279199600219727
931.5824584960938,5a287c6d3ffda73f,0.3497314453125,-0.04058837890625,0.039015281945466995,0.07496792823076248,1,-9.869799613952637,-34.02579879760742,0.937744140625,1,0.046338967978954315,5477,2023-06-08 18:05:09,-27.291399002075195
931.6137084960938,5a287c6d3ffda73f,0.36541748046875,-0.04595947265625,-0.026232117787003517,0.1844237744808197,1,-10.003999710083008,-34.01359939575195,0.9389647841453552,2,0.11837742477655411,5311,2023-06-08 18:05:09,-27.254798889160156
931.65625,5a287c6d3ffda73f,0.3768310546875,-0.046875,-0.36432015895843506,-0.005459476262331009,1,-9.857600212097168,-34.257598876953125,0.9085693359375,3,0.3400854170322418,4820,2023-06-08 18:05:09,-26.986398696899414
931.6637573242188,5a287c6d3ffda73f,0.43121337890625,0.10162353515625,0.0021305272821336985,0.08082687854766846,1,-9.698999404907227,-34.513797760009766,0.9260863661766052,4,-0.11757847666740417,4539,2023-06-08 18:05:09,-26.644800186157227
931.6337280273438,5a287c6d3ffda73f,0.40484619140625,0.05584716796875,0.07523424178361893,-0.02143843099474907,1,-9.723400115966797,-34.79439926147461,0.91168212890625,0,-0.12583427131175995,4632,2023-06-08 18:05:10,-26.291000366210938
931.6012573242188,5a287c6d3ffda73f,0.4053955078125,0.03564453125,0.18695376813411713,-0.06950845569372177,1,-9.78439998626709,-34.952999114990234,0.91864013671875,1,-0.10293109714984894,4875,2023-06-08 18:05:10,-26.083599090576172
931.563720703125,5a287c6d3ffda73f,0.3880615234375,-0.015136719681322575,0.07177213579416275,0.06032055243849754,1,-9.881999969482422,-34.952999114990234,0.93402099609375,2,-0.08855003863573074,5020,2023-06-08 18:05:10,-25.924999237060547
931.5574951171875,5a287c6d3ffda73f,0.4078369140625,-0.0372314453125,-0.005858949851244688,-0.0010652636410668492,1,-10.052800178527832,-34.97739791870117,0.919677734375,3,-0.02996053919196129,4985,2023-06-08 18:05:10,-25.790800094604492
931.5499877929688,5a287c6d3ffda73f,0.409423828125,-0.02630615048110485,-0.010918952524662018,-0.05952160432934761,1,-10.223599433898926,-34.989601135253906,0.9231566786766052,4,-0.05206476151943207,5045,2023-06-08 18:05:10,-25.680999755859375
931.5449829101562,5a287c6d3ffda73f,0.3956298828125,-0.02648925594985485,-0.06151897460222244,-0.07669898122549057,1,-10.321199417114258,-35.001800537109375,0.9236449599266052,0,-0.10732531547546387,5140,2023-06-08 18:05:11,-25.595600128173828
931.5562133789062,5a287c6d3ffda73f,0.38311767578125,-0.0255126953125,-0.048203181475400925,-0.037816859781742096,1,-10.76039981842041,-34.7333984375,0.9326171278953552,1,-0.171773761510849,5230,2023-06-08 18:05:11,-25.705398559570312
931.5537109375,5a287c6d3ffda73f,0.38494873046875,-0.0118408203125,-0.1279647946357727,0.022503694519400597,1,-11.45580005645752,-34.40399932861328,0.930908203125,2,-0.3201117217540741,5317,2023-06-08 18:05:11,-25.86400032043457
931.5625,5a287c6d3ffda73f,0.3837890625,-0.0352783203125,-0.08295740932226181,0.03608580678701401,1,-12.273200035095215,-34.062400817871094,0.9554443359375,3,-0.30732855200767517,5459,2023-06-08 18:05:11,-25.937198638916016
931.6137084960938,5a287c6d3ffda73f,0.38397216796875,-0.0362548828125,-0.26325327157974243,0.09241162240505219,1,-13.395599365234375,-33.79399871826172,0.91314697265625,4,-0.36378753185272217,5497,2023-06-08 18:05:11,-25.680999755859375
931.6699829101562,5a287c6d3ffda73f,0.4049072265625,-0.0242919921875,-0.22929799556732178,0.2673811614513397,1,-14.7253999710083,-33.64759826660156,0.92987060546875,0,-0.21092219650745392,5305,2023-06-08 18:05:12,-25.083200454711914
931.6925048828125,5a287c6d3ffda73f,0.46087646484375,0.0009155272855423391,-0.03142527863383293,-0.03555317223072052,1,-16.20159912109375,-33.40359878540039,0.8967284560203552,1,-0.2277000993490219,5220,2023-06-08 18:05:12,-24.375598907470703
931.6862182617188,5a287c6d3ffda73f,0.4457397758960724,-0.0203857421875,0.032224226742982864,-0.1628521829843521,1,-17.763198852539062,-33.01319885253906,0.89093017578125,2,-0.2277000993490219,5489,2023-06-08 18:05:12,-23.741199493408203
931.6749877929688,5a287c6d3ffda73f,0.4271240234375,-0.0511474609375,-0.0023968431632965803,-0.0270310640335083,1,-19.373600006103516,-32.53739929199219,0.9150390625,3,-0.10133320093154907,5619,2023-06-08 18:05:12,-23.18000030517578
931.657470703125,5a287c6d3ffda73f,0.42205810546875,-0.06610107421875,0.01584579609334469,0.03941475600004196,1,-20.89859962463379,-32.07379913330078,0.923828125,4,0.02569948509335518,5597,2023-06-08 18:05:12,-22.667598724365234
931.6499633789062,5a287c6d3ffda73f,0.42999267578125,-0.051513671875,-0.09560741484165192,0.16924376785755157,1,-22.21619987487793,-31.683399200439453,0.91357421875,0,0.05952160432934761,5363,2023-06-08 18:05:13,-22.11859893798828
931.6399536132812,5a287c6d3ffda73f,0.4595947563648224,-0.02935790829360485,0.09414267539978027,-0.05632581561803818,1,-23.22879981994629,-31.366199493408203,0.8984375,1,0.07976161688566208,5303,2023-06-08 18:05:13,-21.618398666381836
931.6412353515625,5a287c6d3ffda73f,0.4483642280101776,-0.03027343936264515,0.08175898343324661,-0.04287686198949814,1,-23.82659912109375,-31.085599899291992,0.90283203125,2,0.054328445345163345,5451,2023-06-08 18:05:13,-21.398799896240234
931.6424560546875,5a287c6d3ffda73f,0.4375,-0.042236328125,0.0834900364279747,-0.03368896245956421,1,-24.082799911499023,-30.79279899597168,0.9088134169578552,3,0.04527370631694794,5532,2023-06-08 18:05:13,-21.48419952392578
931.6399536132812,5a287c6d3ffda73f,0.4173583984375,-0.0527343712747097,0.0751010850071907,-0.03249054029583931,1,-24.119400024414062,-30.597599029541016,0.9086303114891052,4,0.02277000993490219,5623,2023-06-08 18:05:13,-21.8257999420166
931.637451171875,5a287c6d3ffda73f,0.4219970703125,-0.07489013671875,-0.005725792143493891,-0.10652636736631393,1,-23.9242000579834,-30.548799514770508,0.927734375,0,0.0870852991938591,5656,2023-06-08 18:05:14,-22.045398712158203
931.657470703125,5a287c6d3ffda73f,0.4005126953125,-0.05450439453125,-0.02024000883102417,0.009454214945435524,1,-23.643600463867188,-30.634199142456055,0.9311522841453552,1,0.03848264738917351,5653,2023-06-08 18:05:14,-22.240598678588867
931.6599731445312,5a287c6d3ffda73f,0.40411376953125,-0.04669189453125,-0.022503694519400597,0.041412122547626495,1,-23.338600158691406,-30.75619888305664,0.9251708984375,2,-0.012383690103888512,5633,2023-06-08 18:05:14,-22.399200439453125
931.6499633789062,5a287c6d3ffda73f,0.4169921576976776,-0.05029296875,-0.04740423336625099,0.030493171885609627,1,-23.045799255371094,-30.81719970703125,0.9169921875,3,-0.02197106182575226,5585,2023-06-08 18:05:14,-22.606599807739258
931.6387329101562,5a287c6d3ffda73f,0.4227294921875,-0.05474853515625,-0.29933908581733704,0.12077426165342331,1,-22.875,-30.963600158691406,0.91070556640625,4,0.013049479573965073,5271,2023-06-08 18:05:14,-22.618799209594727
931.6499633789062,5a287c6d3ffda73f,0.4356689453125,-0.00640869140625,-0.07097318768501282,-0.08535424619913101,1,-22.643199920654297,-31.292999267578125,0.90545654296875,0,0.14634059369564056,5115,2023-06-08 18:05:15,-22.4601993560791
931.6724853515625,5a287c6d3ffda73f,0.4418335258960724,0.0477294921875,0.0050600022077560425,0.13675321638584137,1,-22.50899887084961,-31.658998489379883,0.91717529296875,1,-0.004926844500005245,4928,2023-06-08 18:05:15,-22.15519905090332
931.6424560546875,5a287c6d3ffda73f,0.452392578125,0.03985595703125,0.10133320093154907,-0.0762995108962059,1,-22.338199615478516,-31.939599990844727,0.8873291015625,2,-0.011584741994738579,5103,2023-06-08 18:05:15,-21.83799934387207
931.6337280273438,5a287c6d3ffda73f,0.43707275390625,0.01739501953125,0.08362319320440292,-0.06191844865679741,1,-22.2283992767334,-32.183597564697266,0.9128418564796448,3,-0.0031957910396158695,5249,2023-06-08 18:05:15,-21.606199264526367
931.626220703125,5a287c6d3ffda73f,0.4219970703125,0.0010986328125,-0.0009321057004854083,-0.0037284228019416332,1,-22.15519905090332,-32.4031982421875,0.9136962294578552,4,-0.0011984215816482902,5266,2023-06-08 18:05:15,-21.374399185180664
931.6137084960938,5a287c6d3ffda73f,0.42034912109375,0.001708984375,0.0010652636410668492,-0.02649843320250511,1,-22.057600021362305,-32.58620071411133,0.9183960556983948,0,0.001331579522229731,5301,2023-06-08 18:05:16,-21.1914005279541
931.6074829101562,5a287c6d3ffda73f,0.41888427734375,0.0033569338265806437,0.019174745306372643,-0.04101264849305153,1,-21.947799682617188,-32.74480056762695,0.9144898056983948,1,-0.026764748618006706,5372,2023-06-08 18:05:16,-21.069398880004883
931.6162109375,5a287c6d3ffda73f,0.4193115234375,0.0008544921875,-0.0022636852227151394,-0.08175898343324661,1,-21.777000427246094,-32.78139877319336,0.9167481064796448,2,-0.06817687302827835,5467,2023-06-08 18:05:16,-21.17919921875
931.6287231445312,5a287c6d3ffda73f,0.39044189453125,-0.0181884765625,0.054328445345163345,-0.08215846121311188,1,-21.715999603271484,-32.622798919677734,0.9252319931983948,3,-0.009587372653186321,5565,2023-06-08 18:05:16,-21.447599411010742
931.646240234375,5a287c6d3ffda73f,0.39056396484375,-0.0247802734375,0.06391581892967224,0.0018642114009708166,1,-19.654199600219727,-32.4031982421875,0.9414061903953552,4,-0.0033289489801973104,5613,2023-06-08 18:05:16,-17.665599822998047
931.6649780273438,5a287c6d3ffda73f,0.38671875,-0.03302001953125,0.07936213910579681,0.07403582334518433,1,-19.654199600219727,-32.20800018310547,0.9140625,0,-0.014913691207766533,5699,2023-06-08 18:05:17,-17.994998931884766
931.7024536132812,5a287c6d3ffda73f,0.4371947944164276,-0.0198974609375,0.09600688517093658,0.5432844758033752,1,-19.995800018310547,-31.963998794555664,1.0037841796875,1,-0.1129179447889328,5428,2023-06-08 18:05:17,-18.007200241088867
931.6849975585938,5a287c6d3ffda73f,0.4573974907398224,-0.10015869140625,-0.02876211889088154,0.014514217153191566,1,-20.410598754882812,-31.683399200439453,0.811279296875,2,0.025965800508856773,5409,2023-06-08 18:05:17,-18.007200241088867
931.6787109375,5a287c6d3ffda73f,0.4825439453125,-0.07098388671875,-0.011451584286987782,0.14367742836475372,1,-20.86199951171875,-31.43939971923828,0.9080810546875,3,0.06391581892967224,5306,2023-06-08 18:05:17,-17.89739990234375
931.6724853515625,5a287c6d3ffda73f,0.5228271484375,-0.0520629845559597,0.154995858669281,-0.2648511826992035,1,-21.227998733520508,-31.10999870300293,0.831787109375,4,-0.10066741704940796,5621,2023-06-08 18:05:17,-17.958398818969727
931.6712036132812,5a287c6d3ffda73f,0.4690552055835724,-0.1063232496380806,0.10506162792444229,0.03142527863383293,1,-21.5939998626709,-30.7195987701416,0.92694091796875,0,-0.003062632866203785,5562,2023-06-08 18:05:18,-18.080400466918945
931.6637573242188,5a287c6d3ffda73f,0.47723388671875,-0.10247802734375,-0.03395527973771095,-0.16058848798274994,1,-21.972200393676758,-30.341400146484375,0.8471679091453552,1,-0.09321057051420212,5639,2023-06-08 18:05:18,-18.19019889831543
931.6512451171875,5a287c6d3ffda73f,0.4512939751148224,-0.1219482421875,-0.024900536984205246,0.01078579481691122,1,-22.374799728393555,-29.926599502563477,0.9203491806983948,2,-0.07856319099664688,,2023-06-08 18:05:18,-18.287799835205078
931.6437377929688,5a287c6d3ffda73f,0.4503174126148224,-0.13201904296875,-0.006924213841557503,-0.06391581892967224,1,-22.716400146484375,-29.572799682617188,0.8822022080421448,3,-0.04101264849305153,5656,2023-06-08 18:05:18,-18.385398864746094
931.6412353515625,5a287c6d3ffda73f,0.442626953125,-0.1206054762005806,0.024234747514128685,-0.003861580742523074,1,-22.765199661254883,-29.267799377441406,0.9212035536766052,4,-0.05512739345431328,,2023-06-08 18:05:18,-18.641599655151367
931.6412353515625,5a287c6d3ffda73f,0.4293212890625,-0.1375732421875,-0.0034621069207787514,-0.11638005077838898,1,-22.691999435424805,-28.962799072265625,0.88995361328125,0,0.023435799404978752,5650,2023-06-08 18:05:19,-19.044198989868164
931.6312255859375,5a287c6d3ffda73f,0.4268798828125,-0.1282958984375,-0.0037284228019416332,-0.016777902841567993,1,-22.582199096679688,-28.657798767089844,0.9276123046875,1,-0.023169483989477158,5715,2023-06-08 18:05:19,-19.50779914855957
931.6337280273438,5a287c6d3ffda73f,0.4165038764476776,-0.134765625,-0.006657897960394621,0.01850895583629608,1,-22.55780029296875,-28.46259880065918,0.91326904296875,2,0.04194475710391998,5682,2023-06-08 18:05:19,-19.78839874267578
931.6275024414062,5a287c6d3ffda73f,0.4141845703125,-0.1183471605181694,0.009321057237684727,0.004527370445430279,1,-22.54559898376465,-28.328399658203125,0.91845703125,3,-0.009720530360937119,5636,2023-06-08 18:05:19,-19.94700050354004
931.626220703125,5a287c6d3ffda73f,0.42279052734375,-0.13372802734375,-0.03435475379228592,0.02383527345955372,1,-22.49679946899414,-28.279600143432617,0.9188232421875,4,0.05725792050361633,5594,2023-06-08 18:05:19,-20.032400131225586
931.6312255859375,5a287c6d3ffda73f,0.41058349609375,-0.1163940355181694,-0.014913691207766533,-0.009321057237684727,1,-22.423599243164062,-28.316200256347656,0.9031982421875,0,0.029694223776459694,5525,2023-06-08 18:05:20,-20.081199645996094
931.6312255859375,5a287c6d3ffda73f,0.4434814155101776,-0.1079101637005806,-0.013049479573965073,0.06857634335756302,1,-22.399200439453125,-28.364999771118164,0.92584228515625,1,-0.051265813410282135,5510,2023-06-08 18:05:20,-20.044599533081055
931.6300048828125,5a287c6d3ffda73f,0.410400390625,-0.1251220703125,-0.027830012142658234,-0.018242640420794487,1,-22.326000213623047,-28.46259880065918,0.8947753310203552,2,0.05898897349834442,5467,2023-06-08 18:05:20,-20.044599533081055
931.6275024414062,5a287c6d3ffda73f,0.42218017578125,-0.1134033203125,-0.046871598809957504,-0.013448953628540039,1,-22.240598678588867,-28.682199478149414,0.9149780869483948,3,0.12410321086645126,5434,2023-06-08 18:05:20,-19.88599967956543
931.6275024414062,5a287c6d3ffda73f,0.43072509765625,-0.0740966796875,-0.03608580678701401,0.037151068449020386,1,-22.130800247192383,-28.950599670410156,0.921875,4,0.04780370742082596,5381,2023-06-08 18:05:20,-19.727399826049805
931.6337280273438,5a287c6d3ffda73f,0.4381103515625,-0.0687255859375,-0.018242640420794487,0.022370535880327225,1,-22.069799423217773,-29.17020034790039,0.9144898056983948,0,-0.04913528636097908,5380,2023-06-08 18:05:21,-19.50779914855957
931.6312255859375,5a287c6d3ffda73f,0.4351806640625,-0.08184814453125,-0.02090579830110073,-0.03275685757398605,1,-21.959999084472656,-29.414199829101562,0.89501953125,1,0.0005326318205334246,5383,2023-06-08 18:05:21,-19.336999893188477
931.6300048828125,5a287c6d3ffda73f,0.42694091796875,-0.0963134765625,-0.11478215456008911,-0.01717737689614296,1,-21.764799118041992,-29.74359893798828,0.90838623046875,2,0.15419691801071167,5423,2023-06-08 18:05:21,-19.093000411987305
931.6287231445312,5a287c6d3ffda73f,0.4254150390625,-0.04486083984375,-0.16911059617996216,0.0516652874648571,1,-21.325599670410156,-30.329198837280273,0.92919921875,3,0.294412225484848,5156,2023-06-08 18:05:21,-18.702600479125977
931.6337280273438,5a287c6d3ffda73f,0.4398193359375,0.03118896484375,0.14753901958465576,0.021172115579247475,1,-20.788799285888672,-30.902599334716797,0.8983154296875,4,0.13622058928012848,4959,2023-06-08 18:05:21,-18.458599090576172
931.6399536132812,5a287c6d3ffda73f,0.43218994140625,-0.00244140625,-0.002796316985040903,-0.02636527456343174,1,-20.21539878845215,-31.500398635864258,0.9091185927391052,0,0.13595427572727203,5065,2023-06-08 18:05:22,-18.214599609375
931.6449584960938,5a287c6d3ffda73f,0.4316406548023224,0.01995849609375,-0.025033695623278618,-0.061652131378650665,1,-19.617599487304688,-32.07379913330078,0.9083251357078552,1,0.06511423736810684,5136,2023-06-08 18:05:22,-18.031599044799805
931.6399536132812,5a287c6d3ffda73f,0.42266845703125,0.0335693359375,-0.006391582079231739,-0.04434159770607948,1,-18.995399475097656,-32.573997497558594,0.9144287109375,2,-0.0015978955198079348,5218,2023-06-08 18:05:22,-17.89739990234375
931.6449584960938,5a287c6d3ffda73f,0.4204101264476776,0.0328369140625,0.038882121443748474,0.022903168573975563,1,-18.373199462890625,-33.03759765625,0.928955078125,3,-0.0762995108962059,5289,2023-06-08 18:05:22,-17.86079978942871
931.6449584960938,5a287c6d3ffda73f,0.41571044921875,0.00787353515625,-0.005858949851244688,-0.07829687744379044,1,-17.7997989654541,-33.47679901123047,0.9004517197608948,4,-0.051798444241285324,5319,2023-06-08 18:05:22,-17.7997989654541
931.63623046875,5a287c6d3ffda73f,0.4097900390625,0.00469970703125,-0.0021305272821336985,-0.01225053146481514,1,-17.311800003051758,-33.78179931640625,0.93017578125,0,-0.013848427683115005,5380,2023-06-08 18:05:23,-17.824199676513672
931.6300048828125,5a287c6d3ffda73f,0.40484619140625,0.0015869140625,0.011851058341562748,-0.01504684891551733,1,-17.116600036621094,-33.818397521972656,0.9246826171875,1,-0.004793686326593161,5393,2023-06-08 18:05:23,-18.031599044799805
931.6312255859375,5a287c6d3ffda73f,0.3984375,0.00048828125,0.002663159044459462,-0.118910051882267,1,-16.89699935913086,-33.84280014038086,0.92138671875,2,0.039547912776470184,5438,2023-06-08 18:05:23,-18.20240020751953
931.6387329101562,5a287c6d3ffda73f,0.37213134765625,0.00042724609375,0.02569948509335518,-0.2547311782836914,1,-16.55539894104004,-33.85499954223633,0.9306640028953552,3,0.06657897680997849,5613,2023-06-08 18:05:23,-18.458599090576172
931.6424560546875,5a287c6d3ffda73f,0.3345947265625,0.0140380859375,-0.039547912776470184,-0.0031957910396158695,1,-16.360198974609375,-33.80619812011719,0.95172119140625,4,-0.027963170781731606,5731,2023-06-08 18:05:23,-18.690399169921875
931.6399536132812,5a287c6d3ffda73f,0.3299560546875,0.0106201171875,-0.032224226742982864,0.06325002759695053,1,-16.23819923400879,-33.78179931640625,0.9628906846046448,0,-0.03555317223072052,5681,2023-06-08 18:05:24,-18.922199249267578
931.6349487304688,5a287c6d3ffda73f,0.34344482421875,0.0155029296875,-0.05579318478703499,0.04354264959692955,1,-16.091798782348633,-33.79399871826172,0.9453124403953552,1,-0.03968106955289841,5623,2023-06-08 18:05:24,-19.019800186157227
931.6287231445312,5a287c6d3ffda73f,0.3485107421875,0.01727294921875,-0.06391581892967224,0.0017310534603893757,1,-15.945399284362793,-33.8671989440918,0.9306640028953552,2,-0.0043942127376794815,5527,2023-06-08 18:05:24,-19.044198989868164
931.6212158203125,5a287c6d3ffda73f,0.353759765625,0.03656005859375,0.021305272355675697,0.0153131652623415,1,-15.847799301147461,-33.928199768066406,0.951416015625,3,-0.030493171885609627,5471,2023-06-08 18:05:24,-19.080799102783203
931.6199951171875,5a287c6d3ffda73f,0.35430908203125,0.02252197265625,0.017044218257069588,-0.010253162123262882,1,-15.73799991607666,-33.96479797363281,0.9422607421875,4,-0.013715269044041634,5413,2023-06-08 18:05:24,-19.117399215698242
931.6174926757812,5a287c6d3ffda73f,0.35040283203125,0.02636718563735485,0.004527370445430279,0.021704746410250664,1,-15.73799991607666,-33.989200592041016,0.9451904296875,0,-0.008122635073959827,5386,2023-06-08 18:05:25,-19.105199813842773
931.6212158203125,5a287c6d3ffda73f,0.36419677734375,0.0198974609375,-0.0011984215816482902,0.021172115579247475,1,-15.933199882507324,-33.989200592041016,0.945556640625,1,-0.005592633970081806,5334,2023-06-08 18:05:25,-18.958799362182617
931.6137084960938,5a287c6d3ffda73f,0.3543701171875,0.02081298828125,0.007723161485046148,0.02583264373242855,1,-16.128398895263672,-33.96479797363281,0.93231201171875,2,0.008522109128534794,5301,2023-06-08 18:05:25,-18.824600219726562
931.6112060546875,5a287c6d3ffda73f,0.35858154296875,0.0257568359375,0.016911059617996216,0.013049479573965073,1,-16.25040054321289,-33.91600036621094,0.9399413466453552,3,-0.009587372653186321,5269,2023-06-08 18:05:25,-18.690399169921875
931.6162109375,5a287c6d3ffda73f,0.3731689453125,0.013549805618822575,0.021305272355675697,0.04767054691910744,1,-16.396799087524414,-33.879398345947266,0.9478759765625,4,-0.016777902841567993,5299,2023-06-08 18:05:25,-18.641599655151367
931.6162109375,5a287c6d3ffda73f,0.3648681640625,0.022216796875,-0.006524739786982536,-0.06644582003355026,1,-16.54319953918457,-33.75740051269531,0.91168212890625,0,-0.048203181475400925,5309,2023-06-08 18:05:26,-18.641599655151367
931.614990234375,5a287c6d3ffda73f,0.36700439453125,0.0042724609375,0.0033289489801973104,0.05352949723601341,1,-16.726200103759766,-33.64759826660156,0.9614258408546448,1,-0.03368896245956421,5302,2023-06-08 18:05:26,-18.678199768066406
931.614990234375,5a287c6d3ffda73f,0.38116455078125,0.00518798828125,0.00798947736620903,0.03075948730111122,1,-16.89699935913086,-33.51340103149414,0.9270629286766052,2,-0.054328445345163345,5305,2023-06-08 18:05:26,-18.666000366210938
931.6187133789062,5a287c6d3ffda73f,0.37554931640625,-0.013366700150072575,-0.0050600022077560425,-0.02876211889088154,1,-17.067800521850586,-33.41579818725586,0.9120482802391052,3,-0.010120004415512085,5267,2023-06-08 18:05:26,-18.6294002532959
931.6187133789062,5a287c6d3ffda73f,0.3734130859375,0.0037841799203306437,0.030493171885609627,-0.009454214945435524,1,-17.23859977722168,-33.28160095214844,0.9521484971046448,4,0.0141147430986166,5213,2023-06-08 18:05:26,-18.690399169921875
931.6212158203125,5a287c6d3ffda73f,0.38348388671875,0.0045166015625,0.06684529036283493,0.03981423005461693,1,-17.421600341796875,-33.13520050048828,0.94976806640625,0,-0.04101264849305153,5221,2023-06-08 18:05:27,-18.751399993896484
931.6187133789062,5a287c6d3ffda73f,0.3795166015625,-0.0242919921875,-0.002663159044459462,0.02649843320250511,1,-17.641199111938477,-33.01319885253906,0.9203491806983948,1,-0.00013315795513335615,5267,2023-06-08 18:05:27,-18.81239891052246
931.6112060546875,5a287c6d3ffda73f,0.38800048828125,-0.0201416015625,-0.006924213841557503,-0.024234747514128685,1,-17.7997989654541,-32.878997802734375,0.90966796875,2,0.013049479573965073,5271,2023-06-08 18:05:27,-18.89780044555664
931.6012573242188,5a287c6d3ffda73f,0.37353515625,-0.0089111328125,0.041545283049345016,-0.04221107065677643,1,-17.958398818969727,-32.72039794921875,0.9385986924171448,3,-0.04167843982577324,5256,2023-06-08 18:05:27,-19.019800186157227
931.5912475585938,5a287c6d3ffda73f,0.3819580078125,-0.02392578125,0.09227846562862396,0.1904158741235733,1,-18.263399124145508,-32.46419906616211,0.9671630263328552,4,-0.1736379712820053,5352,2023-06-08 18:05:27,-19.056400299072266
931.57373046875,5a287c6d3ffda73f,0.3966064453125,-0.0814208984375,0.04527370631694794,0.11957584321498871,1,-18.617198944091797,-32.20800018310547,0.90740966796875,0,-0.019174745306372643,5235,2023-06-08 18:05:28,-19.080799102783203
931.574951171875,5a287c6d3ffda73f,0.4217529296875,-0.0592651329934597,-0.029161592945456505,-0.06205160543322563,1,-18.83679962158203,-32.01279830932617,0.91064453125,1,0.13249216973781586,5353,2023-06-08 18:05:28,-19.129600524902344
931.583740234375,5a287c6d3ffda73f,0.4259033203125,-0.0362548828125,0.01584579609334469,-0.009454214945435524,1,-19.019800186157227,-31.841999053955078,0.92730712890625,2,-0.0070573715493083,5447,2023-06-08 18:05:28,-19.16619873046875
931.5974731445312,5a287c6d3ffda73f,0.41864013671875,-0.06719970703125,-0.042077913880348206,-0.04780370742082596,1,-19.105199813842773,-31.73219871520996,0.904296875,3,0.056725289672613144,5514,2023-06-08 18:05:28,-19.15399932861328
931.5924682617188,5a287c6d3ffda73f,0.4156494140625,-0.025634765625,-0.10066741704940796,-0.14194637537002563,1,-19.15399932861328,-31.658998489379883,0.90185546875,4,-0.042743705213069916,5534,2023-06-08 18:05:28,-19.17840003967285
931.59375,5a287c6d3ffda73f,0.3885498046875,-0.0520629845559597,0.0074568456038832664,0.05086633935570717,1,-19.239398956298828,-31.622400283813477,0.9672852158546448,0,0.027830012142658234,5558,2023-06-08 18:05:29,-19.15399932861328
931.5987548828125,5a287c6d3ffda73f,0.390380859375,-0.02911376766860485,-0.011717899702489376,-0.01225053146481514,1,-19.25160026550293,-31.658998489379883,0.9108887314796448,1,0.05938844755291939,5533,2023-06-08 18:05:29,-19.068599700927734
931.6024780273438,5a287c6d3ffda73f,0.3922119140625,-0.02398681640625,-0.02450106292963028,-0.04500738903880119,1,,,0.9334716796875,2,0.04034686088562012,5517,2023-06-08 18:05:29,
931.6162109375,5a287c6d3ffda73f,0.3858642578125,-0.0033569338265806437,-0.04221107065677643,-0.04660528525710106,1,-18.995399475097656,-31.82979965209961,0.9339599609375,3,-0.005725792143493891,5494,2023-06-08 18:05:29,-19.019800186157227
931.6237182617188,5a287c6d3ffda73f,0.3741455078125,0.0057373046875,0.002929474925622344,-0.010918952524662018,1,-18.666000366210938,-32.08599853515625,0.9365233778953552,4,-0.04554001986980438,5522,2023-06-08 18:05:29,-19.019800186157227
931.6312255859375,5a287c6d3ffda73f,0.36077880859375,-0.0189208984375,-0.0010652636410668492,-0.08215846121311188,1,-18.458599090576172,-32.232398986816406,0.93218994140625,0,-0.0070573715493083,5607,2023-06-08 18:05:30,-19.044198989868164
931.6300048828125,5a287c6d3ffda73f,0.35504150390625,-0.00872802734375,0.0153131652623415,-0.03209106624126434,1,-18.22679901123047,-32.39099884033203,0.94061279296875,1,0.01504684891551733,5652,2023-06-08 18:05:30,-19.056400299072266
931.6349487304688,5a287c6d3ffda73f,0.35205078125,-0.0120849609375,0.00612526573240757,0.005193160381168127,1,-18.068199157714844,-32.48859786987305,0.95501708984375,2,0.01850895583629608,5652,2023-06-08 18:05:30,-19.105199813842773
931.637451171875,5a287c6d3ffda73f,0.34381103515625,-0.02362060546875,-0.029028434306383133,-0.018642114475369453,1,-17.88520050048828,-32.561798095703125,0.93402099609375,3,0.09014793485403061,5622,2023-06-08 18:05:30,-19.117399215698242
931.6312255859375,5a287c6d3ffda73f,0.3465576171875,0.014770506881177425,-0.0153131652623415,0.005326318088918924,1,-17.628999710083008,-32.671600341796875,0.96124267578125,4,-0.00798947736620903,5591,2023-06-08 18:05:30,-19.17840003967285
931.6325073242188,5a287c6d3ffda73f,0.3499755859375,0.006774902809411287,-0.003062632866203785,0.01225053146481514,1,-17.409399032592773,-32.74480056762695,0.94390869140625,0,-0.03874896466732025,5594,2023-06-08 18:05:31,-19.25160026550293
931.63623046875,5a287c6d3ffda73f,0.3482666015625,-0.00390625,0.04527370631694794,0.025433169677853584,1,-17.336198806762695,-32.79359817504883,0.94525146484375,1,-0.028096329420804977,5622,2023-06-08 18:05:31,-19.349199295043945
931.6287231445312,5a287c6d3ffda73f,0.3546142578125,-0.0137939453125,0.0330231711268425,0.020772641524672508,1,-17.287399291992188,-32.76919937133789,0.9467772841453552,2,0.006391582079231739,5640,2023-06-08 18:05:31,-19.446800231933594
931.6300048828125,5a287c6d3ffda73f,0.3603515625,-0.0076904296875,-0.00892158318310976,0.03395527973771095,1,-17.23859977722168,-32.74480056762695,0.93646240234375,3,-0.00013315795513335615,5610,2023-06-08 18:05:31,-19.520000457763672
931.6287231445312,5a287c6d3ffda73f,0.3646240234375,-0.020751953125,-0.023435799404978752,-0.0025300011038780212,1,-17.25079917907715,-32.72039794921875,0.9392700791358948,4,0.022903168573975563,5592,2023-06-08 18:05:31,-19.56879997253418
931.6187133789062,5a287c6d3ffda73f,0.3646240234375,-0.006530761253088713,-0.021305272355675697,-0.019973693415522575,1,-17.22640037536621,-32.74480056762695,0.9373779296875,0,0.010652636177837849,5577,2023-06-08 18:05:32,-19.58099937438965
931.6187133789062,5a287c6d3ffda73f,0.3594970703125,-0.0018310545710846782,0.0043942127376794815,-0.026098959147930145,1,-17.26300048828125,-32.74480056762695,0.936767578125,1,-0.04114580899477005,5607,2023-06-08 18:05:32,-19.58099937438965
931.6137084960938,5a287c6d3ffda73f,0.35540771484375,-0.01068115234375,0.028362644836306572,-0.0342215932905674,1,-17.360599517822266,-32.683799743652344,0.9395752549171448,2,-0.039015281945466995,5656,2023-06-08 18:05:32,-19.58099937438965
931.6137084960938,5a287c6d3ffda73f,0.35162353515625,-0.013000487349927425,0.02143843099474907,-0.01664474420249462,1,-17.445999145507812,-32.610599517822266,0.949951171875,3,-0.02876211889088154,5698,2023-06-08 18:05:32,-19.629798889160156
931.6174926757812,5a287c6d3ffda73f,0.348388671875,-0.02874755859375,0.02277000993490219,-0.023568958044052124,1,-17.494800567626953,-32.50080108642578,0.94085693359375,4,0.010652636177837849,5731,2023-06-08 18:05:32,-19.690799713134766
931.6174926757812,5a287c6d3ffda73f,0.34014892578125,-0.0242919921875,0.0015978955198079348,0.034621067345142365,1,-17.48259925842285,-32.45199966430664,0.9544677734375,0,0.038882121443748474,5701,2023-06-08 18:05:33,-19.739599227905273
931.6199951171875,5a287c6d3ffda73f,0.34649658203125,-0.02191162109375,-0.013715269044041634,0.0978710949420929,1,-17.470399856567383,-32.41539764404297,0.9475708603858948,1,0.019441060721874237,5588,2023-06-08 18:05:33,-19.800600051879883
931.6337280273438,5a287c6d3ffda73f,0.36688232421875,-0.013183592818677425,0.017310533672571182,0.3419496417045593,1,-17.54360008239746,-32.39099884033203,0.954345703125,2,-0.030626330524683,5320,2023-06-08 18:05:33,-19.78839874267578
931.6424560546875,5a287c6d3ffda73f,0.42694091796875,-0.02899169921875,-0.0456731803715229,0.10719215124845505,1,-17.775400161743164,-32.32999801635742,0.9025879502296448,3,-0.004926844500005245,5139,2023-06-08 18:05:33,-19.617599487304688
931.637451171875,5a287c6d3ffda73f,0.4503174126148224,-0.0155029296875,-0.02516685426235199,-0.0006657897611148655,1,-18.043800354003906,-32.293399810791016,0.8955078125,4,-0.0050600022077560425,5101,2023-06-08 18:05:33,-19.410200119018555
931.6387329101562,5a287c6d3ffda73f,0.4515381157398224,-0.0172119140625,0.01957421936094761,0.03741738572716713,1,-18.31220054626465,-32.26900100708008,0.9164429306983948,0,-0.004926844500005245,5088,2023-06-08 18:05:34,-19.16619873046875
931.6349487304688,5a287c6d3ffda73f,0.4469604790210724,-0.018310546875,0.005858949851244688,-0.001464737462811172,1,-18.666000366210938,-32.26900100708008,0.89520263671875,1,0.0062584239058196545,5058,2023-06-08 18:05:34,-18.88559913635254
,5a287c6d3ffda73f,0.452880859375,-0.01715087890625,-0.012783164158463478,-0.026232117787003517,1,-18.970998764038086,-32.305599212646484,0.89923095703125,2,0.0025300011038780212,5036,2023-06-08 18:05:34,-18.54399871826172
931.626220703125,5a287c6d3ffda73f,0.4549560844898224,-0.00836181640625,-0.007590003311634064,-0.001464737462811172,1,-19.2637996673584,-32.32999801635742,0.9050293564796448,3,-0.027297381311655045,5036,2023-06-08 18:05:34,-18.214599609375
931.6199951171875,5a287c6d3ffda73f,0.44769287109375,-0.0225830078125,0.03621896356344223,-0.01664474420249462,1,-19.58099937438965,-32.342201232910156,0.90740966796875,4,-0.021172115579247475,5119,2023-06-08 18:05:34,-17.88520050048828
931.6137084960938,5a287c6d3ffda73f,0.446533203125,-0.0052490234375,-0.006924213841557503,-0.031558435410261154,1,-19.82499885559082,-32.31779861450195,0.9036865234375,0,-0.0882837250828743,5238,2023-06-08 18:05:35,-17.690000534057617
931.6212158203125,5a287c6d3ffda73f,0.4356689453125,-0.04364013671875,0.03435475379228592,-0.13861742615699768,1,-19.983598709106445,-32.232398986816406,0.90460205078125,1,-0.058722659945487976,5459,2023-06-08 18:05:35,-17.628999710083008
931.63623046875,5a287c6d3ffda73f,0.4171142578125,-0.0583496056497097,-0.6167876720428467,-0.5763076543807983,1,-20.007999420166016,-32.11040115356445,0.9012451171875,2,-0.33236226439476013,5528,2023-06-08 18:05:35,-17.775400161743164
931.6275024414062,5a287c6d3ffda73f,0.3076171875,0.0587768517434597,0.1808284968137741,0.2054627239704132,1,-20.020198822021484,-32.09819793701172,0.9846190810203552,3,-0.19667430222034454,5423,2023-06-08 18:05:35,-17.763198852539062
931.5912475585938,5a287c6d3ffda73f,0.34295654296875,0.0081787109375,0.24660852551460266,-0.27670222520828247,1,-20.17879867553711,-31.927398681640625,0.921142578125,4,0.09108003973960876,5830,2023-06-08 18:05:35,-17.787599563598633
931.57373046875,5a287c6d3ffda73f,0.31353759765625,-0.0277099609375,0.14128059148788452,0.03768370300531387,1,-20.19099998474121,-31.634599685668945,0.99774169921875,0,-0.27710169553756714,5990,2023-06-08 18:05:36,-18.19019889831543
931.5562133789062,5a287c6d3ffda73f,0.2926025390625,-0.0880126953125,-0.07243792712688446,0.14154690504074097,1,-20.434999465942383,-31.15880012512207,0.923583984375,1,-0.1332911103963852,,2023-06-08 18:05:36,-18.54399871826172
931.5474853515625,5a287c6d3ffda73f,0.32861328125,-0.06793212890625,-0.04221107065677643,-0.10559425503015518,1,-22.728599548339844,-30.682998657226562,0.950439453125,2,-0.07909582555294037,5871,2023-06-08 18:05:36,-22.984800338745117
931.5549926757812,5a287c6d3ffda73f,0.32318115234375,-0.0534057654440403,0.11877689510583878,0.21664799749851227,1,-23.13119888305664,-30.12179946899414,0.9912720322608948,3,-0.2396843135356903,5952,2023-06-08 18:05:36,-23.240999221801758
931.5574951171875,5a287c6d3ffda73f,0.339111328125,-0.1212158203125,0.0576573945581913,0.23036326467990875,1,-23.704599380493164,-29.414199829101562,0.9358519911766052,4,-0.14367742836475372,5912,2023-06-08 18:05:36,-23.436199188232422
931.5549926757812,5a287c6d3ffda73f,0.40777587890625,-0.0535278357565403,-0.18242639303207397,0.539422869682312,1,-24.631799697875977,-28.633399963378906,0.9500122666358948,0,-0.5556681752204895,5641,2023-06-08 18:05:37,-23.362998962402344
931.5599975585938,5a287c6d3ffda73f,0.4702148139476776,0.0079345703125,-0.7599324584007263,0.3880222737789154,1,-26.18120002746582,-27.242599487304688,0.839111328125,1,-1.2502200603485107,5105,2023-06-08 18:05:37,-22.899398803710938
931.5862426757812,5a287c6d3ffda73f,0.4403076171875,-0.2166748195886612,-0.39135122299194336,0.11864373832941055,1,-26.13239860534668,-25.266199111938477,0.8994140625,2,-0.527172327041626,4671,2023-06-08 18:05:37,-17.750999450683594
931.5824584960938,5a287c6d3ffda73f,0.52105712890625,-0.2342529147863388,-0.05299686640501022,0.22690115869045258,1,-28.377199172973633,-23.118999481201172,0.91583251953125,3,-0.03328948840498924,4498,2023-06-08 18:05:37,-16.286998748779297
931.5762329101562,5a287c6d3ffda73f,0.5438232421875,-0.17205810546875,0.2083922028541565,-0.5527386665344238,1,-30.43899917602539,-21.1914005279541,0.7764892578125,4,0.19481009244918823,4239,2023-06-08 18:05:37,-14.7253999710083
931.5712280273438,5a287c6d3ffda73f,0.4427489936351776,-0.2200927734375,0.6407560706138611,-0.22264009714126587,1,-34.0989990234375,-19.53219985961914,0.8830565810203552,0,0.7559376955032349,5011,2023-06-08 18:05:38,-18.092599868774414
931.5625,5a287c6d3ffda73f,0.4261474609375,-0.2298583984375,,,1,-35.35559844970703,-18.385398864746094,0.8980712890625,1,,5378,2023-06-08 18:05:38,-17.494800567626953
,5a287c6d3ffda73f,0.3489990234375,-0.04150390625,-0.26511749625205994,-0.07456845790147781,1,-21.52079963684082,-31.902999877929688,0.92138671875,0,-0.11518163233995438,5736,2023-06-08 18:05:45,-22.057600021362305
931.7149658203125,5a287c6d3ffda73f,0.32806396484375,0.0386962890625,-0.20506325364112854,-0.12410321086645126,1,-21.398799896240234,-31.719999313354492,0.95550537109375,1,-0.17856481671333313,5691,2023-06-08 18:05:45,-21.91119956970215
931.71875,5a287c6d3ffda73f,0.37261962890625,0.02838134765625,0.1945437788963318,0.053795814514160156,1,-21.58180046081543,-31.622400283813477,0.9241943359375,2,-0.001331579522229731,5678,2023-06-08 18:05:45,-21.740400314331055
931.7137451171875,5a287c6d3ffda73f,0.381591796875,-0.0186767578125,,,1,,,0.9381104111671448,3,,5871,2023-06-08 18:05:45,
,5a287c6d3ffda73f,0.3072509765625,0.0093994140625,-0.08309056609869003,0.20173430442810059,1,-27.462200164794922,-27.645198822021484,0.9640503525733948,0,-0.0282294861972332,7159,2023-06-08 18:05:59,-24.704999923706055
931.7124633789062,5a287c6d3ffda73f,0.3499755859375,0.02618408016860485,0.03941475600004196,0.21997694671154022,1,-28.059999465942383,-27.694000244140625,0.9511719346046448,0,0.09840372949838638,6992,2023-06-08 18:06:00,-24.009599685668945
931.699951171875,5a287c6d3ffda73f,0.3671875,0.00140380859375,0.13262532651424408,0.3271690905094147,1,-28.51140022277832,-27.657400131225586,0.9296875,1,-0.024234747514128685,6722,2023-06-08 18:06:00,-23.436199188232422
931.6837158203125,5a287c6d3ffda73f,0.4371337890625,-0.03948974609375,0.019174745306372643,-0.13954953849315643,1,-28.938400268554688,-27.340200424194336,0.8923339247703552,2,-0.09800425171852112,6527,2023-06-08 18:06:00,-22.996999740600586
931.6837158203125,5a287c6d3ffda73f,0.4105224609375,-0.0238037109375,-0.03621896356344223,0.04767054691910744,1,-29.255599975585938,-26.998600006103516,0.9379882216453552,3,-0.31372013688087463,6682,2023-06-08 18:06:00,-22.91160011291504
931.677490234375,5a287c6d3ffda73f,0.42779541015625,-0.08538818359375,-0.013848427683115005,0.11491531878709793,1,-29.8533992767334,-26.376399993896484,0.9193726181983948,4,-0.3663175404071808,6526,2023-06-08 18:06:00,-22.679800033569336
931.65625,5a287c6d3ffda73f,0.4175415337085724,-0.12823486328125,0.0330231711268425,-0.11504847556352615,1,-30.43899917602539,-25.680999755859375,0.877197265625,0,-0.17084164917469025,6499,2023-06-08 18:06:01,-22.50899887084961
931.6399536132812,5a287c6d3ffda73f,0.405029296875,-0.1470947265625,-0.01597895473241806,-0.025300011038780212,1,-30.865999221801758,-25.034399032592773,0.927001953125,1,-0.062317922711372375,6645,2023-06-08 18:06:01,-22.484600067138672
931.63623046875,5a287c6d3ffda73f,0.3865966796875,-0.14617919921875,-0.017576850950717926,0.02157158963382244,1,-31.646799087524414,-24.253599166870117,0.9117431044578552,2,0.3833617568016052,6632,2023-06-08 18:06:01,-22.130800247192383
931.6325073242188,5a287c6d3ffda73f,0.43218994140625,-0.047607421875,0.2595248520374298,0.17137429118156433,1,-32.14699935913086,-23.594799041748047,0.9299926161766052,3,0.025965800508856773,6576,2023-06-08 18:06:01,-21.984399795532227
931.6162109375,5a287c6d3ffda73f,0.42315673828125,-0.1468505859375,-0.2179795652627945,-0.030892645940184593,1,-32.64719772338867,-22.826200485229492,0.8894042372703552,4,0.10266478359699249,6473,2023-06-08 18:06:01,-21.923398971557617
931.6199951171875,5a287c6d3ffda73f,0.4527588188648224,-0.0921630859375,0.13262532651424408,-0.04434159770607948,1,-32.90340042114258,-22.582199096679688,0.9003295302391052,0,0.27723485231399536,6388,2023-06-08 18:06:02,-21.85019874572754
931.5712280273438,5a287c6d3ffda73f,0.39910888671875,-0.08148193359375,0.36005911231040955,-0.5801692008972168,1,-32.732601165771484,-22.362600326538086,0.86614990234375,1,0.1279647946357727,7082,2023-06-08 18:06:02,-22.301599502563477
931.5712280273438,5a287c6d3ffda73f,0.337890625,-0.1773681640625,0.4149201810359955,0.3838943839073181,1,-32.342201232910156,-22.313798904418945,0.97412109375,2,0.12703268229961395,7054,2023-06-08 18:06:02,-22.972599029541016
931.5650024414062,5a287c6d3ffda73f,0.407470703125,-0.1778564453125,-0.4251733422279358,-0.035952646285295486,1,-31.841999053955078,-22.618799209594727,0.9309691786766052,3,-0.03688475489616394,6949,2023-06-08 18:06:02,-23.5093994140625
931.5650024414062,5a287c6d3ffda73f,0.400390625,-0.1314697265625,-0.2432795912027359,0.13901691138744354,1,-31.402799606323242,-23.21660041809082,0.92596435546875,4,0.012383690103888512,6821,2023-06-08 18:06:02,-23.78999900817871
,5a287c6d3ffda73f,0.4268798828125,-0.09381103515625,-0.21212062239646912,0.031025802716612816,1,-23.667999267578125,-28.047800064086914,0.948486328125,0,-0.2390185296535492,6851,2023-06-08 18:06:16,-28.413799285888672
931.6024780273438,5a287c6d3ffda73f,0.4144287109375,-0.1658935546875,-0.16005586087703705,-0.10865689069032669,1,-23.704599380493164,-28.303998947143555,0.9008178114891052,1,0.01651158556342125,6874,2023-06-08 18:06:16,-28.059999465942383
931.606201171875,5a287c6d3ffda73f,0.406982421875,-0.1441650390625,-0.01584579609334469,-0.05339634045958519,1,-23.47279930114746,-28.682199478149414,0.90594482421875,2,0.14034847915172577,6934,2023-06-08 18:06:16,-27.913599014282227
931.6074829101562,5a287c6d3ffda73f,0.3880615234375,-0.07415771484375,-0.03728422895073891,-0.030626330524683,1,-23.118999481201172,-29.011598587036133,0.93621826171875,3,0.06151897460222244,6977,2023-06-08 18:06:16,-27.876998901367188
931.6124877929688,5a287c6d3ffda73f,0.4027099609375,-0.07806396484375,0.013848427683115005,-0.0516652874648571,1,-22.83839988708496,-29.243398666381836,0.91552734375,0,0.05632581561803818,7031,2023-06-08 18:06:17,-27.88920021057129
931.6174926757812,5a287c6d3ffda73f,0.37945556640625,-0.0753173828125,-0.0318247526884079,-0.08721846342086792,1,-22.56999969482422,-29.42639923095703,0.9337158799171448,1,-0.032224226742982864,7127,2023-06-08 18:06:17,-27.925800323486328
931.8349609375,5a287c6d3ffda73f,0.4053955078125,-0.14202880859375,-0.18429060280323029,-0.29521119594573975,1,-22.094200134277344,-29.76799964904785,0.91650390625,2,0.25606274604797363,7253,2023-06-08 18:06:17,-27.974599838256836
931.7562255859375,5a287c6d3ffda73f,0.2708740234375,0.04010009765625,0.11797794699668884,0.09760478138923645,1,-21.654998779296875,-30.048599243164062,0.99200439453125,3,-0.17923060059547424,7253,2023-06-08 18:06:17,-27.986799240112305
931.7012329101562,5a287c6d3ffda73f,0.36669921875,-0.1109619140625,-0.1651158630847931,-0.33063119649887085,1,-20.89859962463379,-30.560998916625977,0.8858642578125,4,0.3199785649776459,6714,2023-06-08 18:06:17,-28.047800064086914
931.6399536132812,5a287c6d3ffda73f,0.3284912109375,-0.03411865234375,0.20093534886837006,0.03701791167259216,1,-19.642000198364258,-31.219799041748047,0.99151611328125,0,0.4881570637226105,7530,2023-06-08 18:06:18,-28.291799545288086
931.5912475585938,5a287c6d3ffda73f,0.36260986328125,-0.009521484375,0.5249086618423462,0.11331742256879807,1,-18.17799949645996,-31.48819923400879,0.9140625,1,0.503470242023468,7141,2023-06-08 18:06:18,-28.962799072265625
931.5712280273438,5a287c6d3ffda73f,0.4095459282398224,0.006713867653161287,0.2962764501571655,0.5139896869659424,1,-16.994600296020508,-31.634599685668945,0.99365234375,2,0.0153131652623415,6556,2023-06-08 18:06:18,-29.694799423217773
931.5849609375,5a287c6d3ffda73f,0.42034912109375,-0.0999755859375,0.12463584542274475,0.6571345329284668,1,-16.57979965209961,-31.390600204467773,0.9440307021141052,3,-0.28908592462539673,5575,2023-06-08 18:06:18,-30.40239906311035
931.6661987304688,5a287c6d3ffda73f,0.4352416694164276,-0.3531494140625,-0.7708513736724854,-0.40586546063423157,1,-15.786799430847168,-31.744400024414062,0.7437744140625,4,0.6179860830307007,5674,2023-06-08 18:06:18,-30.85379981994629
931.6449584960938,5a287c6d3ffda73f,0.50299072265625,-0.0740966796875,-0.08775109052658081,-0.06977476924657822,1,-14.774199485778809,-32.41539764404297,0.8363037109375,0,0.4739091694355011,5367,2023-06-08 18:06:19,-31.012399673461914
931.6099853515625,5a287c6d3ffda73f,0.58843994140625,0.0750732421875,0.043276336044073105,-0.08162582665681839,1,-13.4443998336792,-33.12300109863281,0.99951171875,1,0.03515370190143585,6114,2023-06-08 18:06:19,-31.45159912109375
931.5862426757812,5a287c6d3ffda73f,0.3052978515625,0.13970947265625,0.37683701515197754,0.0025300011038780212,1,-12.505000114440918,-33.635398864746094,0.94866943359375,2,-0.23861905932426453,6069,2023-06-08 18:06:19,-32.02499771118164
931.5700073242188,5a287c6d3ffda73f,0.4210205078125,0.0103759765625,-0.0318247526884079,0.23435799777507782,1,-12.126799583435059,-33.83060073852539,0.7467041015625,3,0.056059498339891434,6027,2023-06-08 18:06:19,-32.69599914550781
931.5687255859375,5a287c6d3ffda73f,0.52020263671875,-0.032470703125,-0.36179015040397644,-0.023702116683125496,1,-12.07800006866455,-34.61140060424805,1.22174072265625,4,0.16072164475917816,5553,2023-06-08 18:06:19,-32.732601165771484
931.563720703125,5a287c6d3ffda73f,0.31475830078125,-0.0382080078125,0.23888537287712097,-0.22250694036483765,1,-11.516799926757812,-35.53860092163086,0.72314453125,0,0.36418700218200684,5916,2023-06-08 18:06:20,-32.81800079345703
931.699951171875,5a287c6d3ffda73f,0.450927734375,-0.01068115234375,-0.1363537460565567,-0.30732855200767517,1,-9.967399597167969,-36.953800201416016,0.81097412109375,1,-0.09201214462518692,6388,2023-06-08 18:06:20,-33.000999450683594
931.76123046875,5a287c6d3ffda73f,0.3585205078125,0.15771484375,0.06285055726766586,0.12277163565158844,1,-9.076799392700195,-37.83219909667969,1.1435546875,2,-0.37017911672592163,6610,2023-06-08 18:06:20,-33.47679901123047
931.6661987304688,5a287c6d3ffda73f,0.2647705078125,0.01763916015625,0.22809958457946777,-0.053795814514160156,1,-9.210999488830566,-37.856597900390625,0.73736572265625,3,-0.5295692086219788,6646,2023-06-08 18:06:20,-34.3307991027832
931.6287231445312,5a287c6d3ffda73f,0.4869384765625,-0.0689697265625,-0.20173430442810059,-0.30133646726608276,1,-10.016200065612793,-37.81999969482422,0.99365234375,4,-0.25313326716423035,6778,2023-06-08 18:06:20,-34.879798889160156
931.6387329101562,5a287c6d3ffda73f,0.1915283203125,-0.2012939453125,-0.14327795803546906,0.10293109714984894,1,-10.162599563598633,-38.3323974609375,1.06402587890625,0,0.7679219245910645,6689,2023-06-08 18:06:21,-35.05059814453125
931.6174926757812,5a287c6d3ffda73f,0.33831787109375,-0.024169921875,0.13169321417808533,-0.059122130274772644,1,-9.906399726867676,-38.979000091552734,0.76312255859375,1,0.28389275074005127,6777,2023-06-08 18:06:21,-35.08720016479492
931.6124877929688,5a287c6d3ffda73f,0.3463134765625,0.03033447265625,0.23595589399337769,0.20080219209194183,1,-9.57699966430664,-39.186397552490234,1.28253173828125,2,-0.08668582886457443,7049,2023-06-08 18:06:21,-35.514198303222656
931.5974731445312,5a287c6d3ffda73f,0.175537109375,0.066162109375,0.04234423115849495,0.4018706977367401,1,-10.4798002243042,-39.10099792480469,0.722900390625,3,-0.4577970504760742,6554,2023-06-08 18:06:21,-35.72159957885742
931.5962524414062,5a287c6d3ffda73f,0.47564697265625,-0.0496826171875,-0.10825742036104202,0.09933583438396454,1,-12.151199340820312,-38.82040023803711,0.8845214247703552,4,0.007190529722720385,6176,2023-06-08 18:06:21,-35.5995979309082
931.5962524414062,5a287c6d3ffda73f,0.4036865234375,-0.2698974609375,0.10719215124845505,0.20386482775211334,1,-13.200399398803711,-38.68619918823242,1.10723876953125,0,1.1157305240631104,5530,2023-06-08 18:06:22,-35.331199645996094
931.5874633789062,5a287c6d3ffda73f,0.2916259765625,0.0897216796875,0.030892645940184593,-0.48549389839172363,1,-12.883199691772461,-39.13759994506836,0.5146484375,1,0.28495803475379944,5568,2023-06-08 18:06:22,-35.013999938964844
931.6325073242188,5a287c6d3ffda73f,0.5880126953125,0.2124023288488388,0.6612623929977417,0.4217112362384796,1,-12.74899959564209,-39.14979934692383,1.3779296875,2,-0.44647863507270813,5807,2023-06-08 18:06:22,-34.891998291015625
931.6137084960938,5a287c6d3ffda73f,0.248046875,0.05743408203125,-0.5017392039299011,0.7418229579925537,1,-14.359399795532227,-38.234798431396484,0.67791748046875,3,-0.9157272577285767,5460,2023-06-08 18:06:22,-34.53820037841797
931.6849975585938,5a287c6d3ffda73f,0.59149169921875,-0.2039794921875,-0.028362644836306572,0.22623535990715027,1,-16.82379913330078,-37.161197662353516,0.9309691786766052,4,0.03981423005461693,5220,2023-06-08 18:06:22,-33.54999923706055
931.6799926757812,5a287c6d3ffda73f,0.72137451171875,-0.22607421875,0.03994738683104515,-0.15459638833999634,1,-19.007598876953125,-36.38039779663086,0.8493041396141052,0,0.37457332015037537,5936,2023-06-08 18:06:23,-32.354400634765625
931.6537475585938,5a287c6d3ffda73f,0.4134521484375,-0.1488037109375,-0.42663809657096863,-0.5436839461326599,1,-20.093399047851562,-35.843597412109375,0.56396484375,1,-0.08748477697372437,6141,2023-06-08 18:06:23,-31.183198928833008
931.6900024414062,5a287c6d3ffda73f,0.5264892578125,0.07861328125,-0.23915168642997742,-0.38003280758857727,1,-20.58139991760254,-35.001800537109375,1.3330078125,2,-0.47723811864852905,5611,2023-06-08 18:06:23,-30.390199661254883
931.6537475585938,5a287c6d3ffda73f,0.26556396484375,0.0562744140625,-0.3303648829460144,0.6901576519012451,1,-21.959999084472656,-33.6963996887207,0.68017578125,3,-0.44408178329467773,4882,2023-06-08 18:06:23,-29.15799903869629
931.6649780273438,5a287c6d3ffda73f,0.5828857421875,-0.05511474609375,0.11451584100723267,-0.1344895362854004,1,-24.19260025024414,-31.963998794555664,0.871337890625,4,-0.11438268423080444,3981,2023-06-08 18:06:23,-27.681798934936523
931.657470703125,5a287c6d3ffda73f,0.4569092094898224,-0.09832763671875,-0.061119500547647476,-0.17630113661289215,1,-25.583398818969727,-30.82939910888672,0.920166015625,0,0.482963889837265,3029,2023-06-08 18:06:24,-26.046998977661133
931.6474609375,5a287c6d3ffda73f,0.29058837890625,-0.13330078125,0.17683376371860504,-1.063665747642517,1,-24.607398986816406,-30.255998611450195,0.6134033203125,1,0.5008070468902588,978,2023-06-08 18:06:24,-25.375999450683594
931.7049560546875,5a287c6d3ffda73f,0.4344482421875,0.2603759765625,0.19228008389472961,0.20945745706558228,1,-22.704198837280273,-29.47519874572754,1.506591796875,2,-0.2041311413049698,719,2023-06-08 18:06:24,-25.668800354003906
931.6587524414062,5a287c6d3ffda73f,0.15533447265625,0.07403564453125,-0.06591318547725677,0.5491434335708618,1,-21.679399490356445,-28.49919891357422,0.669921875,3,-0.5045354962348938,650,2023-06-08 18:06:24,-25.705398559570312
931.6737060546875,5a287c6d3ffda73f,0.4705810546875,-0.0728759765625,0.06258423626422882,0.08122635632753372,1,-21.069398880004883,-27.54759979248047,0.9229735732078552,4,-0.15805849432945251,514,2023-06-08 18:06:24,-25.729799270629883
931.6637573242188,5a287c6d3ffda73f,0.3890380859375,-0.10980224609375,0.024101590737700462,0.020506324246525764,1,-20.349599838256836,-27.218198776245117,1.0526123046875,0,0.47657233476638794,,2023-06-08 18:06:25,-25.53459930419922
931.668701171875,5a287c6d3ffda73f,0.3856201171875,-0.09307861328125,0.13209268450737,0.037151068449020386,1,-18.94659996032715,-27.254798889160156,0.6683349609375,1,0.19627483189105988,562,2023-06-08 18:06:25,-25.949399948120117
931.7062377929688,5a287c6d3ffda73f,0.5009765625,0.09942626953125,-0.38163068890571594,0.0882837250828743,1,-17.628999710083008,-27.608598709106445,1.20404052734375,2,-0.19667430222034454,787,2023-06-08 18:06:25,-26.413000106811523
931.6587524414062,5a287c6d3ffda73f,0.34552001953125,0.11077880859375,-0.05539371073246002,-0.026098959147930145,1,-17.055599212646484,-27.706199645996094,0.65399169921875,3,-0.6191844940185547,1007,2023-06-08 18:06:25,-26.77899932861328
931.6950073242188,5a287c6d3ffda73f,0.5303955078125,-0.1451416015625,0.2950780391693115,0.14074796438217163,1,-17.55579948425293,-27.742799758911133,0.9908447265625,4,0.14634059369564056,2488,2023-06-08 18:06:25,-26.656999588012695
931.6724853515625,5a287c6d3ffda73f,0.4146728515625,-0.1141357421875,-0.45846283435821533,0.1567269116640091,1,-18.19019889831543,-28.49919891357422,0.9576416015625,0,0.6134586930274963,3064,2023-06-08 18:06:26,-25.924999237060547
931.6537475585938,5a287c6d3ffda73f,0.4605102241039276,0.00433349609375,-0.2906838059425354,-0.13542163372039795,1,-18.17799949645996,-29.584999084472656,0.66986083984375,1,0.05326318368315697,3174,2023-06-08 18:06:26,-25.046600341796875
931.6962280273438,5a287c6d3ffda73f,0.52117919921875,0.1966552734375,0.24354590475559235,-0.040879491716623306,1,-18.007200241088867,-30.390199661254883,1.25372314453125,2,-0.25739431381225586,3543,2023-06-08 18:06:26,-24.49759864807129
931.63623046875,5a287c6d3ffda73f,0.3720703125,0.0845947265625,0.02463422156870365,0.17749954760074615,1,-18.409799575805664,-30.7195987701416,0.64013671875,3,-0.49161916971206665,4055,2023-06-08 18:06:26,-23.875398635864258
931.6524658203125,5a287c6d3ffda73f,0.5487060546875,-0.06231689453125,0.276435911655426,-0.3613906800746918,1,-18.8612003326416,-30.82939910888672,0.870361328125,4,0.03009369783103466,4189,2023-06-08 18:06:26,-23.436199188232422
931.6424560546875,5a287c6d3ffda73f,0.43536376953125,-0.07232666015625,0.21478378772735596,0.14554163813591003,1,-18.726999282836914,-30.975799560546875,1.02911376953125,0,0.7609977126121521,4553,2023-06-08 18:06:27,-23.277599334716797
931.6137084960938,5a287c6d3ffda73f,0.3995361328125,-0.022705078125,-0.14381058514118195,-0.44528019428253174,1,-17.738800048828125,-31.46379852294922,0.665283203125,1,0.4139880836009979,4564,2023-06-08 18:06:27,-23.19219970703125
931.6237182617188,5a287c6d3ffda73f,0.41131591796875,0.20660400390625,-0.20146799087524414,0.33675646781921387,1,-16.86039924621582,-32.037200927734375,1.230712890625,2,-0.4053328037261963,4686,2023-06-08 18:06:27,-22.8627986907959
931.5862426757812,5a287c6d3ffda73f,0.38775634765625,0.16412353515625,0.09933583438396454,-0.06338318437337875,1,-17.128799438476562,-31.902999877929688,0.636962890625,3,-0.9735178351402283,4188,2023-06-08 18:06:27,-22.52120018005371
931.6399536132812,5a287c6d3ffda73f,0.5482177734375,-0.12322998046875,0.5206475853919983,0.2486059069633484,1,-17.48259925842285,-31.207599639892578,1.04193115234375,4,0.2486059069633484,4456,2023-06-08 18:06:27,-22.899398803710938
931.6199951171875,5a287c6d3ffda73f,0.4075927734375,-0.1956787109375,-0.12303794920444489,-0.3814975321292877,1,-17.385000228881836,-30.975799560546875,0.87939453125,0,0.4852275848388672,4459,2023-06-08 18:06:28,-23.20439910888672
931.6287231445312,5a287c6d3ffda73f,0.4080810844898224,-0.02825927734375,-0.6860297918319702,-0.33595752716064453,1,-16.787199020385742,-31.256399154663086,0.744140625,1,-0.07656582444906235,4106,2023-06-08 18:06:28,-23.16779899597168
931.66748046875,5a287c6d3ffda73f,0.4019775390625,0.1627197265625,0.2540653645992279,0.221042200922966,1,-16.57979965209961,-31.536998748779297,1.1419677734375,2,-0.26764747500419617,3791,2023-06-08 18:06:28,-22.85059928894043
931.6162109375,5a287c6d3ffda73f,0.3619384765625,0.0606689453125,0.40746334195137024,0.34021857380867004,1,-17.348400115966797,-31.183198928833008,0.65960693359375,3,-0.5285038948059082,3809,2023-06-08 18:06:28,-22.411399841308594
931.6337280273438,5a287c6d3ffda73f,0.5665283203125,-0.2503662109375,0.3659180700778961,0.4078628122806549,1,-18.59280014038086,-30.53660011291504,1.07769775390625,4,0.49108654260635376,3750,2023-06-08 18:06:28,-22.057600021362305
931.6162109375,5a287c6d3ffda73f,0.50360107421875,-0.2557373046875,0.030226856470108032,0.006924213841557503,1,-19.300399780273438,-30.13399887084961,0.85736083984375,0,0.5894902944564819,3567,2023-06-08 18:06:29,-21.8257999420166
,5a287c6d3ffda73f,0.52484130859375,-0.1065063551068306,,,1,,,0.606201171875,1,,5209,2023-06-08 18:06:29,
,5a287c6d3ffda73f,0.577392578125,-0.2652587890625,0.02197106182575226,-0.26085641980171204,1,-35.88019943237305,11.345999717712402,0.880859375,0,0.22130851447582245,5164,2023-06-08 18:07:12,-17.311800003051758
931.7074584960938,5a287c6d3ffda73f,0.4146728515625,-0.034423828125,0.45633232593536377,0.38522595167160034,1,-36.587799072265625,10.174799919128418,1.1099853515625,1,0.6392913460731506,4477,2023-06-08 18:07:12,-16.64080047607422
931.6937255859375,5a287c6d3ffda73f,0.49273681640625,-0.08306884765625,0.019174745306372643,-0.028362644836306572,1,-37.588199615478516,8.649800300598145,0.61114501953125,2,0.024367906153202057,4371,2023-06-08 18:07:12,-15.030399322509766
931.7174682617188,5a287c6d3ffda73f,0.6025390625,-0.0438232421875,-0.31332066655158997,-0.8544746041297913,1,-37.36859893798828,8.247200012207031,1.12353515625,3,-0.336223840713501,5217,2023-06-08 18:07:12,-15.811200141906738
931.6950073242188,5a287c6d3ffda73f,0.3612060546875,0.016845703125,-0.2637858986854553,-0.32756856083869934,1,-36.68539810180664,8.381400108337402,0.6041259765625,0,-0.6567350625991821,5697,2023-06-08 18:07:13,-17.031200408935547
931.7437133789062,5a287c6d3ffda73f,0.38214111328125,-0.16265869140625,-0.3560643792152405,0.12357058376073837,1,-36.16080093383789,8.479000091552734,1.28802490234375,1,0.21771325170993805,5542,2023-06-08 18:07:13,-17.7997989654541
931.7424926757812,5a287c6d3ffda73f,0.2840576171875,-0.1231689453125,0.1789642870426178,0.48442864418029785,1,-36.014400482177734,7.893399715423584,0.83013916015625,2,0.6837661266326904,,2023-06-08 18:07:13,-18.129199981689453
931.7424926757812,5a287c6d3ffda73f,0.4044189453125,-0.0201416015625,0.31012487411499023,-0.24421168863773346,1,-36.014400482177734,7.393199920654297,0.806884765625,3,-0.2396843135356903,5162,2023-06-08 18:07:13,-18.043800354003906
931.7774658203125,5a287c6d3ffda73f,0.4158935546875,0.0545654296875,-0.12623374164104462,0.11677952855825424,1,-35.88019943237305,6.5391998291015625,1.1322021484375,4,-0.14514216780662537,,2023-06-08 18:07:13,-18.17799949645996
931.7337036132812,5a287c6d3ffda73f,0.350341796875,-0.021484375,0.2174469381570816,0.2985401451587677,1,-35.68499755859375,5.990200042724609,0.60791015625,0,0.2961432933807373,5070,2023-06-08 18:07:14,-18.141399383544922
931.7699584960938,5a287c6d3ffda73f,0.55322265625,-0.1348876953125,0.221042200922966,0.08522108942270279,1,-35.380001068115234,5.563199996948242,1.253662109375,1,0.17989639937877655,4508,2023-06-08 18:07:14,-18.22679901123047
931.7537231445312,5a287c6d3ffda73f,0.4417724311351776,-0.1073608472943306,0.10159952193498611,0.32037803530693054,1,-35.47760009765625,4.3919997215271,0.736328125,2,0.6743118762969971,3820,2023-06-08 18:07:14,-17.372798919677734
,5a287c6d3ffda73f,0.28631591796875,-0.30615234375,0.19068218767642975,0.3398191034793854,1,-37.51499938964844,-7.649399757385254,1.130126953125,0,0.6784397959709167,4710,2023-06-08 18:08:40,-19.422399520874023
931.85498046875,5a287c6d3ffda73f,0.39422607421875,-0.08740234375,-0.13369058072566986,-0.27763432264328003,1,-36.80739974975586,-10.016200065612793,0.57733154296875,1,0.1994706094264984,4721,2023-06-08 18:08:40,-19.50779914855957
931.9662475585938,5a287c6d3ffda73f,0.4794922173023224,-0.0003662109375,-0.1873532384634018,0.1621863842010498,1,-36.23400115966797,-10.4798002243042,1.2294921875,2,-0.5313002467155457,4924,2023-06-08 18:08:40,-19.84939956665039
931.9349975585938,5a287c6d3ffda73f,0.3099365234375,-0.01605224609375,0.03928159549832344,-0.0691089779138565,1,-36.16080093383789,-9.540399551391602,0.6361083984375,3,-0.5865607857704163,4960,2023-06-08 18:08:40,-20.093399047851562
931.9786987304688,5a287c6d3ffda73f,0.4743652045726776,-0.2159423977136612,0.3327617347240448,0.0834900364279747,1,-36.30719757080078,-8.344799995422363,1.037841796875,4,0.367649108171463,4820,2023-06-08 18:08:40,-20.300800323486328
931.9862060546875,5a287c6d3ffda73f,0.3460693359375,-0.34320068359375,0.49268442392349243,0.3519364893436432,1,-36.74639892578125,-7.881199836730957,1.07257080078125,0,0.6805703043937683,4582,2023-06-08 18:08:41,-20.093399047851562
931.9462280273438,5a287c6d3ffda73f,0.4536742866039276,-0.07904052734375,-0.452737033367157,-0.5275717973709106,1,-37.14899826049805,-7.881199836730957,0.53009033203125,1,-0.1639174371957779,4617,2023-06-08 18:08:41,-20.154399871826172
931.9924926757812,5a287c6d3ffda73f,0.4622192084789276,-0.03741455078125,-0.14913691580295563,0.2656501233577728,1,-37.41740036010742,-7.637199878692627,1.25048828125,2,-0.7258440256118774,4883,2023-06-08 18:08:41,-20.471599578857422
931.9712524414062,5a287c6d3ffda73f,0.32623291015625,-0.0897216796875,-0.3611243665218353,-0.2222406268119812,1,-36.99039840698242,-5.380199909210205,0.62664794921875,3,-0.6648576855659485,4583,2023-06-08 18:08:41,-22.167400360107422
932.012451171875,5a287c6d3ffda73f,0.4876708984375,-0.28460693359375,0.3249054253101349,-0.1129179447889328,1,-37.209999084472656,-3.7453999519348145,1.002685546875,4,0.631035566329956,4997,2023-06-08 18:08:41,-22.826200485229492
932.0087280273438,5a287c6d3ffda73f,0.28839111328125,-0.27777099609375,0.05419528856873512,0.2131858915090561,1,-37.67359924316406,-2.732800006866455,1.08734130859375,0,0.6901576519012451,4888,2023-06-08 18:08:42,-23.009199142456055
,5a287c6d3ffda73f,0.37554931640625,-0.02423095703125,,,1,,,0.578369140625,1,,,2023-06-08 18:08:42,
,5a287c6d3ffda73f,0.341796875,0.0196533203125,0.38775596022605896,0.1748363971710205,1,-35.953399658203125,-3.4891998767852783,0.573974609375,0,0.7486140131950378,297,2023-06-08 18:09:33,-18.983200073242188
932.0687255859375,5a287c6d3ffda73f,0.5020751953125,0.0853271484375,-0.39254966378211975,-0.05193160101771355,1,-36.08760070800781,-3.4282000064849854,1.14239501953125,1,-0.6604634523391724,314,2023-06-08 18:09:33,-18.81239891052246
932.0899658203125,5a287c6d3ffda73f,0.33099365234375,-0.02301025390625,-0.24714116752147675,0.37204334139823914,1,-36.23400115966797,-1.9764000177383423,0.79443359375,0,-0.5130575895309448,267,2023-06-08 18:09:34,-18.604999542236328
932.1174926757812,5a287c6d3ffda73f,0.66229248046875,-0.1075439527630806,-0.01957421936094761,0.3250385820865631,1,-36.55120086669922,-1.305400013923645,0.767333984375,1,0.0600542388856411,286,2023-06-08 18:09:34,-17.53139877319336
932.1737060546875,5a287c6d3ffda73f,0.5426025390625,-0.130126953125,0.11371689289808273,-0.5151881575584412,1,-36.55120086669922,-1.0613999366760254,1.04144287109375,2,0.3459443747997284,272,2023-06-08 18:09:34,-17.25079917907715
932.1337280273438,5a287c6d3ffda73f,0.38250732421875,-0.03765869140625,-0.4632565379142761,-0.140481635928154,1,-36.41699981689453,-1.0369999408721924,0.5396728515625,3,-0.015579480677843094,335,2023-06-08 18:09:34,-17.336198806762695
932.1424560546875,5a287c6d3ffda73f,0.4278564453125,0.2251587063074112,-1.559812307357788,-0.23023010790348053,1,-36.11199951171875,-1.8421999216079712,1.1177978515625,4,0.19787272810935974,468,2023-06-08 18:09:34,-17.726598739624023
932.125,5a287c6d3ffda73f,0.4180298149585724,0.35504150390625,0.2451438009738922,-0.46165862679481506,1,-35.91679763793945,-2.342400074005127,0.71600341796875,0,-0.6580666303634644,357,2023-06-08 18:09:35,-17.982799530029297
932.1087036132812,5a287c6d3ffda73f,0.3778076171875,-0.0916748046875,0.5757750272750854,-0.1561942845582962,1,-35.48979949951172,-1.8543999195098877,1.0828857421875,1,-0.15126743912696838,256,2023-06-08 18:09:35,-18.653799057006836
932.1499633789062,5a287c6d3ffda73f,0.2425537109375,0.2132568508386612,0.6495444774627686,0.6241113543510437,1,-35.209197998046875,-1.7323999404907227,1.27392578125,2,1.2206590175628662,282,2023-06-08 18:09:35,-19.080799102783203
932.1074829101562,5a287c6d3ffda73f,0.36553955078125,0.1052856370806694,-0.1784316599369049,0.1904158741235733,1,-36.61219787597656,0.012199999764561653,0.32965087890625,3,0.21092219650745392,302,2023-06-08 18:09:35,-17.22640037536621
932.1599731445312,5a287c6d3ffda73f,0.4967651665210724,0.31982421875,0.28256118297576904,-0.6169208288192749,1,-36.30719757080078,-0.7075999975204468,1.26416015625,4,-0.5463470816612244,256,2023-06-08 18:09:35,-17.86079978942871
932.137451171875,5a287c6d3ffda73f,0.31304931640625,0.014953614212572575,0.148870587348938,0.275237500667572,1,-36.06319808959961,-0.8173999786376953,0.55078125,0,-0.5227781534194946,229,2023-06-08 18:09:36,-18.263399124145508
932.1512451171875,5a287c6d3ffda73f,0.4612426459789276,-0.21343994140625,0.2743053734302521,-0.11677952855825424,1,-35.86800003051758,-0.6222000122070312,1.17901611328125,1,0.3712443709373474,366,2023-06-08 18:09:36,-18.51959991455078
932.1724853515625,5a287c6d3ffda73f,0.3548583984375,0.08447265625,0.20865851640701294,0.2901511788368225,1,-35.85580062866211,-0.24399998784065247,1.036865234375,2,0.7880287766456604,562,2023-06-08 18:09:36,-18.324399948120117
932.1474609375,5a287c6d3ffda73f,0.4199829399585724,0.04486083984375,-0.829840362071991,-0.14980269968509674,1,-36.1973991394043,-0.15860000252723694,0.52490234375,3,-0.1452753245830536,715,2023-06-08 18:09:36,-17.53139877319336
932.1925048828125,5a287c6d3ffda73f,0.45220947265625,0.19744873046875,0.4852275848388672,0.0739026665687561,1,-36.42919921875,-0.7807999849319458,1.448974609375,4,-0.534496009349823,1031,2023-06-08 18:09:36,-16.665199279785156
932.1612548828125,5a287c6d3ffda73f,0.34930419921875,0.0511474609375,-0.46458810567855835,0.09534109383821487,1,-36.72200012207031,-0.12199999392032623,0.36798095703125,0,-0.5764408111572266,2420,2023-06-08 18:09:37,-15.493999481201172
932.177490234375,5a287c6d3ffda73f,0.58441162109375,-0.1063232496380806,0.19893798232078552,-0.07097318768501282,1,-36.38039779663086,1.1589999198913574,1.20654296875,1,0.08775109052658081,3444,2023-06-08 18:09:37,-15.469599723815918
932.1749877929688,5a287c6d3ffda73f,0.4334716796875,-0.0115966796875,-0.01225053146481514,-0.12157320976257324,1,-36.08760070800781,1.8177999258041382,0.9878540635108948,2,0.13049480319023132,4261,2023-06-08 18:09:37,-15.22559928894043
932.1799926757812,5a287c6d3ffda73f,0.3494873046875,-0.01251220703125,0.018642114475369453,-0.43223071098327637,1,-35.80699920654297,2.134999990463257,0.568603515625,3,-0.3639206886291504,4996,2023-06-08 18:09:37,-15.054800033569336
932.2699584960938,5a287c6d3ffda73f,0.29315185546875,-0.09521484375,0.30413275957107544,0.17204007506370544,1,-35.48979949951172,2.500999927520752,1.258056640625,4,0.21212062239646912,5865,2023-06-08 18:09:37,-15.04259967803955
932.2587280273438,5a287c6d3ffda73f,0.3880615234375,-0.01007080078125,0.11238531768321991,0.6619281768798828,1,-35.45319747924805,3.4891998767852783,0.643310546875,5,-0.21491694450378418,5556,2023-06-08 18:09:37,-14.59119987487793
932.2237548828125,5a287c6d3ffda73f,0.62445068359375,-0.2642822265625,0.5213133692741394,-0.07297056168317795,1,-35.3922004699707,5.2947998046875,0.9917603135108948,0,0.0588558167219162,6053,2023-06-08 18:09:38,-14.432600021362305
932.2149658203125,5a287c6d3ffda73f,0.4664306640625,-0.2646484375,-0.5603286623954773,-0.09813741594552994,1,-35.526397705078125,6.2829999923706055,0.875244140625,1,0.41358861327171326,6333,2023-06-08 18:09:38,-14.090999603271484
,5a287c6d3ffda73f,0.4772949516773224,-0.05047607421875,,,1,,,0.71417236328125,2,,1546,2023-06-08 18:09:38,
,5a287c6d3ffda73f,0.4138794243335724,-0.1197509840130806,0.01504684891551733,-0.9402283430099487,1,-36.09980010986328,-3.4769999980926514,1.23431396484375,0,1.3488900661468506,,2023-06-08 18:10:45,-21.337799072265625
932.3787231445312,5a287c6d3ffda73f,0.28594970703125,0.26947021484375,-0.18002955615520477,0.2071937769651413,1,-34.61140060424805,-7.502999782562256,0.763671875,1,0.6311687231063843,1651,2023-06-08 18:10:45,-21.703800201416016
932.418701171875,5a287c6d3ffda73f,0.39990234375,0.100341796875,-0.4852275848388672,0.43223071098327637,1,-34.45280075073242,-9.528200149536133,1.059326171875,0,0.024900536984205246,1777,2023-06-08 18:10:46,-21.374399185180664
932.5087280273438,5a287c6d3ffda73f,0.50482177734375,0.260498046875,0.20519641041755676,0.34807488322257996,1,-34.891998291015625,-10.711599349975586,0.8393554091453552,1,0.35113751888275146,1607,2023-06-08 18:10:46,-20.434999465942383
932.5249633789062,5a287c6d3ffda73f,0.363037109375,0.17987060546875,0.04048001766204834,-0.3158506751060486,1,-27.15719985961914,-10.955599784851074,0.6080322265625,2,-0.13195952773094177,2065,2023-06-08 18:10:46,-15.127999305725098
932.5574951171875,5a287c6d3ffda73f,0.3316650390625,0.3717041015625,0.9527451395988464,-0.5439502596855164,1,-26.425199508666992,-10.162599563598633,1.3798828125,3,-0.9127978086471558,2810,2023-06-08 18:10:46,-15.603799819946289
932.5774536132812,5a287c6d3ffda73f,0.1915283203125,0.09222412109375,-0.11305110156536102,0.44581282138824463,1,-26.559398651123047,-8.515600204467773,0.6298828125,4,-1.0022798776626587,3066,2023-06-08 18:10:46,-15.7746000289917
932.5224609375,5a287c6d3ffda73f,0.42034912109375,-0.2159423977136612,-0.05579318478703499,0.3849596381187439,1,-36.24620056152344,-7.393199920654297,0.9863891005516052,0,-0.3577954173088074,3239,2023-06-08 18:10:47,-21.715999603271484
932.5299682617188,5a287c6d3ffda73f,0.46142578125,-0.0120849609375,-0.1772332340478897,-0.12330426275730133,1,-36.904998779296875,-6.3805999755859375,1.000244140625,1,0.10080057382583618,6416,2023-06-08 18:10:47,-21.630599975585938
932.501220703125,5a287c6d3ffda73f,0.35418701171875,-0.037353515625,-0.434760719537735,0.16018901765346527,1,-37.966400146484375,-4.587199687957764,0.54876708984375,2,0.20319904386997223,7201,2023-06-08 18:10:47,-21.447599411010742
932.4962158203125,5a287c6d3ffda73f,0.29412841796875,0.2042236328125,-0.13169321417808533,-1.02158784866333,1,-38.49100112915039,-3.1963999271392822,1.36279296875,3,0.41159123182296753,9087,2023-06-08 18:10:47,-22.081998825073242
932.51123046875,5a287c6d3ffda73f,0.2989501953125,0.2518310546875,,,1,,,0.566650390625,4,,9393,2023-06-08 18:10:47,
932.4987182617188,5a287c6d3ffda73f,0.40350341796875,-0.18621826171875,,,1,,,1.15289306640625,0,,,2023-06-08 18:10:48,
932.5462036132812,5a287c6d3ffda73f,0.37799072265625,0.23199462890625,,,1,,,1.00494384765625,1,,,2023-06-08 18:10:48,
932.5399780273438,5a287c6d3ffda73f,0.36383056640625,0.0399169921875,,,1,,,0.59478759765625,2,,,2023-06-08 18:10:48,
932.5962524414062,5a287c6d3ffda73f,0.32720947265625,0.4998778998851776,,,1,,,1.29278564453125,3,,,2023-06-08 18:10:48,
932.5662231445312,5a287c6d3ffda73f,0.3740234375,0.3038330078125,,,1,,,0.4068603515625,4,,,2023-06-08 18:10:48,
932.5974731445312,5a287c6d3ffda73f,0.37701416015625,0.0965576171875,,,1,,,1.261474609375,0,,,2023-06-08 18:10:49,
932.6124877929688,5a287c6d3ffda73f,0.30206298828125,0.1766357421875,,,1,,,0.9545899033546448,1,,,2023-06-08 18:10:49,
932.552490234375,5a287c6d3ffda73f,0.294921875,0.2286987453699112,,,1,,,0.5703125,2,,,2023-06-08 18:10:49,
932.6012573242188,5a287c6d3ffda73f,0.1337890625,0.5230712890625,,,1,,,1.341552734375,3,,,2023-06-08 18:10:49,
932.5724487304688,5a287c6d3ffda73f,0.2297973781824112,0.186279296875,,,1,,,0.39947509765625,4,,,2023-06-08 18:10:49,
932.5762329101562,5a287c6d3ffda73f,0.4293822944164276,0.2490234375,,,1,,,1.258056640625,0,,,2023-06-08 18:10:50,
932.5899658203125,5a287c6d3ffda73f,0.3365478515625,0.24658203125,,,1,,,0.9658203721046448,1,,,2023-06-08 18:10:50,
932.54248046875,5a287c6d3ffda73f,0.28509521484375,0.0848388671875,,,1,,,0.3880615234375,2,,,2023-06-08 18:10:50,
932.5724487304688,5a287c6d3ffda73f,0.451904296875,0.38861083984375,,,1,,,1.483642578125,3,,,2023-06-08 18:10:50,
932.5612182617188,5a287c6d3ffda73f,0.4950561821460724,0.13128662109375,,,1,,,0.646484375,4,,,2023-06-08 18:10:50,
932.5924682617188,5a287c6d3ffda73f,0.260986328125,-0.17437744140625,,,1,,,1.1353759765625,0,,,2023-06-08 18:10:51,
932.594970703125,5a287c6d3ffda73f,0.316162109375,-0.14703369140625,,,1,,,0.80413818359375,1,,,2023-06-08 18:10:51,
932.5374755859375,5a287c6d3ffda73f,0.5208740234375,-0.04827880859375,,,1,,,0.78369140625,2,,,2023-06-08 18:10:51,
932.5549926757812,5a287c6d3ffda73f,0.5150146484375,0.0482177734375,,,1,,,1.0086669921875,3,,,2023-06-08 18:10:51,
932.5299682617188,5a287c6d3ffda73f,0.38153076171875,-0.0230712890625,,,1,,,0.7269287109375,4,,,2023-06-08 18:10:51,
932.54248046875,5a287c6d3ffda73f,0.603515625,-0.1583251953125,0.21784640848636627,0.08575372397899628,1,-38.869197845458984,15.22559928894043,1.11962890625,0,-0.008655266836285591,,2023-06-08 18:10:52,-19.60540008544922
932.5237426757812,5a287c6d3ffda73f,0.45947265625,-0.20379638671875,0.08602003753185272,-0.0588558167219162,1,-38.612998962402344,16.89699935913086,0.74029541015625,1,0.39188385009765625,9480,2023-06-08 18:10:52,-18.763599395751953
932.51123046875,5a287c6d3ffda73f,0.51519775390625,0.0037231447640806437,-0.10066741704940796,0.013582111336290836,1,-38.63739776611328,17.397199630737305,0.7939453125,2,0.30186909437179565,9661,2023-06-08 18:10:52,-18.104799270629883
932.5675048828125,5a287c6d3ffda73f,0.48834228515625,0.07501220703125,-0.13888375461101532,-0.018242640420794487,1,-38.69839859008789,17.22640037536621,1.107177734375,3,-0.331696480512619,9764,2023-06-08 18:10:52,-17.812000274658203
932.5487060546875,5a287c6d3ffda73f,0.4389038383960724,0.0186767578125,-0.14807164669036865,0.1117195263504982,1,-38.62519836425781,17.311800003051758,0.5908203125,4,-0.4269044101238251,9720,2023-06-08 18:10:52,-17.5802001953125
,5a287c6d3ffda73f,0.3935546875,-0.27679443359375,-0.8434224724769592,-0.08029424399137497,5,-16.82379913330078,22.679800033569336,0.96563720703125,0,-0.4551338851451874,1,2023-06-09 11:20:51,-18.385398864746094
931.7162475585938,5a287c6d3ffda73f,0.23785400390625,-0.3541259765625,-0.19481009244918823,-0.3392864763736725,5,1.9764000177383423,26.937599182128906,1.018310546875,1,0.06138581782579422,2,2023-06-09 11:20:51,-12.895400047302246
932.0675048828125,5a287c6d3ffda73f,0.2335204929113388,-0.2484130859375,-0.22130851447582245,-0.19054903090000153,5,1.9764000177383423,25.998199462890625,0.8741455078125,0,0.5097286701202393,2,2023-06-09 11:20:52,-13.334599494934082
932.3487548828125,5a287c6d3ffda73f,0.08636474609375,-0.22607421875,0.36019226908683777,-1.3994901180267334,5,1.573799967765808,23.53380012512207,0.9306030869483948,1,0.5135902166366577,2,2023-06-09 11:20:52,-13.005199432373047
932.5374755859375,5a287c6d3ffda73f,-0.2228393405675888,-0.23748779296875,-0.16924376785755157,-0.4539354741573334,5,1.8909999132156372,21.49639892578125,0.9774170517921448,2,1.8684724569320679,2,2023-06-09 11:20:52,-14.127599716186523
932.6325073242188,5a287c6d3ffda73f,-0.1236572265625,-0.1221923828125,-0.6158555150032043,-0.11145320534706116,5,1.0369999408721924,20.23979949951172,0.98187255859375,3,1.3817801475524902,2,2023-06-09 11:20:52,-14.774199485778809
932.7324829101562,5a287c6d3ffda73f,-0.0880126953125,0.10870361328125,0.7298387289047241,1.0681930780410767,5,-0.5489999651908875,18.90999984741211,1.0068359375,4,0.44368231296539307,2,2023-06-09 11:20:52,-14.847399711608887
932.8112182617188,5a287c6d3ffda73f,-0.0810546875,-0.4510498344898224,0.7399587631225586,0.5589970946311951,5,-2.427799940109253,18.604999542236328,1.07958984375,0,-0.24035011231899261,2,2023-06-09 11:20:53,-13.468799591064453
932.8737182617188,5a287c6d3ffda73f,0.0386962890625,-0.5001220703125,0.32890015840530396,-0.5869602560997009,5,-4.672599792480469,17.445999145507812,0.835693359375,1,0.40040597319602966,2,2023-06-09 11:20:53,-11.870599746704102
932.91748046875,5a287c6d3ffda73f,0.09295654296875,-0.4400634765625,-0.4619249403476715,-0.42930126190185547,5,-7.429800033569336,16.54319953918457,0.9410400986671448,2,0.06578002870082855,3,2023-06-09 11:20:53,-9.906399726867676
932.9549560546875,5a287c6d3ffda73f,-0.0501708984375,-0.33935546875,-0.49108654260635376,-0.12982900440692902,5,-10.077199935913086,15.835599899291992,1.00634765625,3,-0.023568958044052124,3,2023-06-09 11:20:53,-8.515600204467773
932.9912109375,5a287c6d3ffda73f,-0.0247802734375,-0.29937744140625,0.0858868807554245,-0.009986846707761288,5,-12.43179988861084,16.091798782348633,0.8998412489891052,4,-0.0034621069207787514,2,2023-06-09 11:20:53,-7.527400016784668
933.01123046875,5a287c6d3ffda73f,0.0277099609375,-0.2908935546875,0.6436855792999268,0.2174469381570816,5,-15.030399322509766,16.61639976501465,0.9578856825828552,0,0.24913853406906128,2,2023-06-09 11:20:54,-5.611999988555908
933.0411987304688,5a287c6d3ffda73f,0.0902099609375,-0.4732666015625,0.08681898564100266,0.48922231793403625,5,-17.043399810791016,17.006799697875977,0.947998046875,1,0.2749711871147156,2,2023-06-09 11:20:54,-3.09879994392395
933.0537109375,5a287c6d3ffda73f,0.1875,-0.4089965522289276,-0.4331628382205963,0.21824589371681213,5,-18.287799835205078,17.641199111938477,0.8540039658546448,2,-0.0822916179895401,6,2023-06-09 11:20:54,-0.8539999723434448
933.0662231445312,5a287c6d3ffda73f,0.26727294921875,-0.24053955078125,-0.17044217884540558,0.066046342253685,5,-18.90999984741211,17.7997989654541,0.9527587890625,3,-0.17643429338932037,13,2023-06-09 11:20:54,-0.12199999392032623
933.0700073242188,5a287c6d3ffda73f,0.26702880859375,-0.177734375,-0.43342915177345276,0.0153131652623415,5,-21.777000427246094,18.49519920349121,0.9223023056983948,4,-0.6317013502120972,20,2023-06-09 11:20:54,0.5123999714851379
933.0687255859375,5a287c6d3ffda73f,0.2230834811925888,-0.1602783203125,-0.19267955422401428,0.14674006402492523,5,-22.240598678588867,18.775798797607422,0.97894287109375,0,-1.1255842447280884,24,2023-06-09 11:20:55,0.3050000071525574
933.0687255859375,5a287c6d3ffda73f,0.25006103515625,-0.20013427734375,-0.18482324481010437,-0.056059498339891434,5,-22.289400100708008,19.300399780273438,1.0283203125,1,-0.588824450969696,25,2023-06-09 11:20:55,0.5489999651908875
933.07373046875,5a287c6d3ffda73f,0.2132568508386612,-0.14080810546875,-0.05472791939973831,0.08868319541215897,5,-21.923398971557617,20.044599533081055,0.945556640625,2,-0.8358324766159058,26,2023-06-09 11:20:55,0.5978000164031982
933.0724487304688,5a287c6d3ffda73f,0.26666259765625,-0.1683349609375,0.10013478249311447,0.29214856028556824,5,-20.776599884033203,21.16699981689453,1.02252197265625,3,-0.8278430104255676,29,2023-06-09 11:20:55,0.536799967288971
933.0774536132812,5a287c6d3ffda73f,0.127685546875,-0.2713623046875,-0.2727074921131134,0.6488786935806274,5,-18.397600173950195,22.326000213623047,1.035888671875,4,-0.9528783559799194,32,2023-06-09 11:20:55,-0.13419999182224274
933.0824584960938,5a287c6d3ffda73f,0.0823974609375,-0.33160400390625,-0.42730388045310974,-0.27949854731559753,5,-15.298799514770508,23.15559959411621,0.8455810546875,0,-0.4788359999656677,42,2023-06-09 11:20:56,-0.9882000088691711
933.0799560546875,5a287c6d3ffda73f,0.16766357421875,-0.26953125,-0.12876373529434204,-0.11451584100723267,5,-6.673399925231934,21.386600494384766,0.9057006239891052,1,-0.4049333333969116,103,2023-06-09 11:20:56,-0.9882000088691711
933.083740234375,5a287c6d3ffda73f,0.09326171875,-0.2745361328125,0.10759162902832031,-0.17989639937877655,5,-2.0495998859405518,21.337799072265625,1.09814453125,2,-0.6000097393989563,183,2023-06-09 11:20:56,-1.8055999279022217
933.083740234375,5a287c6d3ffda73f,0.0557861328125,-0.19781494140625,0.45500072836875916,-0.1519332230091095,5,2.89139986038208,21.14259910583496,0.9534302353858948,3,0.20319904386997223,190,2023-06-09 11:20:56,-2.269199848175049
933.0824584960938,5a287c6d3ffda73f,-0.00274658203125,-0.2674560546875,0.15805849432945251,0.1898832470178604,5,7.197999954223633,20.983999252319336,1.01580810546875,4,0.16604797542095184,199,2023-06-09 11:20:56,-2.232599973678589
933.07373046875,5a287c6d3ffda73f,0.06317138671875,-0.20611572265625,-0.39135122299194336,-0.237820103764534,5,10.955599784851074,20.605798721313477,0.9532470703125,0,-0.23675484955310822,209,2023-06-09 11:20:57,-2.0251998901367188
933.0724487304688,5a287c6d3ffda73f,-0.02636718563735485,-0.2869873046875,-0.009454214945435524,0.17923060059547424,5,14.042200088500977,19.87380027770996,0.960205078125,1,-0.2913496196269989,209,2023-06-09 11:20:57,-1.8421999216079712
933.0687255859375,5a287c6d3ffda73f,0.028076171875,-0.271484375,-0.1688442826271057,0.012516847811639309,5,16.152799606323242,18.995399475097656,1.00372314453125,2,-0.12410321086645126,218,2023-06-09 11:20:57,-1.7933999300003052
933.0712280273438,5a287c6d3ffda73f,0.08245849609375,-0.27667236328125,-0.18881797790527344,-0.1514005959033966,5,17.54360008239746,18.458599090576172,0.93792724609375,3,0.1537974327802658,230,2023-06-09 11:20:57,-1.7811999320983887
933.0862426757812,5a287c6d3ffda73f,0.0501708984375,-0.20166015625,0.08535424619913101,-0.20559588074684143,5,18.165800094604492,18.373199462890625,0.9779053330421448,4,0.13475584983825684,223,2023-06-09 11:20:57,-1.5859999656677246
933.0824584960938,5a287c6d3ffda73f,0.01800537109375,-0.17852783203125,0.2937464416027069,-0.10346373170614243,5,18.27560043334961,18.470800399780273,0.9913330078125,0,-0.040746334940195084,211,2023-06-09 11:20:58,-1.4395999908447266
933.07373046875,5a287c6d3ffda73f,-0.05120849609375,-0.1817626953125,-0.027963170781731606,-0.07789740711450577,5,18.055999755859375,18.458599090576172,1.02099609375,1,-0.09653951972723007,204,2023-06-09 11:20:58,-1.3176000118255615
933.07373046875,5a287c6d3ffda73f,-0.09283447265625,-0.1446533203125,0.22809958457946777,0.04554001986980438,5,18.25119972229004,18.129199981689453,1.02093505859375,2,-0.5579318404197693,185,2023-06-09 11:20:58,-1.4639999866485596
933.0862426757812,5a287c6d3ffda73f,-0.06927490234375,-0.34515380859375,0.10399636626243591,-0.05419528856873512,5,18.922199249267578,17.690000534057617,0.9276733994483948,3,-0.32676962018013,,2023-06-09 11:20:58,-1.329800009727478
933.0887451171875,5a287c6d3ffda73f,-0.039306640625,-0.4058837890625,0.01717737689614296,0.056192658841609955,5,19.56879997253418,17.25079917907715,0.9683837890625,4,-0.1392832249403,179,2023-06-09 11:20:58,-1.097999930381775
933.0874633789062,5a287c6d3ffda73f,-0.0323486328125,-0.3863525390625,0.07936213910579681,0.1201084777712822,5,20.105600357055664,17.055599212646484,0.9374999403953552,0,0.25486433506011963,176,2023-06-09 11:20:59,-0.8173999786376953
933.0924682617188,5a287c6d3ffda73f,-0.0592040978372097,-0.30706787109375,0.10732531547546387,0.04008054360747337,5,20.48379898071289,17.067800521850586,0.9990234375,1,0.2306295782327652,179,2023-06-09 11:20:59,-0.3781999945640564
933.09375,5a287c6d3ffda73f,-0.0530395470559597,-0.2261962890625,-0.2071937769651413,-0.0270310640335083,5,20.88640022277832,17.153200149536133,0.9361572861671448,2,0.19534271955490112,186,2023-06-09 11:20:59,0.04879999905824661
933.0974731445312,5a287c6d3ffda73f,0.0777587890625,-0.4167480170726776,0.12463584542274475,-0.12809795141220093,5,20.983999252319336,17.21419906616211,0.9360350966453552,3,0.7862977385520935,192,2023-06-09 11:20:59,0.3781999945640564
933.1024780273438,5a287c6d3ffda73f,0.16790771484375,-0.3709716796875,-0.4961465299129486,-0.39721018075942993,5,20.398399353027344,17.372798919677734,0.9960326552391052,4,0.9396957159042358,208,2023-06-09 11:20:59,0.280599981546402
933.10498046875,5a287c6d3ffda73f,0.20458984375,-0.2453002780675888,-0.2713759243488312,0.7613971829414368,5,18.90999984741211,17.54360008239746,0.925537109375,0,0.7419561147689819,196,2023-06-09 11:21:00,-0.3781999945640564
933.1237182617188,5a287c6d3ffda73f,0.3216552734375,-0.34130859375,0.2998717129230499,0.6354297399520874,5,16.5310001373291,17.88520050048828,1.2264404296875,1,0.09321057051420212,119,2023-06-09 11:21:00,-1.42739999294281
933.1012573242188,5a287c6d3ffda73f,0.3350830078125,-0.13067626953125,-0.05952160432934761,0.28735485672950745,5,13.041799545288086,18.214599609375,0.68695068359375,2,0.8399603962898254,181,2023-06-09 11:21:00,-1.9886000156402588
933.10498046875,5a287c6d3ffda73f,0.436279296875,-0.12677001953125,-0.586427628993988,0.07736477255821228,5,9.284199714660645,18.458599090576172,0.8967284560203552,3,0.2816290855407715,128,2023-06-09 11:21:00,-2.988999843597412
933.1212158203125,5a287c6d3ffda73f,0.35943603515625,0.12457275390625,-0.07936213910579681,-0.5231776237487793,5,6.112199783325195,18.324399948120117,1.0050048828125,4,-0.692021906375885,130,2023-06-09 11:21:00,-4.697000026702881
933.137451171875,5a287c6d3ffda73f,0.29058837890625,-0.0079345703125,0.3416832983493805,0.048868969082832336,5,3.8063998222351074,18.653799057006836,0.77154541015625,0,-0.6980140209197998,183,2023-06-09 11:21:01,-6.258599758148193
933.1487426757812,5a287c6d3ffda73f,0.4327392578125,-0.17279052734375,-0.47950178384780884,0.27350643277168274,5,2.086199998855591,18.983200073242188,1.182373046875,1,-0.492418110370636,252,2023-06-09 11:21:01,-7.844599723815918
933.1162109375,5a287c6d3ffda73f,0.2366943210363388,-0.21966552734375,-0.16737954318523407,-0.09254477918148041,5,1.2200000286102295,19.22719955444336,0.83453369140625,2,0.3009369671344757,325,2023-06-09 11:21:01,-9.149999618530273
933.1137084960938,5a287c6d3ffda73f,0.32720947265625,-0.03009033389389515,0.018908429890871048,0.4091944098472595,5,0.4757999777793884,19.55660057067871,0.9503173828125,3,0.30905961990356445,363,2023-06-09 11:21:01,-9.74779987335205
933.1187133789062,5a287c6d3ffda73f,0.3421630859375,0.13720703125,0.4888228476047516,0.027963170781731606,5,0.18299999833106995,20.093399047851562,1.014404296875,4,-0.5603286623954773,331,2023-06-09 11:21:01,-9.674599647521973
933.0962524414062,5a287c6d3ffda73f,0.360595703125,-0.08721923828125,0.06990792602300644,0.17337165772914886,5,1.1589999198913574,20.92300033569336,0.68951416015625,0,-0.586427628993988,285,2023-06-09 11:21:02,-9.637999534606934
933.199951171875,5a287c6d3ffda73f,0.39923095703125,-0.24066162109375,-0.7854987978935242,-0.3700459599494934,5,2.757200002670288,21.386600494384766,1.21722412109375,1,-0.24221432209014893,143,2023-06-09 11:21:02,-9.284199714660645
933.1412353515625,5a287c6d3ffda73f,0.26556396484375,-0.0140380859375,-0.211454838514328,-0.05339634045958519,5,4.306600093841553,21.8257999420166,0.76806640625,2,-0.50706547498703,93,2023-06-09 11:21:02,-8.625399589538574
933.1712036132812,5a287c6d3ffda73f,0.18603515625,0.1043090745806694,-0.14407691359519958,-0.5203812718391418,5,6.002399921417236,21.374399185180664,1.06890869140625,3,-1.6464980840682983,90,2023-06-09 11:21:02,-8.295999526977539
933.157470703125,5a287c6d3ffda73f,0.0711669921875,0.08880615234375,-0.5041360259056091,0.3584612011909485,5,8.308199882507324,20.276399612426758,1.126708984375,4,-1.373657464981079,109,2023-06-09 11:21:02,-8.11299991607666
933.1287231445312,5a287c6d3ffda73f,0.09967041015625,-0.1053466722369194,-0.5277049541473389,0.1478053331375122,5,10.711599349975586,18.373199462890625,0.7044677734375,0,-1.1302447319030762,98,2023-06-09 11:21:03,-8.222800254821777
933.1237182617188,5a287c6d3ffda73f,0.2489623874425888,0.0025634765625,-0.30293434858322144,-0.19081534445285797,5,13.871399879455566,15.615999221801758,1.28717041015625,1,-0.5315665602684021,81,2023-06-09 11:21:03,-8.857199668884277
933.0974731445312,5a287c6d3ffda73f,0.112060546875,0.01409912109375,0.038349490612745285,-0.24967116117477417,5,15.469599723815918,15.3597993850708,0.826171875,2,-0.7960182428359985,68,2023-06-09 11:21:03,-7.783599853515625
933.1024780273438,5a287c6d3ffda73f,0.04107666015625,0.08819580078125,-0.2743053734302521,0.21651484072208405,5,18.726999282836914,11.260600090026855,1.23736572265625,3,-0.41651809215545654,56,2023-06-09 11:21:03,-9.345199584960938
933.0874633789062,5a287c6d3ffda73f,0.13238525390625,0.0084228515625,0.033422645181417465,0.2241048365831375,5,21.423198699951172,7.466399669647217,0.8643798828125,4,-0.11877689510583878,55,2023-06-09 11:21:03,-10.90679931640625
933.0675048828125,5a287c6d3ffda73f,0.20037841796875,-0.0672607421875,0.030626330524683,0.12037479132413864,5,23.680198669433594,3.8429999351501465,0.98382568359375,0,-0.14261217415332794,54,2023-06-09 11:21:04,-12.05359935760498
933.0724487304688,5a287c6d3ffda73f,0.2476196140050888,-0.08514404296875,-0.056192658841609955,0.07376950979232788,5,24.997798919677734,0.5856000185012817,0.9854736328125,1,0.010253162123262882,54,2023-06-09 11:21:04,-13.005199432373047
933.074951171875,5a287c6d3ffda73f,0.3009033203125,-0.02667236514389515,-0.08402267098426819,0.11078742146492004,5,25.253999710083008,-2.208199977874756,0.9541016221046448,2,-0.03249054029583931,54,2023-06-09 11:21:04,-13.871399879455566
933.0700073242188,5a287c6d3ffda73f,0.302001953125,-0.0252685546875,-0.05419528856873512,0.12650005519390106,5,25.11979866027832,-4.172399997711182,0.97021484375,3,0.08375635743141174,56,2023-06-09 11:21:04,-14.408199310302734
933.0662231445312,5a287c6d3ffda73f,0.3267822265625,0.01910400390625,-0.10958899557590485,0.031158961355686188,5,24.7903995513916,-5.343599796295166,0.9327393174171448,4,0.06657897680997849,56,2023-06-09 11:21:04,-14.749799728393555
933.0612182617188,5a287c6d3ffda73f,0.3475341796875,0.05462646484375,-0.21531641483306885,-0.14274533092975616,5,24.1560001373291,-6.209799766540527,0.924072265625,0,-0.009187898598611355,57,2023-06-09 11:21:05,-15.091400146484375
933.0662231445312,5a287c6d3ffda73f,0.3306884765625,0.08062744140625,-0.23329274356365204,-0.07456845790147781,5,23.52159881591797,-6.783199787139893,0.94000244140625,1,-0.03142527863383293,57,2023-06-09 11:21:05,-15.347599983215332
933.07373046875,5a287c6d3ffda73f,0.319091796875,0.12158203125,-0.0798947736620903,-0.06018739566206932,5,23.253198623657227,-7.38100004196167,0.95599365234375,2,-0.04221107065677643,57,2023-06-09 11:21:05,-15.39639949798584
933.07373046875,5a287c6d3ffda73f,0.30010986328125,0.1192627027630806,-0.0062584239058196545,0.058589499443769455,5,23.13119888305664,-7.905600070953369,0.9533080458641052,3,-0.021704746410250664,58,2023-06-09 11:21:05,-15.530599594116211
933.074951171875,5a287c6d3ffda73f,0.31341552734375,0.1114501953125,-0.018775271251797676,0.044474758207798004,5,23.057998657226562,-8.454599380493164,0.93072509765625,4,-0.020373167470097542,58,2023-06-09 11:21:05,-15.579400062561035
933.07373046875,5a287c6d3ffda73f,0.323974609375,0.1182250902056694,-0.005326318088918924,0.024767380207777023,5,23.070199966430664,-8.930399894714355,0.9448241591453552,0,0.016777902841567993,57,2023-06-09 11:21:06,-15.628199577331543
933.0799560546875,5a287c6d3ffda73f,0.327392578125,0.1182861253619194,0.01784316636621952,0.021305272355675697,5,23.15559959411621,-9.394000053405762,0.937744140625,1,0.013315795920789242,57,2023-06-09 11:21:06,-15.628199577331543
933.0762329101562,5a287c6d3ffda73f,0.328125,0.1148681640625,0.008788425475358963,0.02090579830110073,5,23.277599334716797,-9.833199501037598,0.94036865234375,2,0.02383527345955372,58,2023-06-09 11:21:06,-15.518399238586426
933.0662231445312,5a287c6d3ffda73f,0.3253173828125,0.11346435546875,0.22064273059368134,-0.09693899005651474,5,23.362998962402344,-10.016200065612793,0.941162109375,3,-0.0006657897611148655,57,2023-06-09 11:21:06,-15.445199966430664
933.0712280273438,5a287c6d3ffda73f,0.30572509765625,0.078369140625,-0.02197106182575226,-0.019307903945446014,5,23.375200271606445,-9.991799354553223,0.9443358778953552,4,0.009187898598611355,58,2023-06-09 11:21:06,-15.432999610900879
933.0724487304688,5a287c6d3ffda73f,0.29998779296875,0.08221435546875,0.09347688406705856,-0.05299686640501022,5,23.375200271606445,-9.821000099182129,0.96099853515625,0,0.003994738683104515,57,2023-06-09 11:21:07,-15.420799255371094
933.0724487304688,5a287c6d3ffda73f,0.290771484375,0.06597900390625,0.16205322742462158,0.03009369783103466,5,23.362998962402344,-9.564800262451172,0.9520263671875,1,-0.004261054564267397,58,2023-06-09 11:21:07,-15.481800079345703
933.1074829101562,5a287c6d3ffda73f,0.3072509765625,0.0211181640625,0.23049642145633698,0.15206637978553772,5,23.326398849487305,-9.076799392700195,0.95794677734375,2,-0.09800425171852112,58,2023-06-09 11:21:07,-15.640399932861328
933.0874633789062,5a287c6d3ffda73f,0.3018798828125,0.00201416015625,-0.03755054250359535,-0.42304283380508423,5,23.5093994140625,-8.588799476623535,0.9567260146141052,3,0.008522109128534794,58,2023-06-09 11:21:07,-15.579400062561035
933.0774536132812,5a287c6d3ffda73f,0.248779296875,-0.00640869140625,-0.024234747514128685,0.013582111336290836,5,23.802200317382812,-8.161799430847168,0.97296142578125,4,-0.07363634556531906,59,2023-06-09 11:21:07,-15.469599723815918
933.074951171875,5a287c6d3ffda73f,0.25079345703125,-0.00543212890625,0.07896266877651215,0.054994236677885056,5,24.082799911499023,-7.722599983215332,0.9796142578125,0,-0.021305272355675697,58,2023-06-09 11:21:08,-15.420799255371094
933.063720703125,5a287c6d3ffda73f,0.2645263671875,-0.01947021484375,-0.066046342253685,0.06897582113742828,5,24.26580047607422,-7.441999912261963,0.963623046875,1,-0.03675159439444542,59,2023-06-09 11:21:08,-15.371999740600586
,5a287c6d3ffda73f,0.5206298828125,0.2742919921875,0.7913577556610107,-0.06751108169555664,1,-24.778200149536133,-22.728599548339844,0.8516845703125,0,-0.34155014157295227,23850,2023-06-09 11:21:53,-8.46679973602295
934.5,5a287c6d3ffda73f,0.4835815131664276,0.2155761867761612,0.012916321866214275,0.045806337147951126,1,-27.49880027770996,-23.47279930114746,0.87237548828125,1,-0.3448790907859802,28352,2023-06-09 11:21:53,-9.052399635314941
934.512451171875,5a287c6d3ffda73f,0.456298828125,0.1014404296875,0.2929475009441376,0.3743070065975189,1,-29.987600326538086,-22.21619987487793,0.8499755859375,0,-0.25566327571868896,29331,2023-06-09 11:21:54,-8.247200012207031
934.5249633789062,5a287c6d3ffda73f,0.4954833686351776,-0.139404296875,-0.023435799404978752,0.16658060252666473,1,-31.841999053955078,-20.654600143432617,0.96246337890625,1,0.07803056389093399,28002,2023-06-09 11:21:54,-7.69819974899292
934.532470703125,5a287c6d3ffda73f,0.4687499701976776,-0.199951171875,-0.02450106292963028,-0.36152383685112,1,-33.01319885253906,-19.60540008544922,0.75836181640625,2,0.01904158666729927,31925,2023-06-09 11:21:54,-7.234600067138672
934.5249633789062,5a287c6d3ffda73f,0.4432372748851776,-0.2078857272863388,0.13555480539798737,-0.09054741263389587,1,-34.940799713134766,-20.1299991607666,0.779296875,3,0.03848264738917351,39154,2023-06-09 11:21:54,-7.112599849700928
934.543701171875,5a287c6d3ffda73f,0.64013671875,-0.1566162109375,0.1759016513824463,-0.3032006621360779,1,-35.3677978515625,-19.446800231933594,0.977294921875,4,-0.11251847445964813,41893,2023-06-09 11:21:54,-7.478600025177002
934.5499877929688,5a287c6d3ffda73f,0.4615478515625,-0.1134033203125,-0.03808317333459854,0.12863057851791382,1,-35.73379898071289,-18.702600479125977,0.977294921875,0,-0.032890014350414276,45042,2023-06-09 11:21:55,-8.039799690246582
934.5537109375,5a287c6d3ffda73f,0.4188232421875,-0.109619140625,-0.17323850095272064,-0.028362644836306572,1,-37.2953987121582,-17.445999145507812,0.710205078125,1,0.24953800439834595,46655,2023-06-09 11:21:55,-8.479000091552734
934.5724487304688,5a287c6d3ffda73f,0.5718994140625,-0.18170166015625,-0.11278478801250458,0.028495801612734795,1,-38.027400970458984,-16.18939971923828,0.98602294921875,2,0.4036017656326294,49128,2023-06-09 11:21:55,-8.91819953918457
934.54248046875,5a287c6d3ffda73f,0.30523681640625,-0.1798095703125,-0.3166496157646179,-0.7179877161979675,1,-40.01599884033203,-17.53139877319336,0.80859375,3,1.946103572845459,52709,2023-06-09 11:21:55,-11.175199508666992
934.5362548828125,5a287c6d3ffda73f,0.15240478515625,0.1199951246380806,-1.031974196434021,-0.8843019604682922,1,-37.161197662353516,-19.739599227905273,0.74609375,4,1.490836501121521,46557,2023-06-09 11:21:55,-12.321999549865723
934.552490234375,5a287c6d3ffda73f,-0.04229736328125,0.6146240234375,0.06644582003355026,-0.8709861636161804,1,-32.47639846801758,-22.704198837280273,1.1729736328125,0,-0.4949481189250946,42859,2023-06-09 11:21:56,-14.21299934387207
934.5474853515625,5a287c6d3ffda73f,0.13079833984375,0.2694091796875,0.062317922711372375,1.0066741704940796,1,-28.913999557495117,-25.278400421142578,0.924560546875,1,-0.30306750535964966,42895,2023-06-09 11:21:56,-14.774199485778809
934.5612182617188,5a287c6d3ffda73f,0.16357421875,0.3585205078125,0.6054692268371582,0.6600639820098877,1,-25.290599822998047,-27.998998641967773,1.26568603515625,2,0.18229323625564575,44080,2023-06-09 11:21:56,-15.066999435424805
934.5449829101562,5a287c6d3ffda73f,0.0845947265625,0.3031005859375,0.9122651219367981,0.7848330140113831,1,-22.765199661254883,-30.51219940185547,0.91094970703125,3,0.1729721873998642,50437,2023-06-09 11:21:56,-15.286600112915039
934.5462036132812,5a287c6d3ffda73f,0.20184326171875,0.1602783203125,-0.1454084813594818,-0.09400951862335205,1,-20.154399871826172,-32.8057975769043,0.8528442978858948,4,-0.12889690697193146,48754,2023-06-09 11:21:56,-15.969799995422363
934.5411987304688,5a287c6d3ffda73f,0.19927978515625,0.23126220703125,-0.5495429039001465,0.16192007064819336,1,-17.83639907836914,-35.05059814453125,0.831787109375,0,-0.36378753185272217,37267,2023-06-09 11:21:57,-16.18939971923828
934.54248046875,5a287c6d3ffda73f,0.3629150390625,0.16107177734375,-0.4653870463371277,-0.3640538454055786,1,-16.26259994506836,-36.392601013183594,0.730712890625,1,0.0834900364279747,,2023-06-09 11:21:57,-15.8843994140625
,5a287c6d3ffda73f,0.5257568359375,-0.00286865234375,,,1,-35.86800003051758,-8.539999961853027,0.59619140625,0,,43758,2023-06-09 11:24:06,-13.23699951171875
934.2562255859375,5a287c6d3ffda73f,0.669921875,-0.1434326171875,0.4619249403476715,0.1729721873998642,1,-36.42919921875,-8.039799690246582,0.9100341796875,1,-0.02450106292963028,42375,2023-06-09 11:24:06,-13.72499942779541
,5a287c6d3ffda73f,0.486572265625,-0.1912841796875,,,1,-7.13700008392334,-23.0945987701416,0.86663818359375,0,,,2023-06-09 14:43:25,-27.901399612426758
934.2149658203125,5a287c6d3ffda73f,0.42633056640625,-0.16534423828125,-0.20679430663585663,-0.3460775315761566,1,-6.051199913024902,-23.60700035095215,1.1171875,0,0.09201214462518692,18034,2023-06-09 14:43:26,-27.669599533081055
934.1549682617188,5a287c6d3ffda73f,0.292236328125,0.03143310546875,-0.05819002538919449,0.030226856470108032,1,-5.95359992980957,-24.070598602294922,0.90087890625,1,-0.14740586280822754,18564,2023-06-09 14:43:26,-27.584199905395508
934.114990234375,5a287c6d3ffda73f,0.37286376953125,0.0091552734375,-0.14341111481189728,0.17670060694217682,1,-6.661200046539307,-24.375598907470703,0.7884521484375,2,-0.30373328924179077,19482,2023-06-09 14:43:26,-27.47439956665039
934.0899658203125,5a287c6d3ffda73f,0.43585205078125,-0.18133544921875,0.09827057272195816,0.2757701277732849,1,-7.527400016784668,-24.50979995727539,1.2640380859375,3,-0.10253162682056427,17230,2023-06-09 14:43:26,-27.254798889160156
934.0337524414062,5a287c6d3ffda73f,0.31500244140625,-0.1593017578125,0.05632581561803818,0.5127912759780884,1,-8.186200141906738,-24.461000442504883,0.72222900390625,4,0.2913496196269989,15202,2023-06-09 14:43:26,-27.108400344848633
934.0387573242188,5a287c6d3ffda73f,0.40521240234375,-0.13092041015625,0.3050648868083954,-0.3086601495742798,1,-7.978799819946289,-24.26580047607422,0.71832275390625,0,0.3633880615234375,20744,2023-06-09 14:43:27,-27.181598663330078
933.9962158203125,5a287c6d3ffda73f,0.4461669623851776,0.1063232496380806,-0.342349112033844,-0.36605122685432434,1,-8.222800254821777,-24.44879913330078,1.33966064453125,1,-0.18841850757598877,3513,2023-06-09 14:43:27,-26.85219955444336
933.9874877929688,5a287c6d3ffda73f,0.229248046875,-0.031005859375,-0.6078660488128662,-0.3704454302787781,1,-8.967000007629395,-25.2052001953125,0.48980712890625,2,-0.07416898012161255,15986,2023-06-09 14:43:27,-26.083599090576172
933.9962158203125,5a287c6d3ffda73f,0.60552978515625,-0.00140380859375,,,1,-7.234600067138672,-27.071800231933594,0.954833984375,3,,269483,2023-06-09 14:43:27,-27.47439956665039
933.949951171875,5a287c6d3ffda73f,0.3385009765625,0.182861328125,-1.0843052864074707,-0.9673925638198853,1,-6.4415998458862305,-28.706600189208984,0.99951171875,4,0.6177197694778442,160181,2023-06-09 14:43:27,-26.083599090576172
933.9524536132812,5a287c6d3ffda73f,0.17333984375,0.2816162109375,0.09094688296318054,0.04740423336625099,1,3.4526000022888184,-28.46259880065918,0.823974609375,0,0.7868303656578064,139059,2023-06-09 14:43:28,-20.007999420166016
,5a287c6d3ffda73f,0.077880859375,0.4302978515625,0.5548691749572754,-0.9125314950942993,1,5.672999858856201,-30.18280029296875,1.05950927734375,1,0.06218476593494415,123570,2023-06-09 14:43:28,-18.617198944091797
933.9562377929688,5a287c6d3ffda73f,-0.0532836951315403,0.3829345703125,-1.8046897649765015,0.619983434677124,1,-0.25619998574256897,-34.5260009765625,0.5107421875,2,0.11278478801250458,73098,2023-06-09 14:43:28,-19.837200164794922
933.938720703125,5a287c6d3ffda73f,-0.17578125,0.76812744140625,-2.2275993824005127,-1.0515483617782593,1,2.440000057220459,-36.40480041503906,0.4770508110523224,3,0.7884282469749451,7543,2023-06-09 14:43:28,-13.663999557495117
933.9375,5a287c6d3ffda73f,-0.5963134765625,1.0880126953125,-0.831038773059845,-0.9604683518409729,1,7.222399711608887,-36.51459884643555,0.68310546875,4,1.799629807472229,2401,2023-06-09 14:43:28,-7.673799991607666
933.9562377929688,5a287c6d3ffda73f,-0.63275146484375,0.8255615234375,-0.9247819781303406,0.6117276549339294,1,,,0.4230956733226776,0,2.682999610900879,1186,2023-06-09 14:43:29,
,5a287c6d3ffda73f,0.4832763671875,-0.16314697265625,0.03568633273243904,-0.005992108024656773,1,,,0.873291015625,0,0.102132149040699,2,2023-06-09 14:47:17,
934.0899658203125,5a287c6d3ffda73f,0.4959716498851776,-0.16796875,-0.10186583548784256,0.053662657737731934,1,-25.473600387573242,22.289400100708008,0.86529541015625,1,0.1880190372467041,,2023-06-09 14:47:17,-27.88920021057129
934.1524658203125,5a287c6d3ffda73f,0.4993896186351776,-0.151123046875,0.39374807476997375,0.18828535079956055,1,-26.071399688720703,21.715999603271484,0.8691406846046448,2,0.3074617087841034,3,2023-06-09 14:47:17,-28.230798721313477
934.1837158203125,5a287c6d3ffda73f,0.5277099609375,-0.15118408203125,-0.023568958044052124,-0.19853851199150085,1,-26.91320037841797,21.325599670410156,0.81298828125,3,0.17403744161128998,2,2023-06-09 14:47:17,-27.51099967956543
934.2124633789062,5a287c6d3ffda73f,0.52423095703125,-0.1024169921875,0.43808966875076294,0.1153147891163826,1,-27.364599227905273,20.947399139404297,0.85394287109375,0,0.09920267760753632,3,2023-06-09 14:47:18,-27.303600311279297
934.239990234375,5a287c6d3ffda73f,0.52294921875,-0.1510009765625,0.0918789878487587,-0.03701791167259216,1,-27.80379867553711,20.813199996948242,0.8485107421875,1,0.04793686419725418,3,2023-06-09 14:47:18,-26.77899932861328
934.2575073242188,5a287c6d3ffda73f,0.5572509765625,-0.1632080078125,-0.12050794810056686,-0.028096329420804977,1,-28.14539909362793,20.813199996948242,0.8388671278953552,2,-0.1344895362854004,3,2023-06-09 14:47:18,-26.339799880981445
934.2724609375,5a287c6d3ffda73f,0.543212890625,-0.16571044921875,-0.02330264262855053,0.04900212585926056,1,-28.279600143432617,20.84980010986328,0.845458984375,3,-0.19228008389472961,3,2023-06-09 14:47:18,-26.059200286865234
934.2774658203125,5a287c6d3ffda73f,0.5352783203125,-0.1798095703125,-0.5482112765312195,-0.30120328068733215,1,-28.279600143432617,20.996198654174805,0.80035400390625,4,-0.20706062018871307,3,2023-06-09 14:47:18,-25.949399948120117
934.293701171875,5a287c6d3ffda73f,0.5242919921875,-0.11553955078125,-0.3067959249019623,-0.16604797542095184,1,-28.3893985748291,20.86199951171875,0.8755492568016052,0,-0.5699160695075989,2,2023-06-09 14:47:19,-25.973798751831055
934.2974853515625,5a287c6d3ffda73f,0.4722900390625,-0.0689697265625,-0.24647536873817444,-0.019973693415522575,1,-27.998998641967773,21.045000076293945,0.9118652939796448,1,-0.46698495745658875,2,2023-06-09 14:47:19,-26.229999542236328
,5a287c6d3ffda73f,0.45159912109375,-0.1014404296875,,,1,-27.083999633789062,21.447599411010742,0.89453125,2,,2,2023-06-09 14:47:19,-27.010799407958984
,5a287c6d3ffda73f,0.6571044921875,0.0791015625,0.32597067952156067,-0.8153261542320251,1,9.44279956817627,-18.22679901123047,0.7255859375,0,-0.4157191216945648,12156,2023-06-09 12:25:59,-2.342400074005127
935.4774780273438,5a287c6d3ffda73f,0.490966796875,-0.2163086086511612,0.37270912528038025,-0.25859275460243225,1,10.90679931640625,-16.726200103759766,1.081298828125,1,0.1495363861322403,12414,2023-06-09 12:25:59,-4.07480001449585
935.4537353515625,5a287c6d3ffda73f,0.399658203125,-0.08392333984375,-0.06471476703882217,0.26112276315689087,1,12.029199600219727,-16.128398895263672,0.659423828125,2,0.5902892351150513,11997,2023-06-09 12:25:59,-4.880000114440918
935.4375,5a287c6d3ffda73f,0.572265625,0.09808349609375,-0.14394375681877136,-0.20279955863952637,1,12.614799499511719,-16.055200576782227,1.04010009765625,3,-0.17923060059547424,12005,2023-06-09 12:25:59,-4.697000026702881
935.4662475585938,5a287c6d3ffda73f,0.40130615234375,0.11505126953125,0.4324970245361328,0.2277000993490219,1,12.199999809265137,-15.457399368286133,0.921875,4,-0.8064045906066895,10564,2023-06-09 12:25:59,-4.782400131225586
935.5349731445312,5a287c6d3ffda73f,0.4450073540210724,-0.42510986328125,-1.5319823026657104,-0.3454117476940155,1,12.017000198364258,-15.371999740600586,0.70513916015625,0,1.0089378356933594,11863,2023-06-09 12:26:00,-4.026000022888184
935.5174560546875,5a287c6d3ffda73f,0.5013427734375,0.1353759765625,-1.5279874801635742,1.539439082145691,1,-9.25979995727539,-35.46540069580078,0.9624024033546448,1,1.8046897649765015,16810,2023-06-09 12:26:00,-24.936800003051758
935.4849853515625,5a287c6d3ffda73f,0.0531005822122097,0.677490234375,0.2978743314743042,-0.09321057051420212,1,-7.746999740600586,-36.41699981689453,0.36102294921875,2,-0.348474383354187,18516,2023-06-09 12:26:00,-22.996999740600586
935.4737548828125,5a287c6d3ffda73f,0.6204833984375,0.8305054306983948,0.20559588074684143,-2.3791332244873047,1,-6.185400009155273,-37.027000427246094,0.75921630859375,3,-0.9050745964050293,12767,2023-06-09 12:26:00,-20.996198654174805
935.5062255859375,5a287c6d3ffda73f,0.3814697265625,0.0928955078125,1.3454279899597168,0.2798980176448822,1,-4.904399871826172,-37.14899826049805,1.31927490234375,4,-1.4703301191329956,15712,2023-06-09 12:26:00,-18.788000106811523
935.5099487304688,5a287c6d3ffda73f,0.2437744140625,0.0821533203125,0.8551403880119324,0.6227797269821167,1,23.5093994140625,-34.46500015258789,0.73583984375,0,-0.5298355221748352,12498,2023-06-09 12:26:01,4.379799842834473
935.60498046875,5a287c6d3ffda73f,0.49688720703125,-0.03399658203125,-0.038349490612745285,-0.0074568456038832664,1,22.49679946899414,-34.13560104370117,1.0040283203125,1,0.36258912086486816,12778,2023-06-09 12:26:01,4.989799976348877
,5a287c6d3ffda73f,0.3121337890625,-0.24090576171875,0.21771325170993805,0.8781766891479492,1,,,0.951416015625,2,0.6615287065505981,,2023-06-09 12:26:01,
935.5962524414062,5a287c6d3ffda73f,0.6353759765625,0.07647705078125,,,1,21.959999084472656,-34.245399475097656,0.930419921875,3,,11182,2023-06-09 12:26:01,5.514400005340576
,5a287c6d3ffda73f,0.8341065049171448,0.03253173828125,-0.02090579830110073,0.22943115234375,1,21.093799591064453,-34.379600524902344,0.705322265625,4,0.08721846342086792,8631,2023-06-09 12:26:01,5.563199996948242
935.5287475585938,5a287c6d3ffda73f,0.4957275092601776,0.07110595703125,,,1,,,0.677001953125,5,,,2023-06-09 12:26:01,
935.4887084960938,5a287c6d3ffda73f,0.4644775390625,-0.06268310546875,-0.7330345511436462,-0.8060051202774048,1,18.470800399780273,-33.79399871826172,0.517822265625,6,-0.5872265696525574,10961,2023-06-09 12:26:01,4.1479997634887695
,5a287c6d3ffda73f,0.5850830078125,-0.19598388671875,,,1,,,0.935302734375,0,,,2023-06-09 12:26:02,
,5a287c6d3ffda73f,0.7130126953125,-0.26092529296875,-0.23089589178562164,-0.08282424509525299,1,39.601200103759766,-9.381799697875977,1.048095703125,1,0.09893636405467987,15135,2023-06-09 12:26:02,-23.22879981994629
,5a287c6d3ffda73f,0.8443603515625,-0.014831542037427425,-0.6293044686317444,0.23142851889133453,1,,,1.506103515625,0,0.524775505065918,19159,2023-06-09 12:26:46,
935.3499755859375,5a287c6d3ffda73f,0.3253173828125,0.19073486328125,0.5206475853919983,0.10599373281002045,1,38.13719940185547,-9.491600036621094,0.4255371391773224,1,-0.6949513554573059,18779,2023-06-09 12:26:46,-23.594799041748047
934.2149658203125,5a287c6d3ffda73f,0.4239501953125,-0.08319091796875,-0.04114580899477005,-0.08375635743141174,1,4.428599834442139,6.039000034332275,0.781005859375,3,-0.07882951200008392,1061,2023-06-09 12:30:11,7.112599849700928
934.2112426757812,5a287c6d3ffda73f,0.5367431640625,-0.12371826171875,0.0025300011038780212,0.06924213469028473,1,4.538399696350098,6.2342000007629395,0.833740234375,0,-0.004793686326593161,1047,2023-06-09 12:30:12,7.051599979400635
,5a287c6d3ffda73f,-0.1517333984375,-0.8585814833641052,0.6922882199287415,2.4407854080200195,1,-0.5489999651908875,-2.147199869155884,0.638916015625,2,-0.5123918056488037,158,2023-06-09 12:30:06,-9.284199714660645
,5a287c6d3ffda73f,-0.3372802734375,-0.9537963271141052,0.1423458606004715,2.058089256286621,1,-1.0003999471664429,-1.2932000160217285,0.680419921875,3,-0.2696448564529419,93,2023-06-09 12:30:06,-7.966599941253662
934.1862182617188,5a287c6d3ffda73f,-0.2967529296875,-0.78192138671875,0.7613971829414368,1.6891086101531982,1,1.6835999488830566,-0.7197999954223633,0.326416015625,0,-0.9604683518409729,96,2023-06-09 12:30:07,-3.7087998390197754
934.2049560546875,5a287c6d3ffda73f,-0.1751708984375,-0.90447998046875,0.7459508776664734,0.905474066734314,1,0.48799997568130493,-0.3781999945640564,0.519775390625,1,-1.176450490951538,57,2023-06-09 12:30:07,-2.586400032043457
934.21875,5a287c6d3ffda73f,-0.2713623046875,-0.79071044921875,-0.10346373170614243,0.6229129433631897,1,-1.4639999866485596,1.1345999240875244,0.302978515625,2,0.10865689069032669,112,2023-06-09 12:30:07,-0.18299999833106995
934.2249755859375,5a287c6d3ffda73f,-0.2000732421875,-1.06121826171875,0.20506325364112854,1.3113394975662231,1,-2.086199998855591,1.7933999300003052,0.392333984375,3,0.2888196110725403,147,2023-06-09 12:30:07,1.2932000160217285
934.2362060546875,5a287c6d3ffda73f,-0.1732177734375,-0.8688355088233948,0.06684529036283493,0.6494113206863403,1,-2.476599931716919,2.354599952697754,0.161865234375,0,0.3382211923599243,139,2023-06-09 12:30:08,2.866999864578247
934.2462158203125,5a287c6d3ffda73f,-0.1160888671875,-1.07391357421875,-0.43822282552719116,1.2263847589492798,1,-2.147199869155884,3.09879994392395,0.503662109375,1,2.031191349029541,156,2023-06-09 12:30:08,6.5513997077941895
934.251220703125,5a287c6d3ffda73f,0.4434814155101776,-1.39080810546875,0.5387570858001709,2.735863447189331,1,-0.9515999555587769,0.8173999786376953,0.628662109375,2,1.467533826828003,78,2023-06-09 12:30:08,8.064199447631836
934.231201171875,5a287c6d3ffda73f,0.2984619140625,-0.53875732421875,0.9100014567375183,1.825861930847168,1,0.5489999651908875,-0.17080000042915344,0.355224609375,3,-0.0342215932905674,26,2023-06-09 12:30:08,7.86899995803833
934.2099609375,5a287c6d3ffda73f,0.2847900390625,-0.72332763671875,-0.3874896466732025,-0.7392929792404175,1,1.9519999027252197,-1.5981999635696411,-0.555419921875,0,0.3254380524158478,36,2023-06-09 12:30:09,7.86899995803833
934.2037353515625,5a287c6d3ffda73f,0.6827392578125,-0.84197998046875,-1.9892467260360718,-2.787262201309204,1,4.3919997215271,-1.9642000198364258,-0.4836426079273224,1,-1.8816550970077515,63,2023-06-09 12:30:09,7.197999954223633
934.2237548828125,5a287c6d3ffda73f,-0.2576904296875,-0.38739013671875,0.06018739566206932,-0.46698495745658875,1,5.245999813079834,-2.171599864959717,0.193115234375,2,-2.7583670616149902,165,2023-06-09 12:30:09,7.319999694824219
934.2337036132812,5a287c6d3ffda73f,0.3892822265625,-1.79754638671875,-0.4936165511608124,-0.28628960251808167,1,5.733999729156494,-3.4526000022888184,0.873779296875,3,0.7319692969322205,228,2023-06-09 12:30:09,7.441999912261963
934.2374877929688,5a287c6d3ffda73f,0.1407470703125,-0.8766480088233948,-0.632766604423523,0.9251814484596252,1,5.758399963378906,-3.3062000274658203,0.454345703125,0,0.3093259334564209,321,2023-06-09 12:30:10,7.027199745178223
934.2337036132812,5a287c6d3ffda73f,-0.0384521484375,-0.9625855088233948,-0.4434159994125366,0.4668518006801605,1,5.306999683380127,1.146799921989441,0.684814453125,1,0.0011984215816482902,443,2023-06-09 12:30:10,7.417599678039551
934.2286987304688,5a287c6d3ffda73f,0.2227783203125,-0.81219482421875,-0.19787272810935974,0.00798947736620903,1,4.818999767303467,2.549799919128418,0.525634765625,2,-0.037816859781742096,594,2023-06-09 12:30:10,7.990999698638916
934.2274780273438,5a287c6d3ffda73f,0.3951416015625,-0.72821044921875,-0.7631282210350037,-0.6020070910453796,1,4.379799842834473,4.160200119018555,0.607177734375,3,0.4446144104003906,853,2023-06-09 12:30:10,8.527799606323242
934.2286987304688,5a287c6d3ffda73f,0.2886962890625,-0.73651123046875,-1.1082736253738403,0.4415517747402191,1,4.026000022888184,5.172800064086914,0.745849609375,0,0.284691721200943,1049,2023-06-09 12:30:11,8.515600204467773
934.2249755859375,5a287c6d3ffda73f,0.2081298679113388,-0.45721435546875,-0.7741803526878357,0.5800360441207886,1,4.0503997802734375,5.697400093078613,1.024169921875,1,0.0021305272821336985,1137,2023-06-09 12:30:11,7.612799644470215
934.21875,5a287c6d3ffda73f,0.3907470703125,-0.03485107421875,-0.12530162930488586,0.21105535328388214,1,4.269999980926514,5.880399703979492,0.847900390625,2,-0.12636689841747284,1062,2023-06-09 12:30:11,7.283400058746338
933.0625,5a287c6d3ffda73f,0.2880859375,-0.00762939453125,-0.16058848798274994,0.19081534445285797,5,24.326799392700195,-7.295599937438965,0.970458984375,2,-0.04593949392437935,59,2023-06-09 11:21:08,-15.384200096130371
933.0650024414062,5a287c6d3ffda73f,0.32232666015625,0.01806640625,-0.08016108721494675,0.1009337306022644,5,24.24139976501465,-7.234600067138672,0.945068359375,3,-0.011318426579236984,58,2023-06-09 11:21:08,-15.445199966430664
933.074951171875,5a287c6d3ffda73f,0.3460693359375,0.0386962890625,-0.12090742588043213,0.14727269113063812,5,24.021799087524414,-7.405399799346924,0.94049072265625,4,0.0022636852227151394,58,2023-06-09 11:21:08,-15.603799819946289
933.0687255859375,5a287c6d3ffda73f,0.36212158203125,0.06207275390625,0.06831002980470657,-0.05419528856873512,5,23.936399459838867,-7.734799861907959,0.933349609375,0,-0.025965800508856773,58,2023-06-09 11:21:09,-15.56719970703125
933.356201171875,5a287c6d3ffda73f,0.35101318359375,0.03448486328125,0.23276010155677795,0.16551533341407776,5,23.53380012512207,-7.844599723815918,0.928466796875,1,0.11584742367267609,58,2023-06-09 11:21:09,-15.701399803161621
933.2762451171875,5a287c6d3ffda73f,0.3658447265625,-0.01690673828125,-0.14993585646152496,-0.16737954318523407,5,23.15559959411621,-7.978799819946289,0.9501953721046448,2,0.02889527566730976,59,2023-06-09 11:21:09,-15.847799301147461
933.2237548828125,5a287c6d3ffda73f,0.3485107421875,0.0474853515625,-0.32583752274513245,0.20493009686470032,5,22.716400146484375,-8.32040023803711,0.9539794921875,3,0.05752423778176308,57,2023-06-09 11:21:09,-15.994199752807617
933.1849975585938,5a287c6d3ffda73f,0.38580322265625,0.1165161058306694,-0.13249216973781586,0.03009369783103466,5,22.2283992767334,-8.747400283813477,0.9011231064796448,4,0.0031957910396158695,57,2023-06-09 11:21:09,-16.152799606323242
933.1112060546875,5a287c6d3ffda73f,0.35455322265625,0.14532470703125,0.06218476593494415,-0.09587372839450836,5,21.728199005126953,-10.0649995803833,0.924072265625,0,-0.06751108169555664,59,2023-06-09 11:21:10,-16.030799865722656
933.0974731445312,5a287c6d3ffda73f,0.3358154296875,0.11236572265625,0.24407853186130524,-0.3628554344177246,5,22.008800506591797,-10.4798002243042,0.931396484375,1,-0.061252661049366,60,2023-06-09 11:21:10,-15.7746000289917
933.1199951171875,5a287c6d3ffda73f,0.37158203125,0.14019775390625,-0.028495801612734795,-0.1363537460565567,5,21.691598892211914,-9.772199630737305,0.90478515625,2,-0.015712639316916466,59,2023-06-09 11:21:10,-16.128398895263672
933.1112060546875,5a287c6d3ffda73f,0.35455322265625,0.14532470703125,0.06218476593494415,-0.09587372839450836,5,21.728199005126953,-10.0649995803833,0.924072265625,3,-0.06751108169555664,59,2023-06-09 11:21:10,-16.030799865722656
933.0974731445312,5a287c6d3ffda73f,0.3358154296875,0.11236572265625,0.24407853186130524,-0.3628554344177246,5,22.008800506591797,-10.4798002243042,0.931396484375,4,-0.061252661049366,60,2023-06-09 11:21:10,-15.7746000289917
933.0812377929688,5a287c6d3ffda73f,0.25604248046875,0.072509765625,0.17856481671333313,-0.2539322078227997,5,22.484600067138672,-10.687199592590332,0.9810180068016052,0,-0.09574057161808014,61,2023-06-09 11:21:11,-15.481800079345703
933.074951171875,5a287c6d3ffda73f,0.21893310546875,0.0218505859375,0.04340949282050133,0.06804371625185013,5,22.996999740600586,-10.711599349975586,0.9725341200828552,1,-0.015180006623268127,61,2023-06-09 11:21:11,-15.22559928894043
933.074951171875,5a287c6d3ffda73f,0.2420654445886612,0.02911376766860485,-0.013049479573965073,0.021704746410250664,5,23.643600463867188,-10.565199851989746,0.9691161513328552,2,0.01438105944544077,60,2023-06-09 11:21:11,-14.993800163269043
933.0762329101562,5a287c6d3ffda73f,0.25286865234375,0.0528564415872097,0.040879491716623306,0.010386320762336254,5,24.216999053955078,-10.345600128173828,0.97833251953125,3,-0.11837742477655411,60,2023-06-09 11:21:11,-14.7253999710083
933.083740234375,5a287c6d3ffda73f,0.3048095703125,0.0863037109375,-0.03275685757398605,-0.15472954511642456,5,24.753799438476562,-10.260199546813965,0.92645263671875,4,-0.2306295782327652,59,2023-06-09 11:21:11,-14.408199310302734
933.0824584960938,5a287c6d3ffda73f,0.2313232421875,0.0406494140625,-0.03728422895073891,-0.15126743912696838,5,25.339399337768555,-10.321199417114258,0.94012451171875,0,-0.3127880394458771,58,2023-06-09 11:21:12,-13.981199264526367
933.0912475585938,5a287c6d3ffda73f,0.185302734375,-0.0775146484375,-0.023169483989477158,-0.114116370677948,5,25.924999237060547,-10.528599739074707,0.9925537705421448,1,-0.08175898343324661,55,2023-06-09 11:21:12,-13.4443998336792
933.0987548828125,5a287c6d3ffda73f,0.2117919772863388,-0.01580810546875,-1.831853985786438,0.6691187024116516,5,26.034799575805664,-11.711999893188477,0.8325194716453552,2,0.03675159439444542,56,2023-06-09 11:21:12,-12.809999465942383
933.0587158203125,5a287c6d3ffda73f,0.01837158203125,0.15179443359375,-0.6245108246803284,-1.0691251754760742,5,26.766799926757812,-13.224800109863281,0.28704833984375,3,1.382179617881775,55,2023-06-09 11:21:12,-11.504599571228027
933.0912475585938,5a287c6d3ffda73f,-0.9859619140625,1.14373779296875,-2.5662200450897217,-3.7836833000183105,5,23.362998962402344,-11.675399780273438,0.4593506157398224,4,1.941043496131897,42,2023-06-09 11:21:12,-11.687600135803223
933.0999755859375,5a287c6d3ffda73f,-0.5177001953125,1.14111328125,0.7223818898200989,-0.7205176949501038,5,24.54640007019043,-12.285399436950684,1.04974365234375,0,0.7435539960861206,55,2023-06-09 11:21:13,-5.136199951171875
933.0987548828125,5a287c6d3ffda73f,-0.50408935546875,0.73101806640625,0.9444893598556519,1.3775190114974976,5,26.57159996032715,-14.139800071716309,0.5689697265625,1,-0.7747129797935486,55,2023-06-09 11:21:13,0.3659999966621399
933.1036987304688,5a287c6d3ffda73f,-0.86407470703125,0.7489013671875,1.4181321859359741,1.0065410137176514,5,28.243000030517578,-16.89699935913086,0.40228271484375,2,-1.2080090045928955,56,2023-06-09 11:21:13,4.07480001449585
933.1099853515625,5a287c6d3ffda73f,-0.2388916164636612,0.4301758110523224,0.3271690905094147,0.6829671263694763,5,28.962799072265625,-20.361799240112305,0.262939453125,3,-1.0354362726211548,57,2023-06-09 11:21:13,6.221999645233154
933.1325073242188,5a287c6d3ffda73f,-0.04681396484375,0.69281005859375,0.7261103391647339,0.7154576778411865,5,29.279998779296875,-23.643600463867188,1.009033203125,4,0.1639174371957779,58,2023-06-09 11:21:13,7.222399711608887
,5a287c6d3ffda73f,-0.23114013671875,0.7679443359375,,,5,,,0.78350830078125,0,,,2023-06-09 11:21:14,
,5a287c6d3ffda73f,0.54840087890625,-0.0833740234375,-0.5075981020927429,-0.33728909492492676,5,-34.48939895629883,9.833199501037598,0.6651611328125,0,0.5364934206008911,81,2023-06-09 11:21:40,-5.160599708557129
933.7587280273438,5a287c6d3ffda73f,0.51202392578125,0.2733154296875,0.19627483189105988,-0.7668566703796387,5,-33.47679901123047,10.650599479675293,1.08203125,1,-0.519848644733429,71,2023-06-09 11:21:40,-7.466399669647217
933.9512329101562,5a287c6d3ffda73f,0.37518310546875,0.02545166015625,0.5623260736465454,1.0072067975997925,5,-33.54999923706055,12.065799713134766,0.823486328125,2,-0.1765674501657486,66,2023-06-09 11:21:40,-6.831999778747559
934.0924682617188,5a287c6d3ffda73f,0.65545654296875,-0.2154541164636612,0.1688442826271057,-0.4424838721752167,5,-33.85499954223633,12.980799674987793,0.7373046875,3,0.2775011658668518,65,2023-06-09 11:21:40,-5.977999687194824
934.16748046875,5a287c6d3ffda73f,0.55230712890625,-0.2098388522863388,-0.2949448823928833,-0.12743216753005981,5,-34.14780044555664,12.846599578857422,0.8500977158546448,4,0.6498108506202698,54,2023-06-09 11:21:40,-6.209799766540527
934.2525024414062,5a287c6d3ffda73f,0.4075927734375,-0.07037353515625,-0.2720417082309723,-0.3339601457118988,5,-34.44059753417969,11.809599876403809,0.68890380859375,0,0.4191812574863434,55,2023-06-09 11:21:41,-6.624599933624268
934.3536987304688,5a287c6d3ffda73f,0.33367919921875,0.32177734375,-0.262986958026886,0.14753901958465576,5,-34.67239761352539,10.113800048828125,1.3189697265625,1,1.3065458536148071,54,2023-06-09 11:21:41,-6.917399883270264
934.364990234375,5a287c6d3ffda73f,0.40216064453125,0.1441650390625,0.8635293245315552,-0.245010644197464,5,-34.952999114990234,8.94260025024414,0.524169921875,2,-0.9608678221702576,54,2023-06-09 11:21:41,-7.063799858093262
934.4462280273438,5a287c6d3ffda73f,0.69549560546875,-0.10272216796875,0.24714116752147675,0.3989412188529968,5,-35.319000244140625,8.210599899291992,1.20880126953125,3,0.3640538454055786,51,2023-06-09 11:21:41,-7.319999694824219
934.4450073242188,5a287c6d3ffda73f,0.35675048828125,0.015075684525072575,-0.5483444333076477,0.38589176535606384,5,-35.965599060058594,6.905200004577637,0.680419921875,4,0.842090904712677,51,2023-06-09 11:21:41,-6.819799900054932
934.4824829101562,5a287c6d3ffda73f,0.321044921875,0.2425537109375,-1.1048115491867065,-1.0082720518112183,5,-36.30719757080078,4.355400085449219,0.788818359375,0,0.17403744161128998,55,2023-06-09 11:21:42,-6.8441996574401855
934.4324951171875,5a287c6d3ffda73f,0.2366943210363388,0.47979736328125,-1.2835094928741455,-0.2504701018333435,5,-36.148597717285156,1.0003999471664429,0.7142333984375,1,-0.0600542388856411,59,2023-06-09 11:21:42,-7.295599937438965
934.4549560546875,5a287c6d3ffda73f,0.47247314453125,0.58624267578125,-0.12343742698431015,-0.7227813601493835,5,-35.72159957885742,-1.6713999509811401,0.75616455078125,2,-0.21944430470466614,56,2023-06-09 11:21:42,-7.759199619293213
934.458740234375,5a287c6d3ffda73f,0.38262939453125,0.6361083984375,0.3455449044704437,1.2386353015899658,5,-35.14820098876953,-3.5623998641967773,1.201904296875,3,0.275237500667572,55,2023-06-09 11:21:42,-7.45419979095459
934.4349975585938,5a287c6d3ffda73f,0.1143798828125,0.30804443359375,0.377103328704834,0.480567067861557,5,-34.44059753417969,-4.892199993133545,0.58642578125,4,0.3652522563934326,55,2023-06-09 11:21:42,-6.02679967880249
934.4612426757812,5a287c6d3ffda73f,0.13641357421875,0.8592528700828552,0.02583264373242855,-1.123320460319519,5,-33.464599609375,-6.356199741363525,0.775634765625,0,-0.25566327571868896,43,2023-06-09 11:21:43,-5.355799674987793
934.4337158203125,5a287c6d3ffda73f,0.2030029296875,0.53228759765625,0.237820103764534,-0.3021354079246521,5,-32.610599517822266,-7.69819974899292,0.515625,1,-0.5562008023262024,49,2023-06-09 11:21:43,-5.319200038909912
934.4637451171875,5a287c6d3ffda73f,0.49847412109375,0.23211669921875,-0.4860265254974365,0.6314350366592407,5,-32.02499771118164,-9.223199844360352,1.1588134765625,2,0.7346324324607849,61,2023-06-09 11:21:43,-5.148399829864502
934.438720703125,5a287c6d3ffda73f,0.0833740234375,0.580078125,0.3633880615234375,1.3030837774276733,5,-31.658998489379883,-10.235799789428711,0.8692016005516052,3,0.18868482112884521,71,2023-06-09 11:21:43,-4.550600051879883
934.4312133789062,5a287c6d3ffda73f,0.25384521484375,0.46337890625,0.27670222520828247,-0.5801692008972168,5,-31.658998489379883,-10.540800094604492,0.55938720703125,4,-0.2792322337627411,90,2023-06-09 11:21:43,-3.7941999435424805
934.4299926757812,5a287c6d3ffda73f,0.31103515625,0.72113037109375,-0.08575372397899628,-0.5231776237487793,5,-32.01279830932617,-10.27239990234375,0.8649292588233948,0,-1.219993233680725,108,2023-06-09 11:21:44,-3.2451999187469482
934.4337158203125,5a287c6d3ffda73f,0.4551391303539276,0.186279296875,0.7137266397476196,-0.3338269889354706,5,-32.366600036621094,-9.284199714660645,0.61016845703125,1,-0.4432828426361084,117,2023-06-09 11:21:44,-3.5867998600006104
934.4537353515625,5a287c6d3ffda73f,0.3929443359375,0.30511474609375,0.12397005409002304,-0.24727432429790497,5,-32.6349983215332,-7.86899995803833,1.1641845703125,2,0.22809958457946777,124,2023-06-09 11:21:44,-5.441199779510498
934.4512329101562,5a287c6d3ffda73f,0.2259521484375,0.2012939453125,1.064864158630371,-0.30905961990356445,5,-32.84239959716797,-5.892600059509277,0.717529296875,3,-0.5134570598602295,127,2023-06-09 11:21:44,-6.990599632263184
934.4887084960938,5a287c6d3ffda73f,0.2547607421875,0.1474609375,-0.17923060059547424,-0.2563290596008301,5,-32.573997497558594,-4.0991997718811035,1.05499267578125,4,0.04367581009864807,132,2023-06-09 11:21:44,-8.552199363708496
934.4562377929688,5a287c6d3ffda73f,0.1976318359375,0.009765625,0.3058638274669647,0.2522011697292328,5,-32.06159973144531,-1.4883999824523926,0.57208251953125,0,0.2336922138929367,138,2023-06-09 11:21:45,-10.821399688720703
934.5474853515625,5a287c6d3ffda73f,0.28863525390625,-0.0118408203125,-0.1723063886165619,-0.24274694919586182,5,-31.634599685668945,1.7689999341964722,1.3106689453125,1,-0.29880645871162415,150,2023-06-09 11:21:45,-13.785999298095703
934.4887084960938,5a287c6d3ffda73f,0.30230712890625,-0.06085205078125,-0.04727107286453247,0.2475406378507614,5,-31.7810001373291,5.355799674987793,0.69134521484375,2,0.22743378579616547,165,2023-06-09 11:21:45,-16.787199020385742
934.4962158203125,5a287c6d3ffda73f,0.36163330078125,0.1209106519818306,0.34740909934043884,0.2078595608472824,5,-32.354400634765625,8.46679973602295,1.025634765625,3,0.2169143110513687,186,2023-06-09 11:21:45,-18.55620002746582
934.5037231445312,5a287c6d3ffda73f,0.4881591796875,-0.1551513671875,0.24048326909542084,-0.002929474925622344,5,-32.89120101928711,10.613999366760254,1.048828125,4,0.08096003532409668,220,2023-06-09 11:21:45,-19.2637996673584
934.4962158203125,5a287c6d3ffda73f,0.4121703803539276,-0.142822265625,0.03795001655817032,0.03075948730111122,5,-33.2693977355957,12.382999420166016,0.79766845703125,0,-0.020506324246525764,259,2023-06-09 11:21:46,-18.763599395751953
934.5137329101562,5a287c6d3ffda73f,0.4288330078125,0.1297607421875,0.22610220313072205,0.2155827283859253,5,-33.45240020751953,13.89579963684082,1.32513427734375,1,-0.2998717129230499,316,2023-06-09 11:21:46,-18.129199981689453
934.5199584960938,5a287c6d3ffda73f,0.33050537109375,-0.2598876953125,1.1446257829666138,0.27417221665382385,5,-34.07460021972656,15.298799514770508,0.87982177734375,2,0.2949448823928833,338,2023-06-09 11:21:46,-16.56760025024414
,5a287c6d3ffda73f,0.32666015625,-0.34466552734375,,,5,,,0.9630737900733948,3,,,2023-06-09 11:21:46,
934.0999755859375,5a287c6d3ffda73f,0.4259033203125,-0.35858154296875,-1.1804453134536743,-0.48030075430870056,4,-19.983598709106445,42.66339874267578,0.8986815810203552,0,-0.5976129174232483,58,2023-06-09 19:49:13,8.857199668884277
933.9824829101562,5a287c6d3ffda73f,0.3717041015625,-0.37518310546875,-0.41891491413116455,-0.163384810090065,4,-17.89739990234375,44.55439758300781,1.012451171875,1,0.3892207145690918,50,2023-06-09 19:49:13,4.940999984741211
933.9099731445312,5a287c6d3ffda73f,-0.2308349609375,-0.21502685546875,-0.146606907248497,1.102148413658142,4,-17.23859977722168,45.61579895019531,0.314697265625,0,-0.0894821435213089,35,2023-06-09 19:49:14,2.391200065612793
933.8612060546875,5a287c6d3ffda73f,0.3575439453125,0.20001220703125,-0.4902876019477844,0.49042075872421265,4,-12.334199905395508,46.04280090332031,0.939208984375,1,0.02876211889088154,27,2023-06-09 19:49:14,3.7209999561309814
933.8150024414062,5a287c6d3ffda73f,0.4635009765625,0.01690673828125,-0.8299735188484192,0.3767038583755493,4,-11.638799667358398,46.56739807128906,0.745361328125,2,-0.10546109825372696,19,2023-06-09 19:49:14,1.8177999258041382
933.8099975585938,5a287c6d3ffda73f,0.5211181640625,-0.08514404296875,-2.2455756664276123,-1.8683393001556396,4,1.7079999446868896,-28.352800369262695,0.921630859375,3,0.20799273252487183,6,2023-06-09 19:49:14,1.402999997138977
933.6487426757812,5a287c6d3ffda73f,0.65704345703125,-0.1944580078125,0.12530162930488586,-0.4768386483192444,4,2.305799961090088,-28.730998992919922,0.6873779296875,0,-0.13182637095451355,4,2023-06-09 20:06:26,2.037400007247925
933.574951171875,5a287c6d3ffda73f,0.55548095703125,-0.08111572265625,-0.41172438859939575,-0.1645832359790802,4,2.513200044631958,-28.877399444580078,0.937744140625,1,0.049401599913835526,1,2023-06-09 20:06:26,2.452199935913086
933.3737182617188,5a287c6d3ffda73f,0.58856201171875,-0.0704345703125,-0.29454538226127625,-0.08548741042613983,4,2.537600040435791,-28.852998733520508,0.774658203125,0,-0.252334326505661,1,2023-06-09 20:06:27,3.001199960708618
933.2787475585938,5a287c6d3ffda73f,0.3292236328125,0.05615234375,-0.6057355403900146,-0.7683213949203491,4,0.7685999870300293,-32.244598388671875,1.03759765625,1,-0.8414251208305359,1,2023-06-09 20:06:27,1.5127999782562256
933.1875,5a287c6d3ffda73f,0.52423095703125,-0.09857177734375,0.6013413071632385,1.166197419166565,4,0.14640000462532043,-32.09819793701172,0.8148193359375,2,0.1772332340478897,1,2023-06-09 20:06:27,2.0983998775482178
933.1187133789062,5a287c6d3ffda73f,0.615478515625,-0.0526123009622097,0.17550218105316162,0.25792697072029114,4,-0.3903999924659729,-31.927398681640625,0.73992919921875,3,-0.12876373529434204,1,2023-06-09 20:06:27,2.281399965286255
933.1212158203125,5a287c6d3ffda73f,0.6353759765625,-0.19732666015625,-0.19614167511463165,-0.18908429145812988,4,-0.6832000017166138,-31.890798568725586,0.80780029296875,4,0.1555284857749939,1,2023-06-09 20:06:27,2.452199935913086
933.1287231445312,5a287c6d3ffda73f,0.46502685546875,-0.0223388671875,-0.005725792143493891,-0.053130023181438446,4,-1.097999930381775,-31.86639976501465,0.86676025390625,0,-0.04966791719198227,1,2023-06-09 20:06:28,2.964599847793579
933.1487426757812,5a287c6d3ffda73f,0.517333984375,-0.03558349609375,-0.026232117787003517,0.018642114475369453,4,-2.0495998859405518,-31.354000091552734,0.8681641221046448,1,0.028628960251808167,5,2023-06-09 20:06:28,3.4891998767852783
933.1287231445312,5a287c6d3ffda73f,0.44873046875,-0.19921875,0.7562040090560913,-0.12903006374835968,4,-2.635200023651123,-30.53660011291504,0.6416015625,2,-1.2619379758834839,3,2023-06-09 20:06:28,3.4038000106811523
933.1137084960938,5a287c6d3ffda73f,0.6077880859375,-0.45556640625,1.4993585348129272,0.22996379435062408,4,-3.1598000526428223,-29.633798599243164,0.9833984375,3,0.5488771200180054,4,2023-06-09 20:06:28,2.659600019454956
933.0849609375,5a287c6d3ffda73f,0.56793212890625,-0.56414794921875,1.0843052864074707,0.451538622379303,4,-3.1842000484466553,-28.80419921875,0.513671875,4,0.06058686971664429,2,2023-06-09 20:06:28,1.6225999593734741
933.0812377929688,5a287c6d3ffda73f,0.55029296875,-0.6182861328125,-1.212536334991455,-0.4575307369232178,4,-2.988999843597412,-28.255199432373047,0.61798095703125,0,-0.3075948655605316,2,2023-06-09 20:06:29,0.7075999975204468
933.0912475585938,5a287c6d3ffda73f,0.453125,-0.4066162109375,-0.18056218326091766,-0.23595589399337769,4,-2.744999885559082,-27.779399871826172,0.81805419921875,1,-0.18775272369384766,4,2023-06-09 20:06:29,0.14640000462532043
933.10498046875,5a287c6d3ffda73f,0.4553832709789276,-0.38916015625,,,4,-2.586400032043457,-27.20599937438965,0.8079833984375,2,,4,2023-06-09 20:06:29,-0.5245999693870544
933.1199951171875,5a287c6d3ffda73f,0.42340087890625,-0.38458251953125,-0.27710169553756714,-0.4053328037261963,4,-2.427799940109253,-26.620399475097656,0.8516845703125,3,-0.09880319982767105,1,2023-06-09 20:06:29,-1.0613999366760254
933.1412353515625,5a287c6d3ffda73f,0.3580322265625,-0.2586669921875,-0.5042691826820374,-0.2612559199333191,4,-1.9153999090194702,-26.351999282836914,0.91046142578125,4,0.040746334940195084,2,2023-06-09 20:06:29,-1.7323999404907227
933.1612548828125,5a287c6d3ffda73f,0.3106689453125,-0.2473754733800888,0.024767380207777023,-0.10532794147729874,4,-1.6713999509811401,-26.413000106811523,0.9418944716453552,0,-0.019441060721874237,1,2023-06-09 20:06:30,-1.8055999279022217
933.1787109375,5a287c6d3ffda73f,0.31219482421875,-0.24383544921875,0.08295740932226181,0.04234423115849495,4,-1.5127999782562256,-26.644800186157227,0.93218994140625,1,0.03555317223072052,1,2023-06-09 20:06:30,-1.500599980354309
933.1950073242188,5a287c6d3ffda73f,0.3212890625,-0.26922607421875,0.01651158556342125,-0.03209106624126434,4,-1.451799988746643,-27.035200119018555,0.927978515625,2,0.014247900806367397,1,2023-06-09 20:06:30,-1.0247999429702759
933.2074584960938,5a287c6d3ffda73f,0.3458251953125,-0.2677001953125,-0.03941475600004196,0.0074568456038832664,4,-1.4151999950408936,-27.13279914855957,0.9045410752296448,3,-0.03861580789089203,1,2023-06-09 20:06:30,-0.9149999618530273
933.21875,5a287c6d3ffda73f,0.34039306640625,-0.2535400390625,-0.02769685536623001,0.011318426579236984,4,-1.4151999950408936,-27.181598663330078,0.92095947265625,4,-0.01504684891551733,1,2023-06-09 20:06:30,-0.8783999681472778
933.2286987304688,5a287c6d3ffda73f,0.3453369140625,-0.27154541015625,,,4,-1.4639999866485596,-27.267000198364258,0.9110717177391052,0,,,2023-06-09 20:06:31,-0.7807999849319458
933.2324829101562,5a287c6d3ffda73f,0.35565185546875,-0.27301025390625,0.02876211889088154,0.024767380207777023,4,-1.5127999782562256,-27.376798629760742,0.88690185546875,1,0.03275685757398605,3,2023-06-09 20:06:31,-0.7807999849319458
933.2462158203125,5a287c6d3ffda73f,0.37030029296875,-0.2501220703125,-0.06391581892967224,-0.11504847556352615,4,-1.5981999635696411,-27.425600051879883,0.92352294921875,2,-0.017044218257069588,,2023-06-09 20:06:31,-0.8417999744415283
933.2525024414062,5a287c6d3ffda73f,0.337646484375,-0.2767333984375,-0.0010652636410668492,0.018109481781721115,4,-1.6835999488830566,-27.571998596191406,0.8848266005516052,3,-0.008255792781710625,4,2023-06-09 20:06:31,-0.8783999681472778
933.2550048828125,5a287c6d3ffda73f,0.3453369140625,-0.21160888671875,-0.016112113371491432,0.018908429890871048,4,-1.7323999404907227,-27.742799758911133,0.961669921875,4,0.06804371625185013,5,2023-06-09 20:06:31,-0.8783999681472778
933.2575073242188,5a287c6d3ffda73f,0.31951904296875,-0.272705078125,0.05033370852470398,0.004261054564267397,4,-1.7567999362945557,-27.81599998474121,0.937744140625,0,-0.11784479022026062,5,2023-06-09 20:06:32,-0.9149999618530273
933.26123046875,5a287c6d3ffda73f,0.3309326171875,-0.2358398288488388,0.019174745306372643,-0.00985368900001049,4,-1.8543999195098877,-27.876998901367188,0.961669921875,1,-0.1296958476305008,4,2023-06-09 20:06:32,-0.9637999534606934
933.2637329101562,5a287c6d3ffda73f,0.2564697265625,-0.31011962890625,-0.05392897129058838,0.11944268643856049,4,-1.9153999090194702,-27.913599014282227,0.9104004502296448,2,-0.022903168573975563,6,2023-06-09 20:06:32,-1.1345999240875244
933.2699584960938,5a287c6d3ffda73f,0.21575927734375,-0.2310791015625,,,4,-2.19599986076355,-27.86479949951172,1.019775390625,3,,6,2023-06-09 20:06:32,-1.2688000202178955
933.2699584960938,5a287c6d3ffda73f,0.18212890625,-0.2216186374425888,0.10825742036104202,0.5977460741996765,4,-2.684000015258789,-27.571998596191406,0.9349365234375,4,-0.21225377917289734,6,2023-06-09 20:06:32,-1.42739999294281
933.2699584960938,5a287c6d3ffda73f,0.2227783203125,-0.3017578125,0.028096329420804977,-0.018109481781721115,4,-3.086599826812744,-27.303600311279297,0.9335936903953552,0,-0.13169321417808533,4,2023-06-09 20:06:33,-1.5859999656677246
933.2787475585938,5a287c6d3ffda73f,0.31683349609375,-0.31488037109375,0.025965800508856773,-0.4125233590602875,4,-3.1963999271392822,-27.13279914855957,0.8805542588233948,1,0.148870587348938,3,2023-06-09 20:06:33,-1.7201999425888062
933.2949829101562,5a287c6d3ffda73f,0.39996337890625,-0.28076171875,-0.16777902841567993,-0.1688442826271057,4,,,0.9658203721046448,2,0.122505322098732,3,2023-06-09 20:06:33,
933.302490234375,5a287c6d3ffda73f,0.294921875,-0.2919921875,,,4,,,0.92156982421875,3,,,2023-06-09 20:06:33,
935.282470703125,5a287c6d3ffda73f,0.54022216796875,-0.0675048828125,-0.3478085696697235,0.10559425503015518,4,-16.872600555419922,26.632598876953125,0.922119140625,1,-0.12104058265686035,57,2023-06-09 20:22:50,-21.777000427246094
,5a287c6d3ffda73f,0.5667724609375,0.01800537109375,,,4,,,0.8934935927391052,2,,,2023-06-09 20:22:50,
,5a287c6d3ffda73f,,,-0.12170637398958206,0.3254380524158478,5,-29.938798904418945,6.014599800109863,,2,0.7539403438568115,,2023-06-12 18:26:07,-14.005599975585938
,5a287c6d3ffda73f,,,,,5,-12.3951997756958,16.811599731445312,,0,,59,,-26.49839973449707
934.271240234375,5a287c6d3ffda73f,,,-0.12183953076601028,-0.17164060473442078,1,-36.50239944458008,-8.747400283813477,,3,0.03502054139971733,,2023-06-09 11:24:06,-14.896200180053711
934.2474975585938,5a287c6d3ffda73f,,,-0.35939332842826843,0.2659164369106293,1,-37.68579864501953,-8.1496000289917,,4,-0.49042075872421265,,2023-06-09 11:24:06,-14.322799682617188
934.3200073242188,5a287c6d3ffda73f,,,0.21371851861476898,-0.37870121002197266,1,-37.99079895019531,-7.417599678039551,,1,0.00892158318310976,,2023-06-09 11:24:07,-14.59119987487793
934.3487548828125,5a287c6d3ffda73f,,,0.06431528925895691,0.008255792781710625,1,-38.18600082397461,-6.917399883270264,,2,0.3952127993106842,,2023-06-09 11:24:07,-14.859600067138672
934.4362182617188,5a287c6d3ffda73f,,,-0.269112229347229,0.14221268892288208,1,-38.40559768676758,-6.831999778747559,,3,0.11424952745437622,,2023-06-09 11:24:07,-14.38379955291748
934.4612426757812,5a287c6d3ffda73f,,,-0.07337003201246262,-0.2816290855407715,1,-38.69839859008789,-6.2829999923706055,,4,-0.32756856083869934,,2023-06-09 11:24:07,-14.151999473571777
934.5499877929688,5a287c6d3ffda73f,,,0.2680469751358032,0.3608580529689789,1,-36.11199951171875,-6.880799770355225,,0,-0.1597895473241806,,2023-06-09 11:24:08,-12.468400001525879
934.5724487304688,5a287c6d3ffda73f,,,0.5285038948059082,0.10532794147729874,1,-36.1973991394043,-5.563199996948242,,1,0.280963271856308,,2023-06-09 11:24:08,-11.016599655151367
934.6036987304688,5a287c6d3ffda73f,,,-0.188551664352417,-0.021305272355675697,1,-36.06319808959961,-4.684800148010254,,2,-0.031158961355686188,,2023-06-09 11:24:08,-9.869799613952637
,5a287c6d3ffda73f,,,0.18948377668857574,-0.01078579481691122,1,-26.669198989868164,32.45199966430664,,0,0.015180006623268127,,2023-06-09 11:28:39,-33.52560043334961
935.282470703125,5a287c6d3ffda73f,,,0.08482161909341812,0.051798444241285324,1,-26.632598876953125,32.90340042114258,,1,0.03808317333459854,,2023-06-09 11:28:39,-32.90340042114258
935.3374633789062,5a287c6d3ffda73f,,,-0.14567480981349945,0.06285055726766586,1,-26.77899932861328,33.2327995300293,,0,0.030626330524683,,2023-06-09 11:28:40,-32.32999801635742
935.3637084960938,5a287c6d3ffda73f,,,0.13954953849315643,0.1165132075548172,1,-27.071800231933594,33.20840072631836,,1,-0.0002663159102667123,,2023-06-09 11:28:40,-32.1713981628418
935.4024658203125,5a287c6d3ffda73f,,,0.08375635743141174,0.07922898232936859,1,-27.376798629760742,33.318199157714844,,2,-0.0006657897611148655,,2023-06-09 11:28:40,-31.7810001373291
935.4299926757812,5a287c6d3ffda73f,,,0.16405059397220612,0.2318280041217804,1,-27.694000244140625,33.51340103149414,,3,0.0050600022077560425,,2023-06-09 11:28:40,-31.354000091552734
935.4450073242188,5a287c6d3ffda73f,,,-0.2913496196269989,-0.130894273519516,1,-28.096599578857422,33.78179931640625,,4,-0.035952646285295486,,2023-06-09 11:28:40,-30.695199966430664
935.4674682617188,5a287c6d3ffda73f,,,-0.32037803530693054,-0.41585230827331543,1,-28.267398834228516,33.818397521972656,,0,-0.08602003753185272,,2023-06-09 11:28:41,-30.53660011291504
935.4724731445312,5a287c6d3ffda73f,,,-0.06684529036283493,-0.10506162792444229,1,-28.230798721313477,33.78179931640625,,1,-0.08788424730300903,,2023-06-09 11:28:41,-30.5
935.4912109375,5a287c6d3ffda73f,,,,,1,-28.035598754882812,33.64759826660156,,2,,,2023-06-09 11:28:41,-30.75619888305664
935.302490234375,5a287c6d3ffda73f,,,-0.09201214462518692,-0.037151068449020386,1,38.161598205566406,-9.052399635314941,,0,0.392682820558548,20379,2023-06-09 12:26:47,-23.86319923400879
935.293701171875,5a287c6d3ffda73f,,,,,1,39.83300018310547,-9.198800086975098,,2,,,2023-06-09 12:26:47,-23.47279930114746
,5a287c6d3ffda73f,,,0.4173170328140259,1.617602825164795,1,0.04879999905824661,-4.1967997550964355,,1,-0.5400886535644531,191,2023-06-09 12:30:06,-10.79699993133545
,5a287c6d3ffda73f,,,,,4,-24.082799911499023,38.856998443603516,,0,,,,11.992599487304688
935.2286987304688,5a287c6d3ffda73f,,,-0.14487585425376892,-0.4199801981449127,4,-17.55579948425293,27.108400344848633,,0,-0.020373167470097542,,2023-06-09 20:22:50,-20.83759880065918
937.6512451171875,5a287c6d3ffda73f,,,,,5,,,,4,,,2023-06-14 18:10:47,
937.6762084960938,5a287c6d3ffda73f,,,,,5,,,,0,,,2023-06-14 18:10:48,
937.6599731445312,5a287c6d3ffda73f,,,,,5,,,,1,,,2023-06-14 18:10:48,
937.7849731445312,5a287c6d3ffda73f,,,,,5,,,,2,,,2023-06-14 18:10:48,
937.7224731445312,5a287c6d3ffda73f,,,,,5,,,,3,,,2023-06-14 18:10:48,
937.6900024414062,5a287c6d3ffda73f,,,,,5,,,,4,,,2023-06-14 18:10:48,
937.6737060546875,5a287c6d3ffda73f,,,,,5,,,,0,,,2023-06-14 18:10:49,
937.6624755859375,5a287c6d3ffda73f,,,,,5,,,,1,,,2023-06-14 18:10:49,
937.6512451171875,5a287c6d3ffda73f,,,,,5,,,,2,,,2023-06-14 18:10:49,
937.6549682617188,5a287c6d3ffda73f,,,,,5,,,,3,,,2023-06-14 18:10:49,
937.6349487304688,5a287c6d3ffda73f,,,,,5,,,,4,,,2023-06-14 18:10:49,
937.6224975585938,5a287c6d3ffda73f,,,,,5,,,,0,,,2023-06-14 18:10:50,
937.65625,5a287c6d3ffda73f,,,,,5,,,,1,,,2023-06-14 18:10:50,
937.6724853515625,5a287c6d3ffda73f,,,,,5,,,,2,,,2023-06-14 18:10:50,
937.6737060546875,5a287c6d3ffda73f,,,,,5,,,,3,,,2023-06-14 18:10:50,
937.6900024414062,5a287c6d3ffda73f,,,,,5,,,,4,,,2023-06-14 18:10:50,
937.7074584960938,5a287c6d3ffda73f,,,,,5,,,,0,,,2023-06-14 18:10:51,
937.708740234375,5a287c6d3ffda73f,,,,,5,,,,1,,,2023-06-14 18:10:51,
937.7637329101562,5a287c6d3ffda73f,,,,,5,,,,2,,,2023-06-14 18:10:51,
937.7749633789062,5a287c6d3ffda73f,,,,,5,,,,3,,,2023-06-14 18:10:51,
937.7550048828125,5a287c6d3ffda73f,,,,,5,,,,4,,1800,2023-06-14 18:10:51,
934.1699829101562,5a287c6d3ffda73f,,,0.03808317333459854,-0.3878891170024872,1,,,,2,0.46565335988998413,56561,2023-06-09 11:24:06,
934.2749633789062,5a287c6d3ffda73f,,,-0.17030902206897736,0.060453712940216064,1,,,,0,-0.2047969400882721,,2023-06-09 11:24:07,
934.614990234375,5a287c6d3ffda73f,,,,,1,,,,1,,,2023-06-09 12:30:02,
934.2349853515625,5a287c6d3ffda73f,,,,,1,,,,2,,,2023-06-09 12:30:02,
933.3099975585938,5a287c6d3ffda73f,,,,,4,,,,4,,,2023-06-09 20:06:33,
933.3175048828125,5a287c6d3ffda73f,,,,,4,,,,0,,,2023-06-09 20:06:34,
933.3212280273438,5a287c6d3ffda73f,,,,,4,,,,1,,,2023-06-09 20:06:34,
933.324951171875,5a287c6d3ffda73f,,,,,4,,,,2,,,2023-06-09 20:06:34,
933.3299560546875,5a287c6d3ffda73f,,,,,4,,,,3,,,2023-06-09 20:06:34,
933.3374633789062,5a287c6d3ffda73f,,,,,4,,,,4,,,2023-06-09 20:06:34,
933.3299560546875,5a287c6d3ffda73f,,,,,4,,,,5,,,2023-06-09 20:06:34,
933.3312377929688,5a287c6d3ffda73f,,,,,4,,,,0,,,2023-06-09 20:06:35,
933.3287353515625,5a287c6d3ffda73f,,,,,4,,,,1,,,2023-06-09 20:06:35,
933.3274536132812,5a287c6d3ffda73f,,,,,4,,,,2,,,2023-06-09 20:06:35,
934.2137451171875,5a287c6d3ffda73f,,,,,4,,,,1,,,2023-06-09 20:22:48,
934.4762573242188,5a287c6d3ffda73f,,,,,4,,,,2,,,2023-06-09 20:22:48,
934.6824951171875,5a287c6d3ffda73f,,,,,4,,,,3,,,2023-06-09 20:22:48,
934.8536987304688,5a287c6d3ffda73f,,,,,4,,,,0,,,2023-06-09 20:22:49,
934.96875,5a287c6d3ffda73f,,,,,4,,,,1,,,2023-06-09 20:22:49,
935.0662231445312,5a287c6d3ffda73f,,,,,4,,,,2,,,2023-06-09 20:22:49,
935.137451171875,5a287c6d3ffda73f,,,,,4,,,,3,,,2023-06-09 20:22:49,
935.1912231445312,5a287c6d3ffda73f,,,,,4,,,,4,,,2023-06-09 20:22:49,
,5a287c6d3ffda73f,,,0.05086633935570717,-0.2769685387611389,5,,,,3,-0.2713759243488312,176,2023-06-12 18:26:07,
,5a287c6d3ffda73f,,,0.28735485672950745,-0.4499407410621643,1,,,,1,0.6643250584602356,,2023-06-09 12:26:47,
,5a287c6d3ffda73f,,,,,1,,,,0,,12163,,
