deviceId,Ay,Ax,Gy,Gx,activity,My,Mx,Az,counter,Gz,Lilluminance,timestamp,Mz
bebf6a9bfd30c163,0.34033203125,-0.04931640625,-0.34301915764808655,-0.07145291566848755,1,15.949999809265137,6.110000133514404,1.378173828125,0,-0.28135231137275696,14434,2023-06-16 13:00:54,-43.560001373291016
bebf6a9bfd30c163,0.3348388671875,-0.0838623046875,-0.6453974843025208,-0.3781072795391083,1,16.599998474121094,4.200000762939453,0.609375,1,-0.1927768588066101,16856,2023-06-16 13:00:54,-44.20000076293945
bebf6a9bfd30c163,0.389404296875,-0.02587890625,-0.5690393447875977,-0.3054143190383911,1,18.20000457763672,2.299999237060547,1.0345458984375,2,0.18657046556472778,18744,2023-06-16 13:00:54,-44.29999923706055
bebf6a9bfd30c163,0.243408203125,0.0137939453125,-1.055898904800415,-2.0842537879943848,1,22.96599578857422,-0.09999847412109375,1.2880859375,3,0.4834509491920471,20114,2023-06-16 13:00:54,-43.02000045776367
bebf6a9bfd30c163,0.1164550706744194,-0.2127685695886612,0.02899777516722679,-0.14658933877944946,1,29.590003967285156,3.345001220703125,1.2686767578125,4,1.1156965494155884,22035,2023-06-16 13:00:54,-39.63199996948242
bebf6a9bfd30c163,0.07666015625,0.1314697265625,0.49447712302207947,1.0928562879562378,1,27.735000610351562,3.6300010681152344,1.4208984375,5,0.12914912402629852,37205,2023-06-16 13:00:54,-43.75
bebf6a9bfd30c163,-0.002197265625,-0.0892333984375,0.9941648840904236,0.24558615684509277,1,28.157997131347656,9.591999053955078,0.56591796875,6,0.8652417659759521,36386,2023-06-16 13:00:54,-42.53900146484375
bebf6a9bfd30c163,0.12548828125,-0.0118408203125,-0.6765515804290771,0.3598179519176483,1,26.212997436523438,10.644001007080078,0.4642333984375,7,0.1712988317012787,32961,2023-06-16 13:00:54,-45.042999267578125
bebf6a9bfd30c163,0.06591796875,-0.1820068359375,-0.3619559705257416,-0.4776782989501953,1,26.500999450683594,8.46500015258789,1.3865966796875,8,1.119972586631775,34281,2023-06-16 13:00:54,-45.95800018310547
bebf6a9bfd30c163,0.0345458984375,-0.2095947116613388,0.03144123777747154,0.2199297994375229,1,25.830001831054688,15.704998016357422,1.5838623046875,0,1.5054285526275635,32995,2023-06-16 13:00:55,-44.46200180053711
bebf6a9bfd30c163,0.1119384765625,0.1236572265625,-0.5470481514930725,0.8717230558395386,1,23.141998291015625,14.144001007080078,1.180908203125,1,0.22810930013656616,34014,2023-06-16 13:00:55,-47.387001037597656
bebf6a9bfd30c163,0.2760009765625,0.111083984375,-0.2440589815378189,-0.16552616655826569,1,19.024002075195312,14.47500228881836,0.58447265625,2,0.31363043189048767,34532,2023-06-16 13:00:55,-49.1619987487793
bebf6a9bfd30c163,0.2557373046875,0.0321044921875,0.13712093234062195,0.7752063274383545,1,15.887001037597656,12.413997650146484,0.9993896484375,3,1.3075082302093506,32543,2023-06-16 13:00:55,-51.45399856567383
bebf6a9bfd30c163,0.5810546875,-0.13720703125,-0.42976200580596924,-0.1142134815454483,1,9.46099853515625,14.420001983642578,0.9586181640625,4,1.6098865270614624,33680,2023-06-16 13:00:55,-53.08399963378906
bebf6a9bfd30c163,0.5291748046875,0.1922607421875,1.2324023246765137,-0.12093299627304077,1,2.3110008239746094,10.37900161743164,0.98291015625,5,1.4455636739730835,31240,2023-06-16 13:00:55,-55.56999969482422
bebf6a9bfd30c163,0.14990234375,0.1494140625,-0.20618534088134766,0.3494332432746887,1,1.3479995727539062,10.093997955322266,0.9614258408546448,6,0.6355563998222351,31775,2023-06-16 13:00:55,-56.303001403808594
bebf6a9bfd30c163,0.3082275390625,0.1690673828125,-0.390055775642395,0.09714590013027191,1,-2.1559982299804688,10.090999603271484,0.5430908203125,7,0.3368433117866516,30956,2023-06-16 13:00:55,-56.64899826049805
bebf6a9bfd30c163,0.4403076171875,0.25634765625,0.0742018073797226,-0.29380786418914795,1,-2.457000732421875,9.500999450683594,0.9653320908546448,8,-0.31311729550361633,30823,2023-06-16 13:00:55,-56.99100112915039
bebf6a9bfd30c163,0.2757568359375,0.343994140625,0.32954347133636475,-1.3078441619873047,1,-0.40399932861328125,8.97500228881836,1.39013671875,0,-0.30090001225471497,32493,2023-06-16 13:00:56,-56.95800018310547
bebf6a9bfd30c163,0.166748046875,0.2413330227136612,0.3069414794445038,0.6053857803344727,1,-1.2999992370605469,9.200000762939453,0.8442382216453552,1,0.1761857569217682,34648,2023-06-16 13:00:56,-56.70000076293945
bebf6a9bfd30c163,0.2701416015625,0.341796875,0.7467644214630127,-0.4685153365135193,1,-1.7000007629394531,9.5,0.8065185546875,2,-0.7456098794937134,32944,2023-06-16 13:00:56,-56.599998474121094
bebf6a9bfd30c163,0.4709472358226776,-0.3092041015625,0.26851800084114075,0.3798970878124237,1,-18.700000762939453,29.200000762939453,1.402099609375,0,0.5126441717147827,1558,2023-06-14 17:02:35,-19
bebf6a9bfd30c163,0.4373779296875,-0.189697265625,-0.5720325708389282,-0.5938221216201782,1,-18.400001525878906,28.200000762939453,0.9628906846046448,1,0.08015161752700806,1557,2023-06-14 17:02:35,-20
bebf6a9bfd30c163,0.370849609375,-0.34375,-1.4486242532730103,-1.2162938117980957,1,-15.239997863769531,22.869998931884766,0.62841796875,2,1.4332181215286255,2784,2023-06-14 17:02:35,-26.402999877929688
bebf6a9bfd30c163,0.2171631008386612,0.072021484375,-0.021642984822392464,-0.9016982316970825,1,-14.847999572753906,21.28799819946289,1.320556640625,0,0.17605745792388916,2936,2023-06-14 17:02:36,-27.900999069213867
bebf6a9bfd30c163,0.1248779296875,0.224609375,0.5275248885154724,0.3487429618835449,1,-13.39699935913086,23.463001251220703,0.9764404892921448,1,-0.9699257612228394,,2023-06-14 17:02:36,-28.54400062561035
bebf6a9bfd30c163,0.0098876953125,0.07861328125,-1.085159420967102,-0.36474764347076416,1,-13.03900146484375,23.079998016357422,1.365478515625,2,-0.4280882477760315,2763,2023-06-14 17:02:36,-27.6299991607666
bebf6a9bfd30c163,0.1754150390625,0.1318359375,0.14756669104099274,0.28093692660331726,1,-13.373001098632812,22.90399932861328,0.74462890625,3,0.17544659972190857,2849,2023-06-14 17:02:36,-28.142000198364258
bebf6a9bfd30c163,0.1827392578125,0.1016845703125,0.008900277316570282,0.1471574306488037,1,,,0.9906006455421448,4,-0.3205759823322296,2657,2023-06-14 17:02:36,
bebf6a9bfd30c163,0.24267578125,0.1707763671875,-0.17741361260414124,-0.06114761531352997,1,-12.900001525878906,22.10000228881836,0.8131103515625,5,-0.2949196398258209,2653,2023-06-14 17:02:36,-28.700000762939453
bebf6a9bfd30c163,0.302734375,0.1414794921875,0.37358683347702026,-0.37635406851768494,1,-12.5,22.5,0.92578125,6,0.18522045016288757,2631,2023-06-14 17:02:36,-28.600000381469727
bebf6a9bfd30c163,0.3194580078125,0.1595458984375,-0.09433595091104507,-0.8375573754310608,1,-11.799999237060547,23.10000228881836,0.9527587890625,7,-0.022473745048046112,2581,2023-06-14 17:02:36,-28.200000762939453
bebf6a9bfd30c163,0.3087158203125,0.134521484375,-1.2983512878417969,-0.19737055897712708,1,-11.400001525878906,23.299999237060547,1.2535400390625,8,0.02700633928179741,2617,2023-06-14 17:02:36,-28.100000381469727
bebf6a9bfd30c163,-0.072265625,-0.0748291015625,-0.7418531179428101,-0.08191704005002975,1,-10.599998474121094,23.5,0.81005859375,9,0.07221037149429321,2747,2023-06-14 17:02:36,-28.299999237060547
bebf6a9bfd30c163,0.049072265625,0.1544189453125,1.4499313831329346,0.01582140475511551,1,-10,23.39999771118164,0.9222412109375,0,-0.02003028243780136,2802,2023-06-14 17:02:37,-28.600000381469727
bebf6a9bfd30c163,0.1217041015625,-0.005859375,0.570896327495575,-0.13322971761226654,1,-9.400001525878906,23.5,0.9022216796875,1,-0.0884471908211708,2701,2023-06-14 17:02:37,-28.799999237060547
bebf6a9bfd30c163,0.02880859375,-0.06201171875,0.5617333054542542,-0.29999592900276184,1,-8.799999237060547,24,1.103515625,2,0.17239227890968323,2497,2023-06-14 17:02:37,-28.799999237060547
bebf6a9bfd30c163,0.162353515625,0.09912109375,-0.0729556679725647,-0.17415767908096313,1,-8.200000762939453,24.60000228881836,1.094970703125,3,-0.7225253582000732,2446,2023-06-14 17:02:37,-28.700000762939453
bebf6a9bfd30c163,-0.03369140625,0.07958984375,0.892822265625,0.7830681204795837,1,-7.599998474121094,25.10000228881836,1.0467529296875,4,-0.34867578744888306,2522,2023-06-14 17:02:37,-28.299999237060547
bebf6a9bfd30c163,0.0830078125,-0.037353515625,-0.0827295109629631,0.1679268479347229,1,3.309999942779541,-18.739999771118164,0.7562255859375,5,-0.07500815391540527,313,2023-06-14 17:02:37,-33.95000076293945
bebf6a9bfd30c163,0.2686767578125,-0.0469970703125,,,1,,,1.0120849609375,0,,310,2023-06-14 17:15:00,
bebf6a9bfd30c163,0.3399658203125,0.0120849609375,-0.01981038972735405,0.06896667927503586,1,1.5,-19.299999237060547,0.963623046875,1,-0.2460504174232483,,2023-06-14 17:15:00,-33.70000076293945
bebf6a9bfd30c163,0.366943359375,-0.0322265625,0.12801900506019592,0.0054366933181881905,1,0.7999992370605469,-19.5,0.9360350966453552,2,-0.200235515832901,305,2023-06-14 17:15:00,-33.79999923706055
bebf6a9bfd30c163,0.336669921875,-0.016357421875,0.32471761107444763,0.01887572929263115,1,0.5,-19.299999237060547,0.9144287109375,3,-0.12021218240261078,,2023-06-14 17:15:00,-33.79999923706055
bebf6a9bfd30c163,0.3443603515625,-0.04150390625,-0.13526391983032227,0.07874052226543427,1,0.2999992370605469,-19,0.9683837890625,4,-0.13609468936920166,301,2023-06-14 17:15:00,-34
bebf6a9bfd30c163,0.330078125,-0.072021484375,0.08648017048835754,0.06652321666479111,1,-0.20000076293945312,-18.799999237060547,0.9415283799171448,5,-0.1696922779083252,302,2023-06-14 17:15:00,-34.099998474121094
bebf6a9bfd30c163,0.3092041015625,-0.0611572265625,0.10053007304668427,-0.11673635989427567,1,-0.5,-18.5,0.8951416015625,0,-0.07256469130516052,299,2023-06-14 17:15:01,-34.29999923706055
bebf6a9bfd30c163,0.336669921875,0.008056640625,-0.270265132188797,-0.06053675338625908,1,-0.5999984741210938,-18,0.9561767578125,1,-0.0786733478307724,301,2023-06-14 17:15:01,-34.599998474121094
bebf6a9bfd30c163,0.33642578125,-0.0062255859375,-0.14564862847328186,-0.03732387349009514,1,-0.5999984741210938,-17.899999618530273,0.9779053330421448,2,-0.15075543522834778,305,2023-06-14 17:15:01,-35
bebf6a9bfd30c163,0.310791015625,-0.0106201171875,-0.13648565113544464,0.05064072087407112,1,-0.5,-18,1.00732421875,3,-0.08111681044101715,306,2023-06-14 17:15:01,-35.400001525878906
bebf6a9bfd30c163,0.3154296875,-0.0126953125,-0.03935807943344116,0.021930057555437088,1,-0.5,-18.200000762939453,0.9686278700828552,4,-0.10127536207437515,309,2023-06-14 17:15:01,-35.20000076293945
bebf6a9bfd30c163,0.324462890625,-0.0140380859375,-0.01064741238951683,0.04208860918879509,1,-0.5999984741210938,-18.799999237060547,0.9891358017921448,5,0.07465382665395737,,2023-06-14 17:15:01,-35
bebf6a9bfd30c163,0.333251953125,-0.0311279296875,0.02417190745472908,-0.004337150603532791,1,-0.5999984741210938,-19.100000381469727,0.956787109375,6,0.10458622127771378,306,2023-06-14 17:15:01,-35.099998474121094
bebf6a9bfd30c163,0.337646484375,-0.0318603515625,0.02661537006497383,-0.028771759942173958,1,-0.5999984741210938,-19.399999618530273,0.9385986924171448,7,0.1583423614501953,308,2023-06-14 17:15:01,-35.099998474121094
bebf6a9bfd30c163,0.3336181640625,-0.037841796875,0.09075622260570526,-0.041599929332733154,1,-0.5999984741210938,-19.5,0.9814453125,8,0.21820715069770813,306,2023-06-14 17:15:01,-35
bebf6a9bfd30c163,0.311767578125,-0.0611572265625,0.005845949053764343,-0.10085386037826538,1,-0.40000152587890625,-19.5,0.9595947265625,9,0.13696208596229553,306,2023-06-14 17:15:01,-35
bebf6a9bfd30c163,0.3426513671875,-0.02709961123764515,-0.5298829078674316,-0.07275405526161194,1,0,-19.5,0.928466796875,0,0.08931459486484528,311,2023-06-14 17:15:02,-35.400001525878906
bebf6a9bfd30c163,0.307861328125,0.0240478515625,0.1286298632621765,-0.12162327766418457,1,0.20000076293945312,-19.700000762939453,0.949951171875,1,0.09603411704301834,317,2023-06-14 17:15:02,-35.400001525878906
bebf6a9bfd30c163,0.283935546875,-0.0186767578125,0.11457996070384979,0.06407975405454636,1,0.5999984741210938,-19.799999237060547,1.0123291015625,2,0.13085344433784485,317,2023-06-14 17:15:02,-34.79999923706055
bebf6a9bfd30c163,0.2989501953125,-0.0234375,0.07731717824935913,0.017043132334947586,1,1.0999984741210938,-19.899999618530273,0.9942626953125,3,0.03555845469236374,316,2023-06-14 17:15:02,-34.400001525878906
bebf6a9bfd30c163,0.280029296875,-0.04296875,0.2905091643333435,0.017653997987508774,1,1.4000015258789062,-19.899999618530273,0.9927978515625,4,0.04227796941995621,313,2023-06-14 17:15:02,-34
bebf6a9bfd30c163,0.2635498046875,-0.0529785118997097,,,1,,,0.946533203125,5,,,2023-06-14 17:15:02,
bebf6a9bfd30c163,0.0767822265625,0.1876220703125,0.03824625164270401,-0.09576534479856491,6,-17.110000610351562,-30.219999313354492,0.9847412705421448,0,-0.020286835730075836,13,2023-06-11 12:07:49,-28.889999389648438
bebf6a9bfd30c163,0.0867919921875,0.2379150539636612,-0.05521612614393234,0.03312722593545914,6,-16,-29.5,0.97705078125,1,-0.029449813067913055,15,2023-06-11 12:07:49,-29.5
bebf6a9bfd30c163,0.1210937574505806,0.156494140625,0.1194913312792778,0.04962058365345001,6,-16.400001525878906,-29.600000381469727,0.9368896484375,2,0.10310794413089752,15,2023-06-11 12:07:49,-29.5
bebf6a9bfd30c163,0.11181640625,0.1461181640625,0.07184384018182755,0.4393526017665863,6,-16.700000762939453,-29.399999618530273,1.04736328125,3,-0.15223373472690582,13,2023-06-11 12:07:49,-29.400001525878906
bebf6a9bfd30c163,0.1712646484375,0.158447265625,-0.005125176161527634,-0.0230723787099123,6,-16.900001525878906,-29.200000762939453,1.010009765625,4,-0.2957870662212372,13,2023-06-11 12:07:49,-29.299999237060547
bebf6a9bfd30c163,0.0789794921875,-0.024658203125,0.07367643713951111,-1.1782186031341553,6,-17.200000762939453,-29,0.8182373046875,5,1.1030943393707275,13,2023-06-11 12:07:49,-29.400001525878906
bebf6a9bfd30c163,-0.1168212816119194,0.2109374850988388,-1.0997956991195679,-0.4616736173629761,6,-16.5,-28.899999618530273,1.08154296875,0,0.3816624879837036,15,2023-06-11 12:07:50,-29.700000762939453
bebf6a9bfd30c163,-0.123046875,0.4554443657398224,-1.6636242866516113,-0.15563014149665833,6,-13.222000122070312,-31.277999877929688,0.968505859375,1,-0.45583376288414,17,2023-06-11 12:07:50,-29.172000885009766
bebf6a9bfd30c163,-0.0532226599752903,0.3809814453125,-0.4761022627353668,0.2817493677139282,6,-12.798999786376953,-34.80099868774414,0.9210204482078552,2,-0.40329933166503906,17,2023-06-11 12:07:50,-26.270999908447266
bebf6a9bfd30c163,-0.0203857421875,0.37890625,-0.03261411190032959,-0.21427319943904877,6,-12.764999389648438,-34.79199981689453,0.9541016221046448,3,0.28758925199508667,17,2023-06-11 12:07:50,-25.854000091552734
bebf6a9bfd30c163,-0.0360107421875,0.4312744140625,0.2905336022377014,0.19806084036827087,6,-11.362998962402344,-35.12300109863281,0.9052734375,4,-0.031893275678157806,17,2023-06-11 12:07:50,-25.628997802734375
bebf6a9bfd30c163,-0.06982421875,0.2137451320886612,-0.12546563148498535,-0.7939842939376831,6,-10.067001342773438,-35.30699920654297,0.8666992783546448,5,1.148909330368042,17,2023-06-11 12:07:50,-26.10700225830078
bebf6a9bfd30c163,-0.1148681640625,0.4442138373851776,0.02541808784008026,0.06916827708482742,6,-10.200000762939453,-36,0.943115234375,6,0.29308703541755676,16,2023-06-11 12:07:50,-25.599998474121094
bebf6a9bfd30c163,-0.190673828125,0.4183349609375,-0.16028495132923126,-0.323618084192276,6,-7.688999176025391,-36.88800048828125,1.021484375,7,0.9845864772796631,16,2023-06-11 12:07:50,-25.263999938964844
bebf6a9bfd30c163,-0.203125,0.3883056640625,0.06573519110679626,-0.09393274784088135,6,-2.6209983825683594,-37.52199935913086,0.9862061142921448,8,0.3663908541202545,16,2023-06-11 12:07:50,-25.178001403808594
bebf6a9bfd30c163,-0.1148681640625,0.2540283203125,0.09505672007799149,0.31534695625305176,6,-0.9840011596679688,-37.63800048828125,1.01611328125,0,0.14525765180587769,16,2023-06-11 12:07:51,-25.097999572753906
bebf6a9bfd30c163,-0.2789306640625,0.4290771484375,0.06817865371704102,0.08260730654001236,6,-0.25099945068359375,-37.604000091552734,0.9031982421875,1,-0.16017498075962067,16,2023-06-11 12:07:51,-25.54800033569336
bebf6a9bfd30c163,-0.1060790941119194,0.37353515625,0.03152673691511154,0.2884688973426819,6,-0.3000030517578125,-37.79999923706055,0.9393310546875,2,-0.03616933152079582,17,2023-06-11 12:07:51,-25.099998474121094
bebf6a9bfd30c163,-0.115478515625,0.304443359375,0.03519193083047867,0.009914343245327473,6,0.6999969482421875,-37.900001525878906,0.9197998046875,3,0.17885524034500122,17,2023-06-11 12:07:51,-25.099998474121094
bebf6a9bfd30c163,-0.2237548828125,0.4329833984375,0.007092125713825226,0.05328577756881714,6,1.3000030517578125,-38,0.9821776747703552,4,0.06706689298152924,17,2023-06-11 12:07:51,-25
bebf6a9bfd30c163,-0.16162109375,0.279541015625,-0.07598554342985153,0.10826364904642105,6,1.5,-38,1.007568359375,5,0.2955304980278015,17,2023-06-11 12:07:51,-25.200000762939453
bebf6a9bfd30c163,-0.0582275353372097,0.255859375,0.05229615420103073,0.29641014337539673,6,1.5,-38,1.013427734375,6,0.04079968482255936,17,2023-06-11 12:07:51,-25.400001525878906
bebf6a9bfd30c163,-0.1883544921875,0.3907470703125,-0.02345113456249237,0.41064193844795227,6,1.4000015258789062,-38,1.0743408203125,7,0.0004825834184885025,17,2023-06-11 12:07:51,-25.700000762939453
bebf6a9bfd30c163,-0.0823974609375,0.39111328125,0.22211670875549316,0.2176085263490677,6,1.1999969482421875,-37.900001525878906,0.9158935546875,8,-0.687351644039154,17,2023-06-11 12:07:51,-25.700000762939453
bebf6a9bfd30c163,-0.0986328125,0.2723388671875,0.13231950998306274,-0.23076656460762024,6,0.5999984741210938,-37.599998474121094,0.9688720703125,0,0.24238520860671997,16,2023-06-11 12:07:52,-26
bebf6a9bfd30c163,-0.09716796875,0.2769775390625,0.20256900787353516,0.09360288083553314,6,0,-37.20000076293945,0.9541016221046448,1,-0.05449528992176056,16,2023-06-11 12:07:52,-26.599998474121094
bebf6a9bfd30c163,-0.1746826171875,0.3363037109375,-0.030781518667936325,0.045344527810811996,6,-0.6999969482421875,-36.70000076293945,1.01806640625,2,-0.5309701561927795,16,2023-06-11 12:07:52,-27.400001525878906
bebf6a9bfd30c163,-0.0606689453125,0.362060546875,0.10055450350046158,0.38559648394584656,6,-1.8000030517578125,-36.29999923706055,0.955322265625,3,-0.8480092287063599,15,2023-06-11 12:07:52,-27.900001525878906
bebf6a9bfd30c163,0.125244140625,0.304443359375,0.5122776627540588,-0.12508687376976013,6,-3.5,-35.70000076293945,0.98779296875,4,-0.365425705909729,14,2023-06-11 12:07:52,-28.599998474121094
bebf6a9bfd30c163,-0.071044921875,0.2518310546875,0.5385448932647705,0.14491556584835052,6,-4.599998474121094,-35.099998474121094,1.0245361328125,5,-0.5083681344985962,14,2023-06-11 12:07:52,-29.299999237060547
bebf6a9bfd30c163,-0.0218505859375,0.1448974609375,0.27281850576400757,-0.09393274784088135,6,-6.674999237060547,-33.7400016784668,0.9638672471046448,6,0.04079968482255936,14,2023-06-11 12:07:52,-30.67300033569336
bebf6a9bfd30c163,0.0382080078125,0.1531982421875,0.18668651580810547,0.0025839610025286674,6,-7.4160003662109375,-33.244998931884766,1.030029296875,7,-0.03128241002559662,15,2023-06-11 12:07:52,-30.750999450683594
bebf6a9bfd30c163,0.013671875,0.1217041015625,-0.10347448289394379,0.3092383146286011,6,-8.400001525878906,-32.5,1.0404052734375,8,-0.0037934742867946625,34,2023-06-11 12:07:52,-31.200000762939453
bebf6a9bfd30c163,0.0772705078125,-0.07080078125,-0.12533120810985565,0.08991936594247818,6,-5.799999237060547,-26.700000762939453,1.0999755859375,0,0.5845064520835876,35,2023-06-11 14:38:15,-36.900001525878906
bebf6a9bfd30c163,0.1396484375,-0.0003662109375,0.2259163111448288,0.483316570520401,6,-5.5,-26.799999237060547,1.03955078125,1,0.4097989499568939,35,2023-06-11 14:38:15,-36.5
bebf6a9bfd30c163,0.194580078125,0.0279541015625,,,6,,,0.9482421278953552,2,,34,2023-06-11 14:38:15,
bebf6a9bfd30c163,0.265869140625,-0.0826416015625,0.22347284853458405,0.20781636238098145,6,-5.5,-26.600000381469727,0.9735106825828552,3,0.1483486294746399,,2023-06-11 14:38:15,-36.70000076293945
bebf6a9bfd30c163,0.3133544921875,-0.0877685546875,-0.27682578563690186,0.044104475528001785,6,-5.599998474121094,-26.299999237060547,0.9970703125,4,0.2289828360080719,35,2023-06-11 14:38:15,-37
bebf6a9bfd30c163,0.2518310546875,-0.0223388671875,-0.26277589797973633,-0.1684766411781311,6,-5.5,-26.299999237060547,1.0826416015625,0,-0.2462703138589859,35,2023-06-11 14:38:16,-37
bebf6a9bfd30c163,0.2515869140625,0.00830078125,-0.29087570309638977,-0.20024162530899048,6,-5.400001525878906,-26.399999618530273,0.9083251357078552,1,-0.4173125922679901,35,2023-06-11 14:38:16,-37.400001525878906
bebf6a9bfd30c163,0.2308349609375,0.056884765625,-0.2603324353694916,0.018448133021593094,6,-5.599998474121094,-26.399999618530273,1.060546875,2,-0.3433978855609894,34,2023-06-11 14:38:16,-37.5
bebf6a9bfd30c163,0.21875,0.0811767578125,,,6,-5.900001525878906,-26.799999237060547,0.9566650390625,3,,,2023-06-11 14:38:16,-37.29999923706055
bebf6a9bfd30c163,0.16748046875,0.15869140625,-0.06790988147258759,0.013561210595071316,6,-9.200000762939453,-31.700000762939453,0.9914550185203552,7,-0.019639313220977783,35,2023-06-11 14:38:18,-32.29999923706055
bebf6a9bfd30c163,0.162353515625,0.1611328125,0.005393952131271362,-0.046303581446409225,6,-9.299999237060547,-31.899999618530273,1.0001220703125,0,-0.0049785468727350235,35,2023-06-11 14:38:19,-32.20000076293945
bebf6a9bfd30c163,0.177734375,0.1561279296875,0.0047830864787101746,0.008063423447310925,6,-9.299999237060547,-32,0.9919432997703552,1,0.009071353822946548,36,2023-06-11 14:38:19,-32.29999923706055
bebf6a9bfd30c163,0.1690673828125,0.1644287109375,-0.02576017566025257,-0.028588492423295975,6,-9.299999237060547,-32.099998474121094,0.99609375,2,-0.001924220472574234,35,2023-06-11 14:38:19,-32.20000076293945
bebf6a9bfd30c163,0.1689453125,0.1617431640625,0.02127644792199135,0.04899139329791069,6,-9.400001525878906,-32.099998474121094,1.00048828125,3,0.006017027422785759,35,2023-06-11 14:38:19,-32.29999923706055
bebf6a9bfd30c163,0.1822509765625,0.1700439453125,0.025552507489919662,-0.025534164160490036,6,-9.400001525878906,-32.099998474121094,0.9793701767921448,4,-0.028191426768898964,35,2023-06-11 14:38:19,-32.29999923706055
bebf6a9bfd30c163,0.1707763671875,0.14306640625,,,6,-9.400001525878906,-32.099998474121094,1.0296630859375,5,,,2023-06-11 14:38:19,-32.29999923706055
bebf6a9bfd30c163,0.181396484375,0.1619873046875,0.024941641837358475,0.08136724680662155,6,-9.400001525878906,-31.899999618530273,0.9764404892921448,6,0.04938846081495285,34,2023-06-11 14:38:19,-32.20000076293945
bebf6a9bfd30c163,0.18798828125,0.1492919921875,0.09152595698833466,0.008063423447310925,6,-9.5,-31.799999237060547,0.9801025390625,7,0.031062500551342964,36,2023-06-11 14:38:19,-32.400001525878906
bebf6a9bfd30c163,0.1832275390625,0.150634765625,0.23202495276927948,-0.09211847931146622,6,-9.5,-31.700000762939453,1.004150390625,8,-0.004367681220173836,35,2023-06-11 14:38:19,-32.400001525878906
bebf6a9bfd30c163,0.1798095703125,0.1478271484375,,,6,,,0.9841307997703552,9,,35,2023-06-11 14:38:19,
bebf6a9bfd30c163,0.4274902641773224,-0.157470703125,-0.32402127981185913,-0.09535607695579529,3,-20.599998474121094,44.59999465942383,0.9073485732078552,0,0.24325263500213623,203,2023-06-14 16:49:12,-0.20000076293945312
bebf6a9bfd30c163,0.325927734375,-0.1663818359375,-0.3612840473651886,-0.3891822397708893,3,-20.5,44.29999923706055,0.847412109375,1,-0.062179986387491226,179,2023-06-14 16:49:12,-1.0999984741210938
bebf6a9bfd30c163,0.3160400390625,-0.20068359375,-0.45963335037231445,-0.29388725757598877,3,-20.400001525878906,43.79999923706055,1.1136474609375,2,-0.14281418919563293,152,2023-06-14 16:49:12,-3
bebf6a9bfd30c163,0.328857421875,-0.143310546875,-0.13465306162834167,-0.023884838446974754,3,-20.39299774169922,43.05699920654297,0.9866943955421448,3,-0.11227093636989594,147,2023-06-14 16:49:12,-4.381999969482422
bebf6a9bfd30c163,0.3101806640625,-0.1412353515625,-0.07539913058280945,0.021930057555437088,3,-20.817001342773438,42.18899917602539,0.9090576171875,0,-0.08661459386348724,148,2023-06-14 16:49:13,-5.595001220703125
bebf6a9bfd30c163,0.3529052734375,-0.187744140625,-0.05218624696135521,-0.09657780826091766,3,-20.96500015258789,41.92300033569336,0.92236328125,1,-0.39021462202072144,152,2023-06-14 16:49:13,-6.730998992919922
bebf6a9bfd30c163,0.3426513671875,-0.1708984375,0.0889236330986023,-0.053206369280815125,3,-21.100000381469727,41.400001525878906,0.9510498046875,2,-0.14525765180587769,149,2023-06-14 16:49:13,-7.700000762939453
bebf6a9bfd30c163,0.3157958984375,-0.1640625,0.08281497657299042,0.061636295169591904,3,-21.5,40.5,0.9776611328125,3,-0.02308460883796215,147,2023-06-14 16:49:13,-8.599998474121094
bebf6a9bfd30c163,0.3050537109375,-0.248779296875,0.10663871467113495,-0.03488041087985039,3,-22,39.5,0.9219970107078552,4,-0.06645604223012924,134,2023-06-14 16:49:13,-9.299999237060547
bebf6a9bfd30c163,0.2646484375,-0.1448974609375,0.1701686978340149,-0.07336492091417313,3,-22.299999237060547,38.5,0.9197998046875,5,0.15528804063796997,124,2023-06-14 16:49:13,-10
bebf6a9bfd30c163,0.272216796875,-0.1998291015625,-0.03935807943344116,-0.15399913489818573,3,-22.399999618530273,37.099998474121094,1.001953125,6,0.13757294416427612,120,2023-06-14 16:49:13,-10.700000762939453
bebf6a9bfd30c163,0.2890625,-0.1206054762005806,0.06448900699615479,0.0414777435362339,3,-22.246999740600586,35.47700119018555,0.948974609375,7,0.22553753852844238,115,2023-06-14 16:49:13,-11.499000549316406
bebf6a9bfd30c163,0.3392333984375,-0.1595458984375,0.015619795769453049,-0.041599929332733154,3,-21.327999114990234,32.882999420166016,0.9593505263328552,8,0.054495275020599365,112,2023-06-14 16:49:13,-12.841999053955078
bebf6a9bfd30c163,0.278564453125,-0.13720703125,0.10602785646915436,0.14899003505706787,3,-20.308998107910156,31.18899917602539,1.016845703125,0,0.19255080819129944,105,2023-06-14 16:49:14,-13.022998809814453
bebf6a9bfd30c163,0.282470703125,-0.097900390625,-0.0045387595891952515,-0.1558317244052887,3,-18.715999603271484,29.14999771118164,0.9140625,1,0.05632787197828293,105,2023-06-14 16:49:14,-13.025001525878906
bebf6a9bfd30c163,0.325927734375,-0.1668701171875,-0.08517296612262726,-0.11123856902122498,3,-17.326000213623047,27.243000030517578,1.008056640625,2,0.13146430253982544,104,2023-06-14 16:49:14,-12.762001037597656
bebf6a9bfd30c163,0.30908203125,-0.1761474609375,-0.6758796572685242,-0.2010357528924942,3,-15.668998718261719,26.115001678466797,0.844970703125,3,-0.1287643015384674,103,2023-06-14 16:49:14,-12.472999572753906
bebf6a9bfd30c163,0.1810302734375,-0.1944580078125,-0.7711746096611023,-1.409938097000122,3,-14.76300048828125,26.005001068115234,0.9576416015625,4,0.2945653200149536,101,2023-06-14 16:49:14,-13.173999786376953
bebf6a9bfd30c163,0.087158203125,0.0030517578125,-0.48895490169525146,-0.09291261434555054,3,-14.292999267578125,26.099002838134766,1.19482421875,5,0.8516743779182434,163,2023-06-14 16:49:14,-12.944000244140625
bebf6a9bfd30c163,0.08935546875,-0.0048828125,0.7040649056434631,-0.35069772601127625,3,-16.062000274658203,29.740001678466797,0.9993896484375,6,0.8217419981956482,106,2023-06-14 16:49:14,-12.622001647949219
bebf6a9bfd30c163,0.03369140625,-0.0443115234375,0.732164740562439,0.3408017158508301,3,-24.559999465942383,32.972999572753906,0.9821776747703552,7,0.8852719664573669,109,2023-06-14 16:49:14,-10.645000457763672
bebf6a9bfd30c163,0.0458984375,0.0078125,0.8726637363433838,0.36157113313674927,3,-30.297000885009766,34.361000061035156,1.0650634765625,0,0.7062884569168091,112,2023-06-14 16:49:15,-6.88800048828125
bebf6a9bfd30c163,0.19189453125,-0.018798828125,-0.28309330344200134,0.4452596604824066,3,-34.928001403808594,33.90599822998047,0.8609619140625,1,0.6171021461486816,114,2023-06-14 16:49:15,-7.9759979248046875
bebf6a9bfd30c163,0.1346435546875,0.0203857421875,-0.09250335395336151,-0.3977343738079071,3,-37.77399826049805,32.849998474121094,1.005615234375,2,0.2096550464630127,120,2023-06-14 16:49:15,-6.828998565673828
bebf6a9bfd30c163,0.25537109375,0.03662109375,0.06937593221664429,-0.1613295078277588,3,-39.4630012512207,31.985000610351562,0.9122313857078552,3,0.3868059813976288,124,2023-06-14 16:49:15,-8.591999053955078
bebf6a9bfd30c163,0.2100829929113388,0.068359375,0.19215986132621765,-0.3623041808605194,3,-39.847999572753906,32.926998138427734,1.132568359375,4,0.3397693634033203,127,2023-06-14 16:49:15,-8.722000122070312
bebf6a9bfd30c163,0.1546630859375,0.0526123009622097,0.1591731309890747,-0.2670091986656189,3,-40.025001525878906,32.27399826049805,0.923583984375,5,0.24264177680015564,130,2023-06-14 16:49:15,-10.03900146484375
bebf6a9bfd30c163,0.050048828125,0.2236328125,-0.8243198990821838,-0.7129408717155457,3,-39.15399932861328,32.82500076293945,1.1270751953125,6,-0.19290515780448914,139,2023-06-14 16:49:15,-13.017997741699219
bebf6a9bfd30c163,-0.0931396484375,0.0469970703125,1.1255619525909424,-0.6207001805305481,3,-38.80400085449219,33.80500030517578,1.0838623046875,7,-0.3627256751060486,145,2023-06-14 16:49:15,-16.71500015258789
bebf6a9bfd30c163,-0.02661132998764515,0.090087890625,0.6875715851783752,-0.09841039776802063,3,-40.92900085449219,34.13399887084961,1.1796875,8,0.35809531807899475,143,2023-06-14 16:49:15,-15.472999572753906
bebf6a9bfd30c163,0.0020751953125,0.0205078125,0.02172844484448433,-0.05137377232313156,3,,,0.8433838486671448,9,0.012956440448760986,1933,2023-06-14 16:49:15,
bebf6a9bfd30c163,0.2376709133386612,0.15869140625,0.05410430207848549,-0.05137377232313156,3,-27.200000762939453,19.89999771118164,0.9801025390625,0,0.04716489464044571,1972,2023-06-14 17:02:21,-25.099998474121094
bebf6a9bfd30c163,0.2479248046875,0.188232421875,0.010732870548963547,-0.02510656788945198,3,-27.100000381469727,20.10000228881836,0.970703125,1,-0.009034709073603153,2018,2023-06-14 17:02:21,-25.200000762939453
bebf6a9bfd30c163,0.26416015625,0.20654296875,0.08831275999546051,-0.04465425759553909,3,-26.799999237060547,20.200000762939453,0.9248046875,2,-0.16052928566932678,2040,2023-06-14 17:02:21,-25.299999237060547
bebf6a9bfd30c163,0.3258056640625,0.205078125,0.08953449130058289,-0.2505158483982086,3,-26.600000381469727,20.39999771118164,1.0694580078125,3,-0.08111681044101715,2086,2023-06-14 17:02:21,-25.5
bebf6a9bfd30c163,0.2911376953125,0.2335204929113388,-0.08578383922576904,-0.03671300783753395,3,-26.299999237060547,20.5,0.8765869140625,4,-0.16724881529808044,2167,2023-06-14 17:02:21,-25.5
bebf6a9bfd30c163,0.30517578125,0.22119140625,-0.015534333884716034,-0.008613206446170807,3,-25.899999618530273,20.89999771118164,0.9874267578125,5,-0.2258918583393097,2163,2023-06-14 17:02:21,-25.700000762939453
bebf6a9bfd30c163,0.2435302734375,0.1744384765625,-0.047299325466156006,0.16365079581737518,3,-25.5,21.299999237060547,1.0283203125,6,-0.2148962914943695,2154,2023-06-14 17:02:21,-25.900001525878906
bebf6a9bfd30c163,0.200927734375,0.0540771521627903,-0.020421255379915237,0.26200011372566223,3,-25.299999237060547,21.60000228881836,1.0145263671875,7,-0.12754255533218384,2139,2023-06-14 17:02:21,-25.900001525878906
bebf6a9bfd30c163,0.2351074069738388,0.0527343712747097,-0.04363413527607918,0.002382366918027401,3,-25.100000381469727,22,0.8942870497703552,0,-0.051184408366680145,2118,2023-06-14 17:02:22,-25.799999237060547
bebf6a9bfd30c163,0.2681884765625,0.073974609375,-0.1340421885251999,-0.19004018604755402,3,,,0.9696044325828552,1,-0.11349266767501831,2181,2023-06-14 17:02:22,
bebf6a9bfd30c163,0.3065185546875,0.0877685546875,0.10786044597625732,-0.04831944778561592,3,-25,22.200000762939453,0.9511719346046448,2,-0.04690835624933243,2243,2023-06-14 17:02:22,-25.900001525878906
bebf6a9bfd30c163,0.3148193359375,0.098876953125,0.023561041802167892,-0.1002429947257042,3,-24.899999618530273,22.60000228881836,0.964111328125,3,0.06915604323148727,2326,2023-06-14 17:02:22,-25.900001525878906
bebf6a9bfd30c163,0.3521728515625,0.1107177734375,-0.07845345139503479,-0.07397578656673431,3,-24.799999237060547,22.799999237060547,0.9808350205421448,4,0.0526626780629158,2369,2023-06-14 17:02:22,-25.900001525878906
bebf6a9bfd30c163,0.362060546875,0.140869140625,-0.05707316845655441,-0.08313877135515213,3,-24.5,22.799999237060547,1.0609130859375,5,-0.02308460883796215,,2023-06-14 17:02:22,-26.299999237060547
bebf6a9bfd30c163,0.360595703125,0.1676025390625,-0.056462302803993225,0.11172724515199661,3,-24.399999618530273,22.799999237060547,1.064453125,6,-0.16602706909179688,2416,2023-06-14 17:02:22,-26.400001525878906
bebf6a9bfd30c163,0.0982666015625,0.1939697265625,0.09197795391082764,0.32308661937713623,3,-24,22.799999237060547,0.7431640625,7,-0.3266846239566803,2375,2023-06-14 17:02:22,-26.5
bebf6a9bfd30c163,0.1069336012005806,0.1575927734375,0.24163994193077087,-0.40078869462013245,3,-23.899999618530273,22.799999237060547,0.951416015625,0,-0.2662089765071869,2441,2023-06-14 17:02:23,-26.599998474121094
bebf6a9bfd30c163,0.23046875,0.2077636569738388,0.02417190745472908,0.15448781847953796,3,-23.5,23.10000228881836,0.9130859375,1,-0.2448287010192871,2596,2023-06-14 17:02:23,-26.599998474121094
bebf6a9bfd30c163,0.29541015625,0.2145996242761612,0.14329063892364502,-0.09108001738786697,3,-23.200000762939453,23.39999771118164,0.9409179091453552,2,-0.1495337188243866,2520,2023-06-14 17:02:23,-26.400001525878906
bebf6a9bfd30c163,0.2860107421875,0.0943603515625,0.6167111992835999,-0.07764098048210144,3,-22.700000762939453,23.89999771118164,1.0081787109375,3,-0.15808582305908203,2639,2023-06-14 17:02:23,-26.099998474121094
bebf6a9bfd30c163,0.2979736328125,0.1640625,-0.06562528014183044,0.34141257405281067,3,-22.299999237060547,24.60000228881836,1.09521484375,4,-0.11288180202245712,2777,2023-06-14 17:02:23,-25.799999237060547
bebf6a9bfd30c163,0.1619873046875,0.1246337890625,-0.5011721849441528,0.3750101625919342,3,-21.899999618530273,25.200000762939453,1.2486572265625,5,0.1583423614501953,2640,2023-06-14 17:02:23,-25.400001525878906
bebf6a9bfd30c163,0.2397461086511612,-0.0084228515625,-0.17313756048679352,0.2888781726360321,3,-21.899999618530273,25.5,0.8870850205421448,6,-0.10860574245452881,2656,2023-06-14 17:02:23,-25
bebf6a9bfd30c163,0.3079833984375,-0.0527343712747097,-0.04546672850847244,-0.18515326082706451,3,-22,25.799999237060547,0.8251953125,7,-0.14220333099365234,2711,2023-06-14 17:02:23,-24.5
bebf6a9bfd30c163,0.299560546875,0.03125,-0.017977794632315636,-0.10085386037826538,3,-22,26.10000228881836,0.9600830078125,8,0.034336723387241364,2784,2023-06-14 17:02:23,-24.299999237060547
bebf6a9bfd30c163,0.375,0.063720703125,-0.2653782367706299,-0.12712106108665466,3,-22,26.10000228881836,1.0574951171875,9,0.009902114048600197,2827,2023-06-14 17:02:23,-24.099998474121094
bebf6a9bfd30c163,0.36474609375,0.1666259765625,-0.34723415970802307,-0.015332724899053574,3,-21.899999618530273,26,1.081787109375,10,-0.1141035333275795,2787,2023-06-14 17:02:23,-24.099998474121094
bebf6a9bfd30c163,0.1932373046875,0.1895751953125,0.10663871467113495,0.17586810886859894,3,-21.5,25.799999237060547,1.287841796875,0,-0.2515482008457184,2647,2023-06-14 17:02:24,-24.599998474121094
bebf6a9bfd30c163,0.2540283203125,0.1029052734375,0.05471516773104668,0.4672508239746094,3,-21.200000762939453,25.700000762939453,0.9549560546875,1,-0.28453493118286133,2802,2023-06-14 17:02:24,-24.400001525878906
bebf6a9bfd30c163,0.3822021484375,0.1641845703125,-0.006371352821588516,-0.004337150603532791,1,14.6899995803833,-4.199999809265137,0.7305908203125,0,-0.33340415358543396,7319,2023-06-14 16:42:51,-35.130001068115234
bebf6a9bfd30c163,0.5484619140625,0.079833984375,0.28745484352111816,-0.09046915173530579,1,14.099998474121094,-3.299999237060547,0.9078368544578552,1,-0.1287643015384674,6940,2023-06-14 16:42:51,-34.70000076293945
bebf6a9bfd30c163,0.5882568359375,-0.0460205078125,-0.2250611037015915,-0.40201041102409363,1,14.400001525878906,-2.799999237060547,1.193359375,2,-0.17091399431228638,6810,2023-06-14 16:42:51,-34.599998474121094
bebf6a9bfd30c163,0.3388671875,-0.06201171875,0.5305792093276978,-0.33053919672966003,1,14.699996948242188,-2.200000762939453,0.9224852919578552,3,0.2585242688655853,6884,2023-06-14 16:42:51,-34.70000076293945
bebf6a9bfd30c163,0.248291015625,0.0186767578125,0.2349204123020172,-0.37635406851768494,1,15,-1.5,0.6490478515625,4,0.19743773341178894,6725,2023-06-14 16:42:51,-34.599998474121094
bebf6a9bfd30c163,0.3154296875,0.0516357421875,-0.17130497097969055,0.11294897645711899,1,15.400001525878906,-0.7000007629394531,0.74560546875,5,0.07709728926420212,6685,2023-06-14 16:42:51,-34.5
bebf6a9bfd30c163,0.4595947563648224,0.157958984375,-0.8389806747436523,-0.3134349584579468,1,15.800003051757812,-0.20000076293945312,1.0072021484375,6,-0.2820914685726166,6803,2023-06-14 16:42:51,-34.599998474121094
bebf6a9bfd30c163,0.32421875,0.283447265625,-1.3441662788391113,0.014599672518670559,1,16.599998474121094,-0.10000038146972656,1.494873046875,7,-0.6089044213294983,7161,2023-06-14 16:42:51,-34.900001525878906
bebf6a9bfd30c163,0.1888427734375,0.3128662109375,-0.1835222691297531,0.08851436525583267,1,16.985000610351562,-3.0470008850097656,0.9895018935203552,8,-0.25887858867645264,7650,2023-06-14 16:42:51,-35.492000579833984
bebf6a9bfd30c163,0.3643798828125,-0.0079345703125,-0.3295190632343292,0.21618521213531494,1,15.438003540039062,-7.36400032043457,0.58740234375,0,-0.381051629781723,7354,2023-06-14 16:42:52,-36.069000244140625
bebf6a9bfd30c163,0.320556640625,0.0947265625,-0.9141170978546143,0.2791043221950531,1,15.292999267578125,-11.088000297546387,0.711669921875,1,0.37397781014442444,7260,2023-06-14 16:42:52,-36.02799987792969
bebf6a9bfd30c163,0.50341796875,0.1072998121380806,-0.30325186252593994,0.2998737394809723,1,13.364997863769531,-14.527000427246094,0.7158203125,2,0.22798100113868713,7926,2023-06-14 16:42:52,-35.167999267578125
bebf6a9bfd30c163,0.4951171875,0.556396484375,0.04799565300345421,0.21190914511680603,1,13.357002258300781,-14.315999984741211,1.453369140625,3,1.1662700176239014,7915,2023-06-14 16:42:52,-35.56399917602539
bebf6a9bfd30c163,0.4270019829273224,0.4898681640625,0.8482291102409363,0.7134295105934143,1,13.099998474121094,-14.300000190734863,0.796142578125,4,0.8321267366409302,7409,2023-06-14 16:42:52,-35.599998474121094
bebf6a9bfd30c163,0.258056640625,0.3155517578125,0.19582504034042358,-0.1356731802225113,1,12.400001525878906,-14.199999809265137,0.525390625,5,0.336104154586792,7738,2023-06-14 16:42:52,-35.70000076293945
bebf6a9bfd30c163,0.5289306640625,0.39599609375,-0.6416711807250977,-0.715995192527771,1,11.570999145507812,-11.987000465393066,0.64892578125,6,0.20232465863227844,7104,2023-06-14 16:42:52,-36.04999923706055
bebf6a9bfd30c163,0.5755615234375,0.669921875,-0.4358096122741699,0.04514293745160103,1,11.813003540039062,-12.185999870300293,1.0234375,7,-0.15564236044883728,7259,2023-06-14 16:42:52,-36.13999938964844
bebf6a9bfd30c163,0.37890625,0.831298828125,-0.0527971126139164,0.2632218301296234,1,11.5,-11.5,1.1326904296875,8,-0.4684053659439087,7580,2023-06-14 16:42:52,-36.599998474121094
bebf6a9bfd30c163,0.2735595703125,0.591552734375,-0.24583052098751068,-0.020830512046813965,1,11.199996948242188,-11.300000190734863,0.5306396484375,0,-0.28820011019706726,7447,2023-06-14 16:42:53,-36.70000076293945
bebf6a9bfd30c163,0.286376953125,0.4068603515625,-0.22383937239646912,-0.11184943467378616,1,11.099998474121094,-12,0.509765625,1,-0.050573546439409256,7442,2023-06-14 16:42:53,-36.70000076293945
bebf6a9bfd30c163,0.443359375,0.5098876953125,0.03394575044512749,0.012156211771070957,1,11.099998474121094,-13.100000381469727,0.5003662109375,2,0.12657737731933594,7356,2023-06-14 16:42:53,-36.29999923706055
bebf6a9bfd30c163,0.6668701171875,0.6246337890625,-0.6899295449256897,-0.2010357528924942,1,10.900001525878906,-14.600000381469727,0.66943359375,3,0.10031016916036606,7398,2023-06-14 16:42:53,-35.900001525878906
bebf6a9bfd30c163,0.530517578125,1.0631103515625,-0.2250611037015915,-0.2780047655105591,1,10.400001525878906,-15.800000190734863,1.249267578125,4,-0.15686410665512085,7361,2023-06-14 16:42:53,-35.5
bebf6a9bfd30c163,0.270751953125,0.6171875,0.14145803451538086,-0.16438384354114532,1,,,0.7459716796875,5,-0.0682886391878128,7602,2023-06-14 16:42:53,
bebf6a9bfd30c163,0.2136230617761612,0.3350830078125,-0.664273202419281,-0.0342695489525795,1,10,-17.200000762939453,0.4041748046875,6,0.22553753852844238,7872,2023-06-14 16:42:53,-34.900001525878906
bebf6a9bfd30c163,0.4888916015625,0.4652099609375,0.23308783769607544,-0.13628403842449188,1,9.900001525878906,-18.200000762939453,0.4744873046875,7,0.26157858967781067,7529,2023-06-14 16:42:53,-34.400001525878906
bebf6a9bfd30c163,0.5899658203125,0.7122802734375,0.19704677164554596,-0.4136168658733368,1,9.799999237060547,-19.200000762939453,0.7694091796875,8,0.4515576958656311,7099,2023-06-14 16:42:53,-34
bebf6a9bfd30c163,0.5986328125,0.9128418564796448,-1.0686659812927246,0.9663277268409729,1,10.200000762939453,-20.100000381469727,0.9172363877296448,0,-0.29797396063804626,7091,2023-06-14 16:42:54,-33.70000076293945
bebf6a9bfd30c163,0.2777099609375,1.0057373046875,,,1,10.5,-20.399999618530273,0.4453125,1,,6810,2023-06-14 16:42:54,-33.5
bebf6a9bfd30c163,0.2099609225988388,0.5118408203125,-0.7265814542770386,-0.6512434482574463,1,10.400001525878906,-21.600000381469727,0.2080077975988388,2,-1.1782307624816895,5754,2023-06-14 16:42:54,-32.900001525878906
bebf6a9bfd30c163,0.16015625,0.6177978515625,-0.9892535209655762,-1.7746245861053467,1,11.492996215820312,-26.482999801635742,0.41357421875,3,0.19255080819129944,7443,2023-06-14 16:42:54,-28.777999877929688
bebf6a9bfd30c163,0.2022705078125,0.371826171875,-2.8908772468566895,-0.43621888756752014,1,11.456001281738281,-35.33100128173828,0.178955078125,4,-1.0212384462356567,7626,2023-06-14 16:42:54,-17.986000061035156
bebf6a9bfd30c163,-0.1057128831744194,0.5885009765625,-2.3942437171936035,1.1624155044555664,1,15.037002563476562,-38.582000732421875,0.093017578125,5,1.8999191522598267,5650,2023-06-14 16:42:54,-11.816001892089844
bebf6a9bfd30c163,-0.927490234375,1.8028565645217896,,,1,15.270000457763672,-10.319999694824219,0.6539306640625,6,,9288,2023-06-14 16:42:54,-33
bebf6a9bfd30c163,0.122314453125,0.264404296875,,,1,15.800003051757812,-10.300000190734863,0.6201171875,0,,,2023-06-14 16:44:48,-31.5
bebf6a9bfd30c163,0.288818359375,0.2960205078125,,,1,15.800003051757812,-10.699999809265137,0.697509765625,1,,4911,2023-06-14 16:44:48,-31
bebf6a9bfd30c163,0.3214111328125,0.2239990234375,,,1,16.199996948242188,-10.899999618530273,1.008056640625,2,,22503,2023-06-14 16:44:48,-30.5
bebf6a9bfd30c163,0.4749755859375,0.307373046875,,,1,16.699996948242188,-10.5,1.2947998046875,3,,22419,2023-06-14 16:44:48,-30.399999618530273
bebf6a9bfd30c163,0.1875,0.383544921875,,,1,16.800003051757812,-10.300000190734863,1.0767822265625,4,,22436,2023-06-14 16:44:48,-30.399999618530273
bebf6a9bfd30c163,-0.0185546875,0.1224365234375,,,1,16.900001525878906,-9.5,0.5701904296875,5,,7818,2023-06-14 16:44:48,-30.299999237060547
bebf6a9bfd30c163,0.2691650390625,0.2294921875,,,1,16.699996948242188,-8.600000381469727,0.8497314453125,6,,,2023-06-14 16:44:48,-30.299999237060547
bebf6a9bfd30c163,0.26123046875,0.0889892578125,,,1,16.400001525878906,-7.399999618530273,1.0689697265625,7,,4026,2023-06-14 16:44:48,-30.399999618530273
bebf6a9bfd30c163,0.287109375,0.2294921875,,,1,15.900001525878906,-6.800000190734863,1.308349609375,8,,4326,2023-06-14 16:44:48,-30.600000381469727
bebf6a9bfd30c163,0.1539306640625,0.35791015625,,,1,15,-6.199999809265137,0.9530029296875,9,,4377,2023-06-14 16:44:48,-30.700000762939453
bebf6a9bfd30c163,0.286376953125,0.142578125,,,1,14.300003051757812,-6.100000381469727,0.6766357421875,0,,4293,2023-06-14 16:44:49,-30.700000762939453
bebf6a9bfd30c163,0.331787109375,0.1617431640625,,,1,13.5,-6.800000190734863,0.759765625,1,,4193,2023-06-14 16:44:49,-30.799999237060547
bebf6a9bfd30c163,0.4188232421875,0.0093994140625,,,1,12.900001525878906,-7.300000190734863,0.8641356825828552,2,,4226,2023-06-14 16:44:49,-30.799999237060547
bebf6a9bfd30c163,0.4306640923023224,0.002685546875,,,1,12.400001525878906,-7.699999809265137,1.3348388671875,3,,4143,2023-06-14 16:44:49,-30.899999618530273
bebf6a9bfd30c163,0.274658203125,-0.089599609375,,,1,12.199996948242188,-7.800000190734863,1.1268310546875,4,,4143,2023-06-14 16:44:49,-30.799999237060547
bebf6a9bfd30c163,0.183837890625,0.0172119140625,,,1,12.199996948242188,-7.899999618530273,0.9451904296875,5,,2823,2023-06-14 16:44:49,-30.799999237060547
bebf6a9bfd30c163,0.267822265625,-0.02685547061264515,,,1,,,0.6409912109375,6,,3976,2023-06-14 16:44:49,
bebf6a9bfd30c163,0.376953125,0.064697265625,,,1,12.599998474121094,-7.5,1.0516357421875,7,,3992,2023-06-14 16:44:49,-30.899999618530273
bebf6a9bfd30c163,0.36181640625,0.2098388522863388,,,1,13.400001525878906,-6.800000190734863,1.2607421875,8,,4109,2023-06-14 16:44:49,-31
bebf6a9bfd30c163,0.244140625,0.357666015625,,,1,14.5,-6.199999809265137,1.3486328125,0,,4310,2023-06-14 16:44:50,-30.899999618530273
bebf6a9bfd30c163,0.20703125,0.3409423828125,,,1,15.400001525878906,-5.899999618530273,0.9388427734375,1,,4510,2023-06-14 16:44:50,-31
bebf6a9bfd30c163,0.2540283203125,0.1057128831744194,,,1,16.099998474121094,-5.600000381469727,0.6507568359375,2,,4159,2023-06-14 16:44:50,-31
bebf6a9bfd30c163,0.3275146484375,0.1036376953125,,,1,16.800003051757812,-5.600000381469727,0.7713623046875,3,,4644,2023-06-14 16:44:50,-31
bebf6a9bfd30c163,0.3773193359375,-0.0361328125,,,1,17.5,-5.699999809265137,1.0299072265625,4,,5162,2023-06-14 16:44:50,-30.899999618530273
bebf6a9bfd30c163,0.1549072265625,-0.2275390625,,,1,18.300003051757812,-6,1.375244140625,5,,5630,2023-06-14 16:44:50,-30.600000381469727
bebf6a9bfd30c163,0.0350341796875,-0.0086669921875,,,1,18.800003051757812,-6.199999809265137,1.0833740234375,6,,4995,2023-06-14 16:44:50,-30.399999618530273
bebf6a9bfd30c163,0.0635986328125,0.0809326171875,,,1,19.300003051757812,-6.399999618530273,0.671630859375,7,,4577,2023-06-14 16:44:50,-30.200000762939453
bebf6a9bfd30c163,0.1600341796875,-0.033447265625,,,1,19.800003051757812,-5.899999618530273,0.7752685546875,8,,5045,2023-06-14 16:44:50,-30.200000762939453
bebf6a9bfd30c163,0.2315673828125,0.0616455078125,-0.189630925655365,0.30170634388923645,1,-10.670000076293945,45.77000045776367,1.036376953125,9,-0.02308460883796215,109,2023-06-14 16:44:50,-19.829999923706055
bebf6a9bfd30c163,0.2852783203125,0.156494140625,0.01867412030696869,-0.02816089615225792,1,-3.700000762939453,47.09999465942383,0.9852295517921448,4,0.054495275020599365,128,2023-06-14 16:49:07,-20.5
bebf6a9bfd30c163,0.2855224609375,0.126953125,0.07181939482688904,0.06835581362247467,1,-3.799999237060547,47.20000076293945,0.9948729872703552,5,0.06732344627380371,128,2023-06-14 16:49:07,-20.599998474121094
bebf6a9bfd30c163,0.272705078125,0.1214599609375,0.13840371370315552,0.09767734259366989,1,-4.099998474121094,47.29999923706055,0.97607421875,6,0.05877133458852768,129,2023-06-14 16:49:07,-20.5
bebf6a9bfd30c163,0.28125,0.10986328125,0.07059766352176666,0.026206113398075104,1,-4.5,47.39999771118164,0.9534912109375,7,-0.04996268078684807,132,2023-06-14 16:49:07,-20.400001525878906
bebf6a9bfd30c163,0.28173828125,0.1064453199505806,-0.02591904252767563,0.021930057555437088,1,-4.799999237060547,47.500003814697266,0.971435546875,8,0.008680382743477821,134,2023-06-14 16:49:07,-20.200000762939453
bebf6a9bfd30c163,0.2926025390625,0.1282958984375,-0.04485586658120155,0.037201687693595886,1,-5.200000762939453,47.39999771118164,0.9813233017921448,0,-0.16663792729377747,134,2023-06-14 16:49:08,-20.099998474121094
bebf6a9bfd30c163,0.323486328125,0.101806640625,,,1,,,0.90966796875,1,,135,2023-06-14 16:49:08,
bebf6a9bfd30c163,0.4227294921875,-0.25830078125,-0.4655281901359558,0.04440990090370178,1,-24.599998474121094,6.200000762939453,0.923828125,0,0.13187359273433685,1319,2023-06-23 18:38:49,-41.400001525878906
bebf6a9bfd30c163,0.38037109375,-0.2005615234375,-0.7465262413024902,-0.2940094470977783,1,-24.299999237060547,4.299999237060547,0.8691406846046448,1,-0.004960227757692337,1306,2023-06-23 18:38:49,-42.5
bebf6a9bfd30c163,0.373046875,-0.040283203125,-0.7917302250862122,-0.08631525933742523,1,-23.084999084472656,-0.8240013122558594,0.9755859375,0,-0.14484836161136627,1343,2023-06-23 18:38:50,-44.944000244140625
bebf6a9bfd30c163,0.365234375,0.1431884765625,-0.5773165225982666,-0.746049702167511,1,-19.35900115966797,-4.841999053955078,0.9757080078125,1,-0.168672114610672,1401,2023-06-23 18:38:50,-47.03799819946289
bebf6a9bfd30c163,0.2642822265625,0.1104736328125,-0.5473841428756714,-0.7906428575515747,1,-13.136001586914062,-5.936000823974609,1.0731201171875,2,-0.2682431638240814,1528,2023-06-23 18:38:50,-48.57899856567383
bebf6a9bfd30c163,0.18115234375,0.12646484375,-0.25111448764801025,-0.5908899307250977,1,-11.033000946044922,-7.673999786376953,1.0533447265625,3,0.2204490453004837,1762,2023-06-23 18:38:50,-47.946998596191406
bebf6a9bfd30c163,0.12890625,0.1307373046875,0.05065295100212097,-0.16572773456573486,1,-10.591999053955078,-7.267999649047852,1.0501708984375,4,0.216172993183136,1795,2023-06-23 18:38:50,-48.19200134277344
bebf6a9bfd30c163,0.1396484375,0.0728759765625,0.053707271814346313,-0.15106697380542755,1,-10.847999572753906,-8.031000137329102,0.9840087890625,5,0.07628484815359116,1815,2023-06-23 18:38:50,-48.5260009765625
bebf6a9bfd30c163,0.1038818284869194,0.0811767578125,0.09097005426883698,0.2948646545410156,1,-10.700000762939453,-7.700000762939453,0.9821776747703552,6,-0.01290147565305233,1826,2023-06-23 18:38:50,-48.599998474121094
bebf6a9bfd30c163,0.1346435546875,0.029052734375,-0.052583277225494385,0.060903266072273254,1,-9.5,-8,0.9583739638328552,7,0.19234925508499146,1813,2023-06-23 18:38:50,-48.70000076293945
bebf6a9bfd30c163,0.1400146484375,0.2373046725988388,-0.7929519414901733,-0.4974275529384613,1,-8.900001525878906,-8.799999237060547,1.1053466796875,8,0.528935968875885,1805,2023-06-23 18:38:50,-48.900001525878906
bebf6a9bfd30c163,0.1844482421875,0.1605224609375,-0.5321124792098999,0.9240558743476868,1,-9.200000762939453,-9.600000381469727,1.0804443359375,9,-0.4252355098724365,1810,2023-06-23 18:38:50,-49.099998474121094
bebf6a9bfd30c163,0.1632080078125,0.1085205152630806,0.28094911575317383,0.3877161741256714,1,-11.715999603271484,-12.520000457763672,0.89501953125,0,-0.41362908482551575,1668,2023-06-23 18:38:51,-48.895999908447266
bebf6a9bfd30c163,0.17138671875,0.20654296875,-0.22973419725894928,0.26371052861213684,1,-14.112998962402344,-16.277000427246094,0.9197998046875,1,0.2809247076511383,1615,2023-06-23 18:38:51,-48.284000396728516
bebf6a9bfd30c163,0.4197998046875,0.4007568359375,-0.7355306148529053,-0.3948022127151489,1,-15.280998229980469,-21.836999893188477,0.8212890625,2,0.24793797731399536,1471,2023-06-23 18:38:51,-47.57899856567383
bebf6a9bfd30c163,0.281005859375,0.557373046875,0.1862650364637375,0.9191689491271973,1,-20.464000701904297,-24.56399917602539,0.9744872450828552,3,0.8221513032913208,,2023-06-23 18:38:51,-46.09700012207031
bebf6a9bfd30c163,0.327392578125,0.576171875,-0.5498275756835938,2.5330750942230225,1,-28.12200164794922,-25.768999099731445,1.020751953125,4,1.1770639419555664,1126,2023-06-23 18:38:51,-43.86199951171875
bebf6a9bfd30c163,0.3865966796875,0.2767333984375,2.2082290649414062,-0.9305310249328613,1,-22.45199966430664,-17.895999908447266,0.37255859375,5,0.3921021819114685,,2023-06-23 18:38:51,-45.637001037597656
bebf6a9bfd30c163,0.3602294921875,0.31103515625,1.4715255498886108,-0.2396424263715744,1,-15.154998779296875,-10.173999786376953,0.845947265625,6,0.0891130194067955,1528,2023-06-23 18:38:51,-47.84299850463867
bebf6a9bfd30c163,0.13671875,0.130615234375,0.5631688833236694,-1.840720295906067,1,-5.624000549316406,-8.332000732421875,1.0465087890625,7,-0.03611435741186142,1855,2023-06-23 18:38:51,-48.12799835205078
bebf6a9bfd30c163,0.036865234375,0.1712646484375,0.15877608954906464,-1.330036997795105,1,-4.770000457763672,-11.711000442504883,1.20947265625,0,-0.7868677377700806,2017,2023-06-23 18:38:52,-48.00600051879883
bebf6a9bfd30c163,0.009521484375,0.1004638671875,,,1,-2.128997802734375,-13.014999389648438,0.9542236328125,1,,,2023-06-23 18:38:52,-46.766998291015625
bebf6a9bfd30c163,0.00390625,-0.0220947265625,,,1,-1.0989990234375,-8.36600112915039,1.08837890625,2,,1954,2023-06-23 18:38:52,-46.777000427246094
bebf6a9bfd30c163,0.0450439453125,-0.0093994140625,,,1,-3.6060028076171875,-6.616001129150391,1.0335693359375,3,,2119,2023-06-23 18:38:52,-46.56700134277344
bebf6a9bfd30c163,-0.011474609375,-0.1531982421875,,,1,,,0.8460693359375,4,,,2023-06-23 18:38:52,
bebf6a9bfd30c163,0.0137939453125,0.0909423828125,,,1,-3.9700000286102295,-5.019999980926514,1.1663818359375,5,,8,2023-06-23 18:38:52,-38.290000915527344
bebf6a9bfd30c163,0.396240234375,0.2469482421875,,,1,-3.9000015258789062,-4.099998474121094,0.9205321669578552,0,,8,2023-06-23 19:13:20,-38.099998474121094
bebf6a9bfd30c163,0.3671875,0.1126708984375,,,1,-3.5999984741210938,-3,0.969482421875,1,,,2023-06-23 19:13:20,-36.900001525878906
bebf6a9bfd30c163,0.36181640625,0.0792236328125,,,1,-2.4069976806640625,-0.4889984130859375,0.9423827528953552,2,,7,2023-06-23 19:13:20,-34.38600158691406
bebf6a9bfd30c163,0.3251953125,0.0598144568502903,,,1,-1.21099853515625,2.8479995727539062,0.9919432997703552,0,,6,2023-06-23 19:13:21,-34.03300094604492
bebf6a9bfd30c163,0.29638671875,-0.0474853515625,,,1,-1.0640029907226562,5.603000640869141,0.9664306640625,1,,6,2023-06-23 19:13:21,-32.992000579833984
bebf6a9bfd30c163,0.330810546875,-0.134521484375,,,1,-1.292999267578125,5.908000946044922,0.9761962890625,2,,6,2023-06-23 19:13:21,-32.63999938964844
bebf6a9bfd30c163,0.3521728515625,-0.1184081956744194,,,1,-1.5940017700195312,6.118999481201172,0.9886475205421448,3,,6,2023-06-23 19:13:21,-32.29399871826172
bebf6a9bfd30c163,0.357421875,-0.1314697265625,,,1,-1.3000030517578125,6.799999237060547,0.9197998046875,4,,6,2023-06-23 19:13:21,-32.099998474121094
bebf6a9bfd30c163,0.366943359375,-0.1171874925494194,,,1,-1.6999969482421875,8.10000228881836,0.9418944716453552,5,,7,2023-06-23 19:13:21,-31.899999618530273
bebf6a9bfd30c163,0.37255859375,-0.1231689453125,,,1,-2.1999969482421875,8.5,0.9588622450828552,6,,7,2023-06-23 19:13:21,-31.600000381469727
bebf6a9bfd30c163,0.3817138671875,-0.17041015625,,,1,-2.6999969482421875,8.799999237060547,0.8602294325828552,0,,7,2023-06-23 19:13:22,-31.399999618530273
bebf6a9bfd30c163,0.364990234375,-0.1309814453125,,,1,-2.9000015258789062,8.89999771118164,0.950927734375,1,,7,2023-06-23 19:13:22,-30.700000762939453
bebf6a9bfd30c163,0.35302734375,-0.1187744215130806,,,1,-2.8000030517578125,8.700000762939453,0.968505859375,2,,7,2023-06-23 19:13:22,-30.5
bebf6a9bfd30c163,0.357421875,-0.0933837890625,,,1,-2.5999984741210938,8.39999771118164,0.9501953721046448,3,,7,2023-06-23 19:13:22,-30.799999237060547
bebf6a9bfd30c163,0.3646240234375,-0.0823974609375,,,1,,,0.9674072265625,4,,,2023-06-23 19:13:22,
bebf6a9bfd30c163,0.3585205078125,-0.00390625,,,1,,,0.9890136122703552,5,,,2023-06-23 19:13:22,
bebf6a9bfd30c163,0.266845703125,-0.0328369140625,0.10257649421691895,-0.1229671761393547,1,1.5999984741210938,3.0999984741210938,0.98193359375,6,-0.011068880558013916,7,2023-06-23 19:13:25,-34.599998474121094
bebf6a9bfd30c163,0.2601318359375,-0.0140380859375,0.012168437242507935,-0.129075825214386,1,1.5999984741210938,3.200000762939453,0.973388671875,0,0.07200879603624344,7,2023-06-23 19:13:26,-34.5
bebf6a9bfd30c163,0.269775390625,0.0205078125,-0.10328508913516998,-0.13090841472148895,1,1.5999984741210938,3.200000762939453,0.9969482421875,1,0.1043846532702446,7,2023-06-23 19:13:26,-34.400001525878906
bebf6a9bfd30c163,0.2711181640625,-0.0048828125,0.0695897713303566,0.0987769067287445,1,1.8000030517578125,3.200000762939453,0.9940186142921448,2,-0.04039040952920914,7,2023-06-23 19:13:26,-34.400001525878906
bebf6a9bfd30c163,0.253662109375,-0.009033203125,0.005448918789625168,0.0010384712368249893,1,1.9000015258789062,3.0999984741210938,1.0269775390625,3,-0.17050470411777496,6,2023-06-23 19:13:26,-34.29999923706055
bebf6a9bfd30c163,0.27685546875,0.031982421875,-0.10084163397550583,0.17757853865623474,1,2,2.9000015258789062,0.9637450575828552,4,-0.13079847395420074,6,2023-06-23 19:13:26,-34.29999923706055
bebf6a9bfd30c163,0.278076171875,-0.0228271484375,-0.02753780409693718,0.043799035251140594,1,2,2.799999237060547,1.0023193359375,5,-0.04527733474969864,7,2023-06-23 19:13:26,-34.20000076293945
bebf6a9bfd30c163,0.3201904296875,0.0068359375,-0.24806015193462372,0.04685336351394653,1,1.9000015258789062,2.4000015258789062,0.9813233017921448,6,-0.3458230197429657,7,2023-06-23 19:13:26,-34.20000076293945
bebf6a9bfd30c163,0.4157714545726776,-0.250732421875,-0.3647354245185852,-0.11624766141176224,2,-10.25,-29.200000762939453,0.9251708984375,0,0.0310808215290308,98,2023-06-23 18:31:41,-37.34000015258789
bebf6a9bfd30c163,0.3436279296875,-0.231201171875,-1.1051040887832642,-0.31172454357147217,2,-9.200000762939453,-31.299999237060547,0.829345703125,1,-0.0220644548535347,98,2023-06-23 18:31:41,-36.400001525878906
bebf6a9bfd30c163,0.29638671875,-0.15234375,-0.5883120894432068,-1.2915524244308472,2,-2.207000732421875,-40.27199935913086,0.8912353515625,2,0.4085955321788788,85,2023-06-23 18:31:41,-24.871997833251953
bebf6a9bfd30c163,0.191650390625,0.224853515625,-4.886835813522339e-05,-0.032559119164943695,2,1.08599853515625,-40.7140007019043,1.091064453125,3,-0.19799363613128662,80,2023-06-23 18:31:41,-23.417999267578125
bebf6a9bfd30c163,0.132080078125,0.2402343899011612,,,2,1.8029975891113281,-39.887001037597656,1.0498046875,0,,81,2023-06-23 18:31:42,-25.81100082397461
bebf6a9bfd30c163,0.1184081956744194,0.0709228515625,0.6535769104957581,0.5239391326904297,2,1.2579994201660156,-39.20500183105469,1.0352783203125,1,0.2919202744960785,85,2023-06-23 18:31:42,-25.077999114990234
bebf6a9bfd30c163,0.195556640625,0.0738525390625,0.07020063698291779,-0.02889392524957657,2,,,0.929443359375,2,-0.06421415507793427,85,2023-06-23 18:31:42,
bebf6a9bfd30c163,0.2120361179113388,0.1180419847369194,-0.11366980522871017,0.024862216785550117,2,1.4500007629394531,-39.374000549316406,0.9544677734375,3,-0.04161214083433151,85,2023-06-23 18:31:42,-24.367000579833984
bebf6a9bfd30c163,0.2333984225988388,0.1485595703125,-0.0825156718492508,-0.4778798818588257,2,1.8999977111816406,-39.79999923706055,0.9010009765625,4,-0.03672522306442261,84,2023-06-23 18:31:42,-23.89999771118164
bebf6a9bfd30c163,0.230224609375,0.1754150390625,-0.4753020405769348,0.007147124037146568,2,3.200000762939453,-39.099998474121094,1.080078125,5,0.017030922695994377,84,2023-06-23 18:31:42,-24.10000228881836
bebf6a9bfd30c163,0.036865234375,0.130615234375,-0.15215431153774261,0.5825821757316589,2,3.9999961853027344,-38.70000076293945,1.0628662109375,6,0.4342518746852875,92,2023-06-23 18:31:42,-24.299999237060547
bebf6a9bfd30c163,0.27587890625,0.36328125,0.8136236071586609,0.35961636900901794,2,5.100002288818359,-38.70000076293945,0.9399413466453552,7,0.6993674039840698,95,2023-06-23 18:31:42,-23.60000228881836
bebf6a9bfd30c163,0.3031005859375,0.3988037109375,-0.153376042842865,0.6442795991897583,2,6.399997711181641,-39,0.8908690810203552,8,0.12332147359848022,102,2023-06-23 18:31:42,-23
bebf6a9bfd30c163,0.4277344048023224,0.463134765625,-1.7672820091247559,0.2612670660018921,2,7.692996978759766,-40.755001068115234,0.91943359375,9,0.01947438158094883,101,2023-06-23 18:31:42,-19.519001007080078
bebf6a9bfd30c163,0.3699951171875,0.4080810844898224,1.1459343433380127,-0.003237585537135601,2,8.669002532958984,-41.082000732421875,0.8509521484375,0,0.45563217997550964,103,2023-06-23 18:31:43,-15.694000244140625
bebf6a9bfd30c163,0.377685546875,0.4807129204273224,-0.7031548023223877,0.7230811715126038,2,5.200000762939453,-42.57600021362305,0.89990234375,1,-1.1900389194488525,97,2023-06-23 18:31:43,-13.618000030517578
bebf6a9bfd30c163,0.390869140625,0.4268798828125,-0.18941709399223328,-0.00507018156349659,2,2.088001251220703,-43.74399948120117,1.0128173828125,2,-0.3158906400203705,92,2023-06-23 18:31:43,-12.097000122070312
bebf6a9bfd30c163,0.4656982421875,0.3502197265625,-0.504623532295227,-0.3043941557407379,2,1.7230033874511719,-43.448001861572266,0.8363037109375,3,-0.060548968613147736,89,2023-06-23 18:31:43,-12.810001373291016
bebf6a9bfd30c163,0.4505615532398224,0.4338379204273224,0.5320147275924683,-0.2604118585586548,2,3.0730018615722656,-42.939998626708984,1.023193359375,4,-0.03306002914905548,90,2023-06-23 18:31:43,-14.416999816894531
bebf6a9bfd30c163,0.537353515625,0.4327392578125,0.2607905864715576,-0.00934623833745718,2,3.3319969177246094,-42.27000045776367,0.8461913466453552,5,-0.5284717679023743,90,2023-06-23 18:31:43,-15.35799789428711
bebf6a9bfd30c163,0.40478515625,0.152099609375,-0.28104686737060547,0.16047430038452148,2,1.7059974670410156,-42.45000076293945,0.87158203125,6,-0.7660983204841614,88,2023-06-23 18:31:43,-14.73699951171875
bebf6a9bfd30c163,0.3402099609375,0.1630859375,0.02010968327522278,-0.13946053385734558,2,1.0279998779296875,-42.305999755859375,1.0218505859375,7,-0.5272499918937683,90,2023-06-23 18:31:43,-15.117000579833984
bebf6a9bfd30c163,0.372314453125,0.1627197265625,0.04882035404443741,-0.2585792541503906,2,0.3650016784667969,-42.012001037597656,0.9129638671875,8,-0.025118781253695488,97,2023-06-23 18:31:43,-16.097000122070312
bebf6a9bfd30c163,0.4549560844898224,0.291748046875,-0.2236255407333374,0.47506991028785706,2,-1.9090003967285156,-42.08700180053711,0.9254150986671448,0,0.31513315439224243,104,2023-06-23 18:31:44,-16.15399932861328
bebf6a9bfd30c163,0.496337890625,0.346435546875,-0.0519724115729332,0.11282680928707123,2,-2.9519996643066406,-42.198001861572266,0.8218993544578552,1,-0.05444031208753586,108,2023-06-23 18:31:44,-15.840999603271484
bebf6a9bfd30c163,0.4237060546875,0.2412109524011612,-0.4997366666793823,0.36511415243148804,2,-5.694000244140625,-43.52000045776367,0.8306885361671448,2,0.002370154485106468,112,2023-06-23 18:31:44,-11.154998779296875
bebf6a9bfd30c163,0.4537353813648224,0.379638671875,-0.981709361076355,-0.027672195807099342,2,-7.301998138427734,-44.64799880981445,0.7457275390625,3,-0.2737409472465515,111,2023-06-23 18:31:44,-5.049999237060547
bebf6a9bfd30c163,0.4385986328125,0.3831787109375,-1.2016208171844482,-0.10952813923358917,2,-5.181999206542969,-45.31700134277344,0.827392578125,4,0.5191621780395508,108,2023-06-23 18:31:44,0.641998291015625
bebf6a9bfd30c163,0.38134765625,0.497314453125,-0.28776639699935913,-0.5194187164306641,2,-1.108001708984375,-45.249000549316406,0.57958984375,5,0.7018108367919922,107,2023-06-23 18:31:44,3.8699989318847656
bebf6a9bfd30c163,0.1054687425494194,0.5880126953125,-2.353712558746338,0.8385347127914429,2,9.544002532958984,-43.255001068115234,0.5341796875,6,1.5093746185302734,83,2023-06-23 18:31:44,12.283000946044922
bebf6a9bfd30c163,0.504150390625,1.3228759765625,-0.22240380942821503,0.23927591741085052,2,7.980000019073486,-15.0600004196167,0.9881592392921448,7,-0.1931067258119583,1772,2023-06-23 18:31:44,-37.029998779296875
bebf6a9bfd30c163,0.227294921875,0.2177734375,,,2,6,-15.600000381469727,0.783447265625,0,,,2023-06-23 18:38:33,-37.900001525878906
bebf6a9bfd30c163,0.2855224609375,0.28955078125,0.026218339800834656,-0.3398243188858032,2,6.1999969482421875,-16.100000381469727,0.8804931640625,1,-0.21570873260498047,1672,2023-06-23 18:38:33,-38
bebf6a9bfd30c163,0.204833984375,0.0615234375,0.5081909894943237,-1.7228232622146606,2,7.8000030517578125,-15.299999237060547,0.649658203125,2,0.719525933265686,1884,2023-06-23 18:38:33,-37.400001525878906
bebf6a9bfd30c163,0.2626953125,0.2542724609375,-0.6634485125541687,1.2960727214813232,2,8.300003051757812,-15,1.6220703125,3,0.5930768251419067,1818,2023-06-23 18:38:33,-37.20000076293945
bebf6a9bfd30c163,0.13525390625,0.1339111328125,2.5295441150665283,-0.6092159152030945,2,9.529998779296875,-10.243999481201172,1.0960693359375,4,0.4892297387123108,1855,2023-06-23 18:38:33,-36.48500061035156
bebf6a9bfd30c163,0.1156005859375,0.0600585974752903,-1.1637471914291382,1.91243577003479,2,6.262001037597656,-11.329999923706055,1.04296875,5,0.04085466265678406,1782,2023-06-23 18:38:33,-38.60200119018555
bebf6a9bfd30c163,0.2943115234375,0.11572265625,1.1728123426437378,-0.5035362243652344,2,,,0.9169921875,6,-0.34215784072875977,1680,2023-06-23 18:38:33,
bebf6a9bfd30c163,0.0679931640625,-0.1058349534869194,0.6126489639282227,0.3669467568397522,2,7.4980010986328125,-8.076000213623047,1.0638427734375,7,0.6731001734733582,1682,2023-06-23 18:38:33,-38.08399963378906
bebf6a9bfd30c163,0.2655029296875,0.07568359375,-0.466749906539917,0.23133467137813568,2,5.740997314453125,-6.5,0.9152832627296448,8,0.07689571380615234,1658,2023-06-23 18:38:33,-38.652000427246094
bebf6a9bfd30c163,0.268310546875,0.1256103515625,-0.14054787158966064,-0.08448266237974167,2,5.084999084472656,-7.659999847412109,1.074462890625,9,-0.16500692069530487,1675,2023-06-23 18:38:33,-40.03799819946289
bebf6a9bfd30c163,0.2279052734375,0.1015625,0.01339016854763031,0.3932139575481415,2,5.097999572753906,-7.312999725341797,1.0357666015625,0,-0.19005239009857178,1646,2023-06-23 18:38:34,-40.069000244140625
bebf6a9bfd30c163,0.2261962890625,0.169921875,-0.14482393860816956,-0.603718101978302,2,4.1999969482421875,-7.200000762939453,0.8173828125,1,-0.543743371963501,1687,2023-06-23 18:38:34,-40.5
bebf6a9bfd30c163,0.21923828125,0.0028076171875,-0.19124968349933624,0.02974913828074932,2,4.3000030517578125,-7.299999237060547,0.9958495497703552,2,0.2662639319896698,1718,2023-06-23 18:38:34,-40.900001525878906
bebf6a9bfd30c163,0.277099609375,0.1329345703125,0.1862650364637375,0.20445659756660461,2,4.099998474121094,-8.200000762939453,0.98876953125,3,0.3670566976070404,1695,2023-06-23 18:38:34,-41.5
bebf6a9bfd30c163,0.3087158203125,0.1944580078125,0.33348357677459717,0.0688445121049881,2,4.099998474121094,-8.899999618530273,1.083984375,4,0.0793391764163971,1670,2023-06-23 18:38:34,-41.900001525878906
bebf6a9bfd30c163,0.255859375,0.078857421875,0.18993023037910461,0.09816604107618332,2,4,-9.200000762939453,1.1112060546875,5,0.05734802782535553,,2023-06-23 18:38:34,-42.20000076293945
bebf6a9bfd30c163,0.227294921875,-0.063720703125,0.1709934026002884,0.051740288734436035,2,3.8000030517578125,-8.899999618530273,1.044677734375,6,0.5063340067863464,1657,2023-06-23 18:38:34,-42.20000076293945
bebf6a9bfd30c163,0.293701171875,0.0345458984375,0.444661021232605,0.06945537775754929,2,3.1999969482421875,-8.399999618530273,0.8272705674171448,7,0.3078027665615082,1642,2023-06-23 18:38:34,-42.400001525878906
bebf6a9bfd30c163,0.3092041015625,-0.004150390625,0.10563081502914429,-0.04050036519765854,2,2.3000030517578125,-7.799999237060547,0.809814453125,8,0.7354084253311157,1626,2023-06-23 18:38:34,-42.5
bebf6a9bfd30c163,0.3836669921875,0.0789794921875,-0.3464094400405884,-0.027061330154538155,2,1.5,-6.799999237060547,0.9497069716453552,0,-0.15950913727283478,1602,2023-06-23 18:38:35,-42.599998474121094
bebf6a9bfd30c163,0.2923583984375,0.0562744140625,-0.30120545625686646,-0.16206254065036774,2,1,-6.399999618530273,1.0540771484375,1,0.04329812526702881,1623,2023-06-23 18:38:35,-42.79999923706055
bebf6a9bfd30c163,0.2420654445886612,0.13671875,-0.234010249376297,-0.34776556491851807,2,0.5999984741210938,-6.5,1.0257568359375,2,-0.09109222888946533,1643,2023-06-23 18:38:35,-43.099998474121094
bebf6a9bfd30c163,0.2222900390625,0.1754150390625,-0.10023076832294464,0.12809844315052032,2,0.8000030517578125,-7,1.1397705078125,3,-0.07459886372089386,1685,2023-06-23 18:38:35,-43.5
bebf6a9bfd30c163,0.179931640625,0.2452392578125,-0.07274183630943298,-0.20176878571510315,2,0.9000015258789062,-7.799999237060547,0.9512939453125,4,-0.27251920104026794,1627,2023-06-23 18:38:35,-43.900001525878906
bebf6a9bfd30c163,0.135986328125,0.1510009765625,-0.1576521098613739,-0.013011429458856583,2,1.3000030517578125,-9,0.9842529892921448,5,0.24915972352027893,1564,2023-06-23 18:38:35,-44.29999923706055
bebf6a9bfd30c163,0.204833984375,0.2841796875,0.18443243205547333,-0.2396424263715744,2,1.6999969482421875,-10.399999618530273,0.8916015625,6,-0.21082180738449097,1540,2023-06-23 18:38:35,-44.900001525878906
bebf6a9bfd30c163,0.2357177585363388,0.2255859375,0.46787387132644653,-0.021563543006777763,2,2.0999984741210938,-11.299999237060547,1.005126953125,7,-0.32322102785110474,1568,2023-06-23 18:38:35,-45.099998474121094
bebf6a9bfd30c163,0.2121581882238388,0.1153564453125,0.453823983669281,0.34923166036605835,2,2.5,-11.5,1.1358642578125,8,-0.03000570274889469,1620,2023-06-23 18:38:35,-45.099998474121094
bebf6a9bfd30c163,0.2135009914636612,0.0198974609375,0.42572420835494995,0.669325053691864,2,2.4000015258789062,-11,1.1256103515625,9,0.05062851309776306,1624,2023-06-23 18:38:35,-45.099998474121094
bebf6a9bfd30c163,0.218017578125,-0.0250244140625,0.2607905864715576,0.4897306561470032,2,-0.9889984130859375,-7.982000350952148,0.9510498046875,10,0.0994977280497551,1522,2023-06-23 18:38:35,-44.534000396728516
bebf6a9bfd30c163,0.3153076171875,-0.0006103515625,-0.004324924200773239,-0.1846645623445511,2,-4.513999938964844,-5.5579986572265625,0.8260498046875,0,-0.14973528683185577,1434,2023-06-23 18:38:36,-44.2239990234375
bebf6a9bfd30c163,0.3643798828125,-0.0853271484375,0.12090244889259338,0.19285015761852264,2,-4.763999938964844,-5.131000518798828,0.9492186903953552,1,-0.0019059013575315475,1467,2023-06-23 18:38:36,-44.215999603271484
bebf6a9bfd30c163,0.38330078125,0.1042480394244194,,,2,-18.299999237060547,-15,1.2364501953125,4,,1556,2023-06-23 18:38:38,-50.20000076293945
bebf6a9bfd30c163,0.32177734375,0.0865478515625,-0.00676838681101799,0.10671816021203995,2,-18.900001525878906,-14.200000762939453,0.9321288466453552,5,0.6407243609428406,1580,2023-06-23 18:38:38,-50
bebf6a9bfd30c163,0.455810546875,0.1348876953125,0.16854993999004364,0.10977248102426529,2,-19.700000762939453,-13,0.76123046875,6,0.24793797731399536,1550,2023-06-23 18:38:38,-49.79999923706055
bebf6a9bfd30c163,0.3770751953125,0.014892579056322575,0.061037659645080566,-0.2555249333381653,2,-20.099998474121094,-11.799999237060547,0.8973388671875,7,-0.32077756524086,1534,2023-06-23 18:38:38,-49.70000076293945
bebf6a9bfd30c163,0.4254150390625,0.0958251953125,-0.11428067088127136,0.004703662358224392,2,-20.5,-11,0.9522705078125,0,0.09216734766960144,1556,2023-06-23 18:38:39,-49.5
bebf6a9bfd30c163,0.4764404296875,0.1383056640625,-0.21262997388839722,0.11465940624475479,2,-20.900001525878906,-10.799999237060547,0.8859862685203552,1,-0.09414654970169067,1540,2023-06-23 18:38:39,-49.400001525878906
bebf6a9bfd30c163,0.4714355170726776,0.35888671875,-0.8118888139724731,-0.6971805095672607,2,-21.200000762939453,-11,1.003662109375,2,-0.6616403460502625,1550,2023-06-23 18:38:39,-49.400001525878906
bebf6a9bfd30c163,0.26953125,0.221923828125,0.5161322355270386,0.5098892450332642,2,-21.400001525878906,-11.200000762939453,0.9403076171875,3,-0.034892626106739044,1618,2023-06-23 18:38:39,-49.29999923706055
bebf6a9bfd30c163,0.298095703125,0.1102294921875,-0.19002795219421387,-0.5206404328346252,2,-21.200000762939453,-11.399999618530273,0.8864745497703552,4,-0.5052588582038879,1566,2023-06-23 18:38:39,-49.20000076293945
bebf6a9bfd30c163,0.3658447265625,0.101806640625,-0.02753780409693718,-0.01912008225917816,2,-21.200000762939453,-11.600000381469727,0.9050293564796448,5,0.40493035316467285,1606,2023-06-23 18:38:39,-49.20000076293945
bebf6a9bfd30c163,0.372802734375,0.2039794921875,0.2565145492553711,0.09572257846593857,2,-21,-11.799999237060547,0.948486328125,6,0.22839029133319855,1594,2023-06-23 18:38:39,-49.099998474121094
bebf6a9bfd30c163,0.3292236328125,0.034912109375,0.7836912274360657,0.2197282314300537,2,-21,-11.399999618530273,0.9124755859375,7,0.16608203947544098,1543,2023-06-23 18:38:39,-48.900001525878906
bebf6a9bfd30c163,0.4022216796875,0.1395263671875,0.010946705937385559,-0.4864319860935211,2,-21.299999237060547,-10.700000762939453,1.094482421875,8,0.14897781610488892,1504,2023-06-23 18:38:39,-48.5
bebf6a9bfd30c163,0.22705078125,0.0379638671875,-0.14909999072551727,0.17635680735111237,2,-21.299999237060547,-10.200000762939453,1.032958984375,9,0.6022398471832275,1533,2023-06-23 18:38:39,-47.900001525878906
bebf6a9bfd30c163,0.2568359375,0.112060546875,0.38601797819137573,0.17085900902748108,2,-22,-9.700000762939453,0.873046875,0,0.48128849267959595,1489,2023-06-23 18:38:40,-47.29999923706055
bebf6a9bfd30c163,0.30322265625,0.1041259691119194,-0.017763959243893623,-0.11563679575920105,2,-22.5,-9.200000762939453,0.9874267578125,1,0.044519856572151184,1440,2023-06-23 18:38:40,-46.70000076293945
bebf6a9bfd30c163,0.3134765625,0.142333984375,-0.09595471620559692,-0.03439171239733696,2,-22.700000762939453,-9,1.09228515625,2,0.10316292196512222,1423,2023-06-23 18:38:40,-46.20000076293945
bebf6a9bfd30c163,0.3580322265625,0.174560546875,-0.12344364821910858,0.16230690479278564,2,-22.900001525878906,-9.200000762939453,0.930908203125,3,-0.10575298964977264,1399,2023-06-23 18:38:40,-45.79999923706055
bebf6a9bfd30c163,0.3193359375,0.123779296875,0.0017837285995483398,-0.09364564716815948,2,-23.200000762939453,-9.600000381469727,1.0283203125,4,-0.3439904451370239,1409,2023-06-23 18:38:40,-45.900001525878906
bebf6a9bfd30c163,0.309814453125,0.1480712890625,-0.0922895222902298,0.10366383194923401,2,-23.200000762939453,-9.799999237060547,0.970703125,5,-0.27801698446273804,1433,2023-06-23 18:38:40,-46
bebf6a9bfd30c163,0.356689453125,0.1102294921875,-0.11305893957614899,-0.03133738785982132,2,-23.099998474121094,-10.200000762939453,0.9071044921875,6,-0.12896586954593658,1421,2023-06-23 18:38:40,-46.099998474121094
bebf6a9bfd30c163,0.41259765625,0.16064453125,-0.061135392636060715,0.3101362884044647,2,-23.400001525878906,-10.299999237060547,0.9810791015625,7,0.09277821332216263,1404,2023-06-23 18:38:40,-46.099998474121094
bebf6a9bfd30c163,0.4127197265625,0.1456298828125,-0.0874025970697403,0.016920967027544975,2,-23.700000762939453,-10.5,0.87744140625,8,-0.1338527947664261,1356,2023-06-23 18:38:40,-46
bebf6a9bfd30c163,0.402587890625,0.2518310546875,-0.38122880458831787,-0.25796839594841003,2,,,0.944580078125,0,-0.02756224200129509,1352,2023-06-23 18:38:41,
bebf6a9bfd30c163,0.3284912109375,0.1287841796875,-0.03731164708733559,0.19346103072166443,2,-23.799999237060547,-10.600000381469727,0.8905029892921448,1,-0.10147693753242493,1366,2023-06-23 18:38:41,-46
bebf6a9bfd30c163,0.3428955078125,0.1131591796875,0.19787147641181946,-0.3251635730266571,2,-24,-10.799999237060547,1.04248046875,2,-0.24564112722873688,1374,2023-06-23 18:38:41,-45.900001525878906
bebf6a9bfd30c163,0.4188232421875,0.1278076171875,-0.08618086576461792,0.023640485480427742,2,-24,-10.899999618530273,0.8934326767921448,3,0.020085247233510017,1423,2023-06-23 18:38:41,-46
bebf6a9bfd30c163,0.4005126953125,0.158935546875,-0.23767544329166412,-0.08203920722007751,2,-23.799999237060547,-10.899999618530273,0.9471435546875,4,-0.21143268048763275,1414,2023-06-23 18:38:41,-46.099998474121094
bebf6a9bfd30c163,0.3427734375,0.1533203125,-0.0672440454363823,0.1849089115858078,2,-23.5,-11,0.9497069716453552,5,0.09888686239719391,1402,2023-06-23 18:38:41,-46.29999923706055
bebf6a9bfd30c163,0.3525390625,0.1717529296875,0.16732820868492126,-0.07593055069446564,2,-23.299999237060547,-11.100000381469727,0.92431640625,6,-0.07582059502601624,1376,2023-06-23 18:38:41,-46.599998474121094
bebf6a9bfd30c163,0.3712158203125,0.1380615234375,0.05065295100212097,-0.016065755859017372,2,-23.299999237060547,-11.200000762939453,0.9512939453125,7,-0.020231859758496284,1401,2023-06-23 18:38:41,-46.5
bebf6a9bfd30c163,0.391357421875,0.1174316331744194,0.02010968327522278,0.023029619827866554,2,-23.200000762939453,-11.100000381469727,0.972900390625,8,-0.0220644548535347,1420,2023-06-23 18:38:41,-46.599998474121094
bebf6a9bfd30c163,0.3819580078125,0.1158447265625,0.03110525757074356,-0.06615670770406723,2,-23.200000762939453,-11.100000381469727,0.90869140625,9,-0.07337713241577148,1432,2023-06-23 18:38:41,-46.400001525878906
bebf6a9bfd30c163,0.364013671875,0.0989990234375,-0.011044442653656006,-0.03439171239733696,2,-23.099998474121094,-10.899999618530273,0.9730224013328552,0,0.017641784623265266,1443,2023-06-23 18:38:42,-46.29999923706055
bebf6a9bfd30c163,0.362548828125,0.1198730543255806,-0.03242472559213638,-0.02278527244925499,2,-22.900001525878906,-10.700000762939453,0.945556640625,1,0.027415631338953972,1450,2023-06-23 18:38:42,-46.099998474121094
bebf6a9bfd30c163,0.3668212890625,0.1329345703125,0.0695897713303566,-0.04844161123037338,2,-22.599998474121094,-10.299999237060547,0.9326171278953552,2,0.024361303076148033,1448,2023-06-23 18:38:42,-46.099998474121094
bebf6a9bfd30c163,0.3623046875,0.0958251953125,0.06287024915218353,0.04990769177675247,2,-22.400001525878906,-10.100000381469727,0.967529296875,3,0.04635245352983475,1455,2023-06-23 18:38:42,-46
bebf6a9bfd30c163,0.3525390625,0.1007080078125,0.03171612322330475,0.017531832680106163,2,-22.200000762939453,-9.799999237060547,0.9458007216453552,4,0.006646212190389633,1457,2023-06-23 18:38:42,-45.900001525878906
bebf6a9bfd30c163,0.3533935546875,0.1052246019244194,0.07875274866819382,0.073731429874897,2,-22.200000762939453,-9.600000381469727,0.974365234375,5,0.006646212190389633,1458,2023-06-23 18:38:42,-45.79999923706055
bebf6a9bfd30c163,0.347412109375,0.080322265625,0.03599218279123306,0.013866640627384186,2,-22.200000762939453,-9.299999237060547,0.964111328125,6,0.07139793038368225,1455,2023-06-23 18:38:42,-45.70000076293945
bebf6a9bfd30c163,0.382080078125,0.073486328125,0.08730486035346985,-0.15717561542987823,2,-22.200000762939453,-9,0.961181640625,7,-0.05138598382472992,1460,2023-06-23 18:38:42,-45.599998474121094
bebf6a9bfd30c163,0.318115234375,0.0838623046875,-0.07457442581653595,0.05418374389410019,2,-22.099998474121094,-8.600000381469727,0.9617919325828552,8,0.10988244414329529,1481,2023-06-23 18:38:42,-45.599998474121094
bebf6a9bfd30c163,0.34912109375,0.1234130859375,-0.2529470920562744,0.10244210064411163,2,-22,-8.5,0.9486083984375,0,0.00481361523270607,1470,2023-06-23 18:38:43,-45.70000076293945
bebf6a9bfd30c163,0.358154296875,0.126953125,-0.1686476767063141,-0.13029755651950836,2,-21.900001525878906,-8.600000381469727,0.9130859375,1,-0.019620994105935097,1448,2023-06-23 18:38:43,-45.70000076293945
bebf6a9bfd30c163,0.3397216796875,0.152587890625,-0.0367007814347744,-0.0007941247895359993,2,-21.700000762939453,-9,0.9942626953125,2,-0.04588820040225983,1457,2023-06-23 18:38:43,-45.599998474121094
bebf6a9bfd30c163,0.317626953125,0.1429443359375,0.04332256317138672,0.008979719132184982,2,-21.5,-9.600000381469727,0.9847412705421448,3,0.035356879234313965,1455,2023-06-23 18:38:43,-45.900001525878906
bebf6a9bfd30c163,0.318603515625,0.1328125,0.015222765505313873,-0.05516113340854645,2,-21.400001525878906,-10.100000381469727,0.9414061903953552,4,0.03169168531894684,1456,2023-06-23 18:38:43,-46.29999923706055
bebf6a9bfd30c163,0.329345703125,0.14794921875,0.10440908372402191,0.007757987827062607,2,-21.299999237060547,-10.5,0.9776611328125,5,-0.01290147565305233,1458,2023-06-23 18:38:43,-46.599998474121094
bebf6a9bfd30c163,0.33203125,0.1468505859375,0.13861754536628723,-0.05821545422077179,2,-21.200000762939453,-10.600000381469727,0.9442138671875,6,-0.0672684833407402,1463,2023-06-23 18:38:43,-47
bebf6a9bfd30c163,0.3135986328125,0.121826171875,-0.04891808703541756,-0.06065891683101654,2,-21,-10.5,0.9409179091453552,7,-0.07398799806833267,1481,2023-06-23 18:38:43,-47.29999923706055
bebf6a9bfd30c163,0.303466796875,0.1026611328125,-0.034257322549819946,-0.021563543006777763,2,-20.900001525878906,-10.200000762939453,0.9822998642921448,8,0.030469955876469612,1493,2023-06-23 18:38:43,-47.70000076293945
bebf6a9bfd30c163,0.3216552734375,0.12158203125,0.014611899852752686,0.0010384712368249893,2,-20.700000762939453,-9.899999618530273,0.9974365234375,0,-0.01290147565305233,1499,2023-06-23 18:38:44,-47.599998474121094
bebf6a9bfd30c163,0.3094482421875,0.1063232496380806,-0.0006597340106964111,0.016920967027544975,2,-20.599998474121094,-9.600000381469727,0.9836425185203552,1,-0.025729645043611526,1504,2023-06-23 18:38:44,-47.5
bebf6a9bfd30c163,0.3099365234375,0.1076660230755806,0.08913746476173401,0.0688445121049881,2,-20.5,-9.299999237060547,0.98583984375,2,0.029248224571347237,1498,2023-06-23 18:38:44,-47.5
bebf6a9bfd30c163,0.3209228515625,0.0916748046875,0.014001034200191498,-0.03805690258741379,2,-20.400001525878906,-9,0.951416015625,3,0.05551543086767197,1496,2023-06-23 18:38:44,-47.400001525878906
bebf6a9bfd30c163,0.326171875,0.0919189453125,0.014611899852752686,0.007757987827062607,2,-20.400001525878906,-8.799999237060547,0.9576416015625,4,0.018863515928387642,1494,2023-06-23 18:38:44,-47.400001525878906
bebf6a9bfd30c163,0.334228515625,0.1011962890625,0.0647028461098671,0.07006624341011047,2,-20.400001525878906,-8.600000381469727,0.9664306640625,5,-0.009236284531652927,1493,2023-06-23 18:38:44,-47.5
bebf6a9bfd30c163,0.3443603515625,0.093505859375,0.08791573345661163,0.09633344411849976,2,-20.400001525878906,-8.399999618530273,0.9361572861671448,6,-0.034892626106739044,1493,2023-06-23 18:38:44,-47.5
bebf6a9bfd30c163,0.3326416015625,0.10107421875,0.03965737670660019,0.022418754175305367,2,-20.5,-8.200000762939453,0.951904296875,7,-0.06971194595098495,1491,2023-06-23 18:38:44,-47.400001525878906
bebf6a9bfd30c163,0.3187255859375,0.071044921875,-0.026316072791814804,-0.09120218455791473,2,-20.599998474121094,-8,0.968994140625,8,0.02497216872870922,1493,2023-06-23 18:38:44,-47.400001525878906
bebf6a9bfd30c163,0.3355712890625,0.0849609375,0.07081150263547897,-0.02278527244925499,2,-20.599998474121094,-7.799999237060547,0.9775390625,0,0.00481361523270607,1503,2023-06-23 18:38:45,-47.29999923706055
bebf6a9bfd30c163,0.324462890625,0.0831298828125,-0.11000461131334305,0.09999863803386688,2,-20.700000762939453,-7.5,0.9986572265625,1,-0.05321858078241348,1509,2023-06-23 18:38:45,-47.20000076293945
bebf6a9bfd30c163,0.3092041015625,0.0745849609375,,,2,-20.799999237060547,-7.100000381469727,0.986328125,2,,1512,2023-06-23 18:38:45,-47
bebf6a9bfd30c163,0.5736083984375,-0.045166015625,-0.49838459491729736,-0.5281133651733398,1,,,1.346435546875,0,-0.14876604080200195,4878,2023-06-28 16:40:59,
bebf6a9bfd30c163,0.345703125,0.2399902492761612,-0.40797656774520874,-0.4603073298931122,1,2.9000015258789062,-2.200000762939453,1.0350341796875,1,-0.1408247947692871,5947,2023-06-28 16:40:59,-38.099998474121094
bebf6a9bfd30c163,0.2261962890625,-0.0693359375,-0.6926397681236267,-1.0919419527053833,1,3.9000015258789062,-3.200000762939453,0.634765625,2,0.10046696662902832,6899,2023-06-28 16:40:59,-38.099998474121094
bebf6a9bfd30c163,0.2576904296875,0.1044921800494194,-0.4800586700439453,-0.19824612140655518,1,7.780998229980469,-6.762001037597656,0.6929931640625,3,-0.0907338559627533,9355,2023-06-28 16:40:59,-36.250999450683594
bebf6a9bfd30c163,0.2301025390625,0.1270751953125,1.4850949048995972,0.40651047229766846,1,15.222999572753906,-10.772998809814453,1.186279296875,4,0.913528561592102,10458,2023-06-28 16:40:59,-32.53799819946289
bebf6a9bfd30c163,0.0732421875,-0.0538330115377903,-0.17951293289661407,0.76264488697052,1,14.503997802734375,-8.376998901367188,1.3521728515625,5,0.6526890993118286,9038,2023-06-28 16:40:59,-33.590999603271484
bebf6a9bfd30c163,0.08642578125,0.1395263671875,0.6231639981269836,-0.23734150826931,1,13.16400146484375,-7.034999847412109,1.0733642578125,6,0.44255152344703674,9338,2023-06-28 16:40:59,-34.57600021362305
bebf6a9bfd30c163,0.094482421875,0.1224365234375,0.09598729014396667,0.42117124795913696,1,13.51300048828125,-7.28900146484375,0.6962890625,0,1.1645941734313965,9221,2023-06-28 16:41:00,-34.18000030517578
bebf6a9bfd30c163,0.025390625,0.025390625,-0.42691338062286377,-0.21840468049049377,1,14.400001525878906,-7.900001525878906,0.6185302734375,1,1.6074714660644531,9071,2023-06-28 16:41:00,-33.5
bebf6a9bfd30c163,0.07763671875,0.188232421875,0.9695245623588562,0.32221105694770813,1,14.63800048828125,-6.589000701904297,0.785888671875,2,0.6062633395195007,11627,2023-06-28 16:41:00,-33.643001556396484
bebf6a9bfd30c163,-0.0006103515625,0.386962890625,-1.2949528694152832,1.304482340812683,1,14.599998474121094,-5.400001525878906,1.5489501953125,3,-0.5953085422515869,23773,2023-06-28 16:41:00,-33.599998474121094
bebf6a9bfd30c163,0.0338134765625,0.8947753310203552,0.5180951356887817,-0.04736241325736046,1,14.199996948242188,-5.099998474121094,1.0657958984375,4,-0.7003774046897888,30088,2023-06-28 16:41:00,-33.400001525878906
bebf6a9bfd30c163,0.251708984375,0.294677734375,-0.45379143953323364,0.5176879167556763,1,8.621002197265625,-14.17300033569336,0.58837890625,5,-0.5837021470069885,34899,2023-06-28 16:41:00,-31.708999633789062
bebf6a9bfd30c163,0.3070068359375,0.4639892578125,0.7667173147201538,0.05343035236001015,1,5.9290008544921875,-17.2450008392334,0.355712890625,6,-0.08340346813201904,34732,2023-06-28 16:41:00,-31.454002380371094
bebf6a9bfd30c163,0.4530029594898224,0.4991454780101776,-0.48494553565979004,-0.7156490087509155,1,4.463996887207031,-17.488000869750977,0.5762939453125,7,0.3625281751155853,33078,2023-06-28 16:41:00,-31.250999450683594
bebf6a9bfd30c163,0.4719237983226776,0.73779296875,-0.5784079432487488,-0.187250554561615,1,6.430000305175781,-16.884000778198242,1.4068603515625,8,0.4156734347343445,33045,2023-06-28 16:41:00,-31.400001525878906
bebf6a9bfd30c163,0.3203125,0.5748291015625,-1.7824232578277588,1.1303857564926147,1,6.595001220703125,-15.833000183105469,1.3345947265625,0,0.08763879537582397,29503,2023-06-28 16:41:01,-31.881999969482422
bebf6a9bfd30c163,0.077880859375,0.3985595703125,-2.966891050338745,1.048529863357544,1,5.3000030517578125,-17.5,0.588623046875,1,0.6368066072463989,36536,2023-06-28 16:41:01,-31.200000762939453
bebf6a9bfd30c163,0.091064453125,0.305908203125,,,1,3.832000732421875,-22.062000274658203,0.3865966796875,2,,38524,2023-06-28 16:41:01,-28.68600082397461
bebf6a9bfd30c163,0.1507568359375,0.541748046875,-2.7585861682891846,0.5109684467315674,1,3.09100341796875,-31.599000930786133,0.0482177734375,3,2.827369451522827,27498,2023-06-28 16:41:01,-19.677001953125
bebf6a9bfd30c163,-0.3125,0.8114013671875,-0.4299677014350891,-2.1267476081848145,1,13.292999267578125,-33.946998596191406,0.017578125,4,4.837727069854736,9672,2023-06-28 16:41:01,-9.459999084472656
bebf6a9bfd30c163,-1.01904296875,1.7681884765625,1.3091657161712646,-0.9740449786186218,1,27.165000915527344,-24.51099967956543,0.09765625,5,0.9966062307357788,4995,2023-06-28 16:41:01,-1.6579971313476562
bebf6a9bfd30c163,-0.36669921875,1.1478271484375,0.2462601214647293,0.047932565212249756,1,32.58399963378906,-16.724000930786133,0.2891845703125,6,-0.21840468049049377,5961,2023-06-28 16:41:01,1.6829986572265625
bebf6a9bfd30c163,0.2818603515625,0.003173828125,0.1900605410337448,-0.015597421675920486,1,-10.09000015258789,-21.889999389648438,0.968994140625,0,0.06259331852197647,5830,2023-06-28 16:45:17,-43.54999923706055
bebf6a9bfd30c163,0.35302734375,0.0537109412252903,0.2529796361923218,0.23180299997329712,1,-11.099998474121094,-21.5,1.084716796875,1,0.5635027885437012,5592,2023-06-28 16:45:17,-43.599998474121094
bebf6a9bfd30c163,0.3226318359375,0.1317138671875,-0.10071132332086563,0.7449297904968262,1,-11.099998474121094,-21.100000381469727,1.1060791015625,2,0.35214346647262573,5335,2023-06-28 16:45:17,-43.599998474121094
bebf6a9bfd30c163,0.1424560546875,0.1878662109375,0.35132896900177,0.5036380290985107,1,-11.700000762939453,-21,0.9288330674171448,3,0.16949474811553955,5026,2023-06-28 16:45:17,-43.29999923706055
bebf6a9bfd30c163,0.270263671875,-0.0316162109375,-0.6065077781677246,0.19331850111484528,1,-12.799999237060547,-20.899999618530273,0.8707275390625,4,-0.1518203765153885,4926,2023-06-28 16:45:17,-43.099998474121094
bebf6a9bfd30c163,0.31494140625,-0.005615234375,-0.38842886686325073,0.0033394014462828636,1,-13.799999237060547,-21,1.015380859375,5,-0.49329403042793274,4932,2023-06-28 16:45:17,-42.599998474121094
bebf6a9bfd30c163,0.4345703423023224,0.0419921875,-0.44401758909225464,-0.2379523664712906,1,-15.721000671386719,-21.524999618530273,0.829345703125,6,-0.7920072078704834,5066,2023-06-28 16:45:17,-41.49700164794922
bebf6a9bfd30c163,0.3677978515625,0.09033203125,-0.2796948552131653,-0.1011185571551323,1,-17.000999450683594,-22.041000366210938,1.006103515625,0,-0.6539516448974609,5276,2023-06-28 16:45:18,-40.61800003051758
bebf6a9bfd30c163,0.3829345703125,0.007324218284338713,-0.26625579595565796,0.13895149528980255,1,-18,-22.200000762939453,0.9862061142921448,1,-0.5268916487693787,5596,2023-06-28 16:45:18,-40
bebf6a9bfd30c163,0.4196777045726776,-0.0084228515625,-0.2900795340538025,0.09802351146936417,1,-19.200000762939453,-22.700000762939453,0.967041015625,2,-0.6069149971008301,5742,2023-06-28 16:45:18,-39
bebf6a9bfd30c163,0.4063720703125,-0.0050048828125,-0.2784731090068817,0.03266093507409096,1,-20.700000762939453,-23.5,0.9697265625,3,-0.5000135898590088,5507,2023-06-28 16:45:18,-37.79999923706055
bebf6a9bfd30c163,0.4173583984375,-0.02001953125,-0.5063258409500122,0.024108819663524628,1,-22.099998474121094,-23.899999618530273,0.9350585341453552,4,-0.3436320722103119,5427,2023-06-28 16:45:18,-36.900001525878906
bebf6a9bfd30c163,0.4295654296875,0.0628662109375,-0.5277061462402344,-0.47313547134399414,1,-24.136001586914062,-24.395000457763672,0.8937987685203552,5,-0.6399017572402954,5898,2023-06-28 16:45:18,-35.12200164794922
bebf6a9bfd30c163,0.267822265625,0.0570068359375,-0.07444411516189575,0.37108027935028076,1,-24.900001525878906,-24.399999618530273,1.1396484375,6,-0.14326825737953186,5989,2023-06-28 16:45:18,-34.599998474121094
bebf6a9bfd30c163,0.3475341796875,0.1802978515625,-0.2644231915473938,-0.843319833278656,1,-26.400001525878906,-24.5,0.7354736328125,7,-0.7626856565475464,5785,2023-06-28 16:45:18,-33.400001525878906
bebf6a9bfd30c163,0.2733154296875,-0.0140380859375,-0.040846530348062515,0.07908669114112854,1,-27.200000762939453,-24.299999237060547,1.052490234375,8,0.30144163966178894,5679,2023-06-28 16:45:18,-32.79999923706055
bebf6a9bfd30c163,0.3880615234375,0.154541015625,-0.004194613546133041,-0.1267748922109604,1,-27.599998474121094,-24.200000762939453,0.9212646484375,0,0.14506013691425323,5467,2023-06-28 16:45:19,-32.099998474121094
bebf6a9bfd30c163,0.3817138671875,0.08935546875,0.191282257437706,0.11329514533281326,1,-27.700000762939453,-24,0.9696044325828552,1,0.40101268887519836,5583,2023-06-28 16:45:19,-31.900001525878906
bebf6a9bfd30c163,0.34228515625,0.060791015625,,,1,-27.400001525878906,-23.799999237060547,1.09619140625,2,,,2023-06-28 16:45:19,-31.799999237060547
bebf6a9bfd30c163,0.353515625,0.088134765625,-0.0365704745054245,-0.03270164877176285,1,-21.5,-24.5,0.9468994140625,1,-0.04858414828777313,6021,2023-06-28 16:45:22,-32.099998474121094
bebf6a9bfd30c163,0.3563232421875,0.1064453199505806,0.05750277638435364,-0.14937689900398254,1,-21.099998474121094,-24.5,0.9490966796875,2,-0.2116851657629013,6019,2023-06-28 16:45:22,-32.79999923706055
bebf6a9bfd30c163,0.3419189453125,0.0830078125,-0.05428556352853775,0.007004591636359692,1,-20.599998474121094,-24.5,0.89892578125,3,-0.03697771206498146,6053,2023-06-28 16:45:22,-33.5
bebf6a9bfd30c163,0.3369140625,0.0928955078125,-0.11170689761638641,0.016167569905519485,1,-20.299999237060547,-24.5,0.9501953721046448,4,-0.02292781136929989,,2023-06-28 16:45:22,-34
bebf6a9bfd30c163,0.34130859375,0.1134033203125,0.11675670742988586,0.012502378784120083,1,-20.099998474121094,-24.399999618530273,0.9831542372703552,5,-0.023538675159215927,6079,2023-06-28 16:45:22,-34.70000076293945
bebf6a9bfd30c163,0.3240966796875,0.0784912109375,0.020850859582424164,-0.02659299597144127,1,-20.200000762939453,-24.299999237060547,0.9672852158546448,6,-0.09195558726787567,6095,2023-06-28 16:45:22,-34.79999923706055
bebf6a9bfd30c163,0.326904296875,0.08154296875,-0.009081535041332245,-0.003990981727838516,1,-20.400001525878906,-24.200000762939453,0.9329833984375,7,-0.04552982375025749,,2023-06-28 16:45:22,-34.79999923706055
bebf6a9bfd30c163,0.3541259765625,0.08740234375,0.061778828501701355,0.051597755402326584,1,-20.599998474121094,-24.100000381469727,0.97216796875,8,-0.018651753664016724,6100,2023-06-28 16:45:22,-34.70000076293945
bebf6a9bfd30c163,0.3360595703125,0.038818359375,0.07888305932283401,-0.013153960928320885,1,-20.900001525878906,-24,0.9637450575828552,0,-0.00215839222073555,6101,2023-06-28 16:45:23,-34.70000076293945
bebf6a9bfd30c163,0.3363037109375,0.047607421875,0.19372572004795074,0.08336274325847626,1,-21.099998474121094,-23.799999237060547,0.9317627549171448,1,0.07786495238542557,,2023-06-28 16:45:23,-34.599998474121094
bebf6a9bfd30c163,0.352294921875,0.0537109412252903,,,1,,,0.9471435546875,2,,6118,2023-06-28 16:45:23,
bebf6a9bfd30c163,0.3489990234375,0.035400390625,-0.0365704745054245,0.16094264388084412,1,-21.099998474121094,-23.5,0.942138671875,3,0.14261667430400848,6118,2023-06-28 16:45:23,-34.5
bebf6a9bfd30c163,0.6021728515625,-0.0931396484375,0.04005240648984909,0.5704870223999023,1,3.9200000762939453,-31.780000686645508,1.217041015625,0,0.48003825545310974,10541,2023-07-25 16:28:28,-28.969999313354492
bebf6a9bfd30c163,0.4473876655101776,-0.1074218824505806,0.14389950037002563,-0.14972306787967682,1,4.500003814697266,-30.399999618530273,0.847412109375,1,-0.4020511507987976,9840,2023-07-25 16:28:28,-31.700000762939453
bebf6a9bfd30c163,0.4036865234375,0.01171875,-0.4712418019771576,-1.409938097000122,1,5.000003814697266,-30.399999618530273,0.6436767578125,2,0.44949501752853394,9539,2023-07-25 16:28:28,-31.200000762939453
bebf6a9bfd30c163,0.3284912109375,0.0079345703125,-1.1511348485946655,-1.7648508548736572,1,6.604999542236328,-30.802000045776367,0.9011231064796448,3,0.21614448726177216,10207,2023-07-25 16:28:28,-30.39699935913086
bebf6a9bfd30c163,0.295166015625,0.1759033203125,-0.005151621997356415,-0.35680636763572693,1,13.171001434326172,-31.888999938964844,1.2337646484375,4,0.648637056350708,21651,2023-07-25 16:28:28,-25.854999542236328
bebf6a9bfd30c163,0.2762451171875,0.0758056640625,-0.40221405029296875,-0.5553376078605652,1,14.317996978759766,-31.041000366210938,1.281005859375,0,1.1642073392868042,11594,2023-07-25 16:28:29,-25.78099822998047
bebf6a9bfd30c163,-0.278564453125,-0.185791015625,0.06754133850336075,-0.04893030598759651,1,14.407001495361328,-30.243000030517578,0.9113770127296448,1,0.6761260032653809,8653,2023-07-25 16:28:29,-26.43199920654297
bebf6a9bfd30c163,0.1318359375,0.3238525390625,-0.470630943775177,-0.8729875683784485,1,17.45999526977539,-28.85300064086914,0.8197021484375,2,0.010893760249018669,7902,2023-07-25 16:28:29,-25.077999114990234
bebf6a9bfd30c163,0.081787109375,0.0323486328125,-0.45352673530578613,-0.5608354210853577,1,17.32400131225586,-30.231000900268555,0.75341796875,3,-0.15098552405834198,8503,2023-07-25 16:28:29,-23.86700439453125
bebf6a9bfd30c163,0.07763671875,0.0689697265625,1.0467582941055298,-0.44538185000419617,1,17.700000762939453,-29.799999237060547,1.3211669921875,4,-0.4637485444545746,8319,2023-07-25 16:28:29,-24.200000762939453
bebf6a9bfd30c163,-0.2562255859375,0.1549072265625,-0.6105190515518188,0.03292563557624817,1,18.39999771118164,-29.299999237060547,1.56298828125,5,-0.2975931763648987,7217,2023-07-25 16:28:29,-24.200000762939453
bebf6a9bfd30c163,0.022216796875,0.274658203125,0.7211671471595764,0.19052886962890625,1,18.60000228881836,-29.399999618530273,0.9041748046875,6,-0.6983208060264587,7584,2023-07-25 16:28:29,-24.099998474121094
bebf6a9bfd30c163,-0.02099609375,0.0665283203125,0.3741956949234009,0.5014592409133911,1,18.200000762939453,-29.600000381469727,0.9027099609375,7,-0.4167118966579437,7016,2023-07-25 16:28:29,-24.200000762939453
bebf6a9bfd30c163,0.1103515625,-0.063720703125,0.0950302705168724,0.051862459629774094,1,16.282001495361328,-30.033000946044922,0.5902099609375,8,0.29800042510032654,6715,2023-07-25 16:28:29,-25.25499725341797
bebf6a9bfd30c163,0.27294921875,-0.092529296875,0.08342383801937103,0.01765400543808937,1,-14.279999732971191,-6.639999866485596,0.9176024794578552,0,-0.052025359123945236,1587,2023-07-25 16:28:30,-71.41000366210938
bebf6a9bfd30c163,0.3797607421875,0.142578125,0.11213450878858566,0.07079928368330002,1,-15,-6.100000381469727,0.9415283799171448,0,-0.14732033014297485,1620,2023-07-25 16:35:57,-71.5999984741211
bebf6a9bfd30c163,0.399658203125,0.12646484375,0.044939324259757996,-0.1857641190290451,1,-14.700000762939453,-5.799999237060547,0.9498291015625,1,-0.11005756258964539,1603,2023-07-25 16:35:57,-71.69999694824219
bebf6a9bfd30c163,0.3665771484375,0.136474609375,-0.019201524555683136,0.04025601968169212,1,-14.5,-5.600000381469727,0.9970703125,2,-0.03308853879570961,1587,2023-07-25 16:35:57,-71.80000305175781
bebf6a9bfd30c163,0.3236083984375,0.0860595703125,0.36625444889068604,-0.32443052530288696,1,-14,-5,0.919921875,3,-0.09600766003131866,1587,2023-07-25 16:35:57,-71.69999694824219
bebf6a9bfd30c163,0.3446044921875,0.0611572265625,0.05104798078536987,0.10378600656986237,1,-13.5,-4.400001525878906,0.9649658203125,4,-0.1448768824338913,1570,2023-07-25 16:35:57,-71.80000305175781
bebf6a9bfd30c163,0.32373046875,0.0523681603372097,0.06937393546104431,0.06713409721851349,1,-12.89999771118164,-3.4000015258789062,0.9625244140625,5,-0.06179920583963394,1587,2023-07-25 16:35:57,-71.69999694824219
bebf6a9bfd30c163,0.3485107421875,0.068603515625,0.027835100889205933,-0.04159992188215256,1,-12.10000228881836,-2.4000015258789062,0.9515380859375,0,0.09091711044311523,1587,2023-07-25 16:35:58,-71.5999984741211
bebf6a9bfd30c163,0.3321533203125,0.0450439453125,0.18971440196037292,-0.15705345571041107,1,-11.39999771118164,-1.5,0.9696044325828552,1,0.35358917713165283,1603,2023-07-25 16:35:58,-71.5
bebf6a9bfd30c163,0.3701171875,0.0469970703125,0.1353473961353302,0.1581530123949051,1,-11,-0.5,1.0126953125,2,0.20514890551567078,1603,2023-07-25 16:35:58,-71.30000305175781
bebf6a9bfd30c163,0.353759765625,0.0458984375,0.18299487233161926,0.08729264885187149,1,-11.200000762939453,0,0.9541016221046448,3,0.046934809535741806,1637,2023-07-25 16:35:58,-71
bebf6a9bfd30c163,0.3692626953125,0.032958984375,0.22819888591766357,-0.004948006942868233,1,-11.299999237060547,0.7999992370605469,0.957763671875,4,0.009061165153980255,1637,2023-07-25 16:35:58,-70.5999984741211
bebf6a9bfd30c163,0.347412109375,0.0020751953125,-0.05829690024256706,-0.08252789080142975,1,-11.39999771118164,1.5999984741210938,0.928466796875,5,-0.06241006776690483,1637,2023-07-25 16:35:58,-70.5
bebf6a9bfd30c163,0.334716796875,0.0166015625,-0.27209973335266113,0.006658432073891163,1,,,0.98095703125,6,-0.008043062873184681,1620,2023-07-25 16:35:58,
bebf6a9bfd30c163,0.3465576171875,0.037841796875,-0.26660194993019104,-0.11246028542518616,1,-11.60000228881836,2,0.9534912109375,7,-0.08195775747299194,1587,2023-07-25 16:35:58,-70.30000305175781
bebf6a9bfd30c163,0.3421630859375,0.05810546875,-0.6154059767723083,0.20213530957698822,1,-11.60000228881836,1.9000015258789062,0.9920654892921448,8,-0.1955786943435669,1587,2023-07-25 16:35:58,-70.30000305175781
bebf6a9bfd30c163,0.3358154296875,0.1258544921875,-0.08578583598136902,-0.11979067325592041,1,-11.388999938964844,-0.15599822998046875,0.9564208388328552,0,-0.13143783807754517,1587,2023-07-25 16:35:59,-70.97899627685547
bebf6a9bfd30c163,0.3375244140625,0.1505126953125,0.002789624035358429,0.014599681831896305,1,-10.979000091552734,-4.244998931884766,0.953369140625,1,-0.052025359123945236,1570,2023-07-25 16:35:59,-71.66600036621094
bebf6a9bfd30c163,0.32568359375,0.132080078125,0.11641056090593338,-0.12956452369689941,1,-10.630001068115234,-4.78900146484375,0.9571533203125,2,-0.023314693942666054,1536,2023-07-25 16:35:59,-72.25599670410156
bebf6a9bfd30c163,0.337646484375,0.1181640550494194,0.08098037540912628,-0.08924740552902222,1,-10.485000610351562,-4.7089996337890625,0.9833984375,3,-0.04102978855371475,1536,2023-07-25 16:35:59,-72.29100036621094
bebf6a9bfd30c163,0.32470703125,0.103515625,-0.011871140450239182,-0.022663097828626633,1,-10.200000762939453,-5.899999618530273,0.960205078125,4,-0.07157304883003235,1536,2023-07-25 16:35:59,-72.5
bebf6a9bfd30c163,0.314208984375,0.1199951246380806,-0.011871140450239182,-0.06603453308343887,1,-10,-6.299999237060547,0.9815673828125,5,0.013337220996618271,1520,2023-07-25 16:35:59,-72.5999984741211
bebf6a9bfd30c163,0.3212890625,0.1256103515625,0.0852564349770546,0.08118399232625961,1,-9.39999771118164,-6.200000762939453,0.971435546875,6,0.020667605102062225,1520,2023-07-25 16:35:59,-72.5999984741211
bebf6a9bfd30c163,0.327392578125,0.1083984449505806,0.06265442073345184,-0.02327396348118782,1,-9.10000228881836,-5.799999237060547,0.9573974013328552,7,0.035939235240221024,1520,2023-07-25 16:35:59,-72.5999984741211
bebf6a9bfd30c163,0.319091796875,0.1123046875,0.06265442073345184,-0.06236933916807175,1,-8.89999771118164,-5.399999618530273,0.9718017578125,8,0.02250019833445549,1520,2023-07-25 16:35:59,-72.5
bebf6a9bfd30c163,0.3206787109375,0.1072998121380806,0.12129748612642288,0.015210545621812344,1,-8.700000762939453,-5.100000381469727,0.9628906846046448,9,0.061595577746629715,1520,2023-07-25 16:35:59,-72.5
bebf6a9bfd30c163,0.33447265625,0.1116943359375,,,1,-8.60000228881836,-5,0.968505859375,0,,,2023-07-25 16:36:00,-72.5999984741211
bebf6a9bfd30c163,0.3807373046875,-0.1868896484375,-0.19024378061294556,0.15632040798664093,3,-5.700000762939453,-7.100000381469727,1.12060546875,0,-0.14243341982364655,60,2023-07-25 16:44:05,-22
bebf6a9bfd30c163,0.3572998046875,0.0494384765625,-0.8298196792602539,-0.7990728616714478,3,-4.299999237060547,-7.899999618530273,0.9414061903953552,1,0.29250264167785645,41,2023-07-25 16:44:05,-22.099998474121094
bebf6a9bfd30c163,0.2520751953125,0.02978515811264515,-1.1285327672958374,-1.6689449548721313,3,-2.799999237060547,-8.700000762939453,0.8876953125,0,0.4818708598613739,33,2023-07-25 16:44:06,-21.800003051757812
bebf6a9bfd30c163,0.1220703125,0.158203125,-0.3496796190738678,-0.021441368386149406,3,-0.41400146484375,-9.545000076293945,1.0660400390625,1,-0.44542255997657776,27,2023-07-25 16:44:06,-21.24200439453125
bebf6a9bfd30c163,0.127197265625,0.2413330227136612,0.8054665923118591,0.025595255196094513,3,0.9459991455078125,-10.038000106811523,1.0400390625,2,0.5857179164886475,26,2023-07-25 16:44:06,-20.926002502441406
bebf6a9bfd30c163,0.05517578125,0.1910400390625,1.1249490976333618,0.5106222629547119,3,1.2700004577636719,-9.906999588012695,0.9492186903953552,3,-0.16198110580444336,26,2023-07-25 16:44:06,-20.816001892089844
bebf6a9bfd30c163,0.122314453125,0.0013427734375,-1.0540071725845337,0.2674978971481323,3,1.7999992370605469,-10.5,0.9864501953125,4,1.137329339981079,28,2023-07-25 16:44:06,-20.699996948242188
bebf6a9bfd30c163,-0.064208984375,0.2869873046875,,,3,2.799999237060547,-11.200000762939453,1.2054443359375,5,,,2023-07-25 16:44:06,-20.400001525878906
bebf6a9bfd30c163,0.2171631008386612,0.140380859375,-0.5078937411308289,0.3554624915122986,3,2.799999237060547,-11.600000381469727,0.687744140625,6,-0.7807876467704773,27,2023-07-25 16:44:06,-20.400001525878906
bebf6a9bfd30c163,0.103271484375,0.0533447302877903,0.5745595097541809,0.4617530405521393,3,2.299999237060547,-12.200000762939453,1.2088623046875,7,0.19537506997585297,30,2023-07-25 16:44:06,-20.599998474121094
bebf6a9bfd30c163,0.267822265625,-0.1058349534869194,0.15917113423347473,-0.2975524365901947,3,1.7000007629394531,-12.899999618530273,0.8011474609375,0,0.5521203279495239,31,2023-07-25 16:44:07,-20.599998474121094
bebf6a9bfd30c163,0.4716796576976776,-0.0684814453125,,,3,1.2000007629394531,-14,1.0296630859375,1,,35,2023-07-25 16:44:07,-20.5
bebf6a9bfd30c163,0.2899169921875,-0.069091796875,-0.5775323510169983,0.6474560499191284,3,1.2000007629394531,-15,1.295166015625,2,0.21675534546375275,35,2023-07-25 16:44:07,-20.400001525878906
bebf6a9bfd30c163,0.1636962890625,0.26416015625,0.3778608739376068,0.3658472001552582,3,2.2760009765625,-17.881000518798828,1.2618408203125,3,0.4910338222980499,33,2023-07-25 16:44:07,-20.999000549316406
bebf6a9bfd30c163,0.3946533203125,0.242431640625,0.1811622679233551,-0.4044538736343384,3,3.743000030517578,-21.452999114990234,0.5880126953125,4,-0.12838351726531982,36,2023-07-25 16:44:07,-21.21900177001953
bebf6a9bfd30c163,0.2454833984375,-0.019287109375,-0.22933918237686157,-0.11246028542518616,3,4.464000701904297,-24.416000366210938,0.921875,5,0.37252599000930786,38,2023-07-25 16:44:07,-21.20600128173828
bebf6a9bfd30c163,0.4820556640625,0.189453125,-0.17680475115776062,0.27177396416664124,3,4.876003265380859,-26.256000518798828,0.88330078125,6,0.07992152869701385,38,2023-07-25 16:44:07,-21.35199737548828
bebf6a9bfd30c163,0.5111083984375,0.17919921875,-0.6746599078178406,-0.14361442625522614,3,5.732997894287109,-27.71500015258789,1.014892578125,7,0.01944587379693985,45,2023-07-25 16:44:07,-21.804000854492188
bebf6a9bfd30c163,0.501708984375,0.1368408203125,0.9380243420600891,0.6022520065307617,3,5.934001922607422,-29.39299964904785,1.3089599609375,8,0.8178467154502869,43,2023-07-25 16:44:07,-22.04399871826172
bebf6a9bfd30c163,0.4381103515625,0.068603515625,-0.7113118171691895,-0.06420193612575531,3,6.280002593994141,-30.68899917602539,0.549072265625,0,-0.7942266464233398,43,2023-07-25 16:44:08,-21.48699951171875
bebf6a9bfd30c163,0.2994384765625,0.0614013671875,,,3,,,0.9920654892921448,1,,,2023-07-25 16:44:08,
bebf6a9bfd30c163,0.44189453125,-0.1370849609375,0.8738834857940674,-0.3836844563484192,3,6.500003814697266,-31.700000762939453,0.6243896484375,2,-0.22306762635707855,41,2023-07-25 16:44:08,-21.599998474121094
bebf6a9bfd30c163,0.404296875,-0.099609375,-0.6325101852416992,-0.46798384189605713,3,6.899997711181641,-33.29999923706055,1.024658203125,3,0.43361252546310425,42,2023-07-25 16:44:08,-21.699996948242188
bebf6a9bfd30c163,0.4730224609375,0.2088622897863388,0.06021095812320709,-0.23280075192451477,3,7.799999237060547,-34.5,1.01416015625,4,0.6425284147262573,39,2023-07-25 16:44:08,-21.599998474121094
bebf6a9bfd30c163,0.4404296875,0.337890625,-0.299588680267334,-0.3873496353626251,3,10.323001861572266,-35.95199966430664,1.1038818359375,5,0.01639154553413391,39,2023-07-25 16:44:08,-21.68499755859375
bebf6a9bfd30c163,0.0780029296875,0.1976318359375,0.8445619344711304,0.2791043519973755,3,12.035999298095703,-37.19200134277344,0.9078368544578552,6,-0.17786359786987305,38,2023-07-25 16:44:08,-20.712997436523438
bebf6a9bfd30c163,0.2515869140625,0.308349609375,-0.03752748295664787,-0.37513232231140137,3,12.500003814697266,-37.94200134277344,0.767578125,7,-1.1986193656921387,37,2023-07-25 16:44:08,-20.97900390625
bebf6a9bfd30c163,0.2049560546875,0.072509765625,-0.16458745300769806,-0.3085480332374573,3,12.89999771118164,-38.400001525878906,0.9908447265625,8,-0.9041823744773865,37,2023-07-25 16:44:08,-20.699996948242188
bebf6a9bfd30c163,0.3477783203125,0.1641845703125,-1.0124684572219849,0.051251593977212906,3,12.510997772216797,-40.25600051879883,1.0225830078125,0,-0.6818274259567261,36,2023-07-25 16:44:09,-19.56500244140625
bebf6a9bfd30c163,0.3819580078125,0.1207275465130806,-0.3857206702232361,0.47397035360336304,3,10.375003814697266,-44.441001892089844,1.1116943359375,1,-0.3574579656124115,35,2023-07-25 16:44:09,-15.802001953125
bebf6a9bfd30c163,0.4672851264476776,0.103271484375,-1.4913867712020874,0.183198481798172,3,10.937999725341797,-46.24599838256836,1.1683349609375,2,0.9485718607902527,40,2023-07-25 16:44:09,-12.701995849609375
bebf6a9bfd30c163,0.1224365234375,0.291748046875,-0.35701000690460205,1.0042014122009277,3,13.625003814697266,-45.665000915527344,0.8270263671875,3,0.3364849388599396,43,2023-07-25 16:44:09,-9.27099609375
bebf6a9bfd30c163,0.0892333984375,0.390380859375,-1.9006664752960205,-0.13322970271110535,3,14.685001373291016,-45.933998107910156,0.773681640625,4,0.28639400005340576,50,2023-07-25 16:44:09,-3.2450027465820312
bebf6a9bfd30c163,0.376708984375,0.686279296875,-0.964210033416748,-0.7208821177482605,3,16.020999908447266,-44.79600143432617,0.4864501953125,5,-0.5364415049552917,63,2023-07-25 16:44:09,1.677001953125
bebf6a9bfd30c163,0.5552978515625,0.3056640625,-1.1584651470184326,-0.2871677279472351,3,13.34000015258789,-44.409000396728516,0.7696533203125,6,-0.4368704557418823,62,2023-07-25 16:44:09,9.462997436523438
bebf6a9bfd30c163,0.5570068359375,0.6920166015625,-0.2733214795589447,-0.10146471112966537,3,13.69900131225586,-42.650001525878906,0.9273682236671448,7,-0.16381369531154633,73,2023-07-25 16:44:09,12.167999267578125
bebf6a9bfd30c163,0.549560546875,0.9020996689796448,-1.5817948579788208,0.6010302901268005,3,14.666996002197266,-41.0369987487793,0.8416748046875,0,0.17765997350215912,82,2023-07-25 16:44:10,12.499000549316406
bebf6a9bfd30c163,0.0538330115377903,0.9014892578125,1.6142522096633911,-0.35008686780929565,3,12.46500015258789,-41.78300094604492,0.54296875,1,-1.185791254043579,91,2023-07-25 16:44:10,12.267997741699219
bebf6a9bfd30c163,0.3895263671875,0.61865234375,-0.8823540806770325,-0.9041416645050049,3,12.398998260498047,-41.47200012207031,0.5577392578125,2,0.30227649211883545,77,2023-07-25 16:44:10,12.240997314453125
bebf6a9bfd30c163,0.674560546875,0.709716796875,0.2055968940258026,1.0054230690002441,3,12.500003814697266,-41.29999923706055,0.7357177734375,3,0.23019438982009888,77,2023-07-25 16:44:10,13.300003051757812
bebf6a9bfd30c163,0.3748779296875,0.67822265625,-0.04730132594704628,0.7152621150016785,3,12.39999771118164,-40.70000076293945,0.4791259765625,4,0.19232073426246643,60,2023-07-25 16:44:10,13.199996948242188
bebf6a9bfd30c163,0.5130615234375,0.7198486328125,-0.8835757970809937,0.05308419093489647,3,12.500003814697266,-40,0.4810791015625,5,0.5588398575782776,54,2023-07-25 16:44:10,12.599998474121094
bebf6a9bfd30c163,0.59326171875,0.8109130859375,-1.3264530897140503,0.6767776012420654,3,12.89999771118164,-39.400001525878906,0.5662841796875,6,0.9742282032966614,58,2023-07-25 16:44:10,12.199996948242188
bebf6a9bfd30c163,0.2376709133386612,0.7139892578125,0.6063244938850403,0.5210069417953491,3,18.329998016357422,-36.305999755859375,0.4449462592601776,7,0.3810780942440033,67,2023-07-25 16:44:10,10.943000793457031
bebf6a9bfd30c163,0.3370361328125,0.7225341796875,-0.33624058961868286,0.5943107604980469,3,21.385997772216797,-35.2239990234375,0.6046142578125,0,0.5020294189453125,63,2023-07-25 16:44:11,9.765998840332031
bebf6a9bfd30c163,0.386474609375,0.764404296875,0.10785844177007675,1.1990673542022705,3,25.211002349853516,-34.763999938964844,0.4825439453125,1,-0.04102978855371475,63,2023-07-25 16:44:11,6.834999084472656
bebf6a9bfd30c163,0.3341064453125,0.896484375,0.12679526209831238,-0.2865568697452545,3,25.51199722290039,-35.68199920654297,0.2669677734375,2,-0.758185625076294,77,2023-07-25 16:44:11,4.6190032958984375
bebf6a9bfd30c163,0.531494140625,0.74462890625,-0.3936619162559509,0.22534818947315216,3,27.845996856689453,-35.9119987487793,0.9410400986671448,3,0.3254893720149994,85,2023-07-25 16:44:11,4.4889984130859375
bebf6a9bfd30c163,0.4766845703125,1.0517578125,0.3619783818721771,-0.23280075192451477,3,28.372997283935547,-36.22200012207031,0.55810546875,4,-0.8681413531303406,60,2023-07-25 16:44:11,3.727996826171875
bebf6a9bfd30c163,0.36376953125,0.5640869140625,0.00523308664560318,0.2088548243045807,3,27.788997650146484,-37.50400161743164,0.370361328125,5,-0.1699223518371582,45,2023-07-25 16:44:11,1.3430023193359375
bebf6a9bfd30c163,0.4888916015625,0.587646484375,0.7113933563232422,-0.5290703773498535,3,27.979000091552734,-37.49399948120117,0.4068603515625,6,0.04571307823061943,37,2023-07-25 16:44:11,1.7229995727539062
bebf6a9bfd30c163,0.548583984375,0.6016845703125,0.408404141664505,0.006658432073891163,3,28.000003814697266,-38.5,0.5352783203125,7,-0.5492696762084961,36,2023-07-25 16:44:11,1.1999969482421875
bebf6a9bfd30c163,0.5218505859375,0.6981201171875,-1.0185770988464355,-0.8155661821365356,3,27.38399887084961,-39.64099884033203,0.404296875,0,-0.3409646153450012,38,2023-07-25 16:44:12,1.0410003662109375
bebf6a9bfd30c163,0.672119140625,0.8543701171875,0.32105040550231934,0.6786102056503296,3,24.459003448486328,-40.500999450683594,1.066162109375,1,-1.1528044939041138,42,2023-07-25 16:44:12,3.1859970092773438
bebf6a9bfd30c163,0.5697021484375,0.755859375,-0.6111299395561218,0.11111638695001602,3,21.138004302978516,-40.31800079345703,0.3905029296875,2,-0.3977750837802887,44,2023-07-25 16:44:12,4.634002685546875
bebf6a9bfd30c163,0.40673828125,0.4427489936351776,-0.03874921053647995,0.06285803765058517,3,17.056995391845703,-40.17599868774414,0.740234375,3,-0.5492696762084961,46,2023-07-25 16:44:12,5.581001281738281
bebf6a9bfd30c163,0.685546875,0.4837646484375,-0.17619389295578003,-0.01777617633342743,3,17.21999740600586,-39.76300048828125,0.4156494140625,4,-0.26338472962379456,52,2023-07-25 16:44:12,6.5619964599609375
bebf6a9bfd30c163,0.6773681640625,0.4444579780101776,0.5959398150444031,-0.35069772601127625,3,16.115001678466797,-39.25899887084961,0.4964599311351776,5,-0.29331713914871216,55,2023-07-25 16:44:12,5.616996765136719
bebf6a9bfd30c163,0.7177734375,0.357177734375,0.4798753559589386,-0.48264461755752563,3,15.799999237060547,-39.20000076293945,0.4252929985523224,6,-0.2963714599609375,53,2023-07-25 16:44:12,6.1999969482421875
bebf6a9bfd30c163,0.80078125,0.4464111030101776,0.5177490711212158,0.10622946918010712,3,14.60000228881836,-38.79999923706055,0.8033447265625,7,-0.7178685069084167,49,2023-07-25 16:44:12,5.5
bebf6a9bfd30c163,0.82861328125,0.64501953125,,,3,13.39999771118164,-38.20000076293945,0.8574219346046448,8,,44,2023-07-25 16:44:12,4.3000030517578125
bebf6a9bfd30c163,0.601806640625,0.535888671875,1.059586524963379,1.1483654975891113,3,8.420001983642578,-36.03300094604492,0.636962890625,9,-0.8779152035713196,37,2023-07-25 16:44:12,-3.7900009155273438
bebf6a9bfd30c163,0.7940673828125,0.2392578274011612,0.3442632853984833,1.2155606746673584,3,3.802997589111328,-33.94499969482422,0.6031494140625,0,-0.8699739575386047,39,2023-07-25 16:44:13,-10.931999206542969
bebf6a9bfd30c163,0.572509765625,0.135498046875,0.3137200176715851,1.492282748222351,3,-0.8110008239746094,-32.02799987792969,0.30810546875,1,-0.5914193987846375,43,2023-07-25 16:44:13,-13.170997619628906
bebf6a9bfd30c163,0.7249755859375,0.079345703125,-0.17863735556602478,1.2418279647827148,3,-3.908000946044922,-31.37299919128418,0.31103515625,2,-0.7215337157249451,48,2023-07-25 16:44:13,-14.066001892089844
bebf6a9bfd30c163,1.297607421875,-0.112548828125,-1.1267001628875732,0.6315735578536987,3,-4.917999267578125,-31.100000381469727,-0.0567626953125,3,-0.2151263803243637,60,2023-07-25 16:44:13,-13.6510009765625
bebf6a9bfd30c163,1.05078125,-0.178466796875,-0.7669005393981934,0.8307156562805176,3,-6.381000518798828,-31.759000778198242,0.144775390625,4,0.5600615739822388,60,2023-07-25 16:44:13,-13.411003112792969
bebf6a9bfd30c163,0.9027099609375,-0.1771240234375,-0.8530325889587402,0.6859405636787415,3,-6.799999237060547,-32.12799835205078,-0.03564453125,5,0.5215770602226257,63,2023-07-25 16:44:13,-12.964996337890625
bebf6a9bfd30c163,1.053466796875,-0.013305664993822575,-1.3087379932403564,1.8911776542663574,3,-7.8730010986328125,-31.999000549316406,-0.0472412109375,6,-0.11372275650501251,75,2023-07-25 16:44:13,-11.35400390625
bebf6a9bfd30c163,0.7545166015625,-0.2899169921875,-2.3551502227783203,1.8080999851226807,3,-9.67599868774414,-32.672000885009766,-0.4249267578125,7,1.7775161266326904,83,2023-07-25 16:44:13,-5.625
bebf6a9bfd30c163,0.708251953125,0.361083984375,-1.0259073972702026,-0.33053916692733765,3,-5.284999847412109,-31.849000930786133,-0.5401611328125,8,0.2906700372695923,79,2023-07-25 16:44:13,4.964996337890625
bebf6a9bfd30c163,0.1455078125,0.00927734375,-2.183497190475464,-1.1075598001480103,3,-4.630001068115234,-32.047000885009766,-1.284912109375,0,-0.4087706506252289,68,2023-07-25 16:44:14,7.7180023193359375
bebf6a9bfd30c163,0.622314453125,0.0311279296875,-2.7375519275665283,-1.6151888370513916,3,-6.680000305175781,-29.542999267578125,-0.64208984375,1,0.26195937395095825,123,2023-07-25 16:44:14,10.727996826171875
bebf6a9bfd30c163,0.9449462890625,-0.1741943359375,-2.7833669185638428,-1.106948971748352,3,-9.48699951171875,-26.45199966430664,-0.4774169921875,2,1.4843007326126099,149,2023-07-25 16:44:14,13.043998718261719
bebf6a9bfd30c163,0.828125,-0.6646728515625,-1.4785585403442383,-1.905349850654602,3,-9.568000793457031,-24.422000885009766,0.02709961123764515,3,1.3664038181304932,156,2023-07-25 16:44:14,13.451004028320312
bebf6a9bfd30c163,0.9119873046875,0.250732421875,-0.8982365727424622,-1.6707775592803955,3,-9.527999877929688,-23.865999221801758,-0.0588378868997097,4,0.030441448092460632,143,2023-07-25 16:44:14,15.332000732421875
bebf6a9bfd30c163,0.89111328125,-0.2891845703125,-0.10777698457241058,0.0463646724820137,3,-11.790000915527344,-22.958999633789062,0.580322265625,5,-0.8125526309013367,121,2023-07-25 16:44:14,15.372001647949219
bebf6a9bfd30c163,0.873291015625,-0.3314208984375,-0.7235291004180908,-0.5504506826400757,3,-11.841999053955078,-22.913999557495117,0.20263671875,6,0.22286400198936462,110,2023-07-25 16:44:14,15.199996948242188
bebf6a9bfd30c163,1.0828857421875,-0.065185546875,-1.1108176708221436,-0.41606029868125916,3,-11.700000762939453,-22.700000762939453,0.2104492038488388,7,-0.20413079857826233,106,2023-07-25 16:44:14,15.400001525878906
bebf6a9bfd30c163,0.9970703125,-0.0484619140625,-0.7815613150596619,-0.16927076876163483,3,-12.89999771118164,-21.899999618530273,0.45458984375,8,0.07564547657966614,90,2023-07-25 16:44:14,15.300003051757812
bebf6a9bfd30c163,1.033447265625,-0.2092285007238388,-0.5811975002288818,0.3658472001552582,3,-13.799999237060547,-21.600000381469727,0.463623046875,0,0.09946921467781067,63,2023-07-25 16:44:15,15.300003051757812
bebf6a9bfd30c163,0.9158935546875,0.2847900390625,-1.8835622072219849,1.393322467803955,3,-14.299999237060547,-21.100000381469727,0.39892578125,1,0.02799798548221588,41,2023-07-25 16:44:15,15.300003051757812
bebf6a9bfd30c163,0.586181640625,-0.68310546875,,,3,-14.10000228881836,-20.600000381469727,0.8660888075828552,2,,24,2023-07-25 16:44:15,15.699996948242188
bebf6a9bfd30c163,1.2276611328125,0.312255859375,0.041885003447532654,-0.6359718441963196,3,-13.39999771118164,-20.200000762939453,0.5816650390625,3,0.3542000353336334,22,2023-07-25 16:44:15,16.199996948242188
bebf6a9bfd30c163,0.6395263671875,-0.27880859375,0.10480412095785141,0.0720210149884224,3,-12.5,-20.100000381469727,-0.1614990234375,4,0.8502225875854492,25,2023-07-25 16:44:15,16.699996948242188
bebf6a9bfd30c163,0.7335205078125,0.785400390625,0.09747373312711716,-3.961522102355957,3,-12.10000228881836,-20.200000762939453,-0.220703125,5,-0.6708318591117859,18,2023-07-25 16:44:15,16.400001525878906
bebf6a9bfd30c163,0.70166015625,0.31298828125,-3.28610897064209,-0.19431623816490173,3,-12.292999267578125,-15.95199966430664,0.5166015625,6,0.3364849388599396,27,2023-07-25 16:44:15,13.148002624511719
bebf6a9bfd30c163,0.7174072265625,0.538330078125,-0.7846156358718872,0.13616186380386353,3,-3.756999969482422,-10.031000137329102,0.9033203125,0,1.883806586265564,34,2023-07-25 16:44:16,-0.240997314453125
bebf6a9bfd30c163,0.6007080078125,0.4947509467601776,-1.1297545433044434,-1.3280822038650513,3,15.11099624633789,-7.341999053955078,-0.0880126953125,1,1.3102041482925415,2,2023-07-25 16:44:16,-10.274002075195312
bebf6a9bfd30c163,0.4710693359375,0.7943115234375,-1.1627411842346191,0.2681087553501129,3,14.957996368408203,5.1959991455078125,0.6436767578125,2,2.1403701305389404,28,2023-07-25 16:44:16,6.038002014160156
bebf6a9bfd30c163,0.8194579482078552,0.982421875,-1.2268821001052856,1.5881885290145874,3,11.595996856689453,4.9759979248046875,0.465087890625,3,0.5014185309410095,125,2023-07-25 16:44:16,6.930999755859375
bebf6a9bfd30c163,0.8587645888328552,0.853271484375,0.7688146829605103,1.5881885290145874,3,7.929996490478516,-5.829999923706055,0.436767578125,4,-2.134464979171753,59,2023-07-25 16:44:16,10.316001892089844
bebf6a9bfd30c163,0.9256591796875,0.578369140625,1.5183463096618652,1.649885892868042,3,4.578998565673828,-11.040000915527344,0.0784912109375,5,-2.151569128036499,35,2023-07-25 16:44:16,13.334999084472656
bebf6a9bfd30c163,0.971435546875,0.038330078125,0.32043954730033875,0.5442198514938354,3,-1.0480003356933594,-12.694000244140625,-0.2779541015625,6,-1.4661784172058105,24,2023-07-25 16:44:16,17.076004028320312
bebf6a9bfd30c163,0.7509765625,0.149658203125,-0.94466233253479,-0.999436616897583,3,-3.714000701904297,-11.131999969482422,0.2030029296875,7,-0.1900808960199356,19,2023-07-25 16:44:16,19.58100128173828
bebf6a9bfd30c163,0.8336182236671448,0.2047119140625,-0.2843170464038849,-0.5486180782318115,3,-4.625999450683594,-10.197999954223633,-0.014770506881177425,8,0.0524325929582119,24,2023-07-25 16:44:16,19.871002197265625
bebf6a9bfd30c163,0.864501953125,0.2918701171875,0.19032526016235352,-1.1106140613555908,3,-7.119998931884766,-11.549999237060547,0.1961669921875,9,0.4103996455669403,26,2023-07-25 16:44:16,19.199996948242188
bebf6a9bfd30c163,0.7777099609375,0.384521484375,-0.05340997874736786,-0.8516072630882263,3,-9.674999237060547,-13.11600112915039,0.4678955078125,0,0.6070982217788696,27,2023-07-25 16:44:17,19.630996704101562
bebf6a9bfd30c163,0.7945556640625,0.39453125,0.5263011455535889,-1.3195300102233887,3,-10.331001281738281,-12.734001159667969,0.5263671875,1,-0.5914193987846375,30,2023-07-25 16:44:17,19.25799560546875
bebf6a9bfd30c163,0.770751953125,0.3182373046875,0.4646037518978119,-1.5693739652633667,3,-13.77199935913086,-12.65999984741211,0.48974609375,2,-0.2603304088115692,15,2023-07-25 16:44:17,18.62200164794922
bebf6a9bfd30c163,0.686767578125,0.4337158203125,0.47254499793052673,-0.9224676489830017,3,-16.980998992919922,-12.13599967956543,0.6781005859375,3,-0.27987807989120483,13,2023-07-25 16:44:17,17.339004516601562
bebf6a9bfd30c163,0.5283203125,-0.0096435546875,0.4303952753543854,-1.114890217781067,3,-17.952999114990234,-11.529998779296875,1.1978759765625,4,-0.27315858006477356,13,2023-07-25 16:44:17,16.813003540039062
bebf6a9bfd30c163,0.5784912109375,0.270751953125,-0.24461078643798828,-0.829616129398346,3,-19.090999603271484,-11.764999389648438,0.5755615234375,5,0.14650584757328033,11,2023-07-25 16:44:17,16.95800018310547
bebf6a9bfd30c163,0.4202880859375,0.1864013671875,0.11274536699056625,-0.3879604935646057,3,-19.509998321533203,-11.82699966430664,0.6572265625,6,0.10985393822193146,11,2023-07-25 16:44:17,16.76300048828125
bebf6a9bfd30c163,0.439697265625,0.1107177734375,0.9331374168395996,-0.8369464874267578,3,-20.799999237060547,-12.100000381469727,0.9267578125,7,0.8135706782341003,,2023-07-25 16:44:17,16.099998474121094
bebf6a9bfd30c163,0.3775634765625,0.14599609375,-0.3594534695148468,-0.6280305981636047,3,-15,13,1.046630859375,6,-0.21818070113658905,1190,2023-07-25 16:53:22,-30.299999237060547
bebf6a9bfd30c163,0.3525390625,0.3604736328125,0.06754133850336075,0.39822307229042053,3,-15.10000228881836,12.299999237060547,1.2783203125,7,0.06403903663158417,1260,2023-07-25 16:53:22,-30.799999237060547
bebf6a9bfd30c163,0.3896484375,0.287109375,1.0437040328979492,-0.6090937256813049,3,-15.10000228881836,12,0.8753662705421448,0,-0.4576398730278015,1207,2023-07-25 16:53:23,-30.900001525878906
bebf6a9bfd30c163,0.2679443359375,0.0465087890625,0.17383188009262085,0.11783591657876968,3,-14.299999237060547,12.5,0.7010498046875,1,-0.12227486073970795,1189,2023-07-25 16:53:23,-30.799999237060547
bebf6a9bfd30c163,0.29638671875,0.0335693359375,,,3,,,0.7298583984375,2,,,2023-07-25 16:53:23,
bebf6a9bfd30c163,0.4072265625,0.036865234375,0.37190693616867065,-0.2960558235645294,1,7.539999961853027,-10.770000457763672,0.8309326171875,0,0.2942965626716614,684,2023-07-11 16:49:21,-25.079999923706055
bebf6a9bfd30c163,0.4442138373851776,0.08837890625,-0.05753131955862045,-0.43166792392730713,1,7.5,-9.899999618530273,0.708251953125,1,0.14096936583518982,701,2023-07-11 16:49:21,-23.600000381469727
bebf6a9bfd30c163,0.4843750298023224,0.181640625,-0.35563355684280396,-0.47565022110939026,1,8.199996948242188,-9.600000381469727,1.0511474609375,2,-0.30618399381637573,684,2023-07-11 16:49:21,-23.5
bebf6a9bfd30c163,0.3404541015625,0.291748046875,0.2680598497390747,-0.4835914671421051,1,8.800003051757812,-9.899999618530273,1.5184326171875,3,-0.688585638999939,668,2023-07-11 16:49:21,-23.399999618530273
bebf6a9bfd30c163,0.1776123046875,0.24658203125,0.06891778111457825,0.052748214453458786,1,9.599998474121094,-10.299999237060547,1.096923828125,4,-1.147956371307373,735,2023-07-11 16:49:21,-23
bebf6a9bfd30c163,0.2377929836511612,0.0115966796875,0.1727648675441742,-0.2771190106868744,1,10.099998474121094,-10.700000762939453,0.737548828125,5,-1.192549467086792,818,2023-07-11 16:49:21,-22.899999618530273
bebf6a9bfd30c163,0.245849609375,-0.08984375,-0.151604562997818,0.6513961553573608,1,10.900001525878906,-12.100000381469727,0.8389893174171448,0,-0.48822182416915894,918,2023-07-11 16:49:22,-22.799999237060547
bebf6a9bfd30c163,0.345458984375,-0.134521484375,0.6351898908615112,-0.27406468987464905,1,11.099998474121094,-12.5,0.950927734375,1,0.3327810764312744,902,2023-07-11 16:49:22,-23
bebf6a9bfd30c163,0.3521728515625,-0.2899169921875,0.07685902714729309,0.03320052847266197,1,11,-12.5,1.1241455078125,2,0.6058378219604492,1002,2023-07-11 16:49:22,-23.299999237060547
bebf6a9bfd30c163,0.2535400390625,-0.1475830078125,0.08418941497802734,-0.18365663290023804,1,-31.399999618530273,13.3100004196167,1.0419921875,3,0.15196493268013,2379,2023-07-11 16:49:22,-34.41999816894531
bebf6a9bfd30c163,0.3389892578125,0.1392822265625,,,1,-31.299999237060547,13.10000228881836,0.9610595703125,0,,2394,2023-07-11 16:52:34,-34.20000076293945
bebf6a9bfd30c163,0.3311767578125,0.1480712890625,0.016383375972509384,-0.1543351113796234,1,-31,13.10000228881836,0.973388671875,1,-0.017244726419448853,2427,2023-07-11 16:52:34,-34.099998474121094
bebf6a9bfd30c163,0.2919921875,0.1689453125,-0.11312006413936615,0.16575828194618225,1,-30.899999618530273,13.10000228881836,0.98486328125,2,-0.08443990349769592,2402,2023-07-11 16:52:34,-34.20000076293945
bebf6a9bfd30c163,0.3787841796875,0.087158203125,0.1727648675441742,0.15109752118587494,1,-30.899999618530273,13.299999237060547,0.9027099609375,3,-0.19989344477653503,2372,2023-07-11 16:52:34,-34
bebf6a9bfd30c163,0.314453125,0.03271484375,0.536840558052063,0.43392813205718994,1,-30.899999618530273,13.89999771118164,0.9290771484375,0,-0.13453085720539093,2319,2023-07-11 16:52:35,-33.70000076293945
bebf6a9bfd30c163,0.39794921875,0.0078125,-0.3342532813549042,0.26227501034736633,1,-30.799999237060547,14.60000228881836,0.9559325575828552,1,0.15013235807418823,2295,2023-07-11 16:52:35,-33.29999923706055
bebf6a9bfd30c163,0.401123046875,0.0323486328125,0.10251536965370178,-0.3058296740055084,1,-30.799999237060547,15.39999771118164,0.963623046875,2,0.34622010588645935,2260,2023-07-11 16:52:35,-32.599998474121094
bebf6a9bfd30c163,0.3939208984375,0.056884765625,0.07930248975753784,-0.325988233089447,1,-31,15.799999237060547,0.9310302734375,3,0.14829975366592407,2266,2023-07-11 16:52:35,-32.20000076293945
bebf6a9bfd30c163,0.3743896484375,0.03759765625,-0.161378413438797,-0.19648480415344238,1,-31,16.10000228881836,0.9266357421875,4,0.04933958500623703,2389,2023-07-11 16:52:35,-32
bebf6a9bfd30c163,0.35498046875,0.0859375,0.3951198160648346,0.058856863528490067,1,-31,16.10000228881836,0.9925537705421448,5,0.018185459077358246,2429,2023-07-11 16:52:35,-31.799999237060547
bebf6a9bfd30c163,0.3343505859375,0.0933837890625,,,1,,,0.9803467392921448,6,,,2023-07-11 16:52:35,
bebf6a9bfd30c163,0.33642578125,0.072021484375,-0.04897920787334442,-0.0028405236080288887,1,-30,14.799999237060547,0.962646484375,1,0.033457089215517044,2428,2023-07-11 16:52:38,-29
bebf6a9bfd30c163,0.3321533203125,0.06982421875,-0.04714661091566086,0.03442225605249405,1,-30.100000381469727,14.89999771118164,0.9859619140625,2,0.01452026516199112,2430,2023-07-11 16:52:38,-28.899999618530273
bebf6a9bfd30c163,0.3319091796875,0.072265625,0.02676808461546898,0.010598511435091496,1,-30.200000762939453,14.89999771118164,0.973388671875,3,0.012687670066952705,2426,2023-07-11 16:52:38,-28.899999618530273
bebf6a9bfd30c163,0.33935546875,0.0673828125,0.019437700510025024,0.03320052847266197,1,-30.299999237060547,14.89999771118164,0.9620361328125,4,-0.0019730962812900543,2418,2023-07-11 16:52:38,-28.799999237060547
bebf6a9bfd30c163,0.33447265625,0.07373046875,-0.05264439806342125,-0.029718592762947083,1,-30.299999237060547,15,0.978759765625,5,0.0023029614239931107,2426,2023-07-11 16:52:38,-28.899999618530273
bebf6a9bfd30c163,0.3363037109375,0.062744140625,0.04203971102833748,-0.01139263715595007,1,-30.200000762939453,15,0.9498291015625,6,-0.021520784124732018,2427,2023-07-11 16:52:38,-29
bebf6a9bfd30c163,0.3306884765625,0.073486328125,-0.11922870576381683,-0.11096367239952087,1,-30.299999237060547,15,0.9615478515625,7,-0.02701856940984726,2426,2023-07-11 16:52:38,-29.100000381469727
bebf6a9bfd30c163,0.3072509765625,0.0838623046875,0.03776365891098976,-0.1757153868675232,1,,,0.9503173828125,8,-0.03190549463033676,,2023-07-11 16:52:38,
bebf6a9bfd30c163,0.820068359375,-0.0355224609375,0.06219827011227608,0.011209377087652683,3,-8.099998474121094,25.499996185302734,0.6097412109375,0,-0.02335337921977043,1071,2023-07-11 17:01:31,-9.700000762939453
bebf6a9bfd30c163,0.8194579482078552,-0.037109375,0.03226586803793907,-0.002229657955467701,3,-8,25.39999771118164,0.596923828125,0,-0.01480126567184925,1045,2023-07-11 17:01:32,-10
bebf6a9bfd30c163,0.81396484375,-0.0428466796875,0.04142885282635689,-0.03827070817351341,3,-8,25.39999771118164,0.602783203125,1,-0.01357953529804945,1030,2023-07-11 17:01:32,-9.89999771118164
bebf6a9bfd30c163,0.8133544921875,-0.0421142578125,0.024935487657785416,-0.05598579719662666,3,-7.900001525878906,25.39999771118164,0.5997314453125,2,-0.01052520889788866,1018,2023-07-11 17:01:32,-9.89999771118164
bebf6a9bfd30c163,0.814208984375,-0.0419921875,-0.0062186382710933685,0.0014355331659317017,3,-7.900001525878906,25.299999237060547,0.644775390625,3,-0.0019730962812900543,1029,2023-07-11 17:01:32,-9.89999771118164
bebf6a9bfd30c163,0.8206787109375,-0.0416259765625,-0.005607776343822479,-0.00039706286042928696,3,-7.799999237060547,25.299999237060547,0.6141357421875,4,-0.036792412400245667,1023,2023-07-11 17:01:32,-9.89999771118164
bebf6a9bfd30c163,0.8065185546875,-0.0474853515625,-0.015381619334220886,-0.05293147265911102,3,-7.700000762939453,25.299999237060547,0.6158447265625,5,0.013298535719513893,1030,2023-07-11 17:01:32,-9.89999771118164
bebf6a9bfd30c163,0.806884765625,-0.0574951171875,0.2375165820121765,-0.3931834101676941,3,-7.599998474121094,25.39999771118164,0.6019287109375,6,0.19533637166023254,1020,2023-07-11 17:01:32,-9.799999237060547
bebf6a9bfd30c163,0.7904052734375,-0.062744140625,-0.25484079122543335,-0.6558554768562317,3,-7.400001525878906,25.39999771118164,0.582763671875,7,0.39203500747680664,437,2023-07-11 17:01:32,-9.60000228881836
bebf6a9bfd30c163,0.6995849609375,0.04296875,0.01210731640458107,-0.004673119634389877,3,-7.400001525878906,25.299999237060547,0.746337890625,0,0.07682852447032928,407,2023-07-11 17:01:33,-9.5
bebf6a9bfd30c163,0.732421875,0.0286865234375,-0.02332286722958088,-0.043768495321273804,3,-7.400001525878906,25.299999237060547,0.7469482421875,1,0.019407186657190323,399,2023-07-11 17:01:33,-9.39999771118164
bebf6a9bfd30c163,0.7431640625,0.0166015625,0.11839786171913147,0.0521373488008976,3,-7.5,25.200000762939453,0.7249755859375,2,-0.0031948257237672806,393,2023-07-11 17:01:33,-9.200000762939453
bebf6a9bfd30c163,0.75146484375,-0.006591796409338713,-0.0856311172246933,-0.06698137521743774,3,-7.400001525878906,25.299999237060547,0.66796875,3,0.0023029614239931107,390,2023-07-11 17:01:33,-9.10000228881836
bebf6a9bfd30c163,0.725830078125,-0.016845703125,-0.2365148365497589,0.3960545063018799,3,1.3200000524520874,-30.68000030517578,0.7174072265625,4,-0.17851313948631287,22,2023-07-11 17:01:33,-34.13999938964844
bebf6a9bfd30c163,0.3388671875,0.164306640625,0.6541267037391663,-0.42617014050483704,3,0.7000007629394531,-30.5,0.9672852158546448,0,0.171512633562088,21,2023-07-11 17:19:11,-33
bebf6a9bfd30c163,0.338134765625,0.1166992112994194,0.21857976913452148,0.5371643900871277,3,0.9000015258789062,-29.799999237060547,0.934326171875,1,0.31017905473709106,21,2023-07-11 17:19:11,-33.5
bebf6a9bfd30c163,0.32421875,0.1124267578125,0.06952865421772003,0.20729711651802063,3,1.0999984741210938,-29.200000762939453,0.9422607421875,2,0.12508687376976013,20,2023-07-11 17:19:11,-33.5
bebf6a9bfd30c163,0.402587890625,0.0501708984375,0.10801315307617188,0.010598511435091496,3,1,-28.299999237060547,0.9310302734375,3,-0.030072897672653198,20,2023-07-11 17:19:11,-33.400001525878906
bebf6a9bfd30c163,0.4005126953125,0.047119140625,0.1275608390569687,0.027091875672340393,3,0.7999992370605469,-27.799999237060547,0.948486328125,0,-0.04045760631561279,19,2023-07-11 17:19:12,-33.70000076293945
bebf6a9bfd30c163,0.3782958984375,0.0245361328125,-0.1106766015291214,0.08878926187753677,3,0.7999992370605469,-26.799999237060547,0.957763671875,1,0.0004703644663095474,19,2023-07-11 17:19:12,-34.400001525878906
bebf6a9bfd30c163,0.405029296875,0.04052734375,0.0359310619533062,-0.15677857398986816,3,0.7999992370605469,-25.799999237060547,0.9307861924171448,2,0.012076804414391518,19,2023-07-11 17:19:12,-34.599998474121094
bebf6a9bfd30c163,0.3896484375,0.0477294921875,-0.0654725730419159,-0.10729848593473434,3,0.5,-25.200000762939453,0.946044921875,3,0.0023029614239931107,19,2023-07-11 17:19:12,-34.599998474121094
bebf6a9bfd30c163,0.3828125,0.0625,-0.18336956202983856,-0.15372423827648163,3,0.7000007629394531,-24.700000762939453,0.969482421875,4,0.029791895300149918,20,2023-07-11 17:19:12,-35.29999923706055
bebf6a9bfd30c163,0.36181640625,0.0600585974752903,-0.14183072745800018,-0.09141598641872406,3,,,0.9571533203125,5,-0.020299052819609642,,2023-07-11 17:19:12,
bebf6a9bfd30c163,0.3370361328125,0.0830078125,-0.18520216643810272,-0.1396743357181549,3,1,-25,0.9434815049171448,6,-0.01480126567184925,19,2023-07-11 17:19:12,-35.099998474121094
bebf6a9bfd30c163,0.3377685546875,0.093994140625,-0.14793938398361206,-0.08836165815591812,3,1.5,-25.5,0.9591064453125,7,-0.04106847196817398,20,2023-07-11 17:19:12,-35.099998474121094
bebf6a9bfd30c163,0.332763671875,0.111328125,-0.16260014474391937,0.06924157589673996,3,2,-26.100000381469727,0.9639892578125,0,-0.05939443036913872,20,2023-07-11 17:19:13,-35.400001525878906
bebf6a9bfd30c163,0.333740234375,0.141357421875,0.0029443390667438507,-0.07980954647064209,3,2.299999237060547,-26.799999237060547,0.9716796875,1,-0.033738087862730026,21,2023-07-11 17:19:13,-35.29999923706055
bebf6a9bfd30c163,0.333251953125,0.1279296875,0.11595439910888672,-0.16227635741233826,3,2.5999984741210938,-27.399999618530273,0.9648438096046448,2,0.016352862119674683,21,2023-07-11 17:19:13,-35
bebf6a9bfd30c163,0.3153076171875,0.109619140625,0.059754807502031326,-0.06026185676455498,3,2.9000015258789062,-27.799999237060547,0.959228515625,3,-0.018466457724571228,21,2023-07-11 17:19:13,-34.900001525878906
bebf6a9bfd30c163,0.3092041015625,0.1126708984375,0.04203971102833748,-0.022999076172709465,3,3.200000762939453,-28,0.9677734971046448,4,-0.04045760631561279,21,2023-07-11 17:19:13,-34.599998474121094
bebf6a9bfd30c163,0.31201171875,0.11474609375,-0.05814218521118164,0.04541783034801483,3,3.299999237060547,-28.100000381469727,0.968017578125,5,-0.02946203202009201,21,2023-07-11 17:19:13,-34.5
bebf6a9bfd30c163,0.3115234375,0.1040038987994194,0.036541927605867386,-0.03277292102575302,3,3.5999984741210938,-27.799999237060547,0.9716796875,6,-0.02090991847217083,21,2023-07-11 17:19:13,-34.400001525878906
bebf6a9bfd30c163,0.3115234375,0.1026611328125,-0.0019425824284553528,-0.022388212382793427,3,3.5999984741210938,-27.799999237060547,0.963623046875,7,-0.008081748150289059,21,2023-07-11 17:19:13,-34.29999923706055
bebf6a9bfd30c163,0.31591796875,0.1142578125,-0.026988059282302856,0.06130032613873482,3,3.5,-27.799999237060547,0.97998046875,8,-0.01357953529804945,21,2023-07-11 17:19:13,-33.79999923706055
bebf6a9bfd30c163,0.3138427734375,0.097900390625,-0.028209788724780083,-0.026664268225431442,3,3.299999237060547,-27.799999237060547,0.9570313096046448,0,0.0004703644663095474,21,2023-07-11 17:19:14,-33.599998474121094
bebf6a9bfd30c163,0.321533203125,0.1163330003619194,0.0005008764564990997,0.0319787971675396,3,3.200000762939453,-27.899999618530273,0.978515625,1,-0.01357953529804945,21,2023-07-11 17:19:14,-33.5
bebf6a9bfd30c163,0.3160400390625,0.1143798828125,0.031044136732816696,0.023426681756973267,3,3.0999984741210938,-27.899999618530273,0.9779053330421448,2,-0.0031948257237672806,,2023-07-11 17:19:14,-33.5
bebf6a9bfd30c163,0.322021484375,0.0989990234375,-0.06302911043167114,0.03442225605249405,3,3,-27.899999618530273,0.931884765625,3,-0.02396424487233162,21,2023-07-11 17:19:14,-33.400001525878906
bebf6a9bfd30c163,0.325927734375,0.1082763746380806,,,3,,,0.964599609375,4,,21,2023-07-11 17:19:14,
bebf6a9bfd30c163,,,,,1,1.5,3,,5,,7,2023-06-23 19:13:25,-34.5
bebf6a9bfd30c163,,,,,1,3.3399999141693115,-1.7799999713897705,,0,,4226,,-39.45000076293945
bebf6a9bfd30c163,,,0.3485393524169922,-0.24746151268482208,3,-14.299999237060547,13.599998474121094,,5,-0.20290906727313995,1150,2023-07-25 16:53:22,-30.200000762939453
bebf6a9bfd30c163,,,,,1,-29.700000762939453,14.799999237060547,,0,,2427,2023-07-11 16:52:38,-29.299999237060547
bebf6a9bfd30c163,,,-0.3099713921546936,0.12516628205776215,1,,,,0,0.056938737630844116,,2023-06-14 16:49:05,
bebf6a9bfd30c163,,,0.10724958777427673,0.03964514657855034,1,,,,1,-0.18618562817573547,,2023-06-14 16:49:05,
bebf6a9bfd30c163,,,0.38885846734046936,-0.0745866522192955,1,,,,2,-0.13792727887630463,,2023-06-14 16:49:05,
bebf6a9bfd30c163,,,0.2306443750858307,-0.2511267066001892,1,,,,3,-0.12143391370773315,,2023-06-14 16:49:05,
bebf6a9bfd30c163,,,0.2563007175922394,0.07385359704494476,1,,,,4,-0.054238736629486084,,2023-06-14 16:49:05,
bebf6a9bfd30c163,,,0.05715863034129143,-0.34458908438682556,1,,,,5,-0.29369789361953735,,2023-06-14 16:49:05,
bebf6a9bfd30c163,,,0.38397154211997986,0.37806448340415955,1,,,,6,0.25669169425964355,,2023-06-14 16:49:05,
bebf6a9bfd30c163,,,0.16528178751468658,-0.035491276532411575,1,,,,7,-0.3975450098514557,,2023-06-14 16:49:05,
bebf6a9bfd30c163,,,-0.03813634812831879,0.1471574306488037,1,,,,8,-0.20328986644744873,,2023-06-14 16:49:05,
bebf6a9bfd30c163,,,0.0076785460114479065,0.18442021310329437,1,,,,0,0.03311499208211899,,2023-06-14 16:49:06,
bebf6a9bfd30c163,,,-0.15053555369377136,-0.3427564799785614,1,,,,1,-0.16175103187561035,,2023-06-14 16:49:06,
bebf6a9bfd30c163,,,-0.26293477416038513,-0.02266310714185238,1,,,,2,0.013567306101322174,,2023-06-14 16:49:06,
bebf6a9bfd30c163,,,-0.000873565673828125,0.1123381033539772,1,,,,3,0.12657737731933594,,2023-06-14 16:49:06,
bebf6a9bfd30c163,,,-0.2403327375650406,0.10989464819431305,1,,,,4,0.07465382665395737,,2023-06-14 16:49:06,
bebf6a9bfd30c163,,,-0.21284380555152893,0.13616186380386353,1,,,,5,0.0007391348481178284,,2023-06-14 16:49:06,
bebf6a9bfd30c163,,,-0.09128162264823914,0.028038710355758667,1,,,,6,0.04227796941995621,,2023-06-14 16:49:06,
bebf6a9bfd30c163,,,-0.09128162264823914,-0.20836614072322845,1,,,,7,-0.02308460883796215,,2023-06-14 16:49:06,
bebf6a9bfd30c163,,,0.055326033383607864,0.10806205123662949,1,,,,0,-0.16175103187561035,,2023-06-14 16:49:07,
bebf6a9bfd30c163,,,0.15306447446346283,-0.4484361708164215,1,,,,1,0.01478903740644455,,2023-06-14 16:49:07,
bebf6a9bfd30c163,,,0.05899122729897499,0.10012080520391464,1,,,,2,0.1131383404135704,,2023-06-14 16:49:07,
bebf6a9bfd30c163,,,0.043108727782964706,-0.053206369280815125,1,,,,3,0.05327354371547699,127,2023-06-14 16:49:07,
bebf6a9bfd30c163,,,-0.05991366133093834,-0.2042122483253479,1,,,,0,-0.04894252493977547,,2023-06-23 19:13:23,
bebf6a9bfd30c163,,,-0.058691930025815964,-0.10525208711624146,1,,,,1,0.02558303438127041,,2023-06-23 19:13:23,
bebf6a9bfd30c163,,,0.06775717437267303,-0.05516113340854645,1,,,,2,0.015198325738310814,,2023-06-23 19:13:23,
bebf6a9bfd30c163,,,-0.026316072791814804,-0.038667768239974976,1,,,,3,0.010922268033027649,,2023-06-23 19:13:23,
bebf6a9bfd30c163,,,-0.025094343349337578,0.05601634085178375,1,,,,4,0.018863515928387642,,2023-06-23 19:13:23,
bebf6a9bfd30c163,,,0.03965737670660019,0.06334672123193741,1,,,,5,0.029248224571347237,,2023-06-23 19:13:23,
bebf6a9bfd30c163,,,0.011557571589946747,0.026083944365382195,1,,,,6,0.01947438158094883,,2023-06-23 19:13:23,
bebf6a9bfd30c163,,,0.008503247052431107,-0.03927863389253616,1,,,,0,-0.010458014905452728,,2023-06-23 19:13:24,
bebf6a9bfd30c163,,,-0.07029837369918823,-0.024007003754377365,1,,,,1,0.015198325738310814,,2023-06-23 19:13:24,
bebf6a9bfd30c163,,,-0.03608991578221321,0.01569923758506775,1,,,,2,-0.0220644548535347,,2023-06-23 19:13:24,
bebf6a9bfd30c163,,,-0.10023076832294464,0.0786183550953865,1,,,,3,-0.0006841719150543213,,2023-06-23 19:13:24,
bebf6a9bfd30c163,,,-0.031202994287014008,-0.05821545422077179,1,,,,4,-0.0672684833407402,,2023-06-23 19:13:24,
bebf6a9bfd30c163,,,-0.009211845695972443,-0.006902777124196291,1,,,,5,-0.0574946403503418,,2023-06-23 19:13:24,
bebf6a9bfd30c163,,,-0.034257322549819946,-0.09608910232782364,1,,,,6,-0.01595580205321312,,2023-06-23 19:13:24,
bebf6a9bfd30c163,,,0.005448918789625168,-0.07165449112653732,1,,,,7,0.01336572878062725,,2023-06-23 19:13:24,
bebf6a9bfd30c163,,,-0.06480058282613754,-0.09120218455791473,1,,,,0,0.04024379700422287,,2023-06-23 19:13:25,
bebf6a9bfd30c163,,,0.10196562111377716,0.06579018384218216,1,,,,1,0.06345668435096741,,2023-06-23 19:13:25,
bebf6a9bfd30c163,,,-0.037922512739896774,-0.01362229511141777,1,,,,2,0.017030922695994377,,2023-06-23 19:13:25,
bebf6a9bfd30c163,,,-0.034257322549819946,-0.0881478562951088,1,,,,3,0.06773273646831512,,2023-06-23 19:13:25,
bebf6a9bfd30c163,,,-0.028148669749498367,0.02730567567050457,1,,,,4,0.12698666751384735,,2023-06-23 19:13:25,
bebf6a9bfd30c163,,,0.046507202088832855,-0.019262613728642464,1,,,,0,0.0033393949270248413,,2023-06-28 16:45:22,
bebf6a9bfd30c163,,,0.1255735456943512,-0.22852468490600586,3,,,,4,0.28089621663093567,1125,2023-07-25 16:53:22,
