deviceId,Ay,Ax,Gy,Gx,activity,My,Mx,Az,counter,Gz,Lilluminance,timestamp,Mz
b973ac361183cbb0,0.3731369972229004,0.4962959885597229,0.5760247707366943,-0.40012815594673157,1,-13.432199478149414,15.274399757385254,1.2282044887542725,0,0.019440501928329468,0,2023-06-09 20:23:18,-28.364999771118164
b973ac361183cbb0,0.24262750148773193,0.4148915112018585,0.6298190355300903,-0.3270265460014343,1,-12.797800064086914,17.653400421142578,1.2774009704589844,1,0.404655396938324,,2023-06-09 20:23:18,-27.5231990814209
b973ac361183cbb0,0.131912499666214,0.2861205041408539,0.7334129214286804,-0.665104866027832,1,-11.223999977111816,19.031999588012695,0.9511120319366455,2,0.08375394344329834,0,2023-06-09 20:23:18,-27.279199600219727
b973ac361183cbb0,0.1979755014181137,0.05062999948859215,0.43208515644073486,-0.2523270845413208,1,-10.577400207519531,20.642398834228516,0.7516419887542725,0,0.3436708152294159,,2023-06-09 20:23:19,-26.18120002746582
b973ac361183cbb0,-0.13127200305461884,0.17098300158977509,2.1247403621673584,2.6754658222198486,1,-8.747400283813477,23.082399368286133,1.6068925857543945,1,-1.361767292022705,0,2023-06-09 20:23:19,-21.17919921875
b973ac361183cbb0,-0.2366190105676651,0.022326000034809113,,,1,,,0.7462739944458008,2,,,2023-06-09 20:23:19,
b973ac361183cbb0,0.29560598731040955,-0.13770750164985657,0.3358147144317627,-0.03861469775438309,1,-12.553799629211426,18.995399475097656,0.7688745260238647,0,-0.1311568170785904,45.58554458618164,2023-06-09 20:26:07,-23.350799560546875
b973ac361183cbb0,0.28975000977516174,0.08933449536561966,0.19094301760196686,-0.279357373714447,1,-12.236599922180176,19.776199340820312,0.740418016910553,1,0.41690558195114136,,2023-06-09 20:26:07,-22.52120018005371
b973ac361183cbb0,0.47092002630233765,-0.13932400941848755,-0.9955934286117554,-0.20532366633415222,1,-12.212200164794922,18.641599655151367,0.9813984632492065,2,0.12196917831897736,9.34279727935791,2023-06-09 20:26:07,-22.972599029541016
b973ac361183cbb0,-0.1298079937696457,-0.1882459968328476,-0.6949313879013062,0.08455286920070648,1,-12.22439956665039,16.872600555419922,0.9915244579315186,3,0.21930484473705292,,2023-06-09 20:26:07,-23.88759994506836
b973ac361183cbb0,0.2349415123462677,0.05526599660515785,-0.2870802879333496,-0.01810896210372448,1,-12.334199905395508,15.310999870300293,0.8070604801177979,0,-0.31530898809432983,0,2023-06-09 20:26:08,-24.619600296020508
b973ac361183cbb0,0.40229499340057373,0.24424400925636292,0.10079767554998398,-0.1435401439666748,1,-12.175600051879883,14.298399925231934,0.8083109855651855,1,-0.07656362652778625,,2023-06-09 20:26:08,-25.314998626708984
b973ac361183cbb0,0.17683899402618408,0.3106425106525421,1.06003999710083,-0.13328728079795837,1,-12.041399955749512,13.920199394226074,1.1443599462509155,2,0.78694087266922,0,2023-06-09 20:26:08,-25.583398818969727
b973ac361183cbb0,0.26998600363731384,0.23594799637794495,-0.1732335239648819,-0.13754820823669434,1,-11.992599487304688,14.017799377441406,0.8419829607009888,3,-0.18295377492904663,,2023-06-09 20:26:08,-25.571199417114258
b973ac361183cbb0,0.1811089962720871,0.18760550022125244,-0.16417904198169708,0.24140843749046326,1,-11.711999893188477,13.420000076293945,1.110169529914856,4,-0.17962491512298584,0,2023-06-09 20:26:08,-25.87619972229004
b973ac361183cbb0,0.22957350313663483,0.18223750591278076,-0.12436595559120178,-0.0476691760122776,1,-11.553400039672852,12.626999855041504,1.082963466644287,0,0.011318100616335869,0,2023-06-09 20:26:09,-26.388599395751953
b973ac361183cbb0,0.16817699372768402,0.15988101065158844,-0.2130466103553772,0.005459319334477186,1,-11.333799362182617,11.968199729919434,0.8753194808959961,1,-0.006258244160562754,0,2023-06-09 20:26:09,-26.742399215698242
b973ac361183cbb0,0.9491904973983765,-0.07631099969148636,-0.0002663082559593022,-0.0005326165119186044,4,-22.447999954223633,71.89459991455078,0.2949959933757782,0,-0.0053261648863554,0,2023-06-09 14:49:22,-34.13560104370117
b973ac361183cbb0,0.9174399971961975,-0.09647150337696075,-0.0025299284607172012,0.0079892473295331,4,,,0.36420050263404846,1,0.0002663082559593022,,2023-06-09 14:49:22,
b973ac361183cbb0,0.9787145256996155,-0.06276899576187134,-0.0014646954368799925,0.009453942999243736,4,-22.52120018005371,71.89459991455078,0.25116750597953796,2,-0.0014646954368799925,0,2023-06-09 14:49:22,-34.208797454833984
b973ac361183cbb0,0.9733465313911438,-0.07204099744558334,-0.00452724052593112,0.008788172155618668,4,-22.52120018005371,71.82139587402344,0.2509234845638275,0,-0.0033288532868027687,,2023-06-09 14:49:23,-34.22100067138672
b973ac361183cbb0,0.9565105438232422,-0.04861700162291527,-0.0030625448562204838,0.006258244160562754,4,-22.52120018005371,71.82139587402344,0.2899940013885498,1,0.0018641578499227762,0,2023-06-09 14:49:23,-34.257598876953125
b973ac361183cbb0,0.9563884735107422,-0.0542290024459362,-0.0033288532868027687,0.005991935729980469,4,-22.667598724365234,71.66279602050781,0.2979239821434021,2,-0.0015978495357558131,,2023-06-09 14:49:23,-34.35519790649414
b973ac361183cbb0,0.9702964425086975,-0.0533749982714653,-0.0018641578499227762,0.0038614696823060513,4,-22.789600372314453,71.52859497070312,0.27080950140953064,3,-0.0009320789249613881,0,2023-06-09 14:49:23,-34.39179992675781
b973ac361183cbb0,0.9532164335250854,-0.0857049971818924,-0.007323476951569319,0.0011983871227130294,4,-22.88719940185547,71.49199676513672,0.23225750029087067,4,0.0033288532868027687,,2023-06-09 14:49:23,-34.42839813232422
b973ac361183cbb0,0.9583405256271362,-0.03812500089406967,-0.0034620072692632675,0.0106523297727108,4,-23.009199142456055,71.52859497070312,0.29060399532318115,0,-0.0030625448562204838,0,2023-06-09 14:49:24,-34.5260009765625
b973ac361183cbb0,1.002413034439087,-0.03873499855399132,-0.0038614696823060513,0.015579032711684704,4,-23.118999481201172,71.49199676513672,0.3484625220298767,1,-0.00585878174751997,,2023-06-09 14:49:24,-34.586997985839844
b973ac361183cbb0,0.978470504283905,-0.06947900354862213,-0.0061250897124409676,0.00719032296910882,4,-23.18000030517578,71.52859497070312,0.21258501708507538,2,-0.004394086077809334,0,2023-06-09 14:49:24,-34.623600006103516
b973ac361183cbb0,0.9678565263748169,-0.07911700010299683,-0.00452724052593112,-0.027163442224264145,4,-23.22879981994629,71.46759796142578,0.14887049794197083,3,0.06471290439367294,,2023-06-09 14:49:24,-34.72119903564453
b973ac361183cbb0,0.9838384985923767,-0.03958899900317192,0.006657706573605537,-0.04926702752709389,4,-23.289798736572266,71.4188003540039,0.18147499859333038,0,-0.012782796286046505,0,2023-06-09 14:49:25,-34.85540008544922
b973ac361183cbb0,0.9483364820480347,0.0016775000840425491,-0.040345702320337296,-0.007856093347072601,4,-23.22879981994629,71.56520080566406,0.1685125082731247,1,0.01384802907705307,0,2023-06-09 14:49:25,-34.989601135253906
b973ac361183cbb0,0.9419925212860107,-0.0638669952750206,0.005592473316937685,0.02090519852936268,4,-22.948200225830078,71.91899871826172,0.18611100316047668,2,-0.04553871229290962,0,2023-06-09 14:49:25,-35.18479919433594
b973ac361183cbb0,0.9662705063819885,-0.04129699990153313,0.04553871229290962,0.04979964345693588,4,,,0.18379300832748413,3,0.0583215095102787,0,2023-06-09 14:49:25,
b973ac361183cbb0,0.9377224445343018,-0.06106100231409073,-0.005193010903894901,0.035019535571336746,4,-22.618799209594727,71.89459991455078,0.3104900121688843,4,-0.023568280041217804,0,2023-06-09 14:49:25,-35.23360061645508
b973ac361183cbb0,0.9965570569038391,0.040991999208927155,,,4,-22.447999954223633,71.88240051269531,0.20733900368213654,0,,,2023-06-09 14:49:26,-35.270198822021484
b973ac361183cbb0,0.9527284502983093,0.0689300000667572,-0.027962366119027138,-0.0034620072692632675,4,,,0.28852999210357666,0,-0.007589785382151604,230.82736206054688,2023-06-09 15:04:24,
b973ac361183cbb0,0.9657825231552124,0.06295200437307358,-0.029293907806277275,-0.011983871459960938,4,-39.040000915527344,17.128799438476562,0.2953619956970215,1,0.02836182899773121,230.82736206054688,2023-06-09 15:04:24,-17.665599822998047
b973ac361183cbb0,0.9490684270858765,0.061122000217437744,-0.004926702938973904,0.008122402243316174,4,-39.13759994506836,16.970199584960938,0.35663649439811707,2,-0.01438064593821764,230.82736206054688,2023-06-09 15:04:24,-17.763198852539062
b973ac361183cbb0,0.9458965063095093,0.03952799737453461,0.011850717477500439,0.0079892473295331,4,-39.07659912109375,16.787199020385742,0.337970495223999,3,-0.015046416781842709,230.82736206054688,2023-06-09 15:04:24,-17.653400421142578
b973ac361183cbb0,0.9479705095291138,0.05185000225901604,-0.0079892473295331,-0.0023967742454260588,4,-39.00339889526367,16.689599990844727,0.34529051184654236,0,0.005991935729980469,230.82736206054688,2023-06-09 15:04:25,-17.53139877319336
b973ac361183cbb0,0.9428465366363525,0.09738650172948837,-0.008655018173158169,0.012915950268507004,4,-38.94239807128906,16.665199279785156,0.3139059841632843,1,-0.011451254598796368,230.82736206054688,2023-06-09 15:04:25,-17.458200454711914
b973ac361183cbb0,0.9308599829673767,0.0491660013794899,-0.015845341607928276,-0.0026630824431777,4,-38.930198669433594,16.60420036315918,0.31756600737571716,2,-0.012383334338665009,230.82736206054688,2023-06-09 15:04:25,-17.385000228881836
b973ac361183cbb0,0.9555344581604004,0.005581500008702278,,,4,-38.917999267578125,16.5310001373291,0.2881639897823334,3,,230.82736206054688,2023-06-09 15:04:25,-17.397199630737305
b973ac361183cbb0,0.497516006231308,0.026108000427484512,0.0002663082559593022,0.0375494658946991,1,-20.996198654174805,-0.3294000029563904,1.04511296749115,0,0.421565979719162,666.6865844726562,2023-06-10 09:34:12,-13.981199264526367
b973ac361183cbb0,0.3429725170135498,0.017537498846650124,-0.030092833563685417,-0.5029231309890747,1,-20.666799545288086,-1.402999997138977,1.019981026649475,0,0.3509942889213562,666.6865844726562,2023-06-10 09:34:13,-14.639999389648438
b973ac361183cbb0,0.3168644905090332,0.10348649322986603,0.3359478712081909,-0.08987903594970703,1,-20.276399612426758,-2.671799898147583,0.9015495181083679,1,0.18415215611457825,,2023-06-10 09:34:13,-15.140199661254883
b973ac361183cbb0,0.47628799080848694,0.04806800186634064,-0.30412402749061584,0.20372581481933594,1,-20.093399047851562,-3.5013999938964844,0.9437919855117798,2,0.05632419511675835,647.9843139648438,2023-06-10 09:34:13,-15.091400146484375
b973ac361183cbb0,0.25363799929618835,0.3207685053348541,0.15046416223049164,-0.015046416781842709,1,-19.910400390625,-3.9284000396728516,1.291217565536499,3,-0.16843996942043304,,2023-06-10 09:34:13,-15.066999435424805
b973ac361183cbb0,0.2231075018644333,0.13792100548744202,0.052063263952732086,0.3592498302459717,1,-19.92259979248047,-4.1967997550964355,0.8373469710350037,4,-0.1491326242685318,778.035888671875,2023-06-10 09:34:13,-14.810799598693848
b973ac361183cbb0,0.2795020043849945,0.1887035071849823,0.2153102308511734,0.3559209704399109,1,-20.044599533081055,-4.257800102233887,0.8107509613037109,5,0.08322133123874664,,2023-06-10 09:34:13,-14.530200004577637
b973ac361183cbb0,0.3319924771785736,0.20163550972938538,-0.11464570462703705,0.1351514458656311,1,-20.251998901367188,-4.404200077056885,1.1146835088729858,0,0.2153102308511734,892.9840087890625,2023-06-10 09:34:14,-14.090999603271484
b973ac361183cbb0,0.40988948941230774,0.015097499825060368,-0.264710396528244,0.0801587849855423,1,-20.349599838256836,-5.343599796295166,1.0643889904022217,1,0.018641578033566475,,2023-06-10 09:34:14,-13.737199783325195
b973ac361183cbb0,0.45624950528144836,0.1386529952287674,,,1,,,0.6398289799690247,2,,,2023-06-10 09:34:14,
b973ac361183cbb0,0.35996100306510925,-0.10074150562286377,-0.41730502247810364,-0.029560215771198273,1,9.113399505615234,-14.090999603271484,0.6818274855613708,0,-0.2348838746547699,73468.34375,2023-06-10 09:52:13,-36.03879928588867
b973ac361183cbb0,0.4787279963493347,0.018757499754428864,-0.11397993564605713,0.46683835983276367,1,8.747400283813477,-15.506199836730957,0.984814465045929,1,-0.04926702752709389,,2023-06-10 09:52:13,-35.575199127197266
b973ac361183cbb0,0.33565250039100647,-0.05593699961900711,0.36976900696754456,0.056989967823028564,1,7.929999828338623,-15.652599334716797,1.2782549858093262,2,-0.05406057462096214,77099.3984375,2023-06-10 09:52:13,-35.904598236083984
b973ac361183cbb0,0.258762001991272,0.016073500737547874,0.17536398768424988,0.11424624174833298,1,7.088200092315674,-15.323199272155762,0.7216300368309021,0,0.10745538026094437,,2023-06-10 09:52:14,-36.331600189208984
b973ac361183cbb0,0.47970402240753174,-0.0134504996240139,-0.13421936333179474,-0.949522078037262,1,7.515199661254883,-15.237799644470215,0.9574559926986694,1,0.4367455542087555,83779.96875,2023-06-10 09:52:14,-36.258399963378906
b973ac361183cbb0,0.46286800503730774,-0.14066599309444427,0.08255556225776672,0.2142449915409088,1,8.710800170898438,-15.323199272155762,1.2719110250473022,2,0.1793586164712906,,2023-06-10 09:52:14,-35.81919860839844
b973ac361183cbb0,0.18598900735378265,-0.017842499539256096,-0.05352795869112015,-0.12596380710601807,1,9.942999839782715,-15.054800033569336,1.266787052154541,3,0.1805569976568222,82476.4765625,2023-06-10 09:52:14,-35.46540069580078
b973ac361183cbb0,0.38936299085617065,-0.07862900197505951,0.09746882319450378,-0.1446053832769394,1,11.406999588012695,-14.505799293518066,0.9030134677886963,4,-0.17509767413139343,,2023-06-10 09:52:14,-35.209197998046875
b973ac361183cbb0,0.20724749565124512,0.15280500054359436,,,1,,,1.2336030006408691,0,,,2023-06-10 09:52:15,
b973ac361183cbb0,0.5237764716148376,-0.4403285086154938,,,5,-2.513200044631958,26.8887996673584,0.9390340447425842,0,,,2023-06-09 20:27:08,-20.349599838256836
b973ac361183cbb0,0.4436835050582886,-0.5205434560775757,-0.9133041501045227,-0.7524539828300476,5,1.4883999824523926,25.266199111938477,1.210026502609253,0,-0.22116900980472565,19.693138122558594,2023-06-09 20:27:09,-24.668399810791016
b973ac361183cbb0,0.0697840005159378,-0.17787599563598633,-0.9985228180885315,-1.526478886604309,5,3.3915998935699463,23.911998748779297,0.9712725281715393,1,-0.4917382001876831,,2023-06-09 20:27:09,-26.059200286865234
b973ac361183cbb0,-0.07878150045871735,0.06417199969291687,0.6485937833786011,0.5758916139602661,5,3.6477999687194824,22.948200225830078,1.2067325115203857,2,-0.1272953450679779,14.407857894897461,2023-06-09 20:27:09,-27.254798889160156
b973ac361183cbb0,-0.01296250056475401,-0.2584570050239563,-2.2911829948425293,1.4170262813568115,5,1.7323999404907227,20.9596004486084,0.923662006855011,3,0.9314131140708923,,2023-06-09 20:27:09,-28.621198654174805
b973ac361183cbb0,0.15109699964523315,0.3810670077800751,1.4552414417266846,-1.7929203510284424,5,-0.4025999903678894,18.17799949645996,0.8828834891319275,4,0.10865376889705658,30.26369857788086,2023-06-09 20:27:09,-26.998600006103516
b973ac361183cbb0,0.3987570106983185,-0.04239500313997269,-0.2264951765537262,-0.006524552125483751,5,0.20739999413490295,18.117000579833984,0.6638935208320618,0,-0.8223599195480347,30.26369857788086,2023-06-09 20:27:10,-27.51099967956543
b973ac361183cbb0,0.015585500746965408,0.09421449899673462,0.3037245571613312,0.4552539587020874,5,0.8539999723434448,18.019399642944336,1.584291934967041,1,-0.2685718834400177,,2023-06-09 20:27:10,-28.059999465942383
b973ac361183cbb0,-0.049226999282836914,0.18382349610328674,-0.13195574283599854,0.37030163407325745,5,1.281000018119812,16.88479995727539,1.1561939716339111,2,0.06204982474446297,30.26369857788086,2023-06-09 20:27:10,-29.76799964904785
b973ac361183cbb0,0.04172400012612343,0.016805499792099,-0.10013190656900406,0.44313693046569824,5,0.3294000029563904,16.421199798583984,0.5559844970703125,3,0.7497909069061279,30.26369857788086,2023-06-09 20:27:10,-30.7195987701416
b973ac361183cbb0,0.19407150149345398,-0.08424100279808044,0.5166380405426025,0.14700216054916382,5,-1.4395999908447266,16.116199493408203,0.7759504914283752,4,0.576424241065979,30.26369857788086,2023-06-09 20:27:10,-31.354000091552734
b973ac361183cbb0,0.3352864980697632,0.11166049540042877,,,5,,,1.0170224905014038,0,,,2023-06-09 20:27:11,
b973ac361183cbb0,0.37423500418663025,0.04514000192284584,0.5444672107696533,0.13728190958499908,5,-21.87459945678711,16.055200576782227,1.165466070175171,0,0.6275554299354553,21.30111312866211,2023-06-09 20:27:46,-21.410999298095703
b973ac361183cbb0,0.3542269766330719,0.10495050251483917,0.4467321038246155,0.21784014999866486,5,-24.704999923706055,13.89579963684082,1.4939509630203247,1,0.8874722719192505,21.30111312866211,2023-06-09 20:27:46,-18.165800094604492
b973ac361183cbb0,0.12581250071525574,-0.09317750483751297,0.18694838881492615,0.1272953450679779,5,-25.583398818969727,12.724599838256836,0.7883945107460022,2,0.05938674136996269,21.30111312866211,2023-06-09 20:27:46,-16.95800018310547
b973ac361183cbb0,0.26925399899482727,-0.10415750741958618,-0.5797531008720398,-0.31411057710647583,5,-26.278799057006836,11.614399909973145,0.7705824971199036,3,0.5918700695037842,,2023-06-09 20:27:46,-16.433399200439453
b973ac361183cbb0,0.317718505859375,-0.1840979903936386,0.2870802879333496,0.46617260575294495,5,-26.620399475097656,10.333399772644043,0.9167079925537109,0,0.11677616834640503,21.30111312866211,2023-06-09 20:27:47,-16.128398895263672
b973ac361183cbb0,0.31454649567604065,0.20956549048423767,-0.1957365721464157,-0.20385897159576416,5,-27.035200119018555,9.198800086975098,1.6669470071792603,1,0.11690932512283325,,2023-06-09 20:27:47,-15.542799949645996
b973ac361183cbb0,0.2874320149421692,0.08116050064563751,,,5,,,0.5978609919548035,2,,21.30111312866211,2023-06-09 20:27:47,
b973ac361183cbb0,0.19907349348068237,0.04867799952626228,-0.7910686731338501,-0.11704248189926147,5,-5.111799716949463,-0.13419999182224274,0.709551990032196,0,1.6761441230773926,21.20612335205078,2023-06-09 20:27:57,-32.671600341796875
b973ac361183cbb0,0.18635500967502594,0.31381452083587646,1.4380645751953125,-0.4713656008243561,5,-4.026000022888184,0.3294000029563904,0.8252689838409424,1,0.03515268862247467,21.20612335205078,2023-06-09 20:27:57,-32.51300048828125
b973ac361183cbb0,0.27584201097488403,0.5208485126495361,1.2053111791610718,-1.0673635005950928,5,-0.9637999534606934,3.6355998516082764,0.8880074620246887,2,-1.1461907625198364,21.20612335205078,2023-06-09 20:27:57,-31.646799087524414
b973ac361183cbb0,0.26278799772262573,0.1012905016541481,-0.002929390873759985,0.11171631515026093,5,1.256600022315979,5.892600059509277,0.9279319643974304,3,0.1625811904668808,21.20612335205078,2023-06-09 20:27:57,-30.743999481201172
b973ac361183cbb0,-0.11965149641036987,-0.04373699799180031,0.145803764462471,0.6934667229652405,5,2.0983998775482178,7.38100004196167,1.6107964515686035,4,-0.006657706573605537,21.20612335205078,2023-06-09 20:27:57,-30.304800033569336
b973ac361183cbb0,-0.06972300261259079,0.03928400203585625,0.6085143685340881,0.16737474501132965,5,4.880000114440918,3.6111998558044434,0.7134560346603394,0,0.010252867825329304,21.20612335205078,2023-06-09 20:27:58,-21.886798858642578
b973ac361183cbb0,0.15768501162528992,0.02903600037097931,0.1884130984544754,0.08681648969650269,5,4.623799800872803,5.038599967956543,0.6501075029373169,1,0.748059868812561,,2023-06-09 20:27:58,-21.45979881286621
b973ac361183cbb0,0.21005350351333618,-0.38088399171829224,0.1351514458656311,-0.035685304552316666,5,3.7331998348236084,6.221999645233154,1.3921724557876587,2,0.9934629201889038,38.521949768066406,2023-06-09 20:27:58,-21.105998992919922
b973ac361183cbb0,0.04050400108098984,-0.29481300711631775,0.17949175834655762,-0.469900906085968,5,3.5623998641967773,8.649800300598145,0.7094299793243408,3,-0.05472634732723236,38.521949768066406,2023-06-09 20:27:58,-20.251998901367188
b973ac361183cbb0,0.11544249206781387,-0.09976550191640854,-0.3974650800228119,-0.1692388951778412,5,3.5379998683929443,10.918999671936035,0.8936194777488708,4,-0.5553858876228333,38.521949768066406,2023-06-09 20:27:58,-19.50779914855957
b973ac361183cbb0,-0.006252500228583813,-0.3017975091934204,-0.19307348132133484,0.7215622067451477,5,2.464400053024292,11.894999504089355,1.4046164751052856,0,-0.20998406410217285,38.521949768066406,2023-06-09 20:27:59,-19.361398696899414
b973ac361183cbb0,-0.1105014979839325,-0.21072448790073395,-0.1721682846546173,-0.4726971685886383,5,0.9149999618530273,12.468400001525879,1.3735979795455933,1,-0.21504391729831696,38.521949768066406,2023-06-09 20:27:59,-19.56879997253418
b973ac361183cbb0,0.21883749961853027,-0.15750199556350708,0.24260681867599487,-0.10625699162483215,5,-0.21959999203681946,12.822199821472168,0.4571034908294678,2,0.9138367772102356,,2023-06-09 20:27:59,-19.654199600219727
b973ac361183cbb0,0.1630529910326004,-0.3072875142097473,0.35179319977760315,0.6426018476486206,5,-1.7079999446868896,12.858799934387207,1.2069765329360962,3,1.4729509353637695,13.857308387756348,2023-06-09 20:27:59,-19.617599487304688
b973ac361183cbb0,-0.021167000755667686,-0.11416149884462357,-0.05991935729980469,-0.08029194176197052,5,-3.8673999309539795,12.187799453735352,1.7892519235610962,4,0.9665657877922058,,2023-06-09 20:27:59,-19.617599487304688
b973ac361183cbb0,0.07600600272417068,-0.1647000014781952,0.1608501821756363,-0.19720126688480377,5,-5.343599796295166,11.321599960327148,0.5215499997138977,0,0.339676171541214,6.2597174644470215,2023-06-09 20:28:00,-19.678600311279297
b973ac361183cbb0,0.2671799957752228,-0.005764499772340059,-0.11557777971029282,0.30518925189971924,5,-6.892999649047852,10.467599868774414,0.9691985249519348,1,-0.1423417627811432,,2023-06-09 20:28:00,-19.739599227905273
b973ac361183cbb0,0.247172012925148,0.026840001344680786,-0.28614822030067444,0.013182258233428001,5,-8.906000137329102,9.772199630737305,1.2577589750289917,2,-0.6740261912345886,0,2023-06-09 20:28:00,-19.715200424194336
b973ac361183cbb0,0.19516950845718384,0.13328500092029572,-0.03808208182454109,-0.42356327176094055,5,-10.321199417114258,9.528200149536133,0.6206749677658081,3,-0.7656362652778625,,2023-06-09 20:28:00,-19.629798889160156
b973ac361183cbb0,0.2017575055360794,-0.08350899815559387,0.2640446424484253,0.1631138026714325,5,-11.370399475097656,9.74779987335205,0.7345620393753052,4,0.21344606578350067,0,2023-06-09 20:28:00,-19.422399520874023
b973ac361183cbb0,0.2475380003452301,-0.23585651814937592,0.10212921351194382,0.03209014609456062,5,-12.858799934387207,10.077199935913086,1.6239724159240723,0,0.3817528784275055,,2023-06-09 20:28:01,-19.056400299072266
b973ac361183cbb0,0.13508450984954834,-0.16213800013065338,0.09334104508161545,-0.6387403607368469,5,-13.4443998336792,10.406599998474121,0.6135990023612976,1,0.7087793946266174,0,2023-06-09 20:28:01,-19.019800186157227
b973ac361183cbb0,0.1382565051317215,-0.24808698892593384,0.00452724052593112,0.04114462435245514,5,-13.346799850463867,10.943399429321289,0.9933544993400574,2,0.5061188340187073,,2023-06-09 20:28:01,-19.22719955444336
b973ac361183cbb0,0.15024299919605255,-0.16323600709438324,-0.22223423421382904,0.6354115009307861,5,-13.883599281311035,11.480199813842773,1.3452939987182617,3,0.24007689952850342,0,2023-06-09 20:28:01,-19.068599700927734
b973ac361183cbb0,0.0491660013794899,0.08579649776220322,-0.024766668677330017,-0.0426093190908432,5,-14.42039966583252,11.90719985961914,0.7398080229759216,4,0.2661750912666321,,2023-06-09 20:28:01,-18.922199249267578
b973ac361183cbb0,0.25656598806381226,-0.0962275043129921,0.5113118290901184,0.1014634445309639,5,-15.22559928894043,12.004799842834473,0.7276079654693604,0,1.0183627605438232,0,2023-06-09 20:28:02,-18.56839942932129
b973ac361183cbb0,0.2669360041618347,-0.2391505092382431,0.3031919598579407,0.27043604850769043,5,-16.982398986816406,11.541199684143066,1.2005105018615723,1,0.8973256945610046,,2023-06-09 20:28:02,-17.665599822998047
b973ac361183cbb0,0.07088200002908707,-0.14786399900913239,0.2580527067184448,-0.047802332788705826,5,-19.385799407958984,10.467599868774414,0.6778014898300171,2,0.5239614844322205,0,2023-06-09 20:28:02,-16.54319953918457
b973ac361183cbb0,0.3113744854927063,-0.14261800050735474,0.07869409024715424,-0.6061176061630249,5,-21.288999557495117,9.052399635314941,0.9091135263442993,3,0.24034319818019867,,2023-06-09 20:28:02,-15.859999656677246
b973ac361183cbb0,0.27218201756477356,-0.12953349947929382,-0.07070484012365341,-0.26431095600128174,5,-23.070199966430664,7.539599895477295,1.0015285015106201,4,-0.22902509570121765,0,2023-06-09 20:28:02,-15.384200096130371
b973ac361183cbb0,0.2596159875392914,-0.2432984858751297,-0.07430000603199005,0.5154396295547485,5,-24.76599884033203,6.258599758148193,1.1306959390640259,0,0.21344606578350067,,2023-06-09 20:28:03,-14.55459976196289
b973ac361183cbb0,0.012657499872148037,-0.012718499638140202,-0.05752258375287056,0.10825430601835251,5,-25.973798751831055,4.782400131225586,1.154241919517517,1,0.41450878977775574,0,2023-06-09 20:28:03,-13.859199523925781
b973ac361183cbb0,0.2012694925069809,-0.03678299859166145,,,5,,,0.672189474105835,2,,,2023-06-09 20:28:03,
b973ac361183cbb0,0.5651649832725525,-0.4228825271129608,-0.08215609937906265,-0.16071702539920807,1,-19.093000411987305,9.881999969482422,0.8229510188102722,0,-0.02663082629442215,3440.022216796875,2023-06-25 10:57:44,-10.589599609375
b973ac361183cbb0,0.42208951711654663,-0.6992430090904236,-1.2216891050338745,-2.2108912467956543,1,-18.54399871826172,8.930399894714355,1.1520459651947021,0,-0.6395393013954163,3440.022216796875,2023-06-25 10:57:45,-12.309800148010254
b973ac361183cbb0,0.22213150560855865,-0.4995289742946625,0.3015941083431244,0.2057231217622757,1,-16.116199493408203,7.429800033569336,0.45112547278404236,1,0.7371412515640259,3440.022216796875,2023-06-25 10:57:45,-15.603799819946289
b973ac361183cbb0,-0.18754450976848602,-0.46512502431869507,-0.6451317667961121,1.0344743728637695,1,-16.396799087524414,5.941400051116943,1.1503379344940186,2,0.6264901757240295,3440.022216796875,2023-06-25 10:57:45,-16.030799865722656
b973ac361183cbb0,0.111782506108284,-0.32204949855804443,-1.485201120376587,-0.30186042189598083,1,-22.350399017333984,0.18299999833106995,1.2121005058288574,3,-0.210782989859581,3440.022216796875,2023-06-25 10:57:45,-23.78999900817871
b973ac361183cbb0,0.13252249360084534,-0.029554501175880432,-0.278158962726593,0.2097177505493164,1,-22.996999740600586,-0.9393999576568604,1.0905275344848633,4,-0.05645735189318657,,2023-06-25 10:57:45,-23.911998748779297
b973ac361183cbb0,0.1584170013666153,-0.31668150424957275,-3.4549500942230225,-0.11677616834640503,1,-23.655799865722656,-2.19599986076355,0.8654374480247498,0,-0.4367455542087555,4999.3896484375,2023-06-25 10:57:46,-23.753398895263672
b973ac361183cbb0,0.23750349879264832,0.07493849843740463,,,1,,,1.091259479522705,1,,98613.0703125,2023-06-25 10:57:46,
b973ac361183cbb0,0.46677201986312866,-0.28297901153564453,-0.09014534205198288,0.12596380710601807,1,-32.47639846801758,-9.25979995727539,1.0370609760284424,0,0.0026630824431777,,2023-06-25 10:58:54,-25.327199935913086
b973ac361183cbb0,0.4899519681930542,-0.21706849336624146,0.42596006393432617,0.28162097930908203,1,-32.8302001953125,-8.173999786376953,1.0375490188598633,1,1.0235557556152344,26865.83203125,2023-06-25 10:58:54,-25.058799743652344
b973ac361183cbb0,0.2895060181617737,-0.09939949959516525,-0.12143656611442566,0.413843035697937,1,-32.84239959716797,-9.113399505615234,0.8812974691390991,0,0.08215609937906265,,2023-06-25 10:58:55,-24.094999313354492
b973ac361183cbb0,0.408425509929657,-0.15603800117969513,0.23754696547985077,-0.24993029236793518,1,-32.939998626708984,-10.125999450683594,0.715041995048523,1,-0.20319320261478424,27685.404296875,2023-06-25 10:58:55,-22.88719940185547
b973ac361183cbb0,0.537806510925293,-0.08424100279808044,-0.6496589779853821,-0.8203625679016113,1,-32.5984001159668,-10.833600044250488,0.9201240539550781,2,-0.6223623752593994,,2023-06-25 10:58:55,-22.17959976196289
b973ac361183cbb0,0.4399015009403229,-0.07423700392246246,0.08082455396652222,-0.3129121959209442,1,-32.31779861450195,-10.93120002746582,0.877637505531311,3,-0.5808182954788208,,2023-06-25 10:58:55,-22.54559898376465
b973ac361183cbb0,0.14646099507808685,-0.0962275043129921,-0.20598943531513214,0.24007689952850342,1,-33.52560043334961,-7.039400100708008,1.144726037979126,4,-0.18734785914421082,98170.8046875,2023-06-25 10:58:55,-17.726598739624023
b973ac361183cbb0,0.44063347578048706,-0.1340475082397461,0.38215234875679016,0.3412740230560303,1,-33.45240020751953,-6.6489996910095215,1.0832074880599976,0,0.4531235098838806,,2023-06-25 10:58:56,-17.958398818969727
b973ac361183cbb0,0.3979029953479767,-0.25955501198768616,,,1,-33.45240020751953,-6.514800071716309,0.9843264818191528,1,,55317.55078125,2023-06-25 10:58:56,-17.726598739624023
b973ac361183cbb0,0.6562075018882751,-0.026382500305771828,,,4,-9.284199714660645,16.116199493408203,0.8324669599533081,0,,,2023-06-25 10:42:30,-18.8612003326416
b973ac361183cbb0,0.6225355267524719,0.03269600123167038,0.017975807189941406,-0.038881003856658936,4,-9.223199844360352,16.177200317382812,0.774852454662323,1,0.01917419396340847,,2023-06-25 10:42:30,-18.983200073242188
b973ac361183cbb0,0.6085969805717468,0.022203998640179634,0.06204982474446297,-0.03661738336086273,4,-9.29640007019043,16.091798782348633,0.8310030102729797,2,0.035019535571336746,1121.165771484375,2023-06-25 10:42:30,-18.922199249267578
b973ac361183cbb0,0.6059130430221558,-0.04056499898433685,-0.08375394344329834,-0.20492419600486755,4,-9.394000053405762,15.725799560546875,0.7968125343322754,3,0.4063864052295685,1121.165771484375,2023-06-25 10:42:30,-19.068599700927734
b973ac361183cbb0,0.6054250001907349,0.0907985046505928,0.03049229457974434,-0.600924551486969,4,-9.29640007019043,15.152400016784668,0.7467619776725769,0,0.10186290740966797,1121.165771484375,2023-06-25 10:42:31,-19.410200119018555
b973ac361183cbb0,0.43770548701286316,0.10519450902938843,-0.17057043313980103,0.1227681040763855,4,-9.418399810791016,14.822999954223633,0.92768794298172,1,-0.040345702320337296,1121.165771484375,2023-06-25 10:42:31,-19.739599227905273
b973ac361183cbb0,0.41037747263908386,0.11031849682331085,0.21677492558956146,0.07350108027458191,4,-9.454999923706055,14.639999389648438,0.870805561542511,2,-0.029693370684981346,1121.165771484375,2023-06-25 10:42:31,-19.81279945373535
b973ac361183cbb0,0.4833639860153198,0.044652000069618225,0.11198262125253677,0.07137060910463333,4,-9.491600036621094,14.566800117492676,0.8285629749298096,3,-0.03328853100538254,1121.165771484375,2023-06-25 10:42:31,-19.78839874267578
b973ac361183cbb0,0.49312400817871094,0.0348920002579689,-0.01171756349503994,-0.025831900537014008,4,-33.72079849243164,-19.88599967956543,0.8832495212554932,4,0.005592473316937685,564.3977661132812,2023-06-25 10:42:31,-10.79699993133545
b973ac361183cbb0,0.4916599988937378,-0.0525209978222847,0.012383334338665009,0.021837277337908745,4,-33.574398040771484,-20.1299991607666,0.9350079894065857,0,0.00452724052593112,564.3977661132812,2023-06-25 10:43:50,-10.638400077819824
b973ac361183cbb0,0.4992240071296692,-0.06667300313711166,0.0026630824431777,-0.004260932095348835,4,-33.40359878540039,-19.800600051879883,0.8700734376907349,1,0.004260932095348835,564.3977661132812,2023-06-25 10:43:50,-10.504199981689453
b973ac361183cbb0,0.49019601941108704,-0.07301700115203857,-0.11358047276735306,-0.0063913981430232525,4,-33.257198333740234,-19.642000198364258,0.8956934809684753,0,-0.02942706272006035,564.3977661132812,2023-06-25 10:43:51,-10.223599433898926
b973ac361183cbb0,0.4945880174636841,-0.05862100049853325,0.08961272984743118,0.09001219272613525,4,-33.257198333740234,-19.50779914855957,0.880809485912323,1,-0.01810896210372448,564.3977661132812,2023-06-25 10:43:51,-10.150400161743164
b973ac361183cbb0,0.4999559819698334,-0.07936099916696548,-0.018375270068645477,-0.03448691964149475,4,-33.244998931884766,-19.593198776245117,0.8764175176620483,2,0.05406057462096214,564.3977661132812,2023-06-25 10:43:51,-10.089399337768555
b973ac361183cbb0,0.5341464877128601,-0.07374899834394455,-0.11824086308479309,-0.20732097327709198,4,-33.2327995300293,-19.50779914855957,0.8905695080757141,3,-0.04220985993742943,564.3977661132812,2023-06-25 10:43:51,-10.089399337768555
b973ac361183cbb0,0.44404950737953186,-0.020526500418782234,-0.008255556225776672,-0.03874785080552101,4,-26.84000015258789,-23.667999267578125,1.0082385540008545,4,-0.09387365728616714,669.0830688476562,2023-06-25 10:43:51,-14.432600021362305
b973ac361183cbb0,0.5604984760284424,-0.13502350449562073,-0.4014596939086914,0.07576470077037811,4,-27.047399520874023,-23.82659912109375,1.0297409296035767,0,-0.14167599380016327,669.0830688476562,2023-06-25 10:44:10,-13.944600105285645
b973ac361183cbb0,0.3908270001411438,0.17476500570774078,0.15033100545406342,-0.07469946891069412,4,-27.43779945373535,-24.143798828125,0.4997119903564453,1,-0.1440727710723877,669.0830688476562,2023-06-25 10:44:10,-13.61520004272461
b973ac361183cbb0,0.3825310170650482,0.21676349639892578,-0.44327008724212646,0.17403244972229004,4,-27.7549991607666,-24.24139976501465,0.7677764892578125,2,-0.16843996942043304,669.0830688476562,2023-06-25 10:44:10,-13.249199867248535
b973ac361183cbb0,0.5341464877128601,-0.04373699799180031,,,4,-28.047800064086914,-24.436599731445312,1.274838924407959,3,,669.0830688476562,2023-06-25 10:44:10,-12.505000114440918
b973ac361183cbb0,0.49849197268486023,0.1613449901342392,,,4,-28.13319969177246,-24.87579917907715,0.8588189482688904,0,,669.0830688476562,2023-06-25 10:44:11,-11.870599746704102
b973ac361183cbb0,0.3559350073337555,0.14109300076961517,,,4,,,0.8036445379257202,1,,669.0830688476562,2023-06-25 10:44:11,
b973ac361183cbb0,0.34321650862693787,0.030500002205371857,,,4,,,1.089551568031311,2,,832.2448120117188,2023-06-25 10:44:11,
b973ac361183cbb0,0.48970797657966614,-0.41849052906036377,,,4,,,0.9284200668334961,0,,993.1683349609375,2023-06-25 10:47:58,
b973ac361183cbb0,0.48677998781204224,-0.3664880096912384,,,4,,,0.819534957408905,1,,,2023-06-25 10:47:58,
b973ac361183cbb0,0.5759010314941406,-0.5429915189743042,,,4,,,0.8007164597511292,2,,1302.2486572265625,2023-06-25 10:47:58,
b973ac361183cbb0,0.6437634825706482,-0.43093448877334595,,,4,,,0.736270010471344,3,,,2023-06-25 10:47:58,
b973ac361183cbb0,0.5248745083808899,-0.36673200130462646,,,4,,,1.3222055435180664,4,,,2023-06-25 10:47:58,
b973ac361183cbb0,0.8449415564537048,-0.6311364769935608,,,4,,,0.5802624821662903,0,,792.5428466796875,2023-06-25 10:47:59,
b973ac361183cbb0,0.5927370190620422,0.0710040032863617,,,4,,,1.1044354438781738,0,,,2023-06-25 10:52:57,
b973ac361183cbb0,0.6174114942550659,-0.08180100470781326,,,4,,,0.8761734962463379,0,,833.4452514648438,2023-06-25 10:52:58,
b973ac361183cbb0,0.4601840078830719,0.19187550246715546,,,4,,,1.2182005643844604,1,,,2023-06-25 10:52:58,
b973ac361183cbb0,0.40915751457214355,0.03562399744987488,,,4,,,1.0285210609436035,2,,635.2470703125,2023-06-25 10:52:58,
b973ac361183cbb0,0.7126019597053528,0.17476500570774078,,,4,,,0.8913014531135559,3,,647.6945190429688,2023-06-25 10:52:58,
b973ac361183cbb0,0.6794180274009705,-0.0903714969754219,,,4,,,0.8283189535140991,0,,1002.2665405273438,2023-06-25 10:54:44,
b973ac361183cbb0,0.594933032989502,0.04367600008845329,,,4,,,0.820510983467102,1,,,2023-06-25 10:54:44,
b973ac361183cbb0,0.6003010272979736,0.018757499754428864,,,4,,,0.808555006980896,2,,1205.06201171875,2023-06-25 10:54:44,
b973ac361183cbb0,0.6115249991416931,-0.0224785003811121,,,4,,,0.8944734930992126,0,,,2023-06-25 10:54:45,
b973ac361183cbb0,0.5971290469169617,-0.017842499539256096,0.014780107885599136,-0.07709623873233795,4,,,0.8183150291442871,1,-0.015312724746763706,1063.965087890625,2023-06-25 10:54:45,
b973ac361183cbb0,0.4992240071296692,-0.010034499689936638,-0.017176883295178413,-0.039813082665205,4,-34.891998291015625,6.783199787139893,0.9078934788703918,2,-0.006924014538526535,1063.965087890625,2023-06-25 10:54:45,6.734399795532227
b973ac361183cbb0,0.5153584480285645,0.0016775000840425491,,,4,-34.879798889160156,6.575799942016602,0.8888615369796753,3,,,2023-06-25 10:54:45,6.5269999504089355
b973ac361183cbb0,0.5696790218353271,-0.31497350335121155,,,1,-30.048599243164062,15.677000045776367,1.0629249811172485,0,,4334.34716796875,2023-06-26 16:39:40,-10.357799530029297
b973ac361183cbb0,0.5778530240058899,-0.5023350119590759,-1.0856056213378906,-0.2966673970222473,1,-29.10919952392578,14.322799682617188,1.0105565786361694,1,-0.0555252730846405,4334.34716796875,2023-06-26 16:39:40,-12.9197998046875
b973ac361183cbb0,0.22347350418567657,-0.2517470121383667,0.17696183919906616,0.00905448105186224,1,-28.340599060058594,14.432600021362305,0.8859334588050842,2,0.0964035913348198,,2023-06-26 16:39:40,-13.944600105285645
b973ac361183cbb0,0.4307515025138855,-0.32217147946357727,0.12370018661022186,0.6521888971328735,1,-25.24180030822754,13.871399879455566,0.8147770166397095,3,-0.48867565393447876,1805.76904296875,2023-06-26 16:39:40,-17.27519989013672
b973ac361183cbb0,0.11044050008058548,0.18455550074577332,0.3721657991409302,0.5026568174362183,1,-24.094999313354492,14.005599975585938,1.9208290576934814,0,-0.3784240186214447,,2023-06-26 16:39:41,-18.129199981689453
b973ac361183cbb0,-0.026412999257445335,-0.21902050077915192,-0.44327008724212646,0.5031894445419312,1,-23.948598861694336,14.017799377441406,0.8449109792709351,1,0.9491226077079773,1805.76904296875,2023-06-26 16:39:41,-18.27560043334961
b973ac361183cbb0,0.3402884900569916,-0.13331550359725952,-0.1760297566652298,0.2820204496383667,1,-24.290199279785156,13.383399963378906,0.963312029838562,2,0.18042384088039398,1805.76904296875,2023-06-26 16:39:41,-18.458599090576172
b973ac361183cbb0,0.20261150598526,-0.18141399323940277,-0.07576470077037811,0.20678836107254028,1,-24.704999923706055,12.3951997756958,1.1211495399475098,3,0.4411396384239197,1805.76904296875,2023-06-26 16:39:41,-18.385398864746094
b973ac361183cbb0,0.3983909785747528,-0.15530599653720856,-0.16897258162498474,0.08761541545391083,1,-24.5585994720459,10.687199592590332,0.5701364874839783,4,0.6315500140190125,1805.76904296875,2023-06-26 16:39:41,-19.19059944152832
b973ac361183cbb0,0.299296498298645,-0.2966429889202118,,,1,,,1.2680070400238037,0,,,2023-06-26 16:39:42,
b973ac361183cbb0,0.2093214988708496,0.16451700031757355,0.15965180099010468,-0.1828206181526184,1,-27.85260009765625,-7.405399799346924,0.9324460029602051,0,-0.763505756855011,7.782753944396973,2023-06-26 16:41:30,-18.714799880981445
b973ac361183cbb0,0.098362497985363,0.41550150513648987,0.016910573467612267,-0.39493513107299805,1,-26.010398864746094,-6.7465996742248535,0.9340320229530334,1,0.16324695944786072,7.782753944396973,2023-06-26 16:41:30,-20.89859962463379
b973ac361183cbb0,0.22420550882816315,0.22396151721477509,-0.1709699034690857,0.30478981137275696,1,-25.131999969482422,-7.441999912261963,1.2915834188461304,0,0.09267527610063553,7.782753944396973,2023-06-26 16:41:31,-21.350000381469727
b973ac361183cbb0,9.14999982342124e-05,0.021716000512242317,-0.17030413448810577,0.29400432109832764,1,-24.668399810791016,-8.210599899291992,0.8998414874076843,1,-0.09453943371772766,7.782753944396973,2023-06-26 16:41:31,-21.337799072265625
b973ac361183cbb0,0.12617850303649902,0.1386529952287674,0.5018579363822937,-0.3318201005458832,1,-24.1560001373291,-8.442399978637695,0.8223409652709961,2,0.0852186381816864,7.782753944396973,2023-06-26 16:41:31,-21.49639892578125
b973ac361183cbb0,0.23689350485801697,0.14792500436306,-0.11957240849733353,0.19746756553649902,1,-23.631399154663086,-8.576600074768066,0.9895725250244141,3,0.23475073277950287,7.782753944396973,2023-06-26 16:41:31,-21.752599716186523
b973ac361183cbb0,-0.08561350405216217,0.18797150254249573,-0.2467346042394638,0.45219141244888306,1,-23.54599952697754,-8.7839994430542,1.0923575162887573,4,-0.0824224054813385,,2023-06-26 16:41:31,-21.52079963684082
b973ac361183cbb0,0.13606050610542297,0.04879999905824661,-0.2557890713214874,0.02410089783370495,1,-23.643600463867188,-9.210999488830566,0.7897365093231201,0,0.5583152770996094,0,2023-06-26 16:41:32,-21.16699981689453
b973ac361183cbb0,0.31198450922966003,0.2131035178899765,,,1,,,1.3000015020370483,1,,,2023-06-26 16:41:32,
b973ac361183cbb0,0.4593299925327301,-0.19950050115585327,,,5,16.591999053955078,-1.8421999216079712,0.9701744914054871,0,,,2023-06-26 16:36:55,-32.53739929199219
b973ac361183cbb0,0.34895050525665283,0.01424350030720234,-0.7182333469390869,-0.413843035697937,5,16.628599166870117,-6.3805999755859375,0.731145977973938,0,-0.1524614691734314,17.62775421142578,2023-06-26 16:36:56,-30.82939910888672
b973ac361183cbb0,0.18257300555706024,-0.0702110007405281,-3.787569284439087,0.7382065057754517,5,14.090999603271484,-14.27400016784668,1.3369674682617188,1,-1.3334054946899414,17.62775421142578,2023-06-26 16:36:56,-26.388599395751953
b973ac361183cbb0,-0.07682950049638748,-0.11855349689722061,-0.5797531008720398,-1.2452573776245117,5,,,0.3341884911060333,2,1.2874672412872314,17.62775421142578,2023-06-26 16:36:56,
b973ac361183cbb0,0.5579364895820618,-0.11208749562501907,,,5,6.2829999923706055,-17.848600387573242,1.0277889966964722,0,,23.254056930541992,2023-06-26 16:37:13,-29.328800201416016
b973ac361183cbb0,0.3887529969215393,-0.4253225028514862,-0.026364516466856003,-0.25871846079826355,5,6.209799766540527,-17.628999710083008,1.0619490146636963,1,-0.51796954870224,,2023-06-26 16:37:13,-29.316598892211914
b973ac361183cbb0,0.5496404767036438,-0.14383800327777863,0.5118444561958313,-0.12876003980636597,5,6.3805999755859375,-16.84819984436035,0.6688954830169678,2,-0.011451254598796368,66.95703887939453,2023-06-26 16:37:13,-29.609399795532227
b973ac361183cbb0,0.4425854980945587,-0.2722429931163788,-0.21624229848384857,0.12915951013565063,5,6.417200088500977,-16.55539894104004,1.1004095077514648,3,0.35898351669311523,,2023-06-26 16:37:13,-29.828998565673828
b973ac361183cbb0,0.11410050094127655,-0.07875099778175354,0.28907760977745056,0.7990579009056091,5,5.599800109863281,-15.701399803161621,0.959164023399353,4,0.48401525616645813,24.124244689941406,2023-06-26 16:37:13,-30.304800033569336
b973ac361183cbb0,0.4718959927558899,0.05368000268936157,1.888924479484558,-0.13275466859340668,5,4.428599834442139,-12.687999725341797,0.70455002784729,0,0.4250279664993286,,2023-06-26 16:37:14,-31.268598556518555
b973ac361183cbb0,0.5950550436973572,-0.2643129825592041,,,5,6.2708001136779785,-7.795799732208252,1.087843418121338,1,,,2023-06-26 16:37:14,-31.561399459838867
b973ac361183cbb0,-0.06276899576187134,-0.4210525155067444,0.22849248349666595,-2.696371078491211,5,9.89419937133789,-2.281399965286255,1.2634929418563843,2,0.7991910576820374,5.845983028411865,2023-06-26 16:37:14,-30.865999221801758
b973ac361183cbb0,0.20431949198246002,-0.18861199915409088,1.0180964469909668,1.3690907955169678,5,12.944199562072754,3.6721999645233154,0.9778605103492737,3,0.11397993564605713,,2023-06-26 16:37:14,-30.18280029296875
b973ac361183cbb0,0.30149248242378235,-0.04129699990153313,,,5,15.518399238586426,7.515199661254883,0.4157150089740753,4,,,2023-06-26 16:37:14,-29.255599975585938
b973ac361183cbb0,0.5940790176391602,-0.9151829481124878,-0.9211602807044983,0.875754714012146,5,14.23740005493164,7.685999870300293,1.839058518409729,5,0.5339480638504028,3.313453197479248,2023-06-26 16:37:14,-29.42639923095703
b973ac361183cbb0,0.5163345336914062,-0.3530679941177368,,,5,9.101200103759766,10.174799919128418,1.0529210567474365,6,,,2023-06-26 16:37:14,-30.231599807739258
b973ac361183cbb0,-0.42471250891685486,-0.38686200976371765,3.6046154499053955,1.3459218740463257,5,2.781599998474121,14.944999694824219,-0.11187399923801422,7,-0.20306004583835602,,2023-06-26 16:37:14,-28.633399963378906
b973ac361183cbb0,-0.4764710068702698,-0.9581575393676758,2.5558934211730957,-2.4943761825561523,5,2.842599868774414,20.678998947143555,0.3252519965171814,0,-1.79837965965271,0,2023-06-26 16:37:15,-23.399599075317383
b973ac361183cbb0,0.518408477306366,-1.810815453529358,,,5,6.5879998207092285,26.49839973449707,0.6057910323143005,1,,,2023-06-26 16:37:15,-16.60420036315918
b973ac361183cbb0,0.5629384517669678,-0.8786745071411133,0.4665720760822296,-1.0247541666030884,5,,,0.38387301564216614,2,-1.342193603515625,,2023-06-26 16:37:15,
b973ac361183cbb0,0.3341884911060333,-0.15225601196289062,,,5,-13.322400093078613,-22.972599029541016,0.7407839894294739,0,,99.87992858886719,2023-06-26 16:37:27,-23.326398849487305
b973ac361183cbb0,0.43819350004196167,-0.0019825000781565905,0.5778889060020447,0.16018441319465637,5,-12.736800193786621,-22.728599548339844,0.9746884703636169,1,0.1260969638824463,124.75836181640625,2023-06-26 16:37:27,-23.52159881591797
b973ac361183cbb0,0.4346555173397064,-0.09817949682474136,0.4615122079849243,0.16564373672008514,5,-12.468400001525879,-22.094200134277344,1.2016085386276245,2,0.38494858145713806,,2023-06-26 16:37:27,-24.16819953918457
b973ac361183cbb0,0.3391905128955841,-0.28761500120162964,-0.11544463038444519,0.031024912372231483,5,-11.870599746704102,-21.886798858642578,0.732122004032135,0,0.7870740294456482,69.30160522460938,2023-06-26 16:37:28,-24.570798873901367
b973ac361183cbb0,0.3979029953479767,-0.19852450489997864,-0.14886631071567535,-0.20958459377288818,5,-11.053199768066406,-22.045398712158203,0.7528619766235352,1,0.0695064514875412,69.30160522460938,2023-06-26 16:37:28,-24.643999099731445
b973ac361183cbb0,0.35569101572036743,0.06758800148963928,0.04473978653550148,-0.07296846061944962,5,-10.430999755859375,-21.972200393676758,1.0546289682388306,2,-0.2287587970495224,,2023-06-26 16:37:28,-24.619600296020508
b973ac361183cbb0,0.49141600728034973,0.0348920002579689,0.5251598954200745,-0.381220281124115,1,-6.075599670410156,-32.244598388671875,0.9132614731788635,0,0.2668408751487732,46181.76171875,2023-06-25 10:59:47,-27.608598709106445
b973ac361183cbb0,0.6193634867668152,0.22676749527454376,-0.5617772936820984,-1.5347344875335693,1,-2.915799856185913,-32.305599212646484,0.8793455362319946,1,0.5396736860275269,,2023-06-25 10:59:47,-28.42599868774414
b973ac361183cbb0,0.2538820207118988,-0.11184350401163101,-0.15885287523269653,0.35618728399276733,1,0.7563999891281128,-33.000999450683594,1.013850450515747,2,0.4137098789215088,102521.1953125,2023-06-25 10:59:47,-27.81599998474121
b973ac361183cbb0,0.10397449880838394,-0.039101000875234604,1.0818772315979004,0.14487169682979584,1,2.85479998588562,-32.573997497558594,0.9579439759254456,3,-0.19413872063159943,,2023-06-25 10:59:47,-28.084400177001953
b973ac361183cbb0,0.33516448736190796,0.43062952160835266,3.5071465969085693,2.9965004920959473,1,-0.5489999651908875,-30.036399841308594,0.590754508972168,0,-2.526998996734619,113261.5,2023-06-25 10:59:48,-27.181598663330078
b973ac361183cbb0,0.09763050079345703,-0.4509425163269043,,,1,,,1.292925477027893,1,,23691.021484375,2023-06-25 10:59:48,
b973ac361183cbb0,0.27340200543403625,0.03172000125050545,0.020372580736875534,-0.3695026934146881,1,-7.332200050354004,-25.21739959716797,1.2826470136642456,0,0.04647079110145569,,2023-06-25 11:00:30,-26.547199249267578
b973ac361183cbb0,0.20700350403785706,0.044652000069618225,,,1,-7.063799858093262,-24.44879913330078,1.3185454607009888,1,,,2023-06-25 11:00:30,-26.766799926757812
b973ac361183cbb0,0.2709619998931885,-0.05984099954366684,0.15405932068824768,0.18042384088039398,1,,,0.6327530145645142,2,0.17296721041202545,100001.6171875,2023-06-25 11:00:30,
b973ac361183cbb0,0.32638049125671387,-0.045444998890161514,-0.36644014716148376,-0.8210283517837524,1,-6.307399749755859,-24.363399505615234,0.726997971534729,0,-0.2696371078491211,,2023-06-25 11:00:31,-26.87660026550293
b973ac361183cbb0,0.2904820144176483,0.05319200083613396,-0.9464595317840576,0.3868127465248108,1,-2.0983998775482178,-22.008800506591797,1.1984364986419678,1,-0.5978620052337646,,2023-06-25 11:00:31,-22.765199661254883
b973ac361183cbb0,0.427701473236084,0.05368000268936157,-0.205190509557724,0.05312849581241608,1,-2.805999994277954,-23.021400451660156,0.779976487159729,2,-0.4383433759212494,83561.875,2023-06-25 11:00:31,-21.24020004272461
b973ac361183cbb0,0.36154699325561523,0.12495850026607513,0.6439333558082581,-0.12543119490146637,1,-3.2330000400543213,-23.57040023803711,0.955016016960144,3,0.5308855175971985,,2023-06-25 11:00:31,-20.386199951171875
b973ac361183cbb0,0.1386224925518036,0.10983049869537354,0.044207170605659485,-0.2668408751487732,1,-2.964599847793579,-23.594799041748047,1.0624370574951172,4,-0.33221954107284546,103469.4921875,2023-06-25 11:00:31,-20.22760009765625
b973ac361183cbb0,0.16622500121593475,0.1571969985961914,-0.2450035959482193,0.5904054045677185,1,-3.147599935531616,-23.655799865722656,0.8578429818153381,5,0.016910573467612267,,2023-06-25 11:00:31,-20.069000244140625
b973ac361183cbb0,0.32345250248908997,0.030743999406695366,0.28681400418281555,-0.23981058597564697,1,-3.3427999019622803,-24.22920036315918,0.8771494626998901,0,0.1070559173822403,77066.9375,2023-06-25 11:00:32,-19.105199813842773
b973ac361183cbb0,0.4875119924545288,0.05929199978709221,0.36257869005203247,-0.7196980714797974,1,-3.171999931335449,-24.595199584960938,1.2172244787216187,1,0.4339492917060852,,2023-06-25 11:00:32,-18.714799880981445
b973ac361183cbb0,0.15304900705814362,0.038307998329401016,0.07376738637685776,0.5619103908538818,1,-2.952399969100952,-24.86359977722168,1.0145825147628784,2,-0.027829213067889214,113185.7578125,2023-06-25 11:00:32,-18.397600173950195
b973ac361183cbb0,-0.02348499931395054,0.010461500845849514,-0.30412402749061584,0.09680305421352386,1,-3.1842000484466553,-24.5585994720459,1.1320379972457886,3,-0.4665720760822296,,2023-06-25 11:00:32,-18.507400512695312
b973ac361183cbb0,0.2616899907588959,-0.05056900158524513,-0.18242116272449493,-0.12849372625350952,1,-3.2086000442504883,-24.18039894104004,1.063169002532959,4,-0.7312824726104736,95510.796875,2023-06-25 11:00:32,-19.019800186157227
b973ac361183cbb0,0.2516860067844391,0.037087999284267426,-0.11091738939285278,0.13128997385501862,1,-3.5867998600006104,-23.802200317382812,1.0893075466156006,0,-0.1474016159772873,,2023-06-25 11:00:33,-19.28820037841797
b973ac361183cbb0,0.08417999744415283,-0.0525209978222847,-0.07975932210683823,-0.14713531732559204,1,-4.428599834442139,-23.83880043029785,1.0839394330978394,1,0.1272953450679779,91800.0546875,2023-06-25 11:00:33,-19.105199813842773
b973ac361183cbb0,0.18647700548171997,0.022203998640179634,0.1906767040491104,0.1524614691734314,1,-4.843400001525879,-23.777799606323242,0.9259799718856812,2,0.08708280324935913,,2023-06-25 11:00:33,-19.031999588012695
b973ac361183cbb0,0.2812100052833557,0.007777499966323376,,,1,,,1.0331569910049438,3,,,2023-06-25 11:00:33,
b973ac361183cbb0,0.4670160114765167,0.21285949647426605,,,1,-10.601799964904785,-26.266599655151367,1.0255929231643677,0,,51440.07421875,2023-06-25 11:00:39,-10.79699993133545
b973ac361183cbb0,0.38643500208854675,0.34178298711776733,-0.07376738637685776,-0.39560091495513916,1,-9.686800003051758,-26.327598571777344,0.9069175124168396,1,-0.4738955497741699,,2023-06-25 11:00:39,-11.260600090026855
b973ac361183cbb0,0.33467650413513184,0.22261948883533478,-0.10625699162483215,-2.267881155014038,1,-8.930399894714355,-25.680999755859375,0.7619204521179199,2,-0.43488138914108276,122700.0703125,2023-06-25 11:00:39,-12.639200210571289
b973ac361183cbb0,-0.03690500184893608,0.12349449843168259,0.47522708773612976,0.8484581112861633,1,-8.722999572753906,-24.912399291992188,1.105411410331726,0,0.08122401684522629,,2023-06-25 11:00:40,-13.688399314880371
b973ac361183cbb0,0.41916152834892273,0.1462169885635376,0.35006219148635864,0.13208889961242676,1,-8.796199798583984,-23.54599952697754,0.89325350522995,1,0.3089175820350647,110279.234375,2023-06-25 11:00:40,-14.993800163269043
b973ac361183cbb0,0.052216000854969025,0.02635199949145317,3.0361804962158203,0.2944037914276123,1,-9.503799438476562,-20.764400482177734,1.4210865497589111,2,-0.47802332043647766,51897.296875,2023-06-25 11:00:40,-16.469999313354492
b973ac361183cbb0,0.15329299867153168,-0.6204004883766174,0.34340450167655945,-0.16604319214820862,1,11.370399475097656,-23.118999481201172,0.4379494786262512,3,-1.0611052513122559,4390.05908203125,2023-06-25 11:00:40,-30.768400192260742
b973ac361183cbb0,0.21334750950336456,0.32516050338745117,-0.49080610275268555,-0.09933298081159592,1,8.95479965209961,-25.18079948425293,1.1154155731201172,0,-1.4443228244781494,365.0408935546875,2023-06-25 11:01:24,-30.036399841308594
b973ac361183cbb0,0.0710040032863617,0.21237149834632874,-0.06537867337465286,-0.312779039144516,1,,,0.7416380047798157,1,-0.9125052094459534,,2023-06-25 11:01:24,
b973ac361183cbb0,0.14011700451374054,0.22554749250411987,0.05352795869112015,0.24154159426689148,1,4.282199859619141,-27.303600311279297,0.98066645860672,0,-0.7781527042388916,842.617919921875,2023-06-25 11:01:25,-29.621599197387695
b973ac361183cbb0,0.11105049401521683,0.083234503865242,-0.35192635655403137,-0.008921326138079166,1,2.0495998859405518,-27.742799758911133,0.9770064353942871,1,-0.7920007705688477,,2023-06-25 11:01:25,-29.12139892578125
b973ac361183cbb0,0.15573300421237946,-0.05203299596905708,-0.6085143685340881,-0.2001306563615799,1,1.500599980354309,-26.608200073242188,1.2128324508666992,2,-0.5026568174362183,531.2967529296875,2023-06-25 11:01:25,-28.096599578857422
b973ac361183cbb0,0.3232084810733795,0.10104650259017944,-0.781215250492096,0.4121120274066925,1,-0.6588000059127808,-27.23040008544922,0.9799345135688782,3,-0.8194305300712585,531.2967529296875,2023-06-25 11:01:25,-26.79119873046875
b973ac361183cbb0,0.2551020085811615,0.19480349123477936,0.11877348273992538,-0.17922545969486237,1,-3.3794000148773193,-29.060400009155273,0.8966695666313171,4,-0.04327509179711342,531.2967529296875,2023-06-25 11:01:25,-26.107999801635742
b973ac361183cbb0,0.43184947967529297,0.2394859939813614,-0.2500634491443634,0.20279373228549957,1,-6.819799900054932,-30.14620018005371,0.6969555020332336,0,0.389209508895874,531.2967529296875,2023-06-25 11:01:26,-24.034000396728516
b973ac361183cbb0,0.13886649906635284,0.30564048886299133,0.09374050796031952,-0.07856093347072601,1,-9.625800132751465,-30.53660011291504,0.9054535627365112,1,-0.3071865737438202,531.2967529296875,2023-06-25 11:01:26,-22.130800247192383
b973ac361183cbb0,0.1903810054063797,0.12422650307416916,0.024633513763546944,-0.18361954391002655,1,-11.833999633789062,-30.634199142456055,0.9657520055770874,2,-0.03901416063308716,531.2967529296875,2023-06-25 11:01:26,-20.55699920654297
b973ac361183cbb0,0.1928514987230301,0.049775999039411545,-0.044606633484363556,-0.00852186419069767,1,-13.261399269104004,-30.865999221801758,0.963312029838562,3,0.18548369407653809,531.2967529296875,2023-06-25 11:01:26,-19.080799102783203
b973ac361183cbb0,0.3676469922065735,0.09689849615097046,0.07203638553619385,-0.36870378255844116,1,-13.968999862670898,-31.280799865722656,0.884957492351532,4,0.24740037322044373,531.2967529296875,2023-06-25 11:01:26,-17.83639907836914
b973ac361183cbb0,0.3613030016422272,0.06392800062894821,0.2529928386211395,-0.038881003856658936,1,-14.115399360656738,-31.390600204467773,0.9357399940490723,0,0.09507204592227936,531.2967529296875,2023-06-25 11:01:27,-17.433799743652344
b973ac361183cbb0,0.11739449948072433,0.3415389955043793,-0.07616416364908218,-0.0025299284607172012,1,-13.541999816894531,-31.390600204467773,1.2738629579544067,1,-0.10159660130739212,531.2967529296875,2023-06-25 11:01:27,-17.677799224853516
b973ac361183cbb0,0.15012100338935852,0.32296448945999146,-0.062316130846738815,0.20865251123905182,1,,,0.8175830245018005,2,-0.3689700961112976,,2023-06-25 11:01:27,
b973ac361183cbb0,0.5404905080795288,-0.5095329880714417,-0.4037233293056488,-0.7302172183990479,6,-35.46540069580078,3.5013999938964844,0.639585018157959,0,-0.3605813682079315,3418.0810546875,2023-06-25 11:07:45,-17.445999145507812
b973ac361183cbb0,0.5382944941520691,-0.47586098313331604,-1.4114338159561157,-2.229665756225586,6,-31.256399154663086,3.09879994392395,0.8280749917030334,1,-1.0362054109573364,3418.0810546875,2023-06-25 11:07:45,-22.691999435424805
b973ac361183cbb0,0.4172095060348511,-0.4345944821834564,-0.04087831825017929,1.8640246391296387,6,-29.255599975585938,1.476199984550476,0.7750965356826782,2,0.42968836426734924,3418.0810546875,2023-06-25 11:07:45,-24.961198806762695
b973ac361183cbb0,-0.13846999406814575,-0.058132998645305634,-0.6029219031333923,0.5772231221199036,6,-29.902198791503906,-1.1589999198913574,1.1730300188064575,3,-0.3031919598579407,3418.0810546875,2023-06-25 11:07:45,-24.54640007019043
b973ac361183cbb0,0.45994001626968384,-0.22975650429725647,0.1688394397497177,-1.4152952432632446,6,-30.011999130249023,-1.5981999635696411,0.7489579916000366,0,0.24793298542499542,3418.0810546875,2023-06-25 11:07:46,-25.11979866027832
b973ac361183cbb0,0.19968350231647491,-0.23610050976276398,0.4446016252040863,0.4660394489765167,6,-29.572799682617188,-2.19599986076355,0.823682963848114,1,0.5936011075973511,3418.0810546875,2023-06-25 11:07:46,-25.729799270629883
b973ac361183cbb0,0.12910650670528412,-0.23000049591064453,0.1800243854522705,0.26657456159591675,6,-29.46299934387207,-2.769399881362915,1.282891035079956,2,0.5018579363822937,3418.0810546875,2023-06-25 11:07:46,-25.888399124145508
b973ac361183cbb0,0.26949799060821533,-0.28395500779151917,0.04873441159725189,-0.03222329914569855,6,-29.42639923095703,-3.3306000232696533,0.8847135305404663,3,-0.030359141528606415,3418.0810546875,2023-06-25 11:07:46,-25.888399124145508
b973ac361183cbb0,0.37472298741340637,-0.16189399361610413,0.005592473316937685,0.0185084231197834,6,-28.657798767089844,-4.489599704742432,0.9088694453239441,4,0.05193011090159416,3418.0810546875,2023-06-25 11:07:46,-26.80340003967285
b973ac361183cbb0,0.3073485195636749,-0.29862549901008606,0.03581846132874489,0.0007989247678779066,6,-28.962799072265625,-5.53879976272583,0.9513559937477112,0,-0.05086487531661987,3418.0810546875,2023-06-25 11:07:47,-26.425199508666992
b973ac361183cbb0,0.3471204936504364,-0.23048850893974304,-0.27376487851142883,-0.2343512624502182,6,-29.40199851989746,-5.965799808502197,0.9091135263442993,1,-0.29959678649902344,,2023-06-25 11:07:47,-25.949399948120117
b973ac361183cbb0,0.38131099939346313,-0.23976050317287445,-0.9367392659187317,0.5276898145675659,6,-28.950599670410156,-6.3196001052856445,0.9047214388847351,2,-0.34100770950317383,3930.42138671875,2023-06-25 11:07:47,-26.559398651123047
b973ac361183cbb0,0.2648620009422302,-0.24195650219917297,-2.3561623096466064,1.1673622131347656,6,-29.52400016784668,-7.088200092315674,0.8730015158653259,3,-0.4284899830818176,,2023-06-25 11:07:47,-25.290599822998047
b973ac361183cbb0,0.32638049125671387,0.21651950478553772,1.2065095901489258,-1.2995842695236206,6,-32.43980026245117,-5.807199954986572,1.036573052406311,4,-0.7689650654792786,3828.743408203125,2023-06-25 11:07:47,-19.422399520874023
b973ac361183cbb0,0.808555006980896,0.700402021408081,-0.4485962688922882,-1.9963798522949219,6,-32.4276008605957,-5.563199996948242,0.3979029953479767,0,-0.9164998531341553,3828.743408203125,2023-06-25 11:07:48,-19.4955997467041
b973ac361183cbb0,0.7333725094795227,-0.28346699476242065,,,6,-40.15019989013672,-2.354599952697754,1.0026264190673828,1,,9616.44921875,2023-06-25 11:07:48,-5.453399658203125
b973ac361183cbb0,0.6699020266532898,-0.11965149641036987,0.32103461027145386,-0.10865376889705658,6,,,0.5885584950447083,0,0.027429750189185143,,2023-06-25 11:08:54,
b973ac361183cbb0,0.764848530292511,-0.3862519860267639,-0.2998631000518799,-0.14700216054916382,6,-39.84519958496094,-1.8421999216079712,0.783148467540741,1,-0.19653549790382385,,2023-06-25 11:08:54,-6.3317999839782715
b973ac361183cbb0,0.6901540160179138,-0.14652200043201447,-0.3251623809337616,-0.6335473656654358,6,-39.674400329589844,-1.524999976158142,0.7829045057296753,2,-0.09294158220291138,3813.208984375,2023-06-25 11:08:54,-7.002799987792969
b973ac361183cbb0,0.6696580052375793,-0.23463648557662964,-1.114366888999939,-0.9101084470748901,6,-38.869197845458984,-1.7567999362945557,0.8253910541534424,0,-0.24034319818019867,,2023-06-25 11:08:55,-9.040200233459473
b973ac361183cbb0,0.5280464887619019,-0.1416420042514801,0.262446790933609,0.27336543798446655,6,-38.30799865722656,-2.134999990463257,0.8385670185089111,1,0.2304897904396057,3813.208984375,2023-06-25 11:08:55,-10.467599868774414
b973ac361183cbb0,0.5421984791755676,-0.15579399466514587,,,6,,,0.929639995098114,3,,,2023-06-25 11:10:00,
b973ac361183cbb0,0.4706760346889496,-0.32204949855804443,,,1,-16.360198974609375,-2.232599973678589,1.002382516860962,0,,,2023-06-06 06:23:50,-4.184599876403809
b973ac361183cbb0,0.45405352115631104,-0.3530679941177368,-0.1362166702747345,-0.2158428430557251,1,-11.56559944152832,1.7445999383926392,0.8090429902076721,0,-1.305576205253601,77.16812133789062,2023-06-06 06:23:51,-5.611999988555908
b973ac361183cbb0,0.32174450159072876,-0.4695170223712921,-0.45898228883743286,0.3808208107948303,1,-7.625,5.453399658203125,1.0290089845657349,1,-2.1970431804656982,77.16812133789062,2023-06-06 06:23:51,-5.22160005569458
b973ac361183cbb0,0.06148799881339073,-0.21950848400592804,-0.16111649572849274,-0.4049217104911804,1,-18.141399383544922,20.459400177001953,0.7494459748268127,2,-1.2077078819274902,,2023-06-06 06:23:51,-4.013800144195557
b973ac361183cbb0,-0.15408600866794586,-0.36673200130462646,-1.9091638326644897,1.2668284177780151,1,-16.628599166870117,20.032400131225586,0.9620919823646545,3,-0.9761528968811035,10.771787643432617,2023-06-06 06:23:51,-4.294399738311768
b973ac361183cbb0,-0.10818350315093994,-0.17555800080299377,-2.094248056411743,-0.02090519852936268,1,-14.90839958190918,18.94659996032715,1.1107795238494873,4,-1.555639624595642,,2023-06-06 06:23:51,-6.5513997077941895
b973ac361183cbb0,-0.03373299911618233,0.2785260081291199,,,1,-12.492799758911133,15.786799430847168,1.1420419216156006,0,,7.4684882164001465,2023-06-06 06:23:52,-8.796199798583984
b973ac361183cbb0,0.35544702410697937,0.3222324848175049,-2.5296621322631836,-1.3907948732376099,1,,,0.48186951875686646,1,-1.068695068359375,,2023-06-06 06:23:52,
b973ac361183cbb0,0.35410499572753906,-0.04129699990153313,,,1,-36.892799377441406,-5.368000030517578,1.0506030321121216,0,,0,2023-06-06 06:26:58,-11.065400123596191
b973ac361183cbb0,0.3534950017929077,0.06856400519609451,-0.3544562757015228,0.1451379954814911,1,-37.222198486328125,-4.97760009765625,1.0624370574951172,0,-0.6746919751167297,,2023-06-06 06:26:59,-12.236599922180176
b973ac361183cbb0,0.39351099729537964,-0.1579899936914444,-0.3368799388408661,-0.06750914454460144,1,-37.270999908447266,-5.075200080871582,1.1378940343856812,1,-0.5230293869972229,0,2023-06-06 06:26:59,-12.57819938659668
b973ac361183cbb0,0.28926199674606323,-0.2143845111131668,-0.5339480638504028,-0.13754820823669434,1,-37.344200134277344,-4.940999984741211,0.6876835227012634,2,-0.4171718955039978,,2023-06-06 06:26:59,-12.651399612426758
b973ac361183cbb0,0.16817699372768402,0.16207700967788696,-0.6659038066864014,0.15206201374530792,1,-37.44179916381836,-4.684800148010254,1.0617049932479858,3,-0.7169018387794495,0,2023-06-06 06:26:59,-12.529399871826172
b973ac361183cbb0,0.43721750378608704,0.10446249693632126,-0.2960016131401062,0.16670896112918854,1,-37.47840118408203,-4.306600093841553,1.0663410425186157,4,-0.28335198760032654,,2023-06-06 06:26:59,-12.57819938659668
b973ac361183cbb0,0.2651059925556183,0.2299395054578781,0.222101092338562,-0.09773512929677963,1,-37.38079833984375,-4.0381999015808105,0.8034005165100098,0,0.008122402243316174,0,2023-06-06 06:27:00,-12.687999725341797
b973ac361183cbb0,0.29856452345848083,0.01802550069987774,0.09613727778196335,0.058454662561416626,1,-37.17340087890625,-3.8551998138427734,0.7011035084724426,1,0.13142313063144684,0,2023-06-06 06:27:00,-12.822199821472168
b973ac361183cbb0,0.44526952505111694,0.07051600515842438,-0.4726971685886383,-0.17736129462718964,1,-36.92939758300781,-3.6111998558044434,1.1237115859985352,2,-0.007856093347072601,,2023-06-06 06:27:00,-13.017399787902832
b973ac361183cbb0,0.1945594996213913,0.13645699620246887,-0.21930484473705292,0.24939768016338348,1,,,0.9113094806671143,3,0.6772218942642212,,2023-06-06 06:27:00,
b973ac361183cbb0,0.20871149003505707,0.051239997148513794,0.1037270650267601,-1.1880011558532715,5,-36.331600189208984,7.515199661254883,0.9056975245475769,0,-0.9907998442649841,85.94003295898438,2023-06-06 06:56:33,-13.493199348449707
b973ac361183cbb0,0.09031049907207489,-0.13063150644302368,-1.0836082696914673,-0.45392242074012756,5,-33.79399871826172,8.2593994140625,0.5411919951438904,1,0.2897433936595917,85.94003295898438,2023-06-06 06:56:33,-16.60420036315918
b973ac361183cbb0,0.3366284966468811,-0.14652200043201447,-1.7658900022506714,0.64792799949646,5,-33.623199462890625,4.916599750518799,0.8593069911003113,0,0.31144750118255615,85.94003295898438,2023-06-06 06:56:34,-16.9335994720459
b973ac361183cbb0,0.10909850150346756,0.2765740156173706,-0.9121057987213135,0.22556309401988983,5,-34.03799819946289,2.500999927520752,1.258979082107544,1,-0.13435252010822296,,2023-06-06 06:56:34,-16.23819923400879
b973ac361183cbb0,-0.03178099915385246,0.20602750778198242,-0.2298240214586258,-0.42236489057540894,5,-32.366600036621094,-0.03660000115633011,0.6715794801712036,2,0.522629976272583,6.991158962249756,2023-06-06 06:56:34,-15.847799301147461
b973ac361183cbb0,0.12422650307416916,0.2802340090274811,,,5,,,0.444537490606308,3,,,2023-06-06 06:56:34,
b973ac361183cbb0,-0.6745989918708801,0.44112151861190796,,,5,,,0.16753649711608887,0,,,2023-06-06 06:56:55,
b973ac361183cbb0,0.21127350628376007,0.05953599885106087,,,5,-2.525399923324585,-6.173199653625488,0.6371449828147888,0,,125.9127197265625,2023-06-06 06:57:23,-35.587398529052734
b973ac361183cbb0,0.2563219964504242,-0.03272650018334389,-0.40119338035583496,0.01770949922502041,5,-0.3416000008583069,-8.198399543762207,0.647881031036377,1,-0.1945381760597229,,2023-06-06 06:57:23,-34.11119842529297
b973ac361183cbb0,0.4094015061855316,0.11690650135278702,0.05565842613577843,-1.4668258428573608,5,0.7563999891281128,-8.869400024414062,0.4882134795188904,2,-0.583215057849884,160.67347717285156,2023-06-06 06:57:23,-33.47679901123047
b973ac361183cbb0,0.15988101065158844,-0.18946599960327148,0.45272403955459595,1.0306129455566406,5,0.24399998784065247,-8.46679973602295,1.7643638849258423,3,0.21371237933635712,,2023-06-06 06:57:23,-33.574398040771484
b973ac361183cbb0,0.2184714823961258,-0.17872999608516693,0.08348763734102249,0.05392742156982422,5,-0.3172000050544739,-8.088600158691406,0.7174820303916931,0,-0.4109136462211609,125.15641784667969,2023-06-06 06:57:24,-33.64759826660156
b973ac361183cbb0,0.16085699200630188,-0.17750999331474304,0.06737598776817322,0.17030413448810577,5,-0.9027999639511108,-8.039799690246582,0.7855885028839111,1,-0.2865476906299591,,2023-06-06 06:57:24,-33.70859909057617
b973ac361183cbb0,0.29023799300193787,-0.05349700152873993,-0.3553883731365204,-0.31544211506843567,5,-1.3907999992370605,-8.60099983215332,0.6278730034828186,2,-0.9111737012863159,143.64501953125,2023-06-06 06:57:24,-33.54999923706055
b973ac361183cbb0,0.33004051446914673,-0.23634450137615204,-0.2785584330558777,-0.402658075094223,5,-0.5856000185012817,-12.138999938964844,1.0707330703735352,3,-0.9681636691093445,143.64501953125,2023-06-06 06:57:24,-34.23320007324219
b973ac361183cbb0,0.11568649858236313,0.1491450071334839,-0.00399462366476655,-0.06484606117010117,5,-1.3664000034332275,-13.456600189208984,0.781928539276123,4,-0.4738955497741699,143.64501953125,2023-06-06 06:57:24,-33.54999923706055
b973ac361183cbb0,0.13642649352550507,-0.03101849928498268,0.006657706573605537,-0.09880036115646362,5,-2.805999994277954,-14.24959945678711,0.8703175187110901,0,-0.37602725625038147,143.64501953125,2023-06-06 06:57:25,-33.20840072631836
b973ac361183cbb0,0.3537389934062958,0.06148799881339073,0.13728190958499908,0.3095833361148834,5,-4.721399784088135,-14.969399452209473,1.2619069814682007,1,0.007057168986648321,143.64501953125,2023-06-06 06:57:25,-32.91559982299805
b973ac361183cbb0,-0.04178500175476074,-0.27395099401474,,,5,,,1.0402330160140991,2,,,2023-06-06 06:57:25,
b973ac361183cbb0,0.9709064960479736,-0.12477550655603409,,,4,-44.957000732421875,52.64299774169922,0.2841379940509796,0,,,2023-06-06 06:37:55,-33.51340103149414
b973ac361183cbb0,0.9648065567016602,0.060756001621484756,0.12449911236763,0.015312724746763706,4,-44.82279968261719,52.7161979675293,0.24555550515651703,1,-0.11650986224412918,22.773778915405273,2023-06-06 06:37:55,-33.41579818725586
b973ac361183cbb0,1.0146130323410034,-0.020282499492168427,-0.05459319427609444,-0.0038614696823060513,4,-44.8838005065918,52.582000732421875,0.17009851336479187,2,0.045671865344047546,,2023-06-06 06:37:55,-33.574398040771484
b973ac361183cbb0,1.0094890594482422,0.008509499952197075,0.022503048181533813,-0.004127778112888336,4,-44.74959945678711,52.7161979675293,0.18476900458335876,3,-0.015845341607928276,22.773778915405273,2023-06-06 06:37:55,-33.51340103149414
b973ac361183cbb0,0.9555344581604004,-0.07350499927997589,-0.00719032296910882,-0.0555252730846405,4,-44.76179885864258,52.61859893798828,0.2904820144176483,0,0.08215609937906265,22.773778915405273,2023-06-06 06:37:56,-33.672000885009766
b973ac361183cbb0,0.9328120350837708,0.003385499818250537,0.04021254554390907,0.014114337973296642,4,-44.72520065307617,52.61859893798828,0.33931249380111694,1,-0.08535179495811462,22.773778915405273,2023-06-06 06:37:56,-33.684200286865234
b973ac361183cbb0,0.9552904367446899,-0.05325299873948097,-0.1199718713760376,-0.0583215095102787,4,,,0.2919459939002991,2,0.25645485520362854,22.773778915405273,2023-06-06 06:37:56,
b973ac361183cbb0,0.8791015148162842,0.25705400109291077,0.1547250896692276,0.1009308323264122,4,-44.74959945678711,52.64299774169922,0.34907248616218567,3,-0.23142187297344208,22.773778915405273,2023-06-06 06:37:56,-33.684200286865234
b973ac361183cbb0,0.9419925212860107,-0.055449001491069794,-0.020772043615579605,0.0026630824431777,4,-31.17099952697754,53.801998138427734,0.36249250173568726,0,0.01810896210372448,17.26998519897461,2023-06-06 06:43:08,-45.225399017333984
b973ac361183cbb0,0.9455304741859436,0.007045499514788389,0.018242115154862404,-0.00226362026296556,4,-31.048999786376953,53.423797607421875,0.34565648436546326,1,-0.016111649572849274,,2023-06-06 06:43:08,-44.969200134277344
b973ac361183cbb0,0.9250040054321289,-0.07618900388479233,0.0021304660476744175,-0.0011983871227130294,4,-30.902599334716797,53.167598724365234,0.4071750044822693,0,-0.0027962366584688425,16.38825225830078,2023-06-06 06:43:09,-44.81060028076172
b973ac361183cbb0,0.9328120350837708,-0.01589049957692623,-0.007456631399691105,-0.0001331541279796511,4,-30.707399368286133,53.167598724365234,0.38225650787353516,1,0.006524552125483751,,2023-06-06 06:43:09,-44.6885986328125
b973ac361183cbb0,0.9394305348396301,-0.04568900167942047,0.005991935729980469,-0.01118494663387537,4,-30.548799514770508,53.13100051879883,0.3651764988899231,2,-0.005592473316937685,20.021028518676758,2023-06-06 06:43:09,-44.70079803466797
b973ac361183cbb0,0.9447985291481018,-0.06496500223875046,-0.0017310036346316338,0.008388710208237171,4,-30.46339988708496,52.99679946899414,0.35444051027297974,3,-0.0001331541279796511,,2023-06-06 06:43:09,-44.73740005493164
b973ac361183cbb0,0.9452865123748779,-0.05447299778461456,-0.0023967742454260588,0,4,-30.390199661254883,52.911399841308594,0.3463885188102722,4,0.0018641578499227762,40.80526351928711,2023-06-06 06:43:09,-44.786197662353516
b973ac361183cbb0,0.9543144702911377,-0.032970499247312546,-0.0034620072692632675,0.0003994623839389533,4,-30.304800033569336,52.838199615478516,0.3190299868583679,0,0.0025299284607172012,,2023-06-06 06:43:10,-44.786197662353516
b973ac361183cbb0,0.953094482421875,-0.05984099954366684,-0.007456631399691105,0.0025299284607172012,4,-30.12179946899414,52.66740036010742,0.32220199704170227,1,0.004127778112888336,22.086563110351562,2023-06-06 06:43:10,-44.71299743652344
b973ac361183cbb0,0.9391865134239197,-0.04568900167942047,-0.04793548583984375,-0.0033288532868027687,4,-29.987600326538086,52.533199310302734,0.3529765009880066,2,0.04074516147375107,22.086563110351562,2023-06-06 06:43:10,-44.71299743652344
b973ac361183cbb0,0.9416264891624451,-0.08915150165557861,-0.0061250897124409676,0.0009320789249613881,4,-29.938798904418945,52.44779968261719,0.36127251386642456,3,0.002929390873759985,22.086563110351562,2023-06-06 06:43:10,-44.76179885864258
b973ac361183cbb0,0.9289080500602722,0.0727120041847229,0.067242830991745,0.018641578033566475,4,-29.84119987487793,52.37459945678711,0.34931647777557373,4,-0.09627043455839157,22.086563110351562,2023-06-06 06:43:10,-44.74959945678711
b973ac361183cbb0,0.9401624798774719,-0.07911700010299683,-0.03967992961406708,-0.00399462366476655,4,-29.76799964904785,52.28919982910156,0.35029250383377075,0,0.029560215771198273,22.086563110351562,2023-06-06 06:43:11,-44.74959945678711
b973ac361183cbb0,0.9450424909591675,-0.009546499699354172,0.014646953903138638,-0.0011983871227130294,4,-29.694799423217773,52.33799743652344,0.32220199704170227,1,-0.018242115154862404,22.086563110351562,2023-06-06 06:43:11,-44.74959945678711
b973ac361183cbb0,0.9450424909591675,-0.14261800050735474,-0.008921326138079166,-0.004260932095348835,4,-29.645999908447266,52.28919982910156,0.3449244797229767,2,0.0030625448562204838,22.086563110351562,2023-06-06 06:43:11,-44.73740005493164
b973ac361183cbb0,0.9496784806251526,-0.06423300504684448,-0.007057168986648321,0.0018641578499227762,4,-29.621599197387695,52.28919982910156,0.3253740072250366,3,-0.018907885998487473,22.086563110351562,2023-06-06 06:43:11,-44.786197662353516
b973ac361183cbb0,0.9469945430755615,-0.03470899909734726,-0.008921326138079166,0.0018641578499227762,4,-29.56060028076172,52.22819900512695,0.33052849769592285,4,0.0017310036346316338,22.086563110351562,2023-06-06 06:43:11,-44.79840087890625
b973ac361183cbb0,0.9465064406394958,-0.07789699733257294,0.0011983871227130294,0.0014646954368799925,4,-29.48740005493164,52.25259780883789,0.3390685021877289,0,-0.0015978495357558131,22.086563110351562,2023-06-06 06:43:12,-44.786197662353516
b973ac361183cbb0,0.9399185180664062,-0.06325700134038925,0.0002663082559593022,-0.000665770610794425,4,-29.4385986328125,52.25259780883789,0.34907248616218567,1,0.0034620072692632675,22.086563110351562,2023-06-06 06:43:12,-44.81060028076172
b973ac361183cbb0,0.9384545683860779,-0.08988349884748459,0.0038614696823060513,-0.005725627299398184,4,-29.511798858642578,52.19160079956055,0.35566049814224243,2,0.006924014538526535,,2023-06-06 06:43:12,-44.9203987121582
b973ac361183cbb0,0.9465064406394958,-0.06911300122737885,0.0050598569214344025,-0.0027962366584688425,4,-29.584999084472656,52.19160079956055,0.33589649200439453,3,0.001997311832383275,22.086563110351562,2023-06-06 06:43:12,-44.93259811401367
b973ac361183cbb0,0.9401624798774719,-0.05862100049853325,-0.0027962366584688425,-0.000665770610794425,4,-29.645999908447266,52.154998779296875,0.3505365252494812,4,0.009853405877947807,22.086563110351562,2023-06-06 06:43:12,-44.8838005065918
b973ac361183cbb0,0.9399185180664062,-0.059352997690439224,-0.005193010903894901,-0.0027962366584688425,4,-29.731399536132812,52.167198181152344,0.347852498292923,0,0.022236740216612816,22.086563110351562,2023-06-06 06:43:13,-44.859397888183594
b973ac361183cbb0,0.9396744966506958,-0.056912995874881744,-0.026763979345560074,0.005193010903894901,4,-29.914400100708008,52.13059997558594,0.3441925048828125,1,0.031024912372231483,22.086563110351562,2023-06-06 06:43:13,-44.834999084472656
b973ac361183cbb0,0.9406505227088928,-0.024430500343441963,0.00133154122158885,0.0011983871227130294,4,-30.109600067138672,52.13059997558594,0.3354085087776184,2,-0.005459319334477186,22.086563110351562,2023-06-06 06:43:13,-44.834999084472656
b973ac361183cbb0,0.9408944845199585,-0.06130500137805939,0.0038614696823060513,0.0011983871227130294,4,-30.292598724365234,52.106197357177734,0.3441925048828125,3,-0.0034620072692632675,22.086563110351562,2023-06-06 06:43:13,-44.847198486328125
b973ac361183cbb0,0.949922502040863,-0.040320999920368195,-0.04607132822275162,-0.0017310036346316338,4,-30.46339988708496,52.093997955322266,0.3214699923992157,4,0.042476166039705276,,2023-06-06 06:43:13,-44.87159729003906
b973ac361183cbb0,0.9455304741859436,-0.04349300265312195,0.006524552125483751,0.0003994623839389533,4,-30.621999740600586,52.02079772949219,0.32708197832107544,0,-0.010519175790250301,21.921398162841797,2023-06-06 06:43:14,-44.87159729003906
b973ac361183cbb0,0.9382104277610779,-0.028090501204133034,-0.006524552125483751,-0.0001331541279796511,4,-30.79279899597168,51.94759750366211,0.33858051896095276,1,0.011318100616335869,21.921398162841797,2023-06-06 06:43:14,-44.94479751586914
b973ac361183cbb0,0.9345505237579346,-0.03714900091290474,0.01704372838139534,-0.0025299284607172012,4,-30.878198623657227,51.87439727783203,0.3505365252494812,2,-0.013448567129671574,21.921398162841797,2023-06-06 06:43:14,-44.99359893798828
b973ac361183cbb0,0.9372344613075256,-0.030774502083659172,0.03049229457974434,-0.004660394508391619,4,-30.963600158691406,51.80120086669922,0.3434605002403259,3,-0.04047885537147522,21.921398162841797,2023-06-06 06:43:14,-45.05459976196289
b973ac361183cbb0,0.9416264891624451,-0.03836899995803833,-0.20598943531513214,0.04394086077809334,4,-31.219799041748047,51.520599365234375,0.3373605012893677,4,0.18654893338680267,21.921398162841797,2023-06-06 06:43:14,-45.225399017333984
b973ac361183cbb0,0.9740785360336304,-0.024430500343441963,0.14993155002593994,0.00852186419069767,4,-31.46379852294922,51.398597717285156,0.25702348351478577,0,0.0007989247678779066,21.921398162841797,2023-06-06 06:43:15,-45.29859924316406
b973ac361183cbb0,0.9423584342002869,-0.049104999750852585,0.06777545064687729,0.0009320789249613881,4,-31.536998748779297,51.34980010986328,0.33565250039100647,1,-0.10918638855218887,21.921398162841797,2023-06-06 06:43:15,-45.37179946899414
b973ac361183cbb0,0.9526064991950989,-0.047885000705718994,-0.05619104206562042,-0.03448691964149475,4,,,0.3104900121688843,2,-0.01171756349503994,21.921398162841797,2023-06-06 06:43:15,
b973ac361183cbb0,0.9767624735832214,0.012047499418258667,0.010785484686493874,0.010252867825329304,4,-35.81919860839844,47.57999801635742,0.26702749729156494,0,-0.02090519852936268,94.12757110595703,2023-06-06 06:46:16,-47.34819793701172
b973ac361183cbb0,0.9691985249519348,-0.07008899748325348,0.0011983871227130294,0.008655018173158169,4,-35.66059875488281,47.00659942626953,0.3009739816188812,1,-0.01384802907705307,,2023-06-06 06:46:16,-46.82360076904297
b973ac361183cbb0,0.9645625352859497,-0.024186501279473305,-0.013049104250967503,-0.0238345880061388,4,-35.5629997253418,46.665000915527344,0.26922348141670227,2,0.02197043038904667,103.14433288574219,2023-06-06 06:46:16,-46.57959747314453
b973ac361183cbb0,0.9687105417251587,-0.01589049957692623,-0.03382114693522453,-0.026763979345560074,4,-35.526397705078125,46.31119918823242,0.2941420078277588,3,0.02556559257209301,,2023-06-06 06:46:16,-46.494197845458984
b973ac361183cbb0,0.9269559979438782,-0.024186501279473305,-0.00133154122158885,0.03954677656292915,4,-35.514198303222656,46.164798736572266,0.41376301646232605,4,-0.030359141528606415,102.43777465820312,2023-06-06 06:46:16,-46.40879821777344
b973ac361183cbb0,0.9074360132217407,0.013145498931407928,0.0002663082559593022,0.014114337973296642,4,-35.46540069580078,46.09159851074219,0.43133100867271423,0,-0.005725627299398184,,2023-06-06 06:46:17,-46.33559799194336
b973ac361183cbb0,0.9926530122756958,-0.015158499591052532,0.03848154470324516,0.0018641578499227762,4,-35.47760009765625,46.115997314453125,0.18550099432468414,1,-0.01770949922502041,101.74981689453125,2023-06-06 06:46:17,-46.29899978637695
b973ac361183cbb0,0.933788001537323,0.019733499735593796,-0.00452724052593112,-0.023568280041217804,4,-35.46540069580078,45.969600677490234,0.3134180009365082,2,-0.0014646954368799925,101.74981689453125,2023-06-06 06:46:17,-46.34779739379883
b973ac361183cbb0,0.9767624735832214,-0.1264835000038147,-0.009720250964164734,0.01491326279938221,4,-35.3922004699707,45.603599548339844,0.27629950642585754,3,-0.03595161437988281,101.74981689453125,2023-06-06 06:46:17,-46.25019836425781
b973ac361183cbb0,0.9687105417251587,-0.055449001491069794,,,4,,,0.2785260081291199,4,,101.74981689453125,2023-06-06 06:46:17,
b973ac361183cbb0,0.3634989857673645,-0.20950450003147125,-0.07975932210683823,0.14220860600471497,4,,,1.0536530017852783,0,0.17789392173290253,1174.599365234375,2023-06-06 06:55:35,
b973ac361183cbb0,0.30832451581954956,-0.28468698263168335,-0.025032976642251015,-0.05579157918691635,4,-42.138797760009766,41.34579849243164,0.9716385006904602,1,0.03621792420744896,1174.599365234375,2023-06-06 06:55:35,-10.260199546813965
b973ac361183cbb0,0.3283325135707855,-0.2004764974117279,-0.22396524250507355,-0.13808083534240723,4,-42.138797760009766,41.06520080566406,0.9652639627456665,0,0.010785484686493874,1174.599365234375,2023-06-06 06:55:36,-9.869799613952637
b973ac361183cbb0,0.37008699774742126,-0.15701399743556976,-0.30811864137649536,0.011584409512579441,4,-42.02899932861328,40.4307975769043,1.083451509475708,1,0.0027962366584688425,1174.599365234375,2023-06-06 06:55:36,-10.430999755859375
b973ac361183cbb0,0.31027647852897644,-0.1970604956150055,-0.011318100616335869,-0.06484606117010117,4,-41.931400299072266,39.75979995727539,0.9750545024871826,2,0.08601756393909454,1174.599365234375,2023-06-06 06:55:36,-11.028800010681152
b973ac361183cbb0,0.2858459949493408,-0.15286600589752197,,,4,-41.78499984741211,39.186397552490234,0.9691985249519348,3,,,2023-06-06 06:55:36,-11.59000015258789
b973ac361183cbb0,0.2445795089006424,-0.5932859778404236,-1.0736217498779297,-0.8252893090248108,1,12.321999549865723,5.868199825286865,0.6295810341835022,0,-0.4322183132171631,622.0877075195312,2023-06-10 18:51:29,-29.719200134277344
b973ac361183cbb0,0.23506350815296173,-0.564981997013092,-0.743532657623291,-0.18481792509555817,1,15.005999565124512,1.8543999195098877,0.7145540118217468,1,-1.0648335218429565,622.0877075195312,2023-06-10 18:51:29,-29.011598587036133
b973ac361183cbb0,0.24018751084804535,-0.505141019821167,-1.6330022811889648,0.7714950442314148,1,15.542799949645996,-2.476599931716919,1.0497490167617798,2,0.5571168661117554,622.0877075195312,2023-06-10 18:51:29,-28.438199996948242
b973ac361183cbb0,-0.005154499784111977,-0.3928399980068207,-1.7152915000915527,-0.02276935614645481,1,14.896200180053711,-6.5391998291015625,1.2218605279922485,3,-0.0370168462395668,622.0877075195312,2023-06-10 18:51:29,-27.620800018310547
b973ac361183cbb0,0.11739449948072433,0.08396650105714798,,,1,,,0.84027498960495,0,,,2023-06-10 18:51:30,
b973ac361183cbb0,0.14548499882221222,0.2953925132751465,-2.6855854988098145,2.016352891921997,1,12.687999725341797,-14.322799682617188,0.9709064960479736,1,0.2063889056444168,25.314546585083008,2023-06-10 18:51:30,-22.277198791503906
b973ac361183cbb0,0.02778550237417221,0.5102344751358032,0.1283605843782425,0.17336668074131012,1,-10.10159969329834,23.045799255371094,0.5114240050315857,2,0.1407439112663269,1400.818359375,2023-06-10 18:51:30,-14.55459976196289
b973ac361183cbb0,0.3051525056362152,-0.2849310040473938,-0.1671084314584732,-0.5247604250907898,1,-10.565199851989746,22.618799209594727,0.7921764850616455,0,0.1587197184562683,1278.0386962890625,2023-06-10 18:55:42,-14.713199615478516
b973ac361183cbb0,0.35398298501968384,-0.1538419872522354,0.12343387305736542,-0.12210233509540558,1,-10.321199417114258,22.43579864501953,0.7257780432701111,0,0.28508299589157104,,2023-06-10 18:55:43,-15.310999870300293
b973ac361183cbb0,0.5033720135688782,-0.5742539763450623,-0.1900109350681305,0.12689588963985443,1,-10.27239990234375,22.277198791503906,1.3795759677886963,1,-0.24300628900527954,,2023-06-10 18:55:43,-15.957599639892578
b973ac361183cbb0,0.17427699267864227,-0.13770750164985657,-0.05219641700387001,-0.19014409184455872,1,-10.199199676513672,22.081998825073242,0.9996985197067261,2,-0.2740311920642853,1003.34423828125,2023-06-10 18:55:43,-16.384599685668945
b973ac361183cbb0,0.43282550573349,-0.1794620007276535,,,1,-9.881999969482422,21.923398971557617,0.8544269800186157,3,,,2023-06-10 18:55:43,-16.970199584960938
b973ac361183cbb0,0.18842899799346924,-0.1777539998292923,0.5303528904914856,0.33221954107284546,1,-13.859199523925781,21.410999298095703,1.2753270864486694,4,0.29014283418655396,1089.6695556640625,2023-06-10 18:55:43,-20.88640022277832
b973ac361183cbb0,0.2685219943523407,-0.06203699856996536,-0.5298202633857727,-0.22383208572864532,1,-15.957599639892578,21.118200302124023,0.5583024621009827,0,-0.6585803031921387,1089.6695556640625,2023-06-10 18:55:44,-24.26580047607422
b973ac361183cbb0,0.40156298875808716,0.03928400203585625,,,1,-15.725799560546875,20.58139991760254,1.199900507926941,1,,1089.6695556640625,2023-06-10 18:55:44,-25.48579978942871
b973ac361183cbb0,0.21529951691627502,0.4535960257053375,,,5,,,1.2328710556030273,0,,,2023-06-10 09:52:38,
b973ac361183cbb0,0.18940499424934387,0.4567680060863495,0.6075822710990906,-0.26883819699287415,5,12.065799713134766,-11.90719985961914,1.3224494457244873,0,0.5524564981460571,0,2023-06-10 09:52:39,-13.200399398803711
b973ac361183cbb0,-0.21170049905776978,0.18772749602794647,0.3139774203300476,-0.8194305300712585,5,12.675799369812012,-11.07759952545166,1.3346495628356934,1,1.4857337474822998,,2023-06-10 09:52:39,-12.773399353027344
b973ac361183cbb0,-0.0027145000640302896,0.1618330031633377,0.9923977255821228,0.4535229504108429,5,13.700599670410156,-9.698999404907227,0.6486434936523438,2,-0.24939768016338348,0,2023-06-10 09:52:39,-11.406999588012695
b973ac361183cbb0,-0.34574800729751587,0.2172514945268631,0.08708280324935913,-0.46896883845329285,5,14.21299934387207,-7.893399715423584,1.37664794921875,3,-0.8099765777587891,,2023-06-10 09:52:39,-10.711599349975586
b973ac361183cbb0,-0.24442699551582336,0.10373049974441528,-0.5399399995803833,0.6223623752593994,5,14.615599632263184,-7.332200050354004,1.044869065284729,4,-0.7560491561889648,0,2023-06-10 09:52:39,-10.150400161743164
b973ac361183cbb0,-0.13968999683856964,-0.015158499591052532,,,5,14.73759937286377,-7.246799945831299,0.9428160190582275,0,,0,2023-06-10 09:52:40,-10.040599822998047
b973ac361183cbb0,-0.14603400230407715,-0.060328997671604156,-0.4866783320903778,0.3536573648452759,5,14.542399406433105,-6.990599632263184,1.3029295206069946,1,-0.06577813625335693,,2023-06-10 09:52:40,-10.565199851989746
b973ac361183cbb0,0.010705499909818172,0.03391600027680397,0.06830807030200958,-0.0560578890144825,5,18.299999237060547,-5.233799934387207,0.993598461151123,2,0.28574874997138977,0,2023-06-10 09:52:40,-11.931599617004395
b973ac361183cbb0,0.13423049449920654,0.17159299552440643,,,5,18.19019889831543,-4.940999984741211,0.7653365135192871,3,,0,2023-06-10 09:52:40,-12.285399436950684
b973ac361183cbb0,0.3215005099773407,0.03440399840474129,0.24899822473526,-0.23515018820762634,5,,,1.2240564823150635,0,0.26830556988716125,76.4935531616211,2023-06-10 09:53:27,
b973ac361183cbb0,0.33516448736190796,0.018757499754428864,-0.20652204751968384,0.1070559173822403,5,-6.4903998374938965,18.019399642944336,1.2538549900054932,1,0.05978620424866676,76.4935531616211,2023-06-10 09:53:27,-30.80500030517578
b973ac361183cbb0,-0.014670499600470066,0.028548000380396843,-0.2696371078491211,0.20106273889541626,5,-7.295599937438965,17.27519989013672,1.0224210023880005,0,-0.09014534205198288,76.4935531616211,2023-06-10 09:53:28,-30.951398849487305
b973ac361183cbb0,0.15060900151729584,-0.02345450036227703,0.2158428430557251,-0.34074142575263977,5,-7.527400016784668,16.591999053955078,0.6813395023345947,1,0.3078523576259613,76.4935531616211,2023-06-10 09:53:28,-30.963600158691406
b973ac361183cbb0,0.09592249989509583,-0.01857450045645237,0.18095645308494568,-0.3957340717315674,5,-7.38100004196167,16.628599166870117,1.2645909786224365,2,0.808112382888794,76.4935531616211,2023-06-10 09:53:28,-30.82939910888672
b973ac361183cbb0,-0.018330499529838562,0.15963700413703918,0.1519288569688797,-0.08761541545391083,5,-7.393199920654297,16.384599685668945,1.0072624683380127,3,0.9194292426109314,76.4935531616211,2023-06-10 09:53:28,-30.841598510742188
b973ac361183cbb0,0.06368400156497955,0.15744100511074066,-0.14713531732559204,-0.14154283702373505,5,-7.600599765777588,16.030799865722656,0.6752395033836365,4,0.2697702646255493,76.4935531616211,2023-06-10 09:53:28,-30.82939910888672
b973ac361183cbb0,-0.027876999229192734,0.31418049335479736,-0.49693119525909424,0.48641201853752136,5,-7.710399627685547,15.628199577331543,1.3685959577560425,0,-0.9327446818351746,76.4935531616211,2023-06-10 09:53:29,-30.902599334716797
b973ac361183cbb0,-0.04812899976968765,-0.002470499835908413,-0.430753618478775,-0.06497921794652939,5,-7.917799949645996,15.103599548339844,0.7729005217552185,1,-0.1625811904668808,,2023-06-10 09:53:29,-31.000200271606445
b973ac361183cbb0,0.06905199587345123,0.05197199806571007,0.2656424939632416,-0.10559122264385223,5,-8.003199577331543,14.151999473571777,0.6913434863090515,2,0.14766792953014374,0,2023-06-10 09:53:29,-31.244199752807617
b973ac361183cbb0,0.0710040032863617,-0.018086500465869904,0.07190322875976562,0.343138188123703,5,-8.039799690246582,13.517600059509277,1.1925805807113647,3,0.549527108669281,,2023-06-10 09:53:29,-31.427200317382812
b973ac361183cbb0,0.37301501631736755,0.315156489610672,,,5,,,0.8585749864578247,0,,,2023-06-10 09:53:34,
b973ac361183cbb0,0.31247249245643616,0.4101334810256958,0.1396786868572235,0.17949175834655762,5,,,1.0941874980926514,1,0.3655080795288086,134.79898071289062,2023-06-10 09:53:34,
b973ac361183cbb0,0.24802599847316742,0.21651950478553772,-0.10212921351194382,-0.022636201232671738,5,-20.251998901367188,-18.51959991455078,0.8185589909553528,2,0.05312849581241608,134.79898071289062,2023-06-10 09:53:34,-14.493599891662598
b973ac361183cbb0,0.3407765030860901,0.23460599780082703,0.172700896859169,0.46563997864723206,5,-18.373199462890625,-20.996198654174805,0.8270990252494812,3,0.15219517052173615,,2023-06-10 09:53:34,-14.639999389648438
b973ac361183cbb0,0.4174535274505615,-0.5070930123329163,-0.6035876870155334,-0.9240896701812744,5,9.711199760437012,-1.0125999450683594,1.3021974563598633,0,-0.8761541843414307,0,2023-06-10 18:56:06,-33.53779983520508
b973ac361183cbb0,0.3097884953022003,-0.42922651767730713,-1.4128984212875366,-0.5167711973190308,5,12.565999984741211,-4.745800018310547,1.1554620265960693,1,-0.19773387908935547,,2023-06-10 18:56:06,-32.15919876098633
b973ac361183cbb0,0.1286185085773468,-0.22390051186084747,-4.031907081604004,1.8625599145889282,5,12.651399612426758,-9.61359977722168,0.8004724979400635,2,0.05259587988257408,4.834087371826172,2023-06-10 18:56:06,-30.75619888305664
b973ac361183cbb0,-0.07719549536705017,-0.02345450036227703,-3.598623514175415,1.3899959325790405,5,16.677400588989258,-12.3951997756958,0.9186599850654602,3,2.702629327774048,,2023-06-10 18:56:06,-19.15399932861328
b973ac361183cbb0,0.00045750002027489245,0.7487444877624512,,,5,,,0.7912005186080933,0,,,2023-06-10 18:56:07,
b973ac361183cbb0,-0.5115154981613159,1.3268719911575317,-0.5093145370483398,-0.08415340632200241,5,-12.334199905395508,-30.80500030517578,0.3483405113220215,1,1.875609040260315,36.40221405029297,2023-06-10 18:56:07,-15.798999786376953
b973ac361183cbb0,0.0756400004029274,-0.025162499397993088,-0.27895790338516235,-0.01917419396340847,5,-9.113399505615234,-32.610599517822266,0.602741003036499,0,0.26763978600502014,27.186418533325195,2023-06-10 18:56:44,-14.627799987792969
b973ac361183cbb0,0.3652070164680481,0.4538400173187256,-0.47283029556274414,0.3868127465248108,5,-8.369199752807617,-33.59880065917969,0.8310030102729797,1,-0.16138280928134918,,2023-06-10 18:56:44,-13.737199783325195
b973ac361183cbb0,0.24287149310112,0.28929251432418823,0.33674678206443787,0.11464570462703705,5,-8.186200141906738,-34.513797760009766,1.2833789587020874,2,0.6214303374290466,,2023-06-10 18:56:44,-13.005199432373047
b973ac361183cbb0,0.3227204978466034,-0.00222649984061718,0.029693370684981346,-0.015579032711684704,5,-7.283400058746338,-35.18479919433594,0.7897365093231201,3,0.32875755429267883,37.53675842285156,2023-06-10 18:56:44,-13.017399787902832
b973ac361183cbb0,0.2824299931526184,0.18138349056243896,-0.07896039634943008,0.10958584398031235,5,-6.953999996185303,-35.67279815673828,1.0260809659957886,4,-0.4495283365249634,,2023-06-10 18:56:44,-12.980799674987793
b973ac361183cbb0,0.3737470209598541,0.27511000633239746,-0.13435252010822296,0.31264588236808777,5,-7.161399841308594,-36.06319808959961,1.0582890510559082,0,-0.058454662561416626,19.897262573242188,2023-06-10 18:56:45,-13.029600143432617
b973ac361183cbb0,0.24311549961566925,0.153780996799469,,,5,-7.490799903869629,-36.44139862060547,0.9223200082778931,1,,19.897262573242188,2023-06-10 18:56:45,-12.9197998046875
b973ac361183cbb0,0.23750349879264832,-0.00564250024035573,,,1,-10.577400207519531,13.053999900817871,0.5011759996414185,0,,,2023-06-10 23:35:31,-25.949399948120117
b973ac361183cbb0,0.3722829818725586,0.2643739879131317,0.11304785311222076,-0.10758853703737259,1,-10.455399513244629,13.383399963378906,0.5421680212020874,1,0.15512455999851227,0,2023-06-10 23:35:31,-26.083599090576172
b973ac361183cbb0,0.42672550678253174,0.4345335066318512,0.6600450277328491,-0.7806826233863831,1,-9.076799392700195,14.59119987487793,1.3370894193649292,2,0.27949050068855286,,2023-06-10 23:35:31,-25.973798751831055
b973ac361183cbb0,0.08149600028991699,-0.2080405056476593,-0.2973331809043884,-0.061650361865758896,1,-9.015799522399902,15.005999565124512,0.8678774833679199,0,0.10905323177576065,0,2023-06-10 23:35:32,-26.14459991455078
b973ac361183cbb0,0.22871950268745422,-0.10745150595903397,0.3721657991409302,0.21797330677509308,1,-9.650199890136719,15.969799995422363,0.8493030071258545,1,0.9179645776748657,,2023-06-10 23:35:32,-25.790800094604492
b973ac361183cbb0,-0.00564250024035573,0.006069499999284744,1.4303416013717651,0.5219641923904419,1,-4.684800148010254,21.130399703979492,1.6059165000915527,2,-0.5125102400779724,0,2023-06-10 23:35:32,-28.81639862060547
b973ac361183cbb0,-0.050324998795986176,0.19602349400520325,2.70169734954834,2.050706624984741,1,-1.7811999320983887,24.046199798583984,0.8651934862136841,3,-3.288773775100708,,2023-06-10 23:35:32,-22.630998611450195
b973ac361183cbb0,-0.03983300179243088,-0.8879769444465637,-0.02303566411137581,0.2797568142414093,1,6.673399925231934,2.574199914932251,0.7509099841117859,4,-0.13302096724510193,13.829663276672363,2023-06-10 23:35:32,-39.72319793701172
b973ac361183cbb0,0.408425509929657,-0.15994200110435486,-0.4018591642379761,-0.34353765845298767,1,6.3684000968933105,1.8055999279022217,1.0251049995422363,0,0.2219679355621338,,2023-06-10 23:37:14,-39.284000396728516
b973ac361183cbb0,0.29438599944114685,0.01290149986743927,-0.8822792768478394,-0.7471278309822083,1,7.820199966430664,0.04879999905824661,0.7223619818687439,1,-1.0013190507888794,0,2023-06-10 23:37:14,-38.51539993286133
b973ac361183cbb0,0.3180845081806183,0.24729400873184204,-0.5780220627784729,-0.04873441159725189,1,9.137800216674805,-2.732800006866455,1.1622940301895142,2,-1.0929291248321533,,2023-06-10 23:37:14,-37.45399856567383
b973ac361183cbb0,0.3046644926071167,0.2651059925556183,-0.19893226027488708,-0.31091487407684326,1,9.394000053405762,-5.721799850463867,0.9323239326477051,3,-1.326215147972107,0,2023-06-10 23:37:14,-36.41699981689453
b973ac361183cbb0,0.21676349639892578,0.16500499844551086,0.0238345880061388,-0.48081955313682556,1,9.101200103759766,-8.234999656677246,1.0560929775238037,4,-0.9528509378433228,,2023-06-10 23:37:14,-35.575199127197266
b973ac361183cbb0,0.18720899522304535,0.3063724935054779,-0.31877097487449646,-0.07576470077037811,1,8.625399589538574,-10.211400032043457,0.9010615348815918,0,-0.6106448173522949,0,2023-06-10 23:37:15,-34.891998291015625
b973ac361183cbb0,0.27413398027420044,0.14841300249099731,-0.4944012761116028,-0.03155753016471863,1,7.917799949645996,-12.017000198364258,1.016046404838562,1,-0.7352771162986755,,2023-06-10 23:37:15,-34.0989990234375
b973ac361183cbb0,0.2814539968967438,0.20651549100875854,-0.3242303133010864,0.043541401624679565,1,6.3317999839782715,-16.091798782348633,0.9240280389785767,2,-0.7404701113700867,5.472851276397705,2023-06-10 23:37:15,-31.86639976501465
b973ac361183cbb0,0.3063724935054779,0.172325000166893,,,1,,,0.9100895524024963,3,,,2023-06-10 23:37:15,
b973ac361183cbb0,0.23140348494052887,0.18187150359153748,,,6,,,0.9411080479621887,2,,,2023-06-10 23:37:23,
b973ac361183cbb0,0.34321650862693787,0.3449549973011017,0.5071840882301331,-0.10492545366287231,1,11.345999717712402,-19.995800018310547,0.87495356798172,0,0.4629769027233124,,2023-06-10 23:37:27,-28.86520004272461
b973ac361183cbb0,0.34199652075767517,0.35032299160957336,0.7516550421714783,-0.45445504784584045,1,14.981599807739258,-18.055999755859375,0.8441790342330933,1,1.2684261798858643,,2023-06-10 23:37:27,-28.255199432373047
b973ac361183cbb0,0.2585180103778839,0.2555899918079376,-0.11224892735481262,-0.09627043455839157,1,17.433799743652344,-13.651800155639648,0.7958365082740784,2,1.1439270973205566,0,2023-06-10 23:37:27,-28.743200302124023
b973ac361183cbb0,0.17208099365234375,0.09641050547361374,0.5990604162216187,0.45552027225494385,1,18.373199462890625,-10.284600257873535,0.7240700125694275,0,0.6826812028884888,,2023-06-10 23:37:28,-29.40199851989746
b973ac361183cbb0,0.11837050318717957,0.31320449709892273,0.6170362234115601,0.012649642303586006,1,18.59280014038086,-7.283400058746338,0.8522310256958008,1,-0.420367568731308,0,2023-06-10 23:37:28,-30.011999130249023
b973ac361183cbb0,0.20139148831367493,0.3447110056877136,0.03928046673536301,0.34673336148262024,1,18.55620002746582,-5.184999942779541,0.9755424857139587,2,-0.10412652790546417,,2023-06-10 23:37:28,-30.524398803710938
b973ac361183cbb0,0.07124799489974976,-0.11379549652338028,0.30518925189971924,-0.5714974999427795,1,18.507400512695312,-3.4282000064849854,1.4977635145187378,3,0.7640383839607239,0,2023-06-10 23:37:28,-30.878198623657227
b973ac361183cbb0,0.01778149977326393,-0.11550350487232208,0.45099303126335144,0.2808220684528351,1,18.336599349975586,-1.8299999237060547,0.7853444814682007,4,-0.006524552125483751,,2023-06-10 23:37:28,-30.927000045776367
b973ac361183cbb0,0.1286185085773468,0.08957850188016891,0.4356802999973297,0.9917319416999817,1,18.88559913635254,2.19599986076355,0.9413520693778992,0,-0.912904679775238,0,2023-06-10 23:37:29,-31.45159912109375
b973ac361183cbb0,0.04660400003194809,-0.08744350075721741,0.0717700719833374,-0.13128997385501862,1,12.761199951171875,8.967000007629395,1.4940730333328247,1,-0.7081136703491211,7.55339241027832,2023-06-10 23:37:29,-34.11119842529297
b973ac361183cbb0,0.3961949944496155,-0.3496215045452118,-0.020772043615579605,-0.012117025442421436,1,13.968999862670898,7.783599853515625,0.8173390626907349,0,-0.09387365728616714,,2023-06-10 23:40:51,-33.611000061035156
b973ac361183cbb0,0.14255701005458832,-0.1235554963350296,0.04660394415259361,0.19666863977909088,1,14.298399925231934,7.258999824523926,1.099555492401123,1,0.16298064589500427,0,2023-06-10 23:40:51,-33.34259796142578
b973ac361183cbb0,0.15353700518608093,-0.363072007894516,-0.06591129302978516,-0.00585878174751997,1,14.164199829101562,7.344399929046631,0.8700734376907349,2,0.4025249183177948,,2023-06-10 23:40:51,-33.20840072631836
b973ac361183cbb0,0.3488284945487976,-0.2441525012254715,-0.04966649040579796,0.03954677656292915,1,13.883599281311035,7.344399929046631,0.7912005186080933,3,0.33115431666374207,0,2023-06-10 23:40:51,-33.2693977355957
b973ac361183cbb0,0.41208550333976746,-0.20145249366760254,-0.23528334498405457,0.3340837061405182,1,13.505399703979492,7.417599678039551,0.8551589846611023,4,0.38388335704803467,,2023-06-10 23:40:51,-33.2693977355957
b973ac361183cbb0,0.27876999974250793,-0.2844429910182953,-0.017842652276158333,0.03049229457974434,1,13.017399787902832,7.551799774169922,1.1256940364837646,0,0.6415365934371948,0,2023-06-10 23:40:52,-33.41579818725586
b973ac361183cbb0,0.3290645182132721,-0.1911740005016327,0.07816147059202194,-0.041410934180021286,1,12.60260009765625,7.881199836730957,0.8397870063781738,1,0.0588541254401207,,2023-06-10 23:40:52,-33.42799758911133
b973ac361183cbb0,0.30832451581954956,-0.12404349446296692,,,1,,,0.9333000183105469,2,,,2023-06-10 23:40:52,
b973ac361183cbb0,0.21237149834632874,-0.4853770136833191,-0.5165048837661743,-0.0347532257437706,1,7.832399845123291,27.267000198364258,0.7670444846153259,0,-0.11797455698251724,0,2023-06-10 23:40:55,-17.54360008239746
b973ac361183cbb0,0.32540449500083923,-0.44362249970436096,-0.13315412402153015,0.7063826322555542,1,7.319999694824219,26.51059913635254,0.6146970391273499,1,-0.0023967742454260588,,2023-06-10 23:40:55,-18.702600479125977
b973ac361183cbb0,0.23750349879264832,-0.5181034803390503,-0.7050511240959167,-1.973610520362854,1,6.7221999168396,25.986000061035156,0.9911585450172424,0,0.19427187740802765,0,2023-06-10 23:40:56,-18.800199508666992
b973ac361183cbb0,0.2853580117225647,-0.7097350358963013,-0.49373549222946167,0.3133116662502289,1,7.393199920654297,24.412199020385742,0.13764651119709015,1,-0.36018192768096924,,2023-06-10 23:40:56,-19.55660057067871
b973ac361183cbb0,0.015829499810934067,-0.29615500569343567,-0.42795735597610474,0.3672390878200531,1,6.96619987487793,23.22879981994629,0.9071614742279053,2,-0.03808208182454109,0,2023-06-10 23:40:56,-20.386199951171875
b973ac361183cbb0,0.13471849262714386,-0.2541869878768921,0.13448566198349,0.3330184817314148,1,6.148799896240234,20.349599838256836,1.022665023803711,3,0.008388710208237171,,2023-06-10 23:40:56,-20.910799026489258
b973ac361183cbb0,0.010949499905109406,-0.2656550109386444,0.5388747453689575,-1.3882648944854736,1,6.246399879455566,19.54439926147461,1.0480409860610962,4,-0.3402087986469269,0,2023-06-10 23:40:56,-20.86199951171875
b973ac361183cbb0,0.0920184999704361,-0.22804848849773407,-1.8866608142852783,0.5710980296134949,1,6.112199783325195,18.59280014038086,0.5333840250968933,0,2.057497501373291,,2023-06-10 23:40:57,-21.032798767089844
b973ac361183cbb0,0.15158499777317047,-0.5459194779396057,-3.1975631713867188,2.354431390762329,1,4.172399997711182,16.652999877929688,0.8180710077285767,1,1.9416534900665283,0,2023-06-10 23:40:57,-20.654600143432617
b973ac361183cbb0,-0.015646498650312424,-0.2900550067424774,-1.1556446552276611,2.619274854660034,1,1.5859999656677246,11.150799751281738,0.8383230566978455,2,1.7917219400405884,,2023-06-10 23:40:57,-20.58139991760254
b973ac361183cbb0,-0.02202100120484829,0.35959500074386597,0.11810771375894547,0.07323476672172546,1,-40.83340072631836,-8.832799911499023,0.5350919961929321,3,0.012782796286046505,10.746582984924316,2023-06-10 23:40:57,-12.236599922180176
b973ac361183cbb0,0.510204017162323,-0.10818350315093994,-0.9657669067382812,-0.3856143653392792,1,-40.33319854736328,-9.821000099182129,0.978470504283905,0,0.38161972165107727,0,2023-06-10 23:41:48,-11.297200202941895
b973ac361183cbb0,0.48555997014045715,-0.22512051463127136,-0.6141068339347839,0.05499265342950821,1,-39.68659973144531,-11.43139934539795,0.8634855151176453,1,-0.37376365065574646,,2023-06-10 23:41:48,-11.126399993896484
b973ac361183cbb0,0.3857029974460602,0.2719379961490631,-0.0476691760122776,-0.112115778028965,1,-39.52799987792969,-12.017000198364258,0.8847135305404663,2,-0.059519894421100616,,2023-06-10 23:41:48,-10.601799964904785
b973ac361183cbb0,0.48897600173950195,0.14475300908088684,0.1754971444606781,-0.1962691843509674,1,-39.45479965209961,-12.297599792480469,0.7865645289421082,3,0.11704248189926147,0,2023-06-10 23:41:48,-10.430999755859375
b973ac361183cbb0,0.4655520021915436,0.08591850101947784,-0.20026381313800812,-0.1260969638824463,1,-39.30839920043945,-12.505000114440918,1.0082385540008545,4,0.29746630787849426,,2023-06-10 23:41:48,-10.650599479675293
b973ac361183cbb0,0.4140374958515167,0.18845950067043304,-0.01384802907705307,-0.14340700209140778,1,-39.07659912109375,-13.078399658203125,0.8373469710350037,0,0.13688243925571442,4.041421413421631,2023-06-10 23:41:49,-10.857999801635742
b973ac361183cbb0,0.4792160093784332,0.27632999420166016,0.12343387305736542,0.18734785914421082,1,-38.83259963989258,-13.602999687194824,0.8710495233535767,1,-0.2762948274612427,,2023-06-10 23:41:49,-11.053199768066406
b973ac361183cbb0,0.3854590058326721,0.2516860067844391,,,1,,,0.9542840719223022,2,,,2023-06-10 23:41:49,
b973ac361183cbb0,0.44234147667884827,-0.31838950514793396,-0.6697652339935303,-0.6319494843482971,5,16.21380043029785,1.9031999111175537,0.8534510135650635,0,-0.19080986082553864,,2023-06-12 07:08:18,-32.79359817504883
b973ac361183cbb0,0.40915751457214355,-0.3508414924144745,0.18322007358074188,-0.16617634892463684,5,17.5679988861084,1.2688000202178955,0.9989665746688843,1,0.164844810962677,13.23017692565918,2023-06-12 07:08:18,-32.183597564697266
b973ac361183cbb0,0.143776997923851,-0.2571150064468384,-0.3548557460308075,-0.5091813802719116,5,18.361000061035156,1.1589999198913574,1.0883314609527588,2,-0.04926702752709389,,2023-06-12 07:08:18,-31.80539894104004
b973ac361183cbb0,0.10934250056743622,-0.22390051186084747,-2.495441436767578,0.47283029556274414,5,19.690799713134766,0.3903999924659729,0.9616039991378784,3,-0.8728253245353699,13.12006664276123,2023-06-12 07:08:18,-30.82939910888672
b973ac361183cbb0,0.1567090004682541,0.060756001621484756,-1.1790797710418701,-0.25485700368881226,5,19.434598922729492,-3.3062000274658203,0.6815835237503052,0,0.21557652950286865,,2023-06-12 07:08:19,-30.17059898376465
b973ac361183cbb0,0.26412999629974365,0.13206499814987183,-2.347374200820923,-0.4110468029975891,5,19.336999893188477,-7.429800033569336,0.5416799783706665,1,0.026497671380639076,9.48643684387207,2023-06-12 07:08:19,-28.084400177001953
b973ac361183cbb0,-0.02446100115776062,0.5182865262031555,,,5,,,0.9757865071296692,2,,41.4608154296875,2023-06-12 07:08:19,
b973ac361183cbb0,0.3041765093803406,-0.0344650000333786,0.255522757768631,0.11065108329057693,5,-22.8627986907959,5.368000030517578,1.056580901145935,0,-0.353124737739563,,2023-06-12 07:08:57,-16.945798873901367
b973ac361183cbb0,0.32296448945999146,0.0920184999704361,0.3234313726425171,-0.24700090289115906,5,-21.337799072265625,6.575799942016602,1.1335020065307617,0,0.2507292330265045,,2023-06-12 07:08:58,-17.336198806762695
b973ac361183cbb0,0.08442399650812149,-0.1794620007276535,,,5,,,1.4203544855117798,1,,,2023-06-12 07:08:58,
b973ac361183cbb0,0.2265235036611557,-0.10891549289226532,0.12210233509540558,0.29400432109832764,5,-20.9596004486084,6.868599891662598,0.6176249980926514,2,0.39054104685783386,33.82074737548828,2023-06-12 07:08:58,-17.348400115966797
b973ac361183cbb0,0.2995404899120331,-0.10964750498533249,-0.20865251123905182,-0.10332760214805603,5,-20.752199172973633,6.453799724578857,0.7899804711341858,3,0.10798799991607666,,2023-06-12 07:08:58,-17.25079917907715
b973ac361183cbb0,0.3378485143184662,-0.10940349847078323,-0.14753477275371552,0.12489857524633408,5,-20.654600143432617,6.075599670410156,1.342244029045105,4,-0.13421936333179474,29.107690811157227,2023-06-12 07:08:58,-17.385000228881836
b973ac361183cbb0,0.23750349879264832,-0.013206499628722668,-0.26817241311073303,-0.4109136462211609,5,-20.471599578857422,5.929199695587158,0.6764594912528992,5,-0.21557652950286865,29.107690811157227,2023-06-12 07:08:58,-17.677799224853516
b973ac361183cbb0,0.28633400797843933,0.00411750003695488,0.3031919598579407,0.10545806586742401,5,-20.325199127197266,5.965799808502197,0.9838384985923767,0,-0.0695064514875412,,2023-06-12 07:08:59,-17.994998931884766
b973ac361183cbb0,0.29560598731040955,0.2416819930076599,0.596397340297699,0.3414071798324585,1,-2.830399990081787,6.5391998291015625,0.9056975245475769,0,0.4025249183177948,0,2023-06-10 23:42:56,-37.8931999206543
b973ac361183cbb0,0.2812100052833557,0.2853884994983673,0.01744319126009941,-0.1288931965827942,1,-4.599400043487549,7.685999870300293,0.9274439811706543,1,1.2772144079208374,,2023-06-10 23:42:56,-37.45399856567383
b973ac361183cbb0,0.3495604991912842,0.08713849633932114,0.7177007794380188,-1.2342056035995483,1,-3.9405999183654785,8.649800300598145,0.7230939865112305,2,0.9170324802398682,,2023-06-10 23:42:56,-37.14899826049805
b973ac361183cbb0,0.20602750778198242,0.13840900361537933,1.266695261001587,0.8288844227790833,1,-4.745800018310547,10.870200157165527,0.8610454797744751,3,2.0299346446990967,0,2023-06-10 23:42:56,-35.892398834228516
b973ac361183cbb0,-0.14359401166439056,-0.12599550187587738,0.8208951950073242,0.47456130385398865,1,-7.319999694824219,12.663599967956543,1.3122014999389648,4,1.31995689868927,,2023-06-10 23:42:56,-34.03799819946289
b973ac361183cbb0,0.05929199978709221,-0.007350499741733074,-0.2163754552602768,0.36817115545272827,1,-9.967399597167969,13.541999816894531,0.8290509581565857,0,0.7941312193870544,0,2023-06-10 23:42:57,-32.31779861450195
b973ac361183cbb0,0.323696494102478,-0.016866499558091164,-0.7864083051681519,0.9684299826622009,1,-12.663599967956543,13.114999771118164,1.0922354459762573,1,1.2521814107894897,,2023-06-10 23:42:57,-30.890399932861328
b973ac361183cbb0,0.05904799699783325,-0.16970200836658478,-0.30465665459632874,-0.35685306787490845,1,-15.189000129699707,11.77299976348877,0.9476959705352783,2,0.6262238621711731,0,2023-06-10 23:42:57,-29.42639923095703
b973ac361183cbb0,0.15939299762248993,0.10495050251483917,1.1328753232955933,-0.6199656128883362,1,-18.702600479125977,10.528599739074707,0.8600390553474426,3,1.6441872119903564,,2023-06-10 23:42:57,-27.559799194335938
b973ac361183cbb0,0.30271250009536743,0.15646499395370483,0.05246272683143616,0.3914731442928314,1,-21.386600494384766,8.381400108337402,0.7743644714355469,4,0.9227581024169922,16.054201126098633,2023-06-10 23:42:57,-26.16899871826172
b973ac361183cbb0,0.1589049994945526,0.09299450367689133,0.25206077098846436,0.8909342885017395,1,-24.692798614501953,5.233799934387207,1.2365310192108154,0,1.4105017185211182,,2023-06-10 23:42:58,-24.412199020385742
b973ac361183cbb0,0.09226249903440475,-0.2214604914188385,0.3290238380432129,0.9792154431343079,1,-27.48659896850586,0.6344000101089478,0.8678774833679199,1,0.9978570342063904,5.0365495681762695,2023-06-10 23:42:58,-22.679800033569336
b973ac361183cbb0,0.26461800932884216,-0.011986500583589077,0.7857425212860107,0.4512593448162079,1,-28.670000076293945,-4.843400001525879,1.0265690088272095,2,1.5400606393814087,,2023-06-10 23:42:58,-21.435400009155273
b973ac361183cbb0,0.3073485195636749,-0.007350499741733074,0.942198634147644,-0.18122276663780212,1,-28.255199432373047,-10.491999626159668,0.8834935426712036,3,1.402911901473999,0,2023-06-10 23:42:58,-21.118200302124023
b973ac361183cbb0,0.37472298741340637,0.07981850206851959,0.08042509108781815,0.5451329946517944,1,-26.49839973449707,-15.603799819946289,0.919636070728302,4,0.9844084978103638,,2023-06-10 23:42:58,-21.093799591064453
b973ac361183cbb0,0.44234147667884827,0.16842100024223328,0.9022523760795593,-0.05312849581241608,1,-23.948598861694336,-19.642000198364258,0.9787145256996155,0,0.400394469499588,0,2023-06-10 23:42:59,-21.654998779296875
b973ac361183cbb0,0.4899519681930542,0.2109074890613556,0.7750901579856873,-0.028228675946593285,1,-21.227998733520508,-22.43579864501953,0.8173390626907349,1,0.8268871307373047,,2023-06-10 23:42:59,-22.47239875793457
b973ac361183cbb0,0.339556485414505,-0.2663869857788086,-0.07030537724494934,-0.8841434121131897,1,-14.042200088500977,-20.276399612426758,1.1274019479751587,2,0.4525908827781677,0,2023-06-10 23:42:59,-15.7746000289917
b973ac361183cbb0,0.3476085066795349,0.06588000059127808,-0.7121082544326782,0.4155740439891815,1,-10.540800094604492,-21.886798858642578,0.6967114806175232,3,-0.05925358831882477,,2023-06-10 23:42:59,-16.652999877929688
b973ac361183cbb0,0.33809250593185425,0.1432889997959137,-1.0816110372543335,-0.44646579027175903,1,-7.600599765777588,-23.411800384521484,0.9984784722328186,4,-1.3513813018798828,0,2023-06-10 23:42:59,-17.409399032592773
b973ac361183cbb0,0.19724349677562714,0.20749148726463318,0.738872230052948,0.19533710181713104,1,-5.770599842071533,-24.24139976501465,1.2699589729309082,0,-0.9062470197677612,,2023-06-10 23:43:00,-18.23900032043457
b973ac361183cbb0,0.1012905016541481,0.24558599293231964,-0.5845466256141663,-0.9825443029403687,1,-5.343599796295166,-24.326799392700195,0.7223619818687439,1,-1.3830718994140625,4.155669689178467,2023-06-10 23:43:00,-18.800199508666992
b973ac361183cbb0,0.3134484887123108,-0.03004249930381775,-0.34353765845298767,0.5178363919258118,1,-6.087800025939941,-23.82659912109375,1.0993114709854126,2,-1.1857374906539917,,2023-06-10 23:43:00,-18.983200073242188
b973ac361183cbb0,0.10031449794769287,0.010949499905109406,-0.4597811996936798,-0.4311530590057373,1,-7.625,-23.18000030517578,1.017998456954956,3,-0.2573869228363037,0,2023-06-10 23:43:00,-18.702600479125977
b973ac361183cbb0,0.17549701035022736,0.02391200140118599,0.04620448127388954,-0.4267589747905731,1,-9.479399681091309,-22.996999740600586,0.864705502986908,4,-0.42516112327575684,,2023-06-10 23:43:00,-17.7997989654541
b973ac361183cbb0,0.26291000843048096,0.25900599360466003,0.3082517981529236,0.44593316316604614,1,-12.285399436950684,-22.20400047302246,1.04072105884552,0,-0.9459269046783447,6.467979907989502,2023-06-10 23:43:01,-16.909198760986328
b973ac361183cbb0,0.23311150074005127,0.22139950096607208,-0.3667064607143402,0.27549588680267334,1,-16.84819984436035,-19.88599967956543,1.1159034967422485,1,-1.6339342594146729,,2023-06-10 23:43:01,-16.18939971923828
b973ac361183cbb0,0.19773150980472565,0.1740330010652542,3.001027822494507,-0.21038351953029633,1,-20.496000289916992,-16.16499900817871,0.9598960280418396,2,-1.3122339248657227,4.265779495239258,2023-06-10 23:43:01,-15.518399238586426
b973ac361183cbb0,0.3085685074329376,-0.06057300046086311,3.0096826553344727,0.18961147964000702,1,-25.375999450683594,-13.993399620056152,0.7255339622497559,3,-0.6780208349227905,,2023-06-10 23:43:01,-17.421600341796875
b973ac361183cbb0,0.0605120025575161,-0.668956458568573,-0.8868064880371094,-0.2607157826423645,1,-25.90060043334961,-6.6977996826171875,0.800228476524353,4,-3.4324471950531006,0,2023-06-10 23:43:01,-14.87179946899414
b973ac361183cbb0,-0.49367302656173706,-0.7141270041465759,-0.19653549790382385,-0.21997061371803284,1,8.442399978637695,-14.981599807739258,0.15033450722694397,0,-0.07043853402137756,126.8787612915039,2023-06-10 23:43:02,-11.406999588012695
b973ac361183cbb0,0.32052451372146606,-0.2243884950876236,0.15033100545406342,0.1983996480703354,1,8.418000221252441,-15.896599769592285,0.7038179636001587,0,-0.1569887101650238,,2023-06-10 23:45:57,-10.90679931640625
b973ac361183cbb0,0.3874109983444214,-0.14774200320243835,0.27509641647338867,-0.09347419440746307,1,8.649800300598145,-16.360198974609375,0.5148400068283081,1,0.7816147208213806,93.80297088623047,2023-06-10 23:45:57,-11.528999328613281
b973ac361183cbb0,0.17134900391101837,-0.36746400594711304,0.06311506032943726,-0.14007814228534698,1,7.661599636077881,-17.23859977722168,1.1891645193099976,2,-0.19467133283615112,,2023-06-10 23:45:57,-17.018999099731445
b973ac361183cbb0,0.25607800483703613,-0.3396174907684326,0.04873441159725189,0.08974587917327881,1,8.039799690246582,-17.385000228881836,0.8461309671401978,3,-0.09427312016487122,124.88800048828125,2023-06-10 23:45:57,-17.90959930419922
b973ac361183cbb0,0.20627149939537048,-0.34864550828933716,-0.3134448230266571,-0.44659894704818726,1,8.46679973602295,-17.458200454711914,0.9401319622993469,0,0.6204982399940491,,2023-06-10 23:45:58,-18.739200592041016
b973ac361183cbb0,0.10080250352621078,-0.26248300075531006,-0.13368675112724304,0.08974587917327881,1,9.491600036621094,-17.348400115966797,0.8392990231513977,1,0.5681686401367188,212.02442932128906,2023-06-10 23:45:58,-19.20279884338379
b973ac361183cbb0,0.12129849940538406,-0.14310599863529205,-0.08868064731359482,-0.723559558391571,1,10.638400077819824,-17.17759895324707,0.9828625321388245,2,-0.6355446577072144,212.02442932128906,2023-06-10 23:45:58,-19.58099937438965
b973ac361183cbb0,0.08369200676679611,-0.1667739897966385,,,1,,,0.8920335173606873,3,,,2023-06-10 23:45:58,
b973ac361183cbb0,0.004758000373840332,-0.05581499636173248,-0.01171756349503994,-0.0017310036346316338,6,12.297599792480469,5.319200038909912,1.0020774602890015,0,-0.0001331541279796511,281.132080078125,2023-06-06 07:55:52,-32.07379913330078
b973ac361183cbb0,0.0033245000522583723,-0.04815949872136116,0,0.0009320789249613881,6,12.273200035095215,5.160599708557129,1.0151315927505493,0,-0.0002663082559593022,281.132080078125,2023-06-06 07:55:53,-32.14699935913086
b973ac361183cbb0,0.0029890001751482487,-0.048434000462293625,-0.007323476951569319,-0.0009320789249613881,6,12.26099967956543,5.233799934387207,1.0151619911193848,1,-0.0001331541279796511,281.132080078125,2023-06-06 07:55:53,-32.19580078125
b973ac361183cbb0,0.0035989999305456877,-0.047305501997470856,0.006258244160562754,0.0018641578499227762,6,12.273200035095215,5.453399658203125,1.0160160064697266,2,-0.0002663082559593022,281.132080078125,2023-06-06 07:55:53,-32.13479995727539
b973ac361183cbb0,0.0028669999446719885,-0.04770199954509735,0.004660394508391619,0.0009320789249613881,6,12.285399436950684,5.587599754333496,1.0157719850540161,3,0.011451254598796368,281.132080078125,2023-06-06 07:55:53,-32.13479995727539
b973ac361183cbb0,0.003263500053435564,-0.049531999975442886,-0.010252867825329304,-0.0001331541279796511,6,12.248799324035645,5.660799980163574,1.0170530080795288,4,0.044207170605659485,281.132080078125,2023-06-06 07:55:53,-32.183597564697266
b973ac361183cbb0,0.002470499835908413,-0.04751899838447571,0.0003994623839389533,0.0002663082559593022,6,9.333000183105469,-7.588399887084961,1.016595482826233,0,-0.0005326165119186044,204.84413146972656,2023-06-06 07:55:54,-32.11040115356445
b973ac361183cbb0,0.011498499661684036,-0.042760998010635376,0.0002663082559593022,0.0003994623839389533,6,9.503799438476562,-7.771399974822998,1.0497795343399048,0,-0.0002663082559593022,,2023-06-06 07:56:31,-31.841999053955078
b973ac361183cbb0,0.011437499895691872,-0.04282199963927269,0,0,6,9.57699966430664,-7.905600070953369,1.0505725145339966,1,-0.0002663082559593022,215.69532775878906,2023-06-06 07:56:31,-31.646799087524414
b973ac361183cbb0,0.010614000260829926,-0.04324899986386299,0,-0.0003994623839389533,6,9.61359977722168,-7.978799819946289,1.044869065284729,2,-0.0001331541279796511,,2023-06-06 07:56:31,-31.561399459838867
b973ac361183cbb0,0.010644500143826008,-0.04324899986386299,-0.0005326165119186044,0.0007989247678779066,6,9.637999534606934,-8.100799560546875,1.036512017250061,0,-0.0001331541279796511,218.25869750976562,2023-06-06 07:56:32,-31.5492000579834
b973ac361183cbb0,0.011010500602424145,-0.0441334992647171,-0.0003994623839389533,0,6,9.686800003051758,-8.161799430847168,1.0312354564666748,1,0,,2023-06-06 07:56:32,-31.51259994506836
b973ac361183cbb0,0.010644500143826008,-0.04367600008845329,0.0001331541279796511,0.0002663082559593022,6,9.711199760437012,-8.186200141906738,1.0276975631713867,2,-0.0001331541279796511,227.55088806152344,2023-06-06 07:56:32,-31.500398635864258
b973ac361183cbb0,0.01033950038254261,-0.043889500200748444,0.0001331541279796511,0.0001331541279796511,6,9.723400115966797,-8.210599899291992,1.0247390270233154,3,0,227.55088806152344,2023-06-06 07:56:32,-31.48819923400879
b973ac361183cbb0,0.010491999797523022,-0.04425549879670143,0.0001331541279796511,0.0002663082559593022,6,9.796599388122559,-8.28380012512207,1.0231834650039673,4,-0.0001331541279796511,227.55088806152344,2023-06-06 07:56:32,-31.402799606323242
b973ac361183cbb0,0.010095500387251377,-0.0437064990401268,-0.0003994623839389533,-0.0002663082559593022,6,9.833199501037598,-8.28380012512207,1.020804524421692,0,0.0001331541279796511,227.55088806152344,2023-06-06 07:56:33,-31.378398895263672
b973ac361183cbb0,0.010278499685227871,-0.0437064990401268,-0.0002663082559593022,0,6,9.845399856567383,-8.308199882507324,1.019858956336975,1,-0.0001331541279796511,227.55088806152344,2023-06-06 07:56:33,-31.41499900817871
b973ac361183cbb0,0.010156499221920967,-0.0437064990401268,-0.0003994623839389533,0.0002663082559593022,6,9.869799613952637,-8.332599639892578,1.0189745426177979,2,-0.0003994623839389533,227.55088806152344,2023-06-06 07:56:33,-31.427200317382812
b973ac361183cbb0,0.009973499923944473,-0.043523501604795456,-0.0003994623839389533,0,6,9.869799613952637,-8.344799995422363,1.020285964012146,3,-0.0001331541279796511,227.55088806152344,2023-06-06 07:56:33,-31.402799606323242
b973ac361183cbb0,0.010003999806940556,-0.044316500425338745,,,6,,,1.0200724601745605,4,,,2023-06-06 07:56:33,
b973ac361183cbb0,0.15109699964523315,-0.5847460031509399,-0.18428531289100647,-0.9011871218681335,5,-15.603799819946289,30.707399368286133,0.7946165204048157,0,1.0279498100280762,127.68682098388672,2023-06-06 07:57:53,-18.641599655151367
b973ac361183cbb0,0.1286185085773468,-0.49782103300094604,-0.9649679660797119,-1.5473841428756714,5,-14.115399360656738,28.14539909362793,0.9928665161132812,1,0.32929015159606934,127.68682098388672,2023-06-06 07:57:53,-21.972200393676758
b973ac361183cbb0,0.166469007730484,-0.675087034702301,-1.0826761722564697,0.42968836426734924,5,-15.786799430847168,23.704599380493164,0.849058985710144,2,1.5204869508743286,127.68682098388672,2023-06-06 07:57:53,-24.49759864807129
b973ac361183cbb0,0.10983049869537354,-0.02345450036227703,-1.7878605127334595,1.4436570405960083,5,-19.239398956298828,17.5802001953125,1.095895528793335,3,1.5704197883605957,127.68682098388672,2023-06-06 07:57:53,-24.814800262451172
b973ac361183cbb0,-0.05081300064921379,-0.08302100002765656,-0.661642849445343,0.5038552284240723,5,-21.45979881286621,11.41919994354248,0.7602125406265259,0,1.4120994806289673,127.68682098388672,2023-06-06 07:57:54,-24.082799911499023
b973ac361183cbb0,0.05050799995660782,0.5404905080795288,-2.4851887226104736,0.617568850517273,5,-23.106800079345703,5.2947998046875,0.9096015095710754,1,0.8296833634376526,127.68682098388672,2023-06-06 07:57:54,-21.49639892578125
b973ac361183cbb0,0.09055449813604355,0.5075504779815674,,,5,,,0.5463464856147766,2,,,2023-06-06 07:57:54,
b973ac361183cbb0,0.46823596954345703,0.1718370020389557,-0.2748301327228546,0.21903854608535767,5,14.188599586486816,4.477399826049805,1.3353815078735352,0,0.12849372625350952,25.312528610229492,2023-06-06 07:58:46,-27.1205997467041
b973ac361183cbb0,0.10055850446224213,-0.1626259982585907,0.027163442224264145,0.599859356880188,5,14.225199699401855,3.6843998432159424,0.30438998341560364,0,0.1262301206588745,,2023-06-06 07:58:47,-26.81559944152832
b973ac361183cbb0,0.206759512424469,-0.3943040072917938,-0.34846433997154236,-0.06884068250656128,5,13.334599494934082,3.5135998725891113,0.6796315312385559,1,0.3577851355075836,26.226909637451172,2023-06-06 07:58:47,-27.13279914855957
b973ac361183cbb0,0.42843350768089294,-0.5568994879722595,0.31917044520378113,0.48188477754592896,5,12.43179988861084,3.7575998306274414,0.773144543170929,2,0.27895790338516235,,2023-06-06 07:58:47,-27.584199905395508
b973ac361183cbb0,0.48311999440193176,-0.12013950198888779,-0.08761541545391083,0.2897433936595917,5,11.516799926757812,4.184599876403809,0.6222609877586365,3,0.07776200771331787,32.536678314208984,2023-06-06 07:58:47,-27.925800323486328
b973ac361183cbb0,0.45161351561546326,-0.13892750442028046,-0.4497946500778198,-0.6683005690574646,5,11.467999458312988,3.9284000396728516,0.7179700136184692,4,-0.8427324891090393,,2023-06-06 07:58:47,-28.035598754882812
b973ac361183cbb0,0.39180299639701843,-0.18019400537014008,0.5348801612854004,0.04234301298856735,5,11.516799926757812,4.160200119018555,1.0543849468231201,0,0.7403369545936584,166.20899963378906,2023-06-06 07:58:48,-28.059999465942383
b973ac361183cbb0,0.3232084810733795,-0.15994200110435486,0.26710718870162964,-0.24460414052009583,5,12.212200164794922,4.269999980926514,0.7479820251464844,1,0.13222205638885498,166.20899963378906,2023-06-06 07:58:48,-28.42599868774414
b973ac361183cbb0,0.319304496049881,-0.15872199833393097,,,5,,,1.1593660116195679,2,,,2023-06-06 07:58:48,
b973ac361183cbb0,0.590785026550293,0.08006250113248825,-0.041410934180021286,-0.32263246178627014,1,11.309399604797363,-0.8539999723434448,1.0687810182571411,0,-0.13275466859340668,,2023-06-06 07:59:08,-33.40359878540039
b973ac361183cbb0,0.46750399470329285,0.018513500690460205,0.5973294377326965,-0.37150001525878906,1,12.944199562072754,-0.9149999618530273,1.1627819538116455,0,-0.40279123187065125,34.959102630615234,2023-06-06 07:59:09,-32.32999801635742
b973ac361183cbb0,0.17891299724578857,0.10568249225616455,-0.07816147059202194,-0.3173062801361084,1,14.27400016784668,-0.8783999681472778,0.9289080500602722,1,-0.306254506111145,34.959102630615234,2023-06-06 07:59:09,-31.597999572753906
b973ac361183cbb0,0.14987699687480927,-0.14847400784492493,0.0633813664317131,0.14660269021987915,1,14.920599937438965,-1.0613999366760254,0.7340739965438843,2,0.48068639636039734,,2023-06-06 07:59:09,-31.09779930114746
b973ac361183cbb0,0.3315044939517975,-0.15262199938297272,-3.64123272895813,0.3504616618156433,1,17.104398727416992,-4.56279993057251,1.281427025794983,3,-0.4328840672969818,0,2023-06-06 07:59:09,-31.09779930114746
b973ac361183cbb0,0.21529951691627502,-0.2610189914703369,,,1,,,0.5565945506095886,4,,,2023-06-06 07:59:09,
b973ac361183cbb0,0.2549799978733063,0.15780700743198395,,,1,12.07800006866455,7.441999912261963,1.4738210439682007,0,,793.1492309570312,2023-06-06 08:01:37,-18.641599655151367
b973ac361183cbb0,0.23262351751327515,-0.10940349847078323,0.3403419554233551,-0.5061188340187073,1,9.381799697875977,9.589200019836426,0.7753404974937439,1,0.4764254689216614,,2023-06-06 08:01:37,-21.045000076293945
b973ac361183cbb0,0.23091550171375275,-0.08521699905395508,0.5459319353103638,0.18401899933815002,1,9.540399551391602,9.808799743652344,0.7619204521179199,2,0.17349982261657715,120.23413848876953,2023-06-06 08:01:37,-20.776599884033203
b973ac361183cbb0,0.37765100598335266,-0.04056499898433685,-0.540339469909668,0.07603100687265396,1,9.625800132751465,9.235400199890137,0.9748104810714722,3,-0.515705943107605,,2023-06-06 08:01:37,-20.83759880065918
b973ac361183cbb0,0.17086100578308105,-0.15140199661254883,0.1580539494752884,-0.17070358991622925,1,9.686800003051758,8.625399589538574,0.9516000151634216,4,-0.8601756691932678,109.72379302978516,2023-06-06 08:01:37,-20.983999252319336
b973ac361183cbb0,0.18037700653076172,-0.24073649942874908,-0.07017222791910172,0.09493889659643173,1,9.662400245666504,8.064199447631836,0.7123579978942871,0,-0.2507292330265045,,2023-06-06 08:01:38,-21.17919921875
b973ac361183cbb0,0.3600830137729645,-0.0769209936261177,-0.10039821267127991,0.17256775498390198,1,9.369600296020508,7.832399845123291,1.2958534955978394,1,0.28854498267173767,90.56465148925781,2023-06-06 08:01:38,-21.410999298095703
b973ac361183cbb0,0.10104650259017944,-0.15725800395011902,0.39107367396354675,0.40625324845314026,1,8.80840015411377,7.881199836730957,0.78729647397995,2,0.36630702018737793,90.56465148925781,2023-06-06 08:01:38,-21.667200088500977
b973ac361183cbb0,0.37130698561668396,-0.23244048655033112,0.10745538026094437,0.43661239743232727,1,8.2593994140625,7.86899995803833,0.7218739986419678,3,0.13328728079795837,90.56465148925781,2023-06-06 08:01:38,-21.947799682617188
b973ac361183cbb0,0.5556185245513916,-0.21365250647068024,-0.03448691964149475,-0.1065233051776886,1,7.722599983215332,7.441999912261963,0.9494039416313171,4,-0.17895914614200592,90.56465148925781,2023-06-06 08:01:38,-22.49679946899414
b973ac361183cbb0,0.3698430061340332,-0.10232749581336975,-0.3291569948196411,-0.34553495049476624,1,7.38100004196167,6.7953996658325195,0.7624084949493408,0,-0.4629769027233124,,2023-06-06 08:01:39,-23.021400451660156
b973ac361183cbb0,0.3324804902076721,-0.25443100929260254,-0.07749570161104202,-0.12689588963985443,1,7.13700008392334,6.5513997077941895,0.7804644703865051,1,0.07336792349815369,58.00274658203125,2023-06-06 08:01:39,-23.436199188232422
b973ac361183cbb0,0.4677479863166809,-0.12843549251556396,0.10505861043930054,0.11637670546770096,1,6.673399925231934,6.4781999588012695,1.2875574827194214,2,-0.0011983871227130294,58.00274658203125,2023-06-06 08:01:39,-23.875398635864258
b973ac361183cbb0,0.2253035008907318,-0.21487249433994293,,,1,,,0.8385670185089111,3,,,2023-06-06 08:01:39,
b973ac361183cbb0,0.23750349879264832,-0.14090999960899353,,,5,-19.690799713134766,4.489599704742432,0.4533214867115021,0,,96.6414794921875,2023-06-06 12:46:56,-20.89859962463379
b973ac361183cbb0,0.04904400184750557,-0.43508249521255493,-0.4205007255077362,-1.2628337144851685,5,-18.751399993896484,2.64739990234375,1.294877529144287,1,-0.32383084297180176,96.6414794921875,2023-06-06 12:46:56,-22.960399627685547
b973ac361183cbb0,0.1567090004682541,-0.23732049763202667,-1.4035776853561401,0.2557890713214874,5,,,1.1234675645828247,2,0.7718944549560547,96.6414794921875,2023-06-06 12:46:56,
b973ac361183cbb0,-0.04642099887132645,0.05026400089263916,-0.3111811876296997,-0.38441595435142517,5,13.61520004272461,-5.062999725341797,1.521187424659729,3,-0.5173037648200989,190.4189910888672,2023-06-06 12:46:56,-39.869598388671875
b973ac361183cbb0,0.10360850393772125,-0.0857049971818924,-0.011051792651414871,0.23421810567378998,5,13.810400009155273,-5.770599842071533,1.3373334407806396,0,-0.026364516466856003,506.1229248046875,2023-06-06 12:47:42,-39.68659973144531
b973ac361183cbb0,0.17513100802898407,0.01668350026011467,0.010785484686493874,-0.13914605975151062,5,13.639599800109863,-7.063799858093262,0.9954285025596619,1,-0.40438908338546753,,2023-06-06 12:47:42,-39.21080017089844
b973ac361183cbb0,0.21456749737262726,-0.16408999264240265,0.2085193693637848,0.41357672214508057,5,13.114999771118164,-7.466399669647217,1.0214449167251587,2,0.08082455396652222,545.6414184570312,2023-06-06 12:47:42,-39.10099792480469
b973ac361183cbb0,0.2814539968967438,-0.22243650257587433,0.07802832126617432,0.20785360038280487,5,12.138999938964844,-7.551799774169922,1.0165345668792725,3,-0.17975807189941406,,2023-06-06 12:47:42,-39.06439971923828
b973ac361183cbb0,0.25827401876449585,-0.17458200454711914,-0.11730878800153732,-0.11837401986122131,5,11.187399864196777,-7.405399799346924,0.8283189535140991,0,-0.4664389193058014,,2023-06-06 12:47:43,-39.07659912109375
b973ac361183cbb0,0.329430490732193,-0.1139175072312355,-0.4685693681240082,-0.39506828784942627,5,10.504199981689453,-7.478600025177002,0.7082099914550781,1,-0.9023855328559875,522.0305786132812,2023-06-06 12:47:43,-39.06439971923828
b973ac361183cbb0,0.32296448945999146,-0.12867949903011322,-0.5045210123062134,-0.7694976925849915,5,10.345600128173828,-8.28380012512207,0.8865435123443604,2,-0.720097541809082,522.0305786132812,2023-06-06 12:47:43,-38.84479904174805
b973ac361183cbb0,-0.07695150375366211,-0.11757749319076538,-0.3415403366088867,0.26257994771003723,5,9.101200103759766,-10.540800094604492,1.4658910036087036,3,-0.9655005931854248,522.0305786132812,2023-06-06 12:47:43,-38.24699783325195
b973ac361183cbb0,0.05782800167798996,-0.22512051463127136,0.2989310026168823,0.1547250896692276,5,7.881199836730957,-12.138999938964844,1.0089704990386963,4,-0.7475273013114929,522.0305786132812,2023-06-06 12:47:43,-37.637001037597656
b973ac361183cbb0,-0.02311900071799755,-0.14432600140571594,-0.027829213067889214,0.1014634445309639,5,-21.691598892211914,-9.78439998626709,0.8544269800186157,2,0.4037233293056488,21.905170440673828,2023-06-07 20:26:48,-24.54640007019043
b973ac361183cbb0,0.2201794981956482,-0.01162050012499094,-0.4559197425842285,-0.22063638269901276,5,-21.50860023498535,-11.211799621582031,0.737246036529541,3,0.3936035931110382,,2023-06-07 20:26:48,-23.997400283813477
b973ac361183cbb0,0.27047398686408997,0.02757200039923191,-0.5115781426429749,0.06098458915948868,5,-21.14259910583496,-12.60260009765625,0.9271999597549438,4,0.14433906972408295,49.542781829833984,2023-06-07 20:26:48,-23.423999786376953
b973ac361183cbb0,0.33052849769592285,0.17683899402618408,,,5,,,1.1152935028076172,0,,,2023-06-07 20:26:49,
b973ac361183cbb0,,,,,1,2.525399923324585,1.9397999048233032,,0,,130.69845581054688,2023-06-09 14:43:02,10.748199462890625
b973ac361183cbb0,,,,,1,2.574199914932251,2.293599843978882,,1,,130.69845581054688,2023-06-09 14:43:02,10.150400161743164
b973ac361183cbb0,,,,,1,2.549799919128418,2.927999973297119,,2,,130.69845581054688,2023-06-09 14:43:02,9.772199630737305
b973ac361183cbb0,,,,,1,2.720599889755249,3.8429999351501465,,3,,130.69845581054688,2023-06-09 14:43:02,9.08899974822998
b973ac361183cbb0,,,,,1,4.0991997718811035,4.892199993133545,,4,,130.69845581054688,2023-06-09 14:43:02,8.027600288391113
b973ac361183cbb0,,,,,1,-3.2451999187469482,-28.45039939880371,,1,,,2023-06-09 14:46:15,-22.008800506591797
b973ac361183cbb0,,,,,1,-4.07480001449585,-27.462200164794922,,2,,2823.33349609375,2023-06-09 14:46:15,-22.106399536132812
b973ac361183cbb0,,,,,1,-3.171999931335449,-26.43739891052246,,0,,,2023-06-09 14:46:16,-22.618799209594727
b973ac361183cbb0,,,,,1,-1.0003999471664429,-25.693199157714844,,1,,3786.668701171875,2023-06-09 14:46:16,-23.0945987701416
b973ac361183cbb0,,,,,1,1.4883999824523926,-20.715599060058594,,2,,,2023-06-09 14:46:16,-33.47679901123047
b973ac361183cbb0,,,,,1,2.40339994430542,-19.690799713134766,,3,,2572.55810546875,2023-06-09 14:46:16,-33.989200592041016
b973ac361183cbb0,,,,,1,1.549399971961975,-18.141399383544922,,4,,2572.55810546875,2023-06-09 14:46:16,-34.97739791870117
b973ac361183cbb0,,,,,1,1.0491999387741089,-18.20240020751953,,0,,2572.55810546875,2023-06-09 14:46:17,-34.85540008544922
b973ac361183cbb0,,,,,1,1.0003999471664429,-17.7997989654541,,1,,2572.55810546875,2023-06-09 14:46:17,-34.85540008544922
b973ac361183cbb0,,,,,1,1.4639999866485596,-17.628999710083008,,2,,2572.55810546875,2023-06-09 14:46:17,-34.85540008544922
b973ac361183cbb0,,,,,1,0.9027999639511108,-18.104799270629883,,3,,,2023-06-09 14:46:17,-34.22100067138672
b973ac361183cbb0,,,,,1,0.3781999945640564,-18.653799057006836,,4,,5966.853515625,2023-06-09 14:46:17,-33.623199462890625
b973ac361183cbb0,,,,,1,-0.17080000042915344,-19.666399002075195,,0,,5966.853515625,2023-06-09 14:46:18,-32.72039794921875
b973ac361183cbb0,,,,,1,-0.9149999618530273,-20.605798721313477,,1,,5966.853515625,2023-06-09 14:46:18,-31.915199279785156
b973ac361183cbb0,,,,,1,-1.1345999240875244,-22.008800506591797,,2,,,2023-06-09 14:46:18,-30.963600158691406
b973ac361183cbb0,,,1.0323439836502075,1.0982552766799927,6,-38.1005973815918,-2.598599910736084,,2,0.3577851355075836,3813.208984375,2023-06-25 11:08:55,-11.138599395751953
b973ac361183cbb0,,,-0.020772043615579605,-0.1878804713487625,6,-38.234798431396484,-2.85479998588562,,3,-0.06790860742330551,3813.208984375,2023-06-25 11:08:55,-11.053199768066406
b973ac361183cbb0,,,0.06804175674915314,0.10266183316707611,6,-39.21080017089844,-2.061800003051758,,4,-0.04127778112888336,3551.294189453125,2023-06-25 11:08:55,-9.74779987335205
b973ac361183cbb0,,,-0.017842652276158333,-0.037815771996974945,6,-39.235198974609375,-1.8787999153137207,,0,-0.02556559257209301,3551.294189453125,2023-06-25 11:09:06,-9.57699966430664
b973ac361183cbb0,,,-0.030092833563685417,-0.0021304660476744175,6,-39.040000915527344,-1.7445999383926392,,1,0.0018641578499227762,3551.294189453125,2023-06-25 11:09:06,-9.381799697875977
b973ac361183cbb0,,,-0.05725627392530441,-0.016111649572849274,6,-38.88140106201172,-1.5981999635696411,,2,-0.04287562891840935,3551.294189453125,2023-06-25 11:09:06,-9.198800086975098
b973ac361183cbb0,,,-0.044872939586639404,0.03408745676279068,6,-38.82040023803711,-1.476199984550476,,0,-0.004127778112888336,3551.294189453125,2023-06-25 11:09:07,-9.015799522399902
b973ac361183cbb0,,,-0.029560215771198273,-0.1171756312251091,6,-38.74720001220703,-1.476199984550476,,1,0.051264338195323944,3551.294189453125,2023-06-25 11:09:07,-9.003600120544434
b973ac361183cbb0,,,-1.3760147094726562,-0.892265796661377,6,-38.588600158691406,-1.329800009727478,,2,-0.982144832611084,3551.294189453125,2023-06-25 11:09:07,-9.381799697875977
b973ac361183cbb0,,,-0.20891882479190826,-0.16298064589500427,6,-38.234798431396484,-0.7807999849319458,,3,-0.4143756330013275,3551.294189453125,2023-06-25 11:09:07,-10.211400032043457
b973ac361183cbb0,,,0.32316505908966064,0.15272778272628784,6,-37.78339767456055,-0.14640000462532043,,4,0.49812960624694824,3551.294189453125,2023-06-25 11:09:07,-11.089799880981445
b973ac361183cbb0,,,0.3621792197227478,0.5310186743736267,6,-37.661399841308594,0.13419999182224274,,0,0.39000844955444336,3551.294189453125,2023-06-25 11:09:08,-11.443599700927734
b973ac361183cbb0,,,0.38388335704803467,-0.1362166702747345,6,-37.57600021362305,0.19519999623298645,,1,0.17176882922649384,3551.294189453125,2023-06-25 11:09:08,-11.821800231933594
b973ac361183cbb0,,,0.15925233066082,0.10798799991607666,6,-37.47840118408203,0.18299999833106995,,2,0.06005251035094261,3551.294189453125,2023-06-25 11:09:08,-12.309800148010254
b973ac361183cbb0,,,-0.34633389115333557,-0.24473728239536285,6,-36.69759750366211,-5.209399700164795,,3,-0.35698622465133667,4179.58837890625,2023-06-25 11:09:08,-14.664400100708008
b973ac361183cbb0,,,0.12689588963985443,0.041410934180021286,6,-36.77079772949219,-4.526199817657471,,0,0.03328853100538254,4179.58837890625,2023-06-25 11:09:59,-14.505799293518066
b973ac361183cbb0,,,0.09547150880098343,0.03049229457974434,6,-36.575599670410156,-4.282199859619141,,1,0.010918638668954372,4179.58837890625,2023-06-25 11:09:59,-14.371600151062012
b973ac361183cbb0,,,-0.02729659713804722,0.044606633484363556,6,-36.55120086669922,-4.123600006103516,,2,-0.02916075475513935,4179.58837890625,2023-06-25 11:09:59,-14.21299934387207
b973ac361183cbb0,,,-0.0037283156998455524,-0.01917419396340847,6,-36.526798248291016,-4.026000022888184,,0,-0.015046416781842709,4179.58837890625,2023-06-25 11:10:00,-14.127599716186523
b973ac361183cbb0,,,-0.06138405203819275,-0.037150003015995026,6,-36.51459884643555,-4.062600135803223,,1,0.1014634445309639,4179.58837890625,2023-06-25 11:10:00,-14.029999732971191
b973ac361183cbb0,,,0.03541899845004082,-0.004260932095348835,6,-36.465797424316406,-4.184599876403809,,2,0.0053261648863554,4179.58837890625,2023-06-25 11:10:00,-13.993399620056152
b973ac361183cbb0,,,0.20039696991443634,0.006258244160562754,5,-8.576600074768066,13.017399787902832,,4,0.959908127784729,0,2023-06-10 09:53:29,-31.47599983215332
b973ac361183cbb0,,,,,5,-9.601399421691895,12.07800006866455,,0,,,2023-06-10 09:53:30,-31.5492000579834
b973ac361183cbb0,,,,,1,,,,0,,1395.74658203125,2023-06-09 14:46:15,
b973ac361183cbb0,,,,,5,,,,1,,0,2023-06-10 09:53:30,
b973ac361183cbb0,,,,,5,,,,3,,0,2023-06-10 09:53:30,
b973ac361183cbb0,,,,,5,,,,0,,0,2023-06-10 09:53:31,
b973ac361183cbb0,,,,,5,,,,2,,0,2023-06-10 09:53:31,
b973ac361183cbb0,,,,,5,,,,4,,0,2023-06-10 09:53:31,
b973ac361183cbb0,,,,,5,,,,1,,0,2023-06-10 09:53:32,
b973ac361183cbb0,,,,,5,,,,3,,0,2023-06-10 09:53:32,
b973ac361183cbb0,,,,,5,,,,0,,0,2023-06-10 09:53:33,
b973ac361183cbb0,,,,,5,,,,2,,0,2023-06-10 09:53:33,
b973ac361183cbb0,,,,,5,,,,4,,0,2023-06-10 09:53:33,
b973ac361183cbb0,,,,,6,,,,1,,0,2023-06-10 23:37:19,
b973ac361183cbb0,,,,,6,,,,3,,0,2023-06-10 23:37:19,
b973ac361183cbb0,,,,,6,,,,1,,0,2023-06-10 23:37:20,
b973ac361183cbb0,,,,,6,,,,3,,0,2023-06-10 23:37:20,
b973ac361183cbb0,,,,,6,,,,1,,0,2023-06-10 23:37:21,
b973ac361183cbb0,,,,,6,,,,3,,0,2023-06-10 23:37:21,
b973ac361183cbb0,,,,,6,,,,5,,0,2023-06-10 23:37:21,
b973ac361183cbb0,,,,,6,,,,1,,0,2023-06-10 23:37:22,
b973ac361183cbb0,,,,,6,,,,3,,0,2023-06-10 23:37:22,
b973ac361183cbb0,,,,,6,,,,0,,4.481861591339111,2023-06-10 23:37:23,
b973ac361183cbb0,,,,,5,,,,1,,0,2023-06-07 20:25:55,
b973ac361183cbb0,,,,,5,,,,3,,0,2023-06-07 20:25:55,
b973ac361183cbb0,,,,,5,,,,0,,0,2023-06-07 20:25:56,
b973ac361183cbb0,,,,,5,,,,1,,0,2023-06-07 20:25:56,
b973ac361183cbb0,,,,,5,,,,2,,0,2023-06-07 20:25:56,
b973ac361183cbb0,,,,,5,,,,3,,15.731311798095703,2023-06-07 20:25:56,
b973ac361183cbb0,,,,,5,,,,0,,15.731311798095703,2023-06-07 20:26:46,
b973ac361183cbb0,,,,,5,,,,1,,15.731311798095703,2023-06-07 20:26:46,
b973ac361183cbb0,,,,,5,,,,2,,15.731311798095703,2023-06-07 20:26:46,
b973ac361183cbb0,,,,,5,,,,3,,15.731311798095703,2023-06-07 20:26:46,
b973ac361183cbb0,,,,,5,,,,1,,0,2023-06-07 20:26:47,
b973ac361183cbb0,,,,,5,,,,3,,17.244871139526367,2023-06-07 20:26:47,
b973ac361183cbb0,,,,,5,,,,0,,31.2645206451416,2023-06-07 20:26:48,
