Bpressure,deviceId,Ay,Ax,Gy,Gx,activity,My,Mx,Az,counter,Gz,Lilluminance,timestamp,Mz
,ccbc9d76c2ebeaf5,0.4551210105419159,-0.2794409990310669,,,1,,,0.3214089870452881,0,,337.9725036621094,2023-06-24 11:08:42,
,ccbc9d76c2ebeaf5,0.4518269896507263,-0.23265400528907776,-0.9361502528190613,-0.3649153411388397,1,-0.35625001788139343,23.92500114440918,0.6866160035133362,1,0.20250166952610016,346.0050048828125,2023-06-24 11:08:42,-31.70625114440918
,ccbc9d76c2ebeaf5,0.6822239756584167,-0.15530599653720856,,,1,,,0.6703289747238159,2,,,2023-06-24 11:08:42,
950.4100341796875,ccbc9d76c2ebeaf5,0.6314719915390015,-0.17470400035381317,-0.743346095085144,-1.7439426183700562,1,2.8500001430511475,21.262500762939453,0.9584320187568665,3,-0.9064469933509827,365.9850158691406,2023-06-24 11:08:42,-32.625
950.433349609375,ccbc9d76c2ebeaf5,-0.0449570007622242,-0.02379000000655651,0.48670652508735657,0.4615846872329712,1,7.575000286102295,18.806251525878906,1.6089969873428345,4,-0.03504836559295654,365.9850158691406,2023-06-24 11:08:42,-32.73750305175781
950.41845703125,ccbc9d76c2ebeaf5,0.3181760013103485,-0.14109300076961517,,,1,9.543750762939453,18,0.4861700236797333,5,,,2023-06-24 11:08:42,-32.73750305175781
,ccbc9d76c2ebeaf5,0.3447110056877136,-0.13895800709724426,0.11461350321769714,-0.41294458508491516,1,11.418750762939453,17.325000762939453,0.8677250146865845,6,-0.21097742021083832,366.9975280761719,2023-06-24 11:08:42,-32.53125
950.4075927734375,ccbc9d76c2ebeaf5,0.19641999900341034,-0.2752319872379303,-0.3568213880062103,-0.3294851779937744,1,,,1.260198950767517,0,-0.2421315312385559,373.0050048828125,2023-06-24 11:08:43,
950.3973388671875,ccbc9d76c2ebeaf5,-0.09345199912786484,-0.33970901370048523,0.4453204274177551,0.5792525410652161,1,12.656250953674316,16.818750381469727,1.170894980430603,1,0.6152172088623047,375.9750061035156,2023-06-24 11:08:43,-32.400001525878906
950.40673828125,ccbc9d76c2ebeaf5,0.1685430109500885,-0.21087700128555298,-0.05673406645655632,0.03153589367866516,1,12.90000057220459,16.96875,0.5153279900550842,2,0.724409282207489,379.01251220703125,2023-06-24 11:08:43,-32.212501525878906
,ccbc9d76c2ebeaf5,0.32848501205444336,-0.16482199728488922,,,1,12.862500190734863,17.193750381469727,1.2235379219055176,3,,,2023-06-24 11:08:43,-32.28750228881836
950.4095458984375,ccbc9d76c2ebeaf5,0.10638400167226791,0.10443200170993805,-0.42042768001556396,0.030925029888749123,1,14.456250190734863,16.256250381469727,0.7707350254058838,4,-0.1521816849708557,,2023-06-24 11:08:43,-32.60625076293945
950.385498046875,ccbc9d76c2ebeaf5,0.1752530038356781,0.08936499804258347,0.39454227685928345,-0.2271653413772583,1,,,0.7994660139083862,5,-0.43806639313697815,390.0150146484375,2023-06-24 11:08:43,
950.3831787109375,ccbc9d76c2ebeaf5,0.3438569903373718,-0.31994500756263733,0.4189005196094513,-0.6265945434570312,1,15.80625057220459,16.387500762939453,0.9343979358673096,6,-0.32879796624183655,407.0250244140625,2023-06-24 11:08:43,-32.25
950.3939208984375,ccbc9d76c2ebeaf5,0.5458890199661255,-0.3533730208873749,-0.8915571570396423,0.20883940160274506,1,16.21875,17.006250381469727,1.0859830379486084,0,0.11736239492893219,423.967529296875,2023-06-24 11:08:44,-31.781251907348633
950.379638671875,ccbc9d76c2ebeaf5,-0.12529399991035461,-0.4463370144367218,1.363373875617981,0.5893318057060242,1,16.3125,17.25,1.139967918395996,1,0.7842740416526794,432.0000305175781,2023-06-24 11:08:44,-31.650001525878906
950.4036865234375,ccbc9d76c2ebeaf5,0.12864899635314941,-0.12450099736452103,,,1,15.112500190734863,18.5625,0.5818179845809937,2,,428.01751708984375,2023-06-24 11:08:44,-31.443750381469727
,ccbc9d76c2ebeaf5,0.518500030040741,-0.07759200036525726,-0.5920043587684631,-0.010919207707047462,1,,,1.0493829250335693,3,0.7400626540184021,423.967529296875,2023-06-24 11:08:44,
950.4136962890625,ccbc9d76c2ebeaf5,0.4736039936542511,0.08625400066375732,-0.820162296295166,0.001832594396546483,1,13.612500190734863,19.650001525878906,1.2863680124282837,4,-0.4730384051799774,423.02252197265625,2023-06-24 11:08:44,-31.443750381469727
950.3746337890625,ccbc9d76c2ebeaf5,0.13609100878238678,0.020495999604463577,0.40339982509613037,-0.25671592354774475,1,13.031250953674316,19.650001525878906,0.6617890000343323,5,-0.6041452884674072,422.010009765625,2023-06-24 11:08:44,-31.837501525878906
950.3822021484375,ccbc9d76c2ebeaf5,0.38308000564575195,-0.052765000611543655,,,1,13.050000190734863,19.650001525878906,0.9925919771194458,0,,425.9925231933594,2023-06-24 11:08:45,-31.818750381469727
950.3670654296875,ccbc9d76c2ebeaf5,0.545644998550415,-0.31659001111984253,-0.07941242307424545,0.04230238497257233,1,13.012500762939453,19.80000114440918,0.8597949743270874,1,-0.07162389904260635,416.00250244140625,2023-06-24 11:08:45,-31.668750762939453
,ccbc9d76c2ebeaf5,0.2597379982471466,-0.0777139961719513,-0.030466880649328232,0.22960880398750305,1,12.187500953674316,19.631250381469727,1.2654449939727783,2,0.33055421710014343,,2023-06-24 11:08:45,-31.912500381469727
950.350341796875,ccbc9d76c2ebeaf5,0.22618800401687622,-0.11016600579023361,-0.12904518842697144,-0.19753839075565338,1,,,0.44566598534584045,3,0.5630646347999573,,2023-06-24 11:08:45,
950.40625,ccbc9d76c2ebeaf5,0.35495901107788086,-0.24637900292873383,0.05299251899123192,-0.256792277097702,1,10.762500762939453,19.725000381469727,0.7167499661445618,4,-0.07681624591350555,,2023-06-24 11:08:45,-32.38125228881836
950.4383544921875,ccbc9d76c2ebeaf5,0.4824490249156952,-0.04696999862790108,-0.15141810476779938,0.15485422313213348,1,10.293750762939453,19.950000762939453,1.0950109958648682,5,-0.8483384847640991,,2023-06-24 11:08:45,-32.4375
,ccbc9d76c2ebeaf5,0.10077200084924698,0.16207700967788696,,,1,10.725000381469727,18.84375,0.873947024345398,0,,,2023-06-24 11:08:46,-32.79375076293945
950.3809814453125,ccbc9d76c2ebeaf5,0.2764520049095154,-0.08936499804258347,0.018631376326084137,-0.05627591907978058,1,11.925000190734863,17.775001525878906,0.6377549767494202,1,-0.8347467184066772,,2023-06-24 11:08:46,-32.83125305175781
950.417236328125,ccbc9d76c2ebeaf5,0.4626240134239197,-0.05325299873948097,-0.6491202116012573,0.14782927930355072,1,,,0.8087989687919617,2,-0.05436696484684944,,2023-06-24 11:08:46,
950.405517578125,ccbc9d76c2ebeaf5,0.09656299650669098,-0.1554890125989914,-0.5381718873977661,2.024329423904419,1,12.24375057220459,16.668750762939453,1.27081298828125,3,0.565049946308136,,2023-06-24 11:08:46,-32.94375228881836
,ccbc9d76c2ebeaf5,0.4409080147743225,0.12425700575113297,,,1,10.106250762939453,14.96250057220459,0.5360680222511292,4,,,2023-06-24 11:08:46,-33.60000228881836
,ccbc9d76c2ebeaf5,0.7144320011138916,0.0018300000810995698,,,1,,,0.6189669966697693,0,,,2023-06-24 11:10:33,
,ccbc9d76c2ebeaf5,0.7162010073661804,-0.0983320027589798,0.11911863088607788,-0.9778417944908142,1,1.4812500476837158,13.800000190734863,0.9476959705352783,1,-0.6033816933631897,,2023-06-24 11:10:33,-36.243751525878906
,ccbc9d76c2ebeaf5,0.18842899799346924,-0.35245800018310547,,,1,,,1.049017071723938,2,,,2023-06-24 11:10:33,
950.288330078125,ccbc9d76c2ebeaf5,0.1542689949274063,0.018970999866724014,-0.647516667842865,0.14653119444847107,1,3.2250001430511475,11.756250381469727,0.59859299659729,3,-0.5115228891372681,,2023-06-24 11:10:33,-35.493751525878906
,ccbc9d76c2ebeaf5,0.2712060213088989,0.05093500018119812,,,1,4.03125,9.112500190734863,0.6706950068473816,4,,,2023-06-24 11:10:33,-35.70000076293945
950.291015625,ccbc9d76c2ebeaf5,0.5278329849243164,0.03580700233578682,-0.09292780607938766,0.024510949850082397,1,,,0.8847439289093018,5,-0.23548837006092072,,2023-06-24 11:10:33,
,ccbc9d76c2ebeaf5,0.31073400378227234,-0.16329699754714966,0.23426663875579834,0.3068068325519562,1,4.293750286102295,7.875000476837158,1.3154040575027466,6,-0.2838993966579437,,2023-06-24 11:10:33,-35.493751525878906
950.3033447265625,ccbc9d76c2ebeaf5,0.5129489898681641,0.14804700016975403,,,1,,,0.9912500381469727,0,,,2023-06-24 11:10:34,
950.2823486328125,ccbc9d76c2ebeaf5,0.3164680004119873,-0.14719299972057343,0.08315397053956985,-0.651105523109436,1,4.650000095367432,6.825000286102295,0.6600199937820435,1,-0.25266894698143005,,2023-06-24 11:10:34,-35.17500305175781
,ccbc9d76c2ebeaf5,0.34690701961517334,-0.1255989968776703,,,1,,,0.8293560147285461,2,,,2023-06-24 11:10:34,
950.2926025390625,ccbc9d76c2ebeaf5,0.5436930060386658,-0.22069799900054932,0.31406086683273315,0.4816668927669525,1,5.15625,6.225000381469727,0.8938940167427063,3,-0.018631376326084137,,2023-06-24 11:10:34,-34.72500228881836
,ccbc9d76c2ebeaf5,0.5342989563941956,-0.2269809991121292,-0.17363831400871277,0.38820457458496094,1,5.212500095367432,5.775000095367432,1.2392759323120117,4,0.41813695430755615,,2023-06-24 11:10:34,-34.6875
950.2989501953125,ccbc9d76c2ebeaf5,0.5153890252113342,-0.14267900586128235,,,1,,,0.7303529977798462,5,,,2023-06-24 11:10:34,
950.2982177734375,ccbc9d76c2ebeaf5,0.25955501198768616,-0.11022700369358063,-0.2889390289783478,-0.3571268320083618,1,5.287500381469727,4.931250095367432,0.7055870294570923,6,-0.13393209874629974,,2023-06-24 11:10:34,-34.66875076293945
,ccbc9d76c2ebeaf5,0.43761399388313293,-0.06539200246334076,,,1,,,0.8345409631729126,7,,,2023-06-24 11:10:34,
950.29833984375,ccbc9d76c2ebeaf5,0.567238986492157,-0.003782000159844756,-0.13385574519634247,-0.09941824525594711,1,6,2.700000047683716,1.0122339725494385,0,0.22120940685272217,,2023-06-24 11:10:35,-34.42500305175781
,ccbc9d76c2ebeaf5,0.283161997795105,0.1718980073928833,,,1,6.487500190734863,0.6187500357627869,1.3753060102462769,1,,,2023-06-24 11:10:35,-34.21875
950.298828125,ccbc9d76c2ebeaf5,0.3106729984283447,0.0529480017721653,-0.13194678723812103,0.046807512640953064,1,,,0.6847860217094421,2,-0.22411102056503296,,2023-06-24 11:10:35,
950.2940673828125,ccbc9d76c2ebeaf5,0.29987600445747375,-0.11931600421667099,0.08689551800489426,-0.04780016839504242,1,6.843750476837158,-0.768750011920929,0.6779539585113525,3,-0.2542724609375,,2023-06-24 11:10:35,-33.67500305175781
,ccbc9d76c2ebeaf5,0.4731769859790802,0.004147999919950962,,,1,,,0.8022720217704773,4,,72411.03125,2023-06-24 11:10:35,
950.2908935546875,ccbc9d76c2ebeaf5,0.570472002029419,0.003965000156313181,0.17608177661895752,-0.0654388889670372,1,7.218750476837158,-2.2687501907348633,1.1247179508209229,5,-0.09346231073141098,70990.0234375,2023-06-24 11:10:35,-33.01875305175781
,ccbc9d76c2ebeaf5,0.3207990229129791,-0.30323100090026855,,,1,,,1.0818959474563599,6,,,2023-06-24 11:10:35,
,ccbc9d76c2ebeaf5,0.6665470004081726,-0.18794099986553192,,,5,,,0.707722008228302,0,,2050.987548828125,2023-06-24 11:10:41,
,ccbc9d76c2ebeaf5,0.6613010168075562,0.0012809999752789736,,,5,-15.412500381469727,-4.143750190734863,1.0353530645370483,0,,,2023-06-24 11:10:42,-40.3125
,ccbc9d76c2ebeaf5,0.4674430191516876,0.017141001299023628,-0.3882809281349182,-0.6052906513214111,5,,,0.6397680044174194,1,-0.3796524703502655,1966.005126953125,2023-06-24 11:10:42,
950.2723388671875,ccbc9d76c2ebeaf5,0.27895301580429077,-0.1458510011434555,-0.6614902019500732,-2.08152174949646,5,-13.050000190734863,-6.525000095367432,0.6254330277442932,2,-1.2652536630630493,1931.985107421875,2023-06-24 11:10:42,-40.21875
,ccbc9d76c2ebeaf5,0.04007699713110924,-0.17202000319957733,,,5,,,1.0319980382919312,3,,,2023-06-24 11:10:42,
950.2891845703125,ccbc9d76c2ebeaf5,0.02379000000655651,-0.5020300149917603,-0.09613484144210815,-0.1594357043504715,5,-7.143750190734863,-8.625,1.2364089488983154,4,-0.06261363625526428,2162.969970703125,2023-06-24 11:10:42,-40.462501525878906
,ccbc9d76c2ebeaf5,0.1004670038819313,-0.08393599838018417,,,5,,,1.2824639081954956,5,,2070.0224609375,2023-06-24 11:10:42,
950.2867431640625,ccbc9d76c2ebeaf5,0.07222399860620499,-0.23015300929546356,0.3877464234828949,1.2498292922973633,5,-4.987500190734863,-10.03125,0.7840330004692078,6,1.2218822240829468,2038.027587890625,2023-06-24 11:10:42,-40.556251525878906
950.261962890625,ccbc9d76c2ebeaf5,0.15725800395011902,-0.06203699856996536,,,5,-4.856250286102295,-10.55625057220459,0.8646750450134277,7,,,2023-06-24 11:10:42,-40.743751525878906
,ccbc9d76c2ebeaf5,0.2404009997844696,0.025314999744296074,-0.1352301836013794,0.15729768574237823,5,,,0.804468035697937,8,0.5548179149627686,1939.005126953125,2023-06-24 11:10:42,
950.26416015625,ccbc9d76c2ebeaf5,0.31744399666786194,0.03934499993920326,0.5997164845466614,-0.9012545943260193,5,-4.443750381469727,-11.043750762939453,0.9164640307426453,0,-0.651639997959137,1991.9925537109375,2023-06-24 11:10:43,-40.70625305175781
,ccbc9d76c2ebeaf5,0.10729899257421494,-0.37472298741340637,,,5,,,1.274838924407959,1,,,2023-06-24 11:10:43,
950.301025390625,ccbc9d76c2ebeaf5,0.39393800497055054,0.06026799976825714,-0.2819904685020447,0.6918807029724121,5,-3.3937501907348633,-10.74375057220459,1.2758760452270508,2,0.1706603467464447,2344.005126953125,2023-06-24 11:10:43,-40.650001525878906
950.2645263671875,ccbc9d76c2ebeaf5,0.10931199789047241,-0.22795701026916504,,,5,-3.262500047683716,-10.518750190734863,0.44438499212265015,3,,2121.99755859375,2023-06-24 11:10:43,-40.462501525878906
,ccbc9d76c2ebeaf5,0.3592900037765503,-0.19550500810146332,0.42882707715034485,0.23251040279865265,5,,,0.8954190015792847,4,0.03672824427485466,2346.97509765625,2023-06-24 11:10:43,
950.2569580078125,ccbc9d76c2ebeaf5,0.3539220094680786,-0.22710299491882324,,,5,-1.7062500715255737,-10.83750057220459,0.9787449836730957,5,,,2023-06-24 11:10:43,-40.33125305175781
,ccbc9d76c2ebeaf5,0.16335800290107727,-0.12492799758911133,-0.13209950923919678,0.27404922246932983,5,,,0.6707559823989868,6,-0.03649916872382164,2389.97265625,2023-06-24 11:10:43,
950.263916015625,ccbc9d76c2ebeaf5,0.39271798729896545,-0.23930299282073975,-0.27717989683151245,-0.0322994738817215,5,-0.9187500476837158,-10.575000762939453,0.8120930194854736,7,0.17050762474536896,2109.982666015625,2023-06-24 11:10:43,-40.25625228881836
950.2744140625,ccbc9d76c2ebeaf5,0.20203199982643127,-0.2895669937133789,-0.1740964651107788,0.14133884012699127,5,-1.9875000715255737,-10.125,0.8959070444107056,0,0.31146466732025146,2064.01513671875,2023-06-24 11:10:44,-40.01250076293945
950.2835693359375,ccbc9d76c2ebeaf5,0.4340760111808777,-0.1415809988975525,0.23594652116298676,-0.10331250727176666,5,-2.7750000953674316,-9.318750381469727,0.8777899742126465,1,0.11255183815956116,,2023-06-24 11:10:44,-39.712501525878906
,ccbc9d76c2ebeaf5,0.3626450002193451,-0.0076859998516738415,,,5,,,0.9760610461235046,2,,2254.97265625,2023-06-24 11:10:44,
950.291748046875,ccbc9d76c2ebeaf5,0.5426560044288635,0.06545300036668777,-0.030161447823047638,0.010919207707047462,5,-2.8312501907348633,-8.625,0.8527799844741821,3,-0.047036588191986084,2178.022705078125,2023-06-24 11:10:44,-39.28125
,ccbc9d76c2ebeaf5,0.3572160005569458,-0.24692799150943756,,,5,-3.2062501907348633,-7.537500381469727,0.8547930121421814,4,,2299.9951171875,2023-06-24 11:10:44,-39.01875305175781
950.2939453125,ccbc9d76c2ebeaf5,0.4412129819393158,-0.03934499993920326,-0.02695440873503685,-0.056810423731803894,5,,,1.0188219547271729,5,0.12072215229272842,,2023-06-24 11:10:44,
950.3082275390625,ccbc9d76c2ebeaf5,0.4363330006599426,-0.04093100130558014,,,5,-4.275000095367432,-6.937500476837158,0.8794370293617249,6,,2281.97265625,2023-06-24 11:10:44,-38.775001525878906
,ccbc9d76c2ebeaf5,0.4215100109577179,-0.11773000657558441,0.07299833744764328,-0.1302669197320938,5,,,1.0021690130233765,7,-0.06368265300989151,2330.9775390625,2023-06-24 11:10:44,
950.3089599609375,ccbc9d76c2ebeaf5,0.3979640007019043,-0.11992600560188293,0.028557928279042244,0.05108356848359108,5,-4.650000095367432,-6.056250095367432,0.779092013835907,0,0.0308486707508564,2360.002685546875,2023-06-24 11:10:45,-38.493751525878906
950.310791015625,ccbc9d76c2ebeaf5,0.46500298380851746,-0.08802299946546555,,,5,-5.100000381469727,-5.418750286102295,0.8268550038337708,1,,2405.97021484375,2023-06-24 11:10:45,-38.0625
,ccbc9d76c2ebeaf5,0.39942798018455505,-0.12486699968576431,0.012980876490473747,-0.019929463043808937,5,-5.34375,-4.668750286102295,0.9045079946517944,2,0.06001746281981468,2492.9775390625,2023-06-24 11:10:45,-37.35000228881836
950.316162109375,ccbc9d76c2ebeaf5,0.42596298456192017,-0.08302100002765656,0.14103341102600098,-0.11354449391365051,5,,,1.037000060081482,3,-0.02412915788590908,,2023-06-24 11:10:45,
950.3294677734375,ccbc9d76c2ebeaf5,0.5067880153656006,-0.1361519992351532,0.03527744114398956,-0.10583232343196869,5,-5.475000381469727,-3.5250000953674316,0.7751269936561584,4,0.055741410702466965,2546.9775390625,2023-06-24 11:10:45,-36.63750076293945
950.333251953125,ccbc9d76c2ebeaf5,0.39308398962020874,-0.11101999878883362,-0.0939968153834343,-0.003359756199643016,5,-5.306250095367432,-2.4375,0.7393810153007507,5,-0.11514800786972046,2515.9951171875,2023-06-24 11:10:45,-35.83125305175781
950.3292236328125,ccbc9d76c2ebeaf5,0.3517259955406189,-0.18062099814414978,,,5,-5.006250381469727,-1.5,0.9324460029602051,6,,2549.002685546875,2023-06-24 11:10:45,-34.91250228881836
,ccbc9d76c2ebeaf5,0.36581701040267944,-0.120169997215271,-0.10338886082172394,-0.11308634281158447,5,,,1.0509690046310425,0,0.01359174121171236,,2023-06-24 11:10:46,
950.3404541015625,ccbc9d76c2ebeaf5,0.32293400168418884,-0.07673799991607666,-0.09972367435693741,0.1014799103140831,5,-4.631250381469727,-0.7875000238418579,1.1226439476013184,1,0.007864884100854397,2600.9775390625,2023-06-24 11:10:46,-33.84375
950.354736328125,ccbc9d76c2ebeaf5,0.3997940123081207,-0.10821399837732315,-0.129426971077919,0.13370302319526672,5,-4.256250381469727,-0.15000000596046448,0.8216699361801147,2,0.026648975908756256,2409.007568359375,2023-06-24 11:10:46,-32.73750305175781
950.368896484375,ccbc9d76c2ebeaf5,0.37813901901245117,-0.05794999748468399,0.10071633011102676,-0.08697187155485153,5,-3.8812501430511475,0.22500000894069672,0.8202669620513916,3,-0.037033677101135254,2357.03271484375,2023-06-24 11:10:46,-31.51875114440918
,ccbc9d76c2ebeaf5,0.3537999987602234,-0.041846003383398056,,,5,-3.281250238418579,0.7312500476837158,1.0135760307312012,4,,,2023-06-24 11:10:46,-30.056251525878906
950.37548828125,ccbc9d76c2ebeaf5,0.32927799224853516,-0.11693699657917023,0.11064288020133972,-0.11843141168355942,5,,,1.020408034324646,5,-0.029703300446271896,2481.030029296875,2023-06-24 11:10:46,
950.3841552734375,ccbc9d76c2ebeaf5,0.3314739763736725,-0.1676889955997467,-0.04932733252644539,0.058566659688949585,5,-2.4750001430511475,1.1437500715255737,0.755545973777771,0,0.005650499369949102,2486.025146484375,2023-06-24 11:10:47,-28.61250114440918
950.383544921875,ccbc9d76c2ebeaf5,0.4166300296783447,-0.12138999253511429,-0.003894262947142124,0.04627300798892975,5,-1.8750001192092896,1.4250000715255737,0.818619966506958,1,0.051618073135614395,2479.005126953125,2023-06-24 11:10:47,-27.01875114440918
950.3951416015625,ccbc9d76c2ebeaf5,0.331046998500824,-0.11126400530338287,-0.028863361105322838,-0.03474293276667595,5,-1.40625,1.5187500715255737,0.9101199507713318,2,-0.07055488228797913,2448.022705078125,2023-06-24 11:10:47,-25.406251907348633
950.401611328125,ccbc9d76c2ebeaf5,0.35788699984550476,-0.13145500421524048,,,5,-0.9937500357627869,1.631250023841858,0.9083510041236877,3,,2431.0126953125,2023-06-24 11:10:47,-23.943750381469727
,ccbc9d76c2ebeaf5,0.43932199478149414,-0.11230100691318512,-0.014202605932950974,0.04543306678533554,5,,,0.8938940167427063,4,-0.016646064817905426,,2023-06-24 11:10:47,
950.40966796875,ccbc9d76c2ebeaf5,0.3807620108127594,-0.08967000246047974,0.020311253145337105,-0.02519817277789116,5,-0.6000000238418579,1.7062500715255737,0.765733003616333,5,-0.005421424750238657,2334.01513671875,2023-06-24 11:10:47,-22.462501525878906
950.409423828125,ccbc9d76c2ebeaf5,0.3707579970359802,-0.10376100242137909,-0.002901607658714056,-0.09430225193500519,5,-0.11250000447034836,1.5187500715255737,0.9173790216445923,0,0.042913250625133514,2236.005126953125,2023-06-24 11:10:48,-20.700000762939453
,ccbc9d76c2ebeaf5,0.3794810175895691,-0.08814500272274017,,,5,0.3187500238418579,1.21875,1.041148066520691,1,,,2023-06-24 11:10:48,-19.125
950.4306640625,ccbc9d76c2ebeaf5,0.42510899901390076,-0.07289500534534454,-0.012675444595515728,-0.08132137358188629,5,0.8062500357627869,0.6187500357627869,0.8389939665794373,2,0.03237583488225937,1990.9801025390625,2023-06-24 11:10:48,-17.868751525878906
,ccbc9d76c2ebeaf5,0.360509991645813,-0.06649000197649002,0.02542724646627903,-0.01000291109085083,5,1.2937500476837158,0.01875000074505806,0.8732150197029114,3,-0.010461059398949146,1861.987548828125,2023-06-24 11:10:48,-17.118751525878906
950.43798828125,ccbc9d76c2ebeaf5,0.36069297790527344,-0.0613659992814064,-0.017867794260382652,-0.02893971838057041,5,,,0.8536339998245239,4,-0.011453714221715927,1730.9700927734375,2023-06-24 11:10:48,
950.44384765625,ccbc9d76c2ebeaf5,0.39601200819015503,-0.07783599942922592,0.01893680728971958,0.017256930470466614,5,1.9687501192092896,-0.65625,0.9684360027313232,5,0.04153880476951599,1616.017578125,2023-06-24 11:10:48,-16.78125
,ccbc9d76c2ebeaf5,0.36532899737358093,-0.12303700298070908,,,5,2.606250047683716,-1.256250023841858,0.898408055305481,0,,1503.967529296875,2023-06-24 11:10:49,-16.78125
950.450927734375,ccbc9d76c2ebeaf5,0.3413560092449188,-0.09979599714279175,-0.03543015569448471,-0.06375901401042938,5,3.187500238418579,-1.7625000476837158,0.7829959988594055,1,0.0591011680662632,1406.9700927734375,2023-06-24 11:10:49,-16.931251525878906
950.45458984375,ccbc9d76c2ebeaf5,0.3861910104751587,-0.08625400066375732,0.0553596206009388,0.027259841561317444,5,3.731250047683716,-2.231250047683716,0.797452986240387,2,-0.06154462695121765,1314.967529296875,2023-06-24 11:10:49,-17.381250381469727
,ccbc9d76c2ebeaf5,0.4097369909286499,-0.11693699657917023,-0.03802633285522461,-0.037720900028944016,5,,,1.011989951133728,3,0.027336198836565018,,2023-06-24 11:10:49,
950.48046875,ccbc9d76c2ebeaf5,0.3908880054950714,-0.05178900435566902,-0.08933897316455841,0.059864748269319534,5,4.237500190734863,-2.5687501430511475,0.806236982345581,4,-0.07353284955024719,1145.0025634765625,2023-06-24 11:10:49,-18.28125
,ccbc9d76c2ebeaf5,0.3622179925441742,-0.08137399703264236,,,5,4.78125,-2.981250047683716,0.8300880193710327,5,,1135.0125732421875,2023-06-24 11:10:49,-19.368751525878906
950.4798583984375,ccbc9d76c2ebeaf5,0.3703309893608093,-0.08399700373411179,-0.016875140368938446,0.02848157100379467,5,5.15625,-3.4875001907348633,0.7603650093078613,0,-0.021380268037319183,1102.0050048828125,2023-06-24 11:10:50,-20.64375114440918
950.4853515625,ccbc9d76c2ebeaf5,0.4199239909648895,-0.0680759996175766,-0.037949975579977036,0.043982263654470444,5,5.418750286102295,-4.200000286102295,0.9566020369529724,1,-0.007635809946805239,1018.9800415039062,2023-06-24 11:10:50,-21.86250114440918
950.4976806640625,ccbc9d76c2ebeaf5,0.3899730145931244,-0.058803997933864594,0.004734201822429895,-0.018860450014472008,5,,,0.7994049787521362,2,0.04993819445371628,963.967529296875,2023-06-24 11:10:50,
950.5006103515625,ccbc9d76c2ebeaf5,0.3484930098056793,-0.06417199969291687,-0.03283398225903511,-0.05001455545425415,5,5.643750190734863,-4.743750095367432,0.9503800272941589,3,0.047494735568761826,942.030029296875,2023-06-24 11:10:50,-23.137500762939453
,ccbc9d76c2ebeaf5,0.38802099227905273,-0.028303999453783035,,,5,5.868750095367432,-5.212500095367432,1.0050970315933228,4,,891.0000610351562,2023-06-24 11:10:50,-24.450000762939453
950.5042724609375,ccbc9d76c2ebeaf5,0.36917200684547424,-0.0625859946012497,-0.007483093533664942,-0.053145237267017365,5,6.131250381469727,-5.737500190734863,0.8638210296630859,5,-0.021380268037319183,,2023-06-24 11:10:50,-25.818750381469727
950.511962890625,ccbc9d76c2ebeaf5,0.35953399538993835,-0.03306199982762337,-0.06108647957444191,0.06589704006910324,5,6.356250286102295,-6.225000381469727,1.0747590065002441,6,0.04802924394607544,759.9825439453125,2023-06-24 11:10:50,-27.075000762939453
950.5245361328125,ccbc9d76c2ebeaf5,0.3571549952030182,-0.016713999211788177,0.036422811448574066,-0.010842849500477314,5,,,0.8227069973945618,0,-0.00946840364485979,690.9974975585938,2023-06-24 11:10:51,
950.5286865234375,ccbc9d76c2ebeaf5,0.3634380102157593,-0.06405000388622284,0.01763872057199478,0.05558869615197182,5,6.675000190734863,-6.543750286102295,0.9558699727058411,1,-0.004046979360282421,662.9850463867188,2023-06-24 11:10:51,-28.200000762939453
,ccbc9d76c2ebeaf5,0.3601439893245697,-0.04947100207209587,,,5,6.881250381469727,-6.581250190734863,0.783240020275116,2,,,2023-06-24 11:10:51,-29.287500381469727
950.5294189453125,ccbc9d76c2ebeaf5,0.460671991109848,-0.02891400083899498,0.024205517023801804,-0.024510949850082397,5,7.200000286102295,-6.525000095367432,0.7146759629249573,3,-0.039018988609313965,617.0175170898438,2023-06-24 11:10:51,-30.39375114440918
950.5316162109375,ccbc9d76c2ebeaf5,0.4009529948234558,-0.053557999432086945,0.0021380267571657896,0.06085740402340889,5,7.462500095367432,-6.168750286102295,0.7332199811935425,4,-0.012751801870763302,527.9850463867188,2023-06-24 11:10:51,-31.462501525878906
950.5372314453125,ccbc9d76c2ebeaf5,0.42004600167274475,-0.06825900077819824,-0.0031306820455938578,-0.04810560122132301,5,,,0.6799060106277466,5,0.019853105768561363,510.9750061035156,2023-06-24 11:10:51,
950.5426025390625,ccbc9d76c2ebeaf5,0.4113839864730835,-0.03348900005221367,,,5,7.537500381469727,-5.793750286102295,1.0603630542755127,0,,,2023-06-24 11:10:52,-32.400001525878906
,ccbc9d76c2ebeaf5,0.3648409843444824,-0.05971900001168251,0.008093958720564842,-0.06620246917009354,5,7.612500190734863,-5.381250381469727,0.9603230357170105,1,0.02764163166284561,508.0050354003906,2023-06-24 11:10:52,-33.20625305175781
950.5489501953125,ccbc9d76c2ebeaf5,0.3874109983444214,-0.042089998722076416,0.008933897130191326,-0.03283398225903511,5,7.593750476837158,-4.893750190734863,0.7798849940299988,2,0.00923932995647192,493.02001953125,2023-06-24 11:10:52,-33.91875076293945
950.562255859375,ccbc9d76c2ebeaf5,0.38344600796699524,-0.0660019963979721,0.007254019379615784,-0.004046979360282421,5,7.725000381469727,-4.425000190734863,0.7485920190811157,3,0.0334448479115963,497.0025329589844,2023-06-24 11:10:52,-34.53750228881836
950.569091796875,ccbc9d76c2ebeaf5,0.39094898104667664,-0.03367200121283531,0.02848157100379467,-0.039248060435056686,5,,,0.7704910039901733,4,0.0009162971982732415,,2023-06-24 11:10:52,
,ccbc9d76c2ebeaf5,0.3707579970359802,-0.06002400070428848,,,5,7.668750286102295,-4.068750381469727,0.9804530143737793,5,,492.00750732421875,2023-06-24 11:10:52,-35.10000228881836
950.5760498046875,ccbc9d76c2ebeaf5,0.40827298164367676,-0.04215100035071373,0.024816380813717842,-0.02611446939408779,5,7.706250190734863,-3.731250047683716,0.7610970139503479,6,-0.008704823441803455,484.9875183105469,2023-06-24 11:10:52,-35.775001525878906
950.5855712890625,ccbc9d76c2ebeaf5,0.3769800066947937,-0.0689300000667572,0.008246674202382565,-0.03061959706246853,5,7.650000095367432,-3.3000001907348633,0.8823649883270264,0,-0.02130390889942646,482.01751708984375,2023-06-24 11:10:53,-36.45000076293945
950.5921630859375,ccbc9d76c2ebeaf5,0.3800300061702728,-0.04550600051879883,-0.02718348242342472,0.004886918235570192,5,7.518750190734863,-2.9250001907348633,1.0562150478363037,1,0.004581485874950886,483.9750061035156,2023-06-24 11:10:53,-37.087501525878906
950.5943603515625,ccbc9d76c2ebeaf5,0.4412739872932434,-0.039772000163793564,,,5,,,0.9691680073738098,2,,,2023-06-24 11:10:53,
,ccbc9d76c2ebeaf5,0.4000990092754364,-0.04001599922776222,-0.009010255336761475,-0.010079269297420979,5,7.181250095367432,-2.5500001907348633,1.0538970232009888,3,0.007406735327094793,483.9750061035156,2023-06-24 11:10:53,-37.59375
950.5999755859375,ccbc9d76c2ebeaf5,0.3769190013408661,-0.0634400025010109,0.0034361144062131643,0.006948587018996477,5,6.637500286102295,-2.3812501430511475,0.9076800346374512,4,0.02260199747979641,477.02252197265625,2023-06-24 11:10:53,-38.15625
950.607421875,ccbc9d76c2ebeaf5,0.4071139991283417,-0.020617999136447906,0.008628465235233307,-0.002061668550595641,5,6.037500381469727,-2.2687501907348633,1.0745149850845337,0,0.012217295356094837,481.0050048828125,2023-06-24 11:10:54,-38.625
950.6177978515625,ccbc9d76c2ebeaf5,0.3774679899215698,-0.04941000044345856,-0.01030834298580885,-0.002443459117785096,5,,,0.9705100059509277,1,0.0007635809597559273,,2023-06-24 11:10:54,
950.615234375,ccbc9d76c2ebeaf5,0.43797996640205383,-0.037209998816251755,0.0038179049734026194,-0.02802342176437378,5,4.875,-2.25,0.7529230117797852,2,-0.019394956529140472,482.01751708984375,2023-06-24 11:10:54,-39.54375076293945
950.6219482421875,ccbc9d76c2ebeaf5,0.3803350031375885,-0.05752300098538399,,,5,,,0.8558299541473389,3,,474.9975280761719,2023-06-24 11:10:54,
,ccbc9d76c2ebeaf5,0.3803350031375885,-0.056912995874881744,-0.0013744457392022014,-0.012446369975805283,5,4.275000095367432,-2.2125000953674316,0.8030650019645691,4,0.0027488914784044027,,2023-06-24 11:10:54,-39.91875076293945
950.629638671875,ccbc9d76c2ebeaf5,0.37972500920295715,-0.05703499913215637,-0.006108647678047419,0.022525638341903687,5,3.6750001907348633,-2.1750001907348633,1.0049749612808228,5,0.007177661173045635,478.9800109863281,2023-06-24 11:10:54,-40.35000228881836
950.6356201171875,ccbc9d76c2ebeaf5,0.42980602383613586,-0.05038600042462349,0.0009926552884280682,0,5,2.8687500953674316,-2.1187500953674316,0.7499340176582336,6,0.002825249684974551,,2023-06-24 11:10:54,-40.76250076293945
950.6397705078125,ccbc9d76c2ebeaf5,0.4652470350265503,-0.05526599660515785,,,5,,,0.8976149559020996,0,,471.0150146484375,2023-06-24 11:10:55,
950.65087890625,ccbc9d76c2ebeaf5,0.3816770017147064,-0.04251699894666672,-0.008246674202382565,0.004276053514331579,5,2.1750001907348633,-2.043750047683716,0.9966790080070496,1,0.019394956529140472,461.0250244140625,2023-06-24 11:10:55,-41.25
,ccbc9d76c2ebeaf5,0.43987101316452026,-0.029951000586152077,0.003359756199643016,-0.00923932995647192,5,1.5562500953674316,-2.0250000953674316,1.037000060081482,2,0.002901607658714056,,2023-06-24 11:10:55,-41.71875
950.658935546875,ccbc9d76c2ebeaf5,0.3756380081176758,-0.026047000661492348,-0.0006872228696011007,-0.009621120058000088,5,,,1.081591010093689,3,-0.004810560029000044,456.9750061035156,2023-06-24 11:10:55,
950.66943359375,ccbc9d76c2ebeaf5,0.42090001702308655,-0.05319200083613396,-0.006566796451807022,-0.008399390615522861,5,1.0125000476837158,-2.0250000953674316,0.7255949974060059,4,0.02000582218170166,446.9850158691406,2023-06-24 11:10:55,-42.31875228881836
950.6824951171875,ccbc9d76c2ebeaf5,0.3740520179271698,-0.05233800411224365,,,5,0.5437500476837158,-1.9687501192092896,0.9167079925537109,5,,444.0150146484375,2023-06-24 11:10:55,-43.087501525878906
,ccbc9d76c2ebeaf5,0.36581701040267944,-0.04416400194168091,-0.0034361144062131643,-0.02130390889942646,5,0.15000000596046448,-1.8375000953674316,0.9808800220489502,0,0.0034361144062131643,429.030029296875,2023-06-24 11:10:56,-44.025001525878906
950.693115234375,ccbc9d76c2ebeaf5,0.4664669930934906,-0.05770599842071533,,,5,,,0.7972090244293213,1,,422.010009765625,2023-06-24 11:10:56,
,ccbc9d76c2ebeaf5,0.39857399463653564,-0.03611199930310249,-0.007635809946805239,-0.023823726922273636,5,-0.28125,-1.6125000715255737,0.8366149663925171,2,0.0013744457392022014,,2023-06-24 11:10:56,-45.1875
950.6951904296875,ccbc9d76c2ebeaf5,0.4039419889450073,-0.02812100015580654,0.0034361144062131643,-0.019471315667033195,5,-0.8062500357627869,-1.21875,0.7916579842567444,3,-0.002443459117785096,402.9750061035156,2023-06-24 11:10:56,-46.40625
950.6968994140625,ccbc9d76c2ebeaf5,0.38802099227905273,-0.03294000029563904,,,5,,,0.8525969982147217,4,,397.9800109863281,2023-06-24 11:10:56,
,ccbc9d76c2ebeaf5,0.37893199920654297,-0.047213997691869736,0.007406735327094793,-0.022525638341903687,5,-1.2937500476837158,-0.581250011920929,0.9670940041542053,5,-0.008704823441803455,389.00250244140625,2023-06-24 11:10:56,-47.60625076293945
950.700439453125,ccbc9d76c2ebeaf5,0.4603060185909271,-0.04501799866557121,0.0030543238390237093,-0.00679587060585618,5,-1.8937500715255737,-0.05625000223517418,0.8061149716377258,6,0.001221729558892548,384.00750732421875,2023-06-24 11:10:56,-48.86250305175781
950.7137451171875,ccbc9d76c2ebeaf5,0.4085780084133148,-0.029889998957514763,,,5,,,0.7929390072822571,7,,371.9925231933594,2023-06-24 11:10:56,
950.7210693359375,ccbc9d76c2ebeaf5,0.46451500058174133,-0.05581499636173248,-0.0012980876490473747,-0.013286309316754341,5,-2.53125,0.675000011920929,0.793304979801178,0,0.01954767294228077,,2023-06-24 11:10:57,-50.025001525878906
,ccbc9d76c2ebeaf5,0.47085899114608765,-0.03202500194311142,0.009773836471140385,-0.021456625312566757,5,-3.1500000953674316,1.3125,0.8146550059318542,1,0.03779725730419159,359.0325012207031,2023-06-24 11:10:57,-51.093753814697266
950.7308349609375,ccbc9d76c2ebeaf5,0.417605996131897,-0.020923001691699028,0.017867794260382652,-0.05948295816779137,5,-3.825000047683716,1.8937500715255737,0.7700639963150024,2,0.018096869811415672,352.01251220703125,2023-06-24 11:10:57,-52.23750305175781
950.7364501953125,ccbc9d76c2ebeaf5,0.4412739872932434,0.0032939999364316463,0.03023780696094036,-0.04993819445371628,5,,,1.0354750156402588,3,-0.021991131827235222,337.02752685546875,2023-06-24 11:10:57,
950.746337890625,ccbc9d76c2ebeaf5,0.44517800211906433,0.001158999977633357,,,5,-4.443750381469727,2.3812501430511475,1.030838966369629,4,,314.010009765625,2023-06-24 11:10:57,-53.306251525878906
,ccbc9d76c2ebeaf5,0.37466198205947876,-0.06624600291252136,0.009010255336761475,-0.03840812295675278,5,-4.96875,2.7562501430511475,0.893222987651825,5,0.003894262947142124,305.9775085449219,2023-06-24 11:10:57,-54.22500228881836
950.7529296875,ccbc9d76c2ebeaf5,0.38387301564216614,-0.04678700119256973,0.008017600513994694,-0.05352702736854553,5,-5.456250190734863,3,0.806663990020752,0,0.0038179049734026194,295.9875183105469,2023-06-24 11:10:58,-55.087501525878906
950.7596435546875,ccbc9d76c2ebeaf5,0.3837510049343109,-0.053008999675512314,-0.009850194677710533,-0.008781181648373604,5,,,0.9158539772033691,1,0.008628465235233307,,2023-06-24 11:10:58,
950.759033203125,ccbc9d76c2ebeaf5,0.39948898553848267,-0.02080100029706955,,,5,-5.775000095367432,2.981250047683716,0.7929390072822571,2,,274.9950256347656,2023-06-24 11:10:58,-55.837501525878906
950.7694091796875,ccbc9d76c2ebeaf5,0.37094101309776306,-0.03800300136208534,-0.007635809946805239,0.008781181648373604,5,-6.131250381469727,2.418750047683716,1.001924991607666,3,0.01588248461484909,,2023-06-24 11:10:58,-57.20625305175781
950.770263671875,ccbc9d76c2ebeaf5,0.3869840204715729,-0.02025200054049492,-0.015042545273900032,0.021685699000954628,5,-6.243750095367432,1.9875000715255737,0.8355169892311096,4,-0.001679878099821508,244.01251220703125,2023-06-24 11:10:58,-57.843753814697266
950.7738037109375,ccbc9d76c2ebeaf5,0.413519024848938,-0.0306829996407032,-0.0066431546583771706,-0.00022907429956831038,5,-6.300000190734863,1.5562500953674316,0.7529839873313904,5,0.00038179047987796366,234.96751403808594,2023-06-24 11:10:58,-58.406253814697266
950.7742919921875,ccbc9d76c2ebeaf5,0.39180299639701843,-0.03684400022029877,,,5,,,0.8224630355834961,0,,,2023-06-24 11:10:59,
950.7763671875,ccbc9d76c2ebeaf5,0.39991599321365356,-0.018178001046180725,-0.01511890348047018,-0.005421424750238657,5,-6.450000286102295,0.8437500596046448,1.0133320093154907,1,0.005192350596189499,220.99501037597656,2023-06-24 11:10:59,-58.837501525878906
,ccbc9d76c2ebeaf5,0.4231570065021515,-0.009576999582350254,-0.002672533504664898,-0.0193185992538929,5,-6.600000381469727,0.11250000447034836,0.9167689681053162,2,-0.03581194952130318,207.0225067138672,2023-06-24 11:10:59,-59.19375228881836
950.787109375,ccbc9d76c2ebeaf5,0.4269999861717224,-0.04196799919009209,-0.006185005884617567,0.02802342176437378,5,-6.600000381469727,-0.8062500357627869,0.7960500121116638,3,-0.011148282326757908,,2023-06-24 11:10:59,-59.36250305175781
950.783203125,ccbc9d76c2ebeaf5,0.4274880290031433,-0.03702700138092041,,,5,,,0.8245370388031006,4,,,2023-06-24 11:10:59,
,ccbc9d76c2ebeaf5,0.4148000180721283,-0.01579900085926056,0.013973532244563103,0.0030543238390237093,5,-6.637500286102295,-1.725000023841858,0.9590420126914978,5,0.004657844081521034,193.99501037597656,2023-06-24 11:10:59,-59.400001525878906
950.792236328125,ccbc9d76c2ebeaf5,0.4180939793586731,-0.02159399911761284,,,5,,,0.9352520108222961,6,,182.9925079345703,2023-06-24 11:10:59,
950.808349609375,ccbc9d76c2ebeaf5,0.4119330048561096,-0.024277999997138977,0.013057234697043896,0.002290742937475443,5,-6.506250381469727,-2.5687501430511475,0.9293960332870483,0,0.0035888305865228176,180.0225067138672,2023-06-24 11:11:00,-59.400001525878906
,ccbc9d76c2ebeaf5,0.41297000646591187,-0.027632998302578926,0.010079269297420979,0.004046979360282421,5,-6.412500381469727,-3.3187501430511475,0.9556870460510254,1,0.003665188793092966,,2023-06-24 11:11:00,-59.28750228881836
950.8255615234375,ccbc9d76c2ebeaf5,0.4446290135383606,-0.05069100111722946,0.019242240116000175,-0.010537417605519295,5,-6.300000190734863,-3.9562501907348633,0.8399089574813843,2,0.007330377586185932,169.02000427246094,2023-06-24 11:11:00,-59.04375076293945
950.832275390625,ccbc9d76c2ebeaf5,0.425231009721756,-0.05038600042462349,,,5,,,0.9128649830818176,3,,,2023-06-24 11:11:00,
950.839599609375,ccbc9d76c2ebeaf5,0.4260239899158478,-0.05319200083613396,0.010690134018659592,-0.04069886729121208,5,-6.375000476837158,-4.556250095367432,0.8938330411911011,4,-0.02977965772151947,159.97500610351562,2023-06-24 11:11:00,-58.70625305175781
,ccbc9d76c2ebeaf5,0.4408469796180725,-0.009576999582350254,-0.011224640533328056,-0.02909243479371071,5,-6.356250286102295,-4.950000286102295,0.9526980519294739,5,-0.058566659688949585,155.9925079345703,2023-06-24 11:11:00,-58.25625228881836
950.844482421875,ccbc9d76c2ebeaf5,0.3875329792499542,-0.007441999856382608,,,5,-6.356250286102295,-5.381250381469727,0.8895019888877869,0,,157.0050048828125,2023-06-24 11:11:01,-57.76875305175781
950.856201171875,ccbc9d76c2ebeaf5,0.43096500635147095,-0.06954000145196915,0.09636391699314117,0.03627009689807892,5,-6.375000476837158,-5.587500095367432,0.9406810402870178,1,0.05757400393486023,153.0225067138672,2023-06-24 11:11:01,-57.26250076293945
950.8626708984375,ccbc9d76c2ebeaf5,0.41004201769828796,-0.09888099879026413,0.016416991129517555,0.03329212963581085,5,-6.337500095367432,-5.831250190734863,0.9317749738693237,2,0.17974695563316345,147.01499938964844,2023-06-24 11:11:01,-56.718753814697266
950.866455078125,ccbc9d76c2ebeaf5,0.4598790109157562,-0.047091998159885406,,,5,,,0.8951139450073242,3,,,2023-06-24 11:11:01,
950.8736572265625,ccbc9d76c2ebeaf5,0.4593909978866577,0.017141001299023628,0.010842849500477314,-0.011606430634856224,5,-6.375000476837158,-6.187500476837158,0.9922260046005249,4,0.13584105670452118,103.0050048828125,2023-06-24 11:11:01,-55.81875228881836
,ccbc9d76c2ebeaf5,0.42980602383613586,-0.02470500022172928,0.009162971749901772,-0.017715077847242355,5,-6.300000190734863,-6.562500476837158,0.8857809901237488,5,0.0010690133785828948,,2023-06-24 11:11:01,-54.88125228881836
950.884521484375,ccbc9d76c2ebeaf5,0.41333600878715515,-0.05349700152873993,,,5,,,0.8693110346794128,6,,110.0250015258789,2023-06-24 11:11:01,
,ccbc9d76c2ebeaf5,0.4386509954929352,-0.02891400083899498,0.003283398225903511,0.013973532244563103,5,-6.056250095367432,-6.937500476837158,1.0624370574951172,0,-0.004123337101191282,125.01000213623047,2023-06-24 11:11:02,-54.056251525878906
950.8828125,ccbc9d76c2ebeaf5,0.42852503061294556,-0.044895999133586884,0.01000291109085083,0.004123337101191282,5,-5.775000095367432,-7.406250476837158,0.7517030239105225,1,-0.020540328696370125,136.01251220703125,2023-06-24 11:11:02,-53.19375228881836
950.8929443359375,ccbc9d76c2ebeaf5,0.4244990050792694,-0.05429000034928322,,,5,-5.643750190734863,-7.781250476837158,0.8274650573730469,2,,143.97750854492188,2023-06-24 11:11:02,-52.42500305175781
950.8988037109375,ccbc9d76c2ebeaf5,0.4446290135383606,-0.030561000108718872,-0.005345067009329796,-0.013286309316754341,5,,,1.056886076927185,3,0.01000291109085083,,2023-06-24 11:11:02,
,ccbc9d76c2ebeaf5,0.44444596767425537,0.004147999919950962,-0.028787001967430115,-0.028328854590654373,5,-5.4375,-8.175000190734863,0.7532280087471008,4,-0.0639880821108818,164.97000122070312,2023-06-24 11:11:02,-51.58125305175781
950.903564453125,ccbc9d76c2ebeaf5,0.45670703053474426,-0.020556999370455742,-0.06421715766191483,0.02802342176437378,5,-5.15625,-8.793750762939453,1.0623149871826172,5,-0.27290382981300354,190.01251220703125,2023-06-24 11:11:02,-50.88750076293945
950.9150390625,ccbc9d76c2ebeaf5,0.48507198691368103,-0.03538000211119652,,,5,,,0.9647759795188904,6,,,2023-06-24 11:11:02,
950.9295654296875,ccbc9d76c2ebeaf5,0.4013800024986267,-0.13212600350379944,-0.09987638890743256,-0.06750056147575378,5,-4.800000190734863,-9.393750190734863,0.7886689901351929,0,-0.1253799945116043,207.96751403808594,2023-06-24 11:11:03,-50.343753814697266
950.9339599609375,ccbc9d76c2ebeaf5,0.3943040072917938,-0.06588000059127808,0.008399390615522861,-0.012293653562664986,5,-4.275000095367432,-9.956250190734863,1.038403034210205,1,0.1508072465658188,218.02500915527344,2023-06-24 11:11:03,-50.212501525878906
,ccbc9d76c2ebeaf5,0.46000099182128906,-0.0689300000667572,0.036880962550640106,-0.01511890348047018,5,-3.7125000953674316,-10.331250190734863,0.8691889643669128,2,0.0795651376247406,223.02000427246094,2023-06-24 11:11:03,-50.28750228881836
950.94140625,ccbc9d76c2ebeaf5,0.3900949954986572,-0.020068999379873276,-0.009315688163042068,-0.023136503994464874,5,-3.3375000953674316,-10.443750381469727,0.8164240121841431,3,-0.05070177838206291,228.0150146484375,2023-06-24 11:11:03,-50.55000305175781
950.9515380859375,ccbc9d76c2ebeaf5,0.4373700022697449,-0.02391200140118599,,,5,-2.9250001907348633,-10.331250190734863,1.0146130323410034,4,,233.010009765625,2023-06-24 11:11:03,-50.98125076293945
950.956298828125,ccbc9d76c2ebeaf5,0.4307210147380829,-0.056363996118307114,-0.017715077847242355,-0.0030543238390237093,5,,,0.9552600383758545,5,0.00923932995647192,236.9925079345703,2023-06-24 11:11:03,
950.9549560546875,ccbc9d76c2ebeaf5,0.480679988861084,-0.02812100015580654,0.002825249684974551,-0.022525638341903687,5,-2.625,-10.36875057220459,0.8424099683761597,0,0.08567378669977188,244.01251220703125,2023-06-24 11:11:04,-51.48750305175781
,ccbc9d76c2ebeaf5,0.3702090084552765,-0.04172400012612343,-0.004886918235570192,-0.008781181648373604,5,-2.512500047683716,-10.293750762939453,0.8866350054740906,1,-0.04917461425065994,246.98251342773438,2023-06-24 11:11:04,-52.14375305175781
950.9515380859375,ccbc9d76c2ebeaf5,0.4474959969520569,0.007320000324398279,0.0030543238390237093,0.030085090547800064,5,-2.5687501430511475,-10.050000190734863,0.9377530217170715,2,-0.007941242307424545,247.99501037597656,2023-06-24 11:11:04,-52.63125228881836
950.968505859375,ccbc9d76c2ebeaf5,0.4277929961681366,-0.05111800134181976,,,5,-2.7375001907348633,-9.768750190734863,0.9565409421920776,3,,,2023-06-24 11:11:04,-53.00625228881836
950.9747314453125,ccbc9d76c2ebeaf5,0.42968401312828064,-0.04318799823522568,0.012904518283903599,-0.012904518283903599,5,,,0.9186599850654602,4,0.004657844081521034,251.97750854492188,2023-06-24 11:11:04,
,ccbc9d76c2ebeaf5,0.4569510221481323,-0.0287919994443655,0.009850194677710533,-0.015347977168858051,5,-3,-9.450000762939453,0.8876110315322876,5,0.01435532234609127,254.0025177001953,2023-06-24 11:11:04,-53.400001525878906
950.97314453125,ccbc9d76c2ebeaf5,0.42712196707725525,-0.038307998329401016,0.06414080411195755,-0.01672242395579815,5,-3.450000047683716,-9.168750762939453,0.8913929462432861,0,-0.03390299528837204,255.0150146484375,2023-06-24 11:11:05,-53.70000076293945
950.968017578125,ccbc9d76c2ebeaf5,0.43511301279067993,-0.04428600147366524,0.031001387163996696,0.0206166859716177,5,-3.937500238418579,-8.925000190734863,0.9472079873085022,1,-0.012751801870763302,254.0025177001953,2023-06-24 11:11:05,-53.83125305175781
950.9788818359375,ccbc9d76c2ebeaf5,0.4283420145511627,-0.06417199969291687,,,5,-4.518750190734863,-8.700000762939453,0.9409859776496887,2,,222.00750732421875,2023-06-24 11:11:05,-54.000003814697266
950.996337890625,ccbc9d76c2ebeaf5,0.42468199133872986,-0.05361899733543396,0.02695440873503685,-0.0206166859716177,5,,,1.0227869749069214,3,-0.0001527161948615685,260.010009765625,2023-06-24 11:11:05,
951.000732421875,ccbc9d76c2ebeaf5,0.41242098808288574,-0.07295600324869156,0.008704823441803455,-0.08826996386051178,5,-5.006250381469727,-8.53125,0.8713239431381226,4,0.050319984555244446,258.99749755859375,2023-06-24 11:11:05,-54.000003814697266
,ccbc9d76c2ebeaf5,0.41675201058387756,-0.053985003381967545,0.037491824477910995,-0.06215549260377884,5,-5.34375,-8.49375057220459,1.038403034210205,5,0.011453714221715927,255.0150146484375,2023-06-24 11:11:05,-53.812503814697266
951.01025390625,ccbc9d76c2ebeaf5,0.4492040276527405,-0.06398900598287582,,,5,-5.456250190734863,-8.643750190734863,0.9955809712409973,6,,249.00750732421875,2023-06-24 11:11:05,-53.70000076293945
951.021484375,ccbc9d76c2ebeaf5,0.44017598032951355,-0.04251699894666672,0.015729768201708794,-0.0435241162776947,5,-5.493750095367432,-8.925000190734863,0.785984992980957,0,0.006872228812426329,245.9700164794922,2023-06-24 11:11:06,-53.681251525878906
951.016357421875,ccbc9d76c2ebeaf5,0.3913150131702423,-0.09003599733114243,0.012293653562664986,-0.0360410213470459,5,,,0.8506450057029724,1,0.054672397673130035,241.9875030517578,2023-06-24 11:11:06,
951.0250244140625,ccbc9d76c2ebeaf5,0.4047960042953491,-0.07533500343561172,0.020082179456949234,-0.012675444595515728,5,-5.4375,-9.168750762939453,0.9685579538345337,2,0.012522728182375431,239.01751708984375,2023-06-24 11:11:06,-53.60625076293945
,ccbc9d76c2ebeaf5,0.442920982837677,-0.05008099973201752,0.0029779658652842045,-0.0029779658652842045,5,-5.306250095367432,-9.506250381469727,1.0356580018997192,3,-0.004199695307761431,240.97500610351562,2023-06-24 11:11:06,-53.60625076293945
951.0269775390625,ccbc9d76c2ebeaf5,0.4430429935455322,-0.041846003383398056,,,5,-5.081250190734863,-9.975000381469727,0.7374899983406067,4,,230.98501586914062,2023-06-24 11:11:06,-53.681251525878906
951.0372314453125,ccbc9d76c2ebeaf5,0.39485299587249756,-0.06045100465416908,0.05719221383333206,-0.10949750989675522,5,-4.800000190734863,-10.387500762939453,0.801662027835846,5,-0.019242240116000175,231.9975128173828,2023-06-24 11:11:06,-53.625003814697266
951.05419921875,ccbc9d76c2ebeaf5,0.3533730208873749,-0.12718500196933746,-0.02893971838057041,-0.00847574882209301,5,,,1.0134540796279907,0,0.05925388261675835,,2023-06-24 11:11:07,
,ccbc9d76c2ebeaf5,0.4458490312099457,-0.030316999182105064,-0.02306014485657215,-0.03504836559295654,5,-4.481250286102295,-10.706250190734863,0.9725840091705322,1,0.02023489587008953,233.010009765625,2023-06-24 11:11:07,-53.681251525878906
951.0687255859375,ccbc9d76c2ebeaf5,0.44444596767425537,-0.05538799986243248,-0.016569707542657852,0.025809036567807198,5,-4.40625,-10.96875,0.80349200963974,2,-0.023365577682852745,241.9875030517578,2023-06-24 11:11:07,-53.75625228881836
951.079833984375,ccbc9d76c2ebeaf5,0.3907049894332886,-0.042089998722076416,,,5,-4.59375,-11.137500762939453,0.8128859996795654,3,,235.98001098632812,2023-06-24 11:11:07,-53.962501525878906
951.079345703125,ccbc9d76c2ebeaf5,0.40564998984336853,-0.07448099553585052,-0.00022907429956831038,0.05955931544303894,5,-4.912500381469727,-11.325000762939453,0.9812459945678711,4,-0.006566796451807022,,2023-06-24 11:11:07,-54.11250305175781
951.0833740234375,ccbc9d76c2ebeaf5,0.42596298456192017,-0.039101000875234604,0.04474584385752678,0.023441936820745468,5,-5.53125,-11.40000057220459,0.9696559906005859,5,0.00923932995647192,222.00750732421875,2023-06-24 11:11:07,-54.31875228881836
951.0816650390625,ccbc9d76c2ebeaf5,0.44066402316093445,-0.08918200433254242,-0.002290742937475443,0.030161447823047638,5,,,0.7725039720535278,0,0.08727730810642242,223.02000427246094,2023-06-24 11:11:08,
951.0931396484375,ccbc9d76c2ebeaf5,0.4243159890174866,-0.061122000217437744,0.03565923124551773,-0.0409279391169548,5,-6.243750095367432,-11.58750057220459,0.7451149821281433,1,0.04550942778587341,,2023-06-24 11:11:08,-54.35625076293945
,ccbc9d76c2ebeaf5,0.42010700702667236,-0.07094299793243408,,,5,-6.881250381469727,-11.793750762939453,0.961482048034668,2,,219.98251342773438,2023-06-24 11:11:08,-54.16875076293945
951.106689453125,ccbc9d76c2ebeaf5,0.4085780084133148,-0.06703899800777435,0.02802342176437378,-0.01870773360133171,5,-7.575000286102295,-12.15000057220459,0.9930800199508667,3,0.023136503994464874,224.97750854492188,2023-06-24 11:11:08,-53.92500305175781
951.1092529296875,ccbc9d76c2ebeaf5,0.44139599800109863,-0.06856400519609451,0.01626427471637726,-0.030466880649328232,5,,,0.7678679823875427,4,0.006872228812426329,219.98251342773438,2023-06-24 11:11:08,
951.1102294921875,ccbc9d76c2ebeaf5,0.3997940123081207,-0.06911300122737885,0.003512472379952669,-0.023212861269712448,5,-8.081250190734863,-12.468750953674316,0.8340529799461365,5,0.02023489587008953,223.02000427246094,2023-06-24 11:11:08,-53.56875228881836
,ccbc9d76c2ebeaf5,0.40863898396492004,-0.07045499980449677,-0.0019853105768561363,-0.013439024798572063,5,-8.287500381469727,-12.918750762939453,1.0325469970703125,0,0.005268708802759647,,2023-06-24 11:11:09,-53.38125228881836
951.114501953125,ccbc9d76c2ebeaf5,0.4092490077018738,-0.058132998645305634,,,5,-8.287500381469727,-13.312500953674316,0.9716690182685852,1,,224.0325164794922,2023-06-24 11:11:09,-53.062503814697266
951.11962890625,ccbc9d76c2ebeaf5,0.4457879960536957,-0.06106100231409073,-0.007254019379615784,-0.011300998739898205,5,-8.193750381469727,-13.55625057220459,0.8447890281677246,2,-0.0010690133785828948,223.02000427246094,2023-06-24 11:11:09,-52.80000305175781
951.1263427734375,ccbc9d76c2ebeaf5,0.3928399980068207,-0.07685999572277069,-0.019700389355421066,-0.0206166859716177,5,,,0.8120319843292236,3,0.023823726922273636,231.9975128173828,2023-06-24 11:11:09,
951.1346435546875,ccbc9d76c2ebeaf5,0.4182159900665283,-0.04483500123023987,0.0023671009112149477,-0.010613775812089443,5,-7.968750476837158,-13.893750190734863,0.9687409996986389,4,-0.0435241162776947,229.97250366210938,2023-06-24 11:11:09,-52.57500076293945
,ccbc9d76c2ebeaf5,0.413519024848938,-0.03458699956536293,0.003283398225903511,-0.0204639695584774,5,-7.612500190734863,-13.968750953674316,1.0385860204696655,5,-0.02741255611181259,,2023-06-24 11:11:09,-52.51875305175781
951.1494140625,ccbc9d76c2ebeaf5,0.40656501054763794,-0.08601000159978867,,,5,-7.331250190734863,-13.987500190734863,0.8947480320930481,0,,,2023-06-24 11:11:10,-52.500003814697266
951.1688232421875,ccbc9d76c2ebeaf5,0.3913760185241699,-0.08167900145053864,-0.04505127668380737,-0.0001527161948615685,5,-7.012500286102295,-13.893750190734863,0.7795799970626831,1,0.023976443335413933,,2023-06-24 11:11:10,-52.48125076293945
951.16943359375,ccbc9d76c2ebeaf5,0.40522301197052,-0.06295200437307358,-0.04321868345141411,-0.06818778067827225,5,,,0.8700430393218994,2,-0.029856016859412193,,2023-06-24 11:11:10,
,ccbc9d76c2ebeaf5,0.3933890163898468,-0.045444998890161514,,,5,-6.750000476837158,-13.781250953674316,1.0904970169067383,3,,,2023-06-24 11:11:10,-52.51875305175781
951.1961669921875,ccbc9d76c2ebeaf5,0.23643600940704346,-0.022753000259399414,0.22999058663845062,0.24136795103549957,5,,,0.8186809420585632,6,-0.16218459606170654,495.9900207519531,2023-06-24 11:11:13,
,ccbc9d76c2ebeaf5,0.6558719873428345,-0.40443000197410583,,,1,,,1.0215060710906982,0,,,2023-06-06 08:52:50,
,ccbc9d76c2ebeaf5,0.6619719862937927,-0.29682600498199463,-0.48189595341682434,0.15302163362503052,1,-18.11250114440918,25.350000381469727,0.9717299938201904,1,-0.2441931962966919,,2023-06-06 08:52:50,-33.03750228881836
946.4415283203125,ccbc9d76c2ebeaf5,0.40833401679992676,-0.2243579924106598,-0.962417483329773,-0.7848085165023804,1,-17.83125114440918,22.96875,1.034193992614746,2,-0.4182896614074707,,2023-06-06 08:52:50,-34.368751525878906
,ccbc9d76c2ebeaf5,0.24912399053573608,-0.10797000676393509,,,1,,,0.8507669568061829,3,,,2023-06-06 08:52:50,
946.4395751953125,ccbc9d76c2ebeaf5,0.3920469880104065,-0.05447299778461456,-0.28848087787628174,-0.2782489061355591,1,-15.862500190734863,20.36250114440918,0.6429399847984314,4,-0.1798996776342392,,2023-06-06 08:52:50,-36.30000305175781
946.450439453125,ccbc9d76c2ebeaf5,0.3853369951248169,-0.10272400081157684,0.0988837331533432,-0.39133524894714355,1,-14.737500190734863,19.012500762939453,0.9136580228805542,5,0.06627883017063141,,2023-06-06 08:52:50,-36.9375
946.4739990234375,ccbc9d76c2ebeaf5,0.11840099841356277,-0.23064099252223969,-0.425467312335968,-0.46654796600341797,1,-13.481250762939453,18.243751525878906,0.9224420189857483,6,0.06597339361906052,,2023-06-06 08:52:50,-37.38750076293945
,ccbc9d76c2ebeaf5,0.20782700181007385,-0.055021997541189194,,,1,,,0.7131509780883789,0,,,2023-06-06 08:52:51,
946.5010986328125,ccbc9d76c2ebeaf5,0.2840160131454468,0.11876700818538666,-0.4232529401779175,-0.15355613827705383,1,-12.262500762939453,17.418750762939453,1.0837260484695435,1,-0.37285658717155457,,2023-06-06 08:52:51,-37.80000305175781
,ccbc9d76c2ebeaf5,0.0857049971818924,0.3206159770488739,,,1,,,1.234457015991211,2,,,2023-06-06 08:52:51,
946.4969482421875,ccbc9d76c2ebeaf5,-0.029401998966932297,0.2810879945755005,-0.6506473422050476,1.4021637439727783,1,-11.34375,16.96875,1.2683119773864746,3,-1.098105788230896,,2023-06-06 08:52:51,-37.91250228881836
946.477294921875,ccbc9d76c2ebeaf5,0.21825800836086273,-0.09015800058841705,-0.5652790069580078,2.8247151374816895,1,-11.8125,16.293750762939453,0.5291749835014343,4,-0.6731730103492737,,2023-06-06 08:52:51,-37.61250305175781
,ccbc9d76c2ebeaf5,0.6362299919128418,-0.012199999764561653,,,1,,,0.5973730087280273,5,,,2023-06-06 08:52:51,
946.46533203125,ccbc9d76c2ebeaf5,0.9192699790000916,-0.04800700023770332,-0.25900667905807495,4.782994747161865,1,-13.200000762939453,13.987500190734863,0.3050000071525574,6,-0.8390227556228638,,2023-06-06 08:52:51,-35.34375
,ccbc9d76c2ebeaf5,1.1098339557647705,0.14688800275325775,,,1,-0.7125000357627869,8.02500057220459,-0.7610970139503479,7,,,2023-06-06 08:52:51,-18.337501525878906
946.427734375,ccbc9d76c2ebeaf5,0.8939549922943115,0.24198700487613678,0.4220311939716339,1.9900447130203247,1,,,-0.4315139651298523,0,-0.32131487131118774,,2023-06-06 08:52:52,
,ccbc9d76c2ebeaf5,0.501969039440155,-0.02000799961388111,,,1,,,-0.6519680023193359,1,,,2023-06-06 08:52:52,
,ccbc9d76c2ebeaf5,0.2975580096244812,0.12663599848747253,0.35727953910827637,0.5247328281402588,1,9,-17.15625,0.7223010063171387,0,0.38789913058280945,,2023-06-06 08:55:45,-34.181251525878906
945.982177734375,ccbc9d76c2ebeaf5,0.5503419637680054,-0.0983320027589798,0.3656025826931,-0.12904518842697144,1,7.575000286102295,-16.725000381469727,0.9154269695281982,1,0.043371398001909256,,2023-06-06 08:55:45,-34.650001525878906
,ccbc9d76c2ebeaf5,0.6304959654808044,-0.08588800579309464,,,1,6.487500190734863,-16.200000762939453,1.1813870668411255,2,,,2023-06-06 08:55:45,-35.025001525878906
945.9813232421875,ccbc9d76c2ebeaf5,0.22167399525642395,-0.23436200618743896,0.21601705253124237,-0.04046979174017906,1,,,1.0531039237976074,3,-0.0962875634431839,,2023-06-06 08:55:45,
945.986328125,ccbc9d76c2ebeaf5,0.40918800234794617,-0.1429229974746704,0.29222244024276733,-0.03756818547844887,1,6.337500095367432,-15.412500381469727,0.6183570027351379,4,0.34200790524482727,,2023-06-06 08:55:45,-35.587501525878906
945.991455078125,ccbc9d76c2ebeaf5,0.5383250117301941,-0.23424001038074493,0.34345871210098267,-0.14103341102600098,1,6.150000095367432,-14.49375057220459,0.9739870429039001,5,0.601396381855011,,2023-06-06 08:55:45,-36.30000305175781
,ccbc9d76c2ebeaf5,0.44359201192855835,-0.34147801995277405,,,1,5.850000381469727,-13.18125057220459,0.9650200009346008,0,,,2023-06-06 08:55:46,-37.10625076293945
945.987060546875,ccbc9d76c2ebeaf5,0.3475169837474823,-0.13145500421524048,0.15577052533626556,-0.367511510848999,1,,,0.6433669924736023,1,0.7458658814430237,,2023-06-06 08:55:46,
946.0037841796875,ccbc9d76c2ebeaf5,0.4520709812641144,-0.12431800365447998,-0.48739373683929443,-0.33719736337661743,1,5.925000190734863,-12.33750057220459,0.9977160692214966,2,0.38820457458496094,,2023-06-06 08:55:46,-37.6875
,ccbc9d76c2ebeaf5,0.4188869893550873,-0.032085999846458435,,,1,,,0.9546499848365784,3,,,2023-06-06 08:55:46,
945.9974365234375,ccbc9d76c2ebeaf5,0.2782819867134094,0.11547300964593887,-0.07047852128744125,-0.2303723841905594,1,6,-11.90625,1.0923879146575928,4,0.1911243200302124,44975.99609375,2023-06-06 08:55:46,-38.10000228881836
,ccbc9d76c2ebeaf5,0.01836100034415722,0.12797801196575165,,,1,5.568750381469727,-11.100000381469727,0.9770979881286621,5,,40153.99609375,2023-06-06 08:55:46,-39.20625305175781
945.9896240234375,ccbc9d76c2ebeaf5,0.18678200244903564,-0.10187000036239624,0.042684175074100494,-0.0513126403093338,1,,,0.6678280234336853,6,-0.1876882016658783,43651.98046875,2023-06-06 08:55:46,
,ccbc9d76c2ebeaf5,0.2841989994049072,-0.03312300145626068,,,1,5.475000381469727,-10.3125,0.8591850399971008,7,,,2023-06-06 08:55:46,-40.21875
945.9844970703125,ccbc9d76c2ebeaf5,0.41797199845314026,-0.02635199949145317,0.3756054937839508,0.04993819445371628,1,,,0.9264070391654968,0,0.2992473840713501,49130.01171875,2023-06-06 08:55:47,
,ccbc9d76c2ebeaf5,0.45201000571250916,-0.09827099740505219,,,1,,,1.0171140432357788,1,,,2023-06-06 08:55:47,
,ccbc9d76c2ebeaf5,0.38387301564216614,-0.21417100727558136,,,6,,,0.9307990074157715,0,,,2023-06-06 09:45:24,
,ccbc9d76c2ebeaf5,0.338672012090683,-0.16738401353359222,-0.3337612450122833,-0.16157373785972595,6,-0.956250011920929,29.006250381469727,0.885049045085907,1,0.08888082206249237,4631.9853515625,2023-06-06 09:45:24,-25.912500381469727
939.4154052734375,ccbc9d76c2ebeaf5,0.3223240077495575,-0.1352979987859726,-0.15271618962287903,-0.17883066833019257,6,-0.7875000238418579,28.500001907348633,0.9001769423484802,0,0.48044514656066895,4980.01513671875,2023-06-06 09:45:25,-26.418750762939453
939.4180908203125,ccbc9d76c2ebeaf5,0.27462199330329895,-0.061122000217437744,,,6,-1.3125,27.95625114440918,0.9076800346374512,1,,,2023-06-06 09:45:25,-26.906251907348633
,ccbc9d76c2ebeaf5,0.24949000775814056,0.0024399999529123306,0.08208495378494263,0.01626427471637726,6,,,0.9516000151634216,2,0.14118611812591553,5017.00537109375,2023-06-06 09:45:25,
939.416015625,ccbc9d76c2ebeaf5,0.3025600016117096,-0.13395600020885468,0.28611379861831665,0.12148573249578476,6,-1.7625000476837158,28.012500762939453,0.9189650416374207,3,0.05688678100705147,4882.00537109375,2023-06-06 09:45:25,-26.92500114440918
939.4178466796875,ccbc9d76c2ebeaf5,0.3398919999599457,-0.17348399758338928,-0.4043924808502197,-0.23533566296100616,6,-2.0812501907348633,27.937501907348633,0.9162200093269348,4,0.008857538923621178,5082.0078125,2023-06-06 09:45:25,-26.775001525878906
939.412353515625,ccbc9d76c2ebeaf5,0.2917630076408386,-0.09924700111150742,-0.40889760851860046,-0.15783219039440155,6,-2.0062501430511475,27.262500762939453,0.9465979933738708,5,-0.024434590712189674,5289.0302734375,2023-06-06 09:45:25,-27.150001525878906
,ccbc9d76c2ebeaf5,0.2185630053281784,0.023729000240564346,,,6,-1.7625000476837158,26.606250762939453,1.010098934173584,0,,,2023-06-06 09:45:26,-27.618751525878906
,ccbc9d76c2ebeaf5,0.338672012090683,-0.10736000537872314,-0.03695731982588768,-0.11583523452281952,6,0.9937500357627869,26.306251525878906,0.8834020495414734,0,-0.012980876490473747,4749.97509765625,2023-06-06 09:49:05,-30.881250381469727
,ccbc9d76c2ebeaf5,0.3063420057296753,-0.10473700612783432,,,6,0.7125000357627869,25.875001907348633,0.9553819894790649,1,,4752,2023-06-06 09:49:05,-30.468751907348633
939.4141845703125,ccbc9d76c2ebeaf5,0.30914801359176636,-0.10742100328207016,-0.00038179047987796366,0.02519817277789116,6,,,0.958249032497406,0,-0.1308777779340744,4756.9951171875,2023-06-06 09:49:06,
939.4217529296875,ccbc9d76c2ebeaf5,0.3340969979763031,-0.1592099964618683,0.17715078592300415,0.2179260104894638,6,0.9375000596046448,25.725000381469727,0.9400100111961365,1,-0.3990474045276642,4536,2023-06-06 09:49:06,-29.587501525878906
939.430419921875,ccbc9d76c2ebeaf5,0.32305601239204407,-0.1971520036458969,0.4699077308177948,-0.03825540840625763,6,1.03125,26.137500762939453,0.8965780138969421,2,0.2649625837802887,4416.99755859375,2023-06-06 09:49:06,-28.631250381469727
939.42822265625,ccbc9d76c2ebeaf5,0.3803350031375885,-0.16652999818325043,-0.1092684343457222,0.11552979797124863,6,0.48750001192092896,26.83125114440918,0.8848659992218018,3,0.0847574844956398,4367.99267578125,2023-06-06 09:49:06,-27.806251525878906
,ccbc9d76c2ebeaf5,0.37094101309776306,-0.299936980009079,,,6,,,0.8083720207214355,4,,,2023-06-06 09:49:06,
939.4144287109375,ccbc9d76c2ebeaf5,0.2976189851760864,-0.12468400597572327,-0.4889972507953644,-0.24457497894763947,6,0.5625,27.000001907348633,1.018578052520752,5,-0.10842850059270859,4564.0126953125,2023-06-06 09:49:06,-27.843751907348633
,ccbc9d76c2ebeaf5,0.35068899393081665,-0.1626259982585907,,,6,1.0125000476837158,26.73750114440918,0.9833810329437256,6,,4630.02783203125,2023-06-06 09:49:06,-28.068750381469727
939.414306640625,ccbc9d76c2ebeaf5,0.3143330216407776,-0.1058960035443306,-0.10361793637275696,0.07513637095689774,6,,,0.942022979259491,0,0.017715077847242355,4609.97998046875,2023-06-06 09:49:07,
939.419677734375,ccbc9d76c2ebeaf5,0.3618520200252533,-0.12010899931192398,0.20654866099357605,0.024816380813717842,6,1.2937500476837158,26.681251525878906,0.9254310131072998,1,0.09277509152889252,4556.99267578125,2023-06-06 09:49:07,-28.162500381469727
,ccbc9d76c2ebeaf5,0.36410900950431824,-0.15451300144195557,,,6,1.5562500953674316,26.775001525878906,0.8670539855957031,2,,,2023-06-06 09:49:07,-27.750001907348633
,ccbc9d76c2ebeaf5,0.6053640246391296,-0.24277998507022858,,,1,,,0.4238889813423157,0,,,2023-06-06 09:32:03,
,ccbc9d76c2ebeaf5,0.5821230411529541,-0.18849000334739685,-0.5245801210403442,-0.27290382981300354,1,-7.350000381469727,5.100000381469727,0.9317139983177185,1,-0.2726747691631317,11813.9853515625,2023-06-06 09:32:03,-37.89375305175781
941.8197021484375,ccbc9d76c2ebeaf5,0.6332409977912903,-0.10479800403118134,-1.4126248359680176,-2.370995283126831,1,-4.012500286102295,2.0250000953674316,1.0481630563735962,2,-0.5267944931983948,12471.9755859375,2023-06-06 09:32:03,-37.51875305175781
941.821044921875,ccbc9d76c2ebeaf5,0.19849400222301483,-0.11882800608873367,,,1,2.137500047683716,-2.2687501907348633,0.6168320178985596,3,,13055.9853515625,2023-06-06 09:32:03,-35.19375228881836
,ccbc9d76c2ebeaf5,0.036538999527692795,-0.1735450029373169,0.7877864837646484,0.8741474747657776,1,,,1.2837450504302979,0,0.2667188346385956,,2023-06-06 09:32:04,
941.8154296875,ccbc9d76c2ebeaf5,0.33855000138282776,-0.26589900255203247,-0.4137081801891327,0.21952952444553375,1,3.656250238418579,-3.356250047683716,1.0063170194625854,1,-0.01763872057199478,14027.9853515625,2023-06-06 09:32:04,-34.61250305175781
941.812255859375,ccbc9d76c2ebeaf5,0.16488300263881683,-0.19154000282287598,0.7023417949676514,-0.0383317656815052,1,4.331250190734863,-4.368750095367432,0.9903960227966309,2,0.6912698745727539,46224,2023-06-06 09:32:04,-34.40625
941.8154296875,ccbc9d76c2ebeaf5,0.08674199879169464,0.08814500272274017,0.537255585193634,-0.07964149862527847,1,4.931250095367432,-3.375000238418579,0.5260030031204224,3,0.3833940029144287,78070.03125,2023-06-06 09:32:04,-34.03125
941.809326171875,ccbc9d76c2ebeaf5,0.5013589859008789,-0.15689200162887573,,,1,5.325000286102295,-2.8312501907348633,0.7952569723129272,4,,,2023-06-06 09:32:04,-33.806251525878906
,ccbc9d76c2ebeaf5,0.23899799585342407,0.19398000836372375,-0.7996983528137207,0.150196373462677,1,,,1.3962290287017822,5,-0.2144898921251297,65149.98828125,2023-06-06 09:32:04,
941.812255859375,ccbc9d76c2ebeaf5,0.16762800514698029,-0.14267900586128235,-0.27488914132118225,0.22960880398750305,1,5.456250190734863,-2.793750047683716,0.7901939749717712,6,-0.051847148686647415,,2023-06-06 09:32:04,-33.63750076293945
941.845458984375,ccbc9d76c2ebeaf5,0.45066797733306885,0.036416999995708466,0.11614066362380981,0.701349139213562,1,6.881250381469727,-3.9000000953674316,1.0656700134277344,0,0.13187043368816376,62777.97265625,2023-06-06 09:32:05,-33.03750228881836
941.8326416015625,ccbc9d76c2ebeaf5,0.535580039024353,-0.017079999670386314,0.04199695214629173,-0.528092622756958,1,7.031250476837158,-4.21875,1.3331550359725952,1,0.14828743040561676,61925.98828125,2023-06-06 09:32:05,-32.60625076293945
941.89794921875,ccbc9d76c2ebeaf5,0.4332219958305359,-0.15835599601268768,,,1,5.775000095367432,-3.0375001430511475,0.5638840198516846,2,,,2023-06-06 09:32:05,-32.8125
,ccbc9d76c2ebeaf5,0.20264200866222382,-0.08241099864244461,0.06994401663541794,-0.06299543380737305,1,5.306250095367432,-2.53125,0.6867379546165466,3,0.04321868345141411,53263.98046875,2023-06-06 09:32:05,-32.66250228881836
941.966552734375,ccbc9d76c2ebeaf5,0.5061780214309692,-0.011346000246703625,-0.630946934223175,0.7875574231147766,1,,,0.7769570350646973,4,-0.7050906419754028,,2023-06-06 09:32:05,
941.922119140625,ccbc9d76c2ebeaf5,0.1786080002784729,0.015371999703347683,-0.35498878359794617,3.469482898712158,1,3.6750001907348633,-2.53125,1.3834800720214844,5,-0.10430516302585602,12701.0029296875,2023-06-06 09:32:05,-32.45625305175781
,ccbc9d76c2ebeaf5,0.44157901406288147,-0.036295000463724136,,,1,,,0.28395500779151917,0,,,2023-06-06 09:32:06,
,ccbc9d76c2ebeaf5,0.3735029995441437,0.19825001060962677,,,1,9.375,-15.731250762939453,0.9078019857406616,0,,49426,2023-06-06 09:37:25,-38.83125305175781
,ccbc9d76c2ebeaf5,0.30115699768066406,0.18275600671768188,0.07498364895582199,-0.3563632369041443,1,,,1.0327908992767334,1,-0.0642935186624527,52961.98828125,2023-06-06 09:37:25,
941.4078369140625,ccbc9d76c2ebeaf5,0.21282900869846344,-0.013359000906348228,1.2163081169128418,0.17447824776172638,1,9.43125057220459,-16.181251525878906,0.9080459475517273,2,-0.24083344638347626,57290.01953125,2023-06-06 09:37:25,-37.96875
,ccbc9d76c2ebeaf5,0.21411000192165375,0.1520729959011078,-0.10109812021255493,0.003894262947142124,1,8.475000381469727,-13.050000190734863,1.0191880464553833,3,-0.2047160565853119,72299.9921875,2023-06-06 09:37:25,-38.306251525878906
941.40771484375,ccbc9d76c2ebeaf5,0.29151901602745056,-0.12138999253511429,,,1,7.762500286102295,-11.30625057220459,0.9211609959602356,0,,70185.015625,2023-06-06 09:37:26,-39.01875305175781
941.3997802734375,ccbc9d76c2ebeaf5,0.3153090178966522,-0.18861199915409088,0.04802924394607544,0.12698352336883545,1,,,0.9362279772758484,1,-0.020311253145337105,69126.0078125,2023-06-06 09:37:26,
,ccbc9d76c2ebeaf5,0.324398010969162,-0.15963700413703918,-0.6212494969367981,-0.05528326332569122,1,7.425000190734863,-10.6875,0.89102703332901,2,0.002061668550595641,62086.9765625,2023-06-06 09:37:26,-39.712501525878906
941.3924560546875,ccbc9d76c2ebeaf5,0.30146199464797974,-0.0853390023112297,,,1,7.818750381469727,-11.34375,0.9717299938201904,3,,52214.01953125,2023-06-06 09:37:26,-39.88125228881836
941.3974609375,ccbc9d76c2ebeaf5,0.27974599599838257,0.017629001289606094,-0.5616901516914368,-0.33910632133483887,1,,,0.9971060156822205,4,-0.003512472379952669,,2023-06-06 09:37:26,
,ccbc9d76c2ebeaf5,0.25400400161743164,0.10766500234603882,,,1,8.362500190734863,-11.96250057220459,0.954101026058197,5,,55410.0078125,2023-06-06 09:37:26,-39.618751525878906
,ccbc9d76c2ebeaf5,0.531432032585144,-0.3823480010032654,,,6,-9.037500381469727,-15.225000381469727,0.897005021572113,0,,,2023-06-06 09:25:32,-40.6875
,ccbc9d76c2ebeaf5,0.5363729596138,-0.1815970093011856,-0.3082576394081116,-0.1357647031545639,6,,,0.6821019649505615,0,0.03527744114398956,346.0050048828125,2023-06-06 09:25:33,
941.3399658203125,ccbc9d76c2ebeaf5,0.5164260268211365,-0.21709901094436646,-0.4050796926021576,-0.39400777220726013,6,-9.037500381469727,-17.34375,0.8233780264854431,1,0.01740964688360691,370.9800109863281,2023-06-06 09:25:33,-39.9375
,ccbc9d76c2ebeaf5,0.5127050280570984,-0.26962000131607056,,,6,-8.662500381469727,-19.3125,0.7987949848175049,2,,,2023-06-06 09:25:33,-40.20000076293945
941.3389892578125,ccbc9d76c2ebeaf5,0.37874898314476013,-0.1310890018939972,0.16035200655460358,-0.5270999670028687,6,-6.993750095367432,-19.33125114440918,0.9073749780654907,3,0.06910407543182373,391.02752685546875,2023-06-06 09:25:33,-40.14375305175781
941.331787109375,ccbc9d76c2ebeaf5,0.37252700328826904,-0.14908400177955627,0.16035200655460358,0.0691804364323616,6,,,0.8891360759735107,4,-0.015347977168858051,389.00250244140625,2023-06-06 09:25:33,
941.3304443359375,ccbc9d76c2ebeaf5,0.38728898763656616,-0.1319430023431778,-0.08536835014820099,-0.0025961752980947495,6,-6.018750190734863,-19.256250381469727,0.9691070318222046,5,0.029856016859412193,,2023-06-06 09:25:33,-40.368751525878906
941.3331298828125,ccbc9d76c2ebeaf5,0.3596560060977936,-0.20746099948883057,-0.06414080411195755,-0.03695731982588768,6,-5.381250381469727,-19.33125114440918,0.8841949701309204,6,-0.0025961752980947495,396.02252197265625,2023-06-06 09:25:33,-40.33125305175781
941.3272705078125,ccbc9d76c2ebeaf5,0.3749060034751892,-0.1592710018157959,-0.019929463043808937,-0.0030543238390237093,6,-4.931250095367432,-19.443750381469727,0.9002990126609802,0,0.039477135986089706,395.010009765625,2023-06-06 09:25:34,-40.20000076293945
,ccbc9d76c2ebeaf5,0.3744789958000183,-0.17098300158977509,,,6,-4.481250286102295,-19.537500381469727,0.8708970546722412,1,,392.9850158691406,2023-06-06 09:25:34,-40.125
941.3232421875,ccbc9d76c2ebeaf5,0.37795600295066833,-0.1399950087070465,-0.0322994738817215,-0.007941242307424545,6,,,0.8999940752983093,2,0.02306014485657215,386.9775085449219,2023-06-06 09:25:34,
941.3270263671875,ccbc9d76c2ebeaf5,0.3610590100288391,-0.1462779939174652,-0.14172062277793884,-0.14004075527191162,6,-3.4312500953674316,-20.193750381469727,0.9087169766426086,3,-0.06482802331447601,407.0250244140625,2023-06-06 09:25:34,-39.95625305175781
941.323974609375,ccbc9d76c2ebeaf5,0.3663659989833832,-0.11004399508237839,-0.32765260338783264,-1.2102758884429932,6,-2.0250000953674316,-20.606250762939453,0.8784609436988831,4,-0.39889469742774963,444.0150146484375,2023-06-06 09:25:34,-39.78750228881836
941.3204345703125,ccbc9d76c2ebeaf5,0.12785600125789642,-0.07753100246191025,,,6,-0.16875000298023224,-20.943750381469727,1.1556450128555298,5,,461.0250244140625,2023-06-06 09:25:34,-39.16875076293945
,ccbc9d76c2ebeaf5,0.0941229984164238,-0.08777900040149689,-0.10713040828704834,0.44463321566581726,6,,,1.0827500820159912,0,-0.39805474877357483,,2023-06-06 09:25:35,
941.3250732421875,ccbc9d76c2ebeaf5,0.19641999900341034,-0.06045100465416908,-0.03741546720266342,0.430659681558609,6,0.13125000894069672,-21.9375,1.0135149955749512,1,-0.24602578580379486,446.9850158691406,2023-06-06 09:25:35,-38.66250228881836
941.32470703125,ccbc9d76c2ebeaf5,0.269802987575531,-0.04404200240969658,-0.06795870512723923,0.09300415962934494,6,0.09375,-22.89375114440918,0.7896450161933899,2,0.16325360536575317,429.030029296875,2023-06-06 09:25:35,-38.0625
941.321044921875,ccbc9d76c2ebeaf5,0.22307699918746948,-0.129381000995636,0.04451677203178406,-0.1153007298707962,6,0.22500000894069672,-24.037500381469727,0.976610004901886,3,0.23220497369766235,434.0250244140625,2023-06-06 09:25:35,-37.57500076293945
941.317138671875,ccbc9d76c2ebeaf5,0.29151901602745056,0.052765000611543655,,,6,0.45000001788139343,-25.106250762939453,1.0254709720611572,4,,,2023-06-06 09:25:35,-37.14375305175781
,ccbc9d76c2ebeaf5,0.31713899970054626,0.09509900212287903,0.09949459880590439,0.18723005056381226,6,0.4125000238418579,-25.968751907348633,0.9469030499458313,5,-0.11988221108913422,445.9725036621094,2023-06-06 09:25:35,-36.9375
941.3115234375,ccbc9d76c2ebeaf5,0.20855900645256042,-0.3172609806060791,-0.11598794907331467,-0.308104932308197,6,,,0.7116259932518005,0,0.27985242009162903,451.9800109863281,2023-06-06 09:25:36,
941.3182373046875,ccbc9d76c2ebeaf5,0.308476984500885,-0.013541999273002148,0.2493855506181717,0.16569706797599792,6,0.4687500298023224,-26.756250381469727,0.7984899878501892,1,-0.05024362727999687,,2023-06-06 09:25:36,-36.54375076293945
941.3255615234375,ccbc9d76c2ebeaf5,0.3122590184211731,-0.13340699672698975,-0.09972367435693741,-0.07086031138896942,6,0.15000000596046448,-27.225000381469727,0.8935890197753906,2,-0.08086322247982025,,2023-06-06 09:25:36,-36.50625228881836
941.3310546875,ccbc9d76c2ebeaf5,0.28017300367355347,-0.026840001344680786,,,6,-0.8812500238418579,-27.450000762939453,1.001802921295166,3,,,2023-06-06 09:25:36,-36.75
,ccbc9d76c2ebeaf5,0.2671799957752228,-0.05947500094771385,-0.06520981341600418,0.031230462715029716,6,-1.1812500953674316,-27.58125114440918,0.9199410080909729,4,-0.007788525894284248,,2023-06-06 09:25:36,-36.97500228881836
941.3316650390625,ccbc9d76c2ebeaf5,0.2713890075683594,-0.0462380014359951,-0.04024071618914604,-0.04528035223484039,6,,,0.9348860383033752,5,-0.004963276442140341,,2023-06-06 09:25:36,
941.3355712890625,ccbc9d76c2ebeaf5,0.2730969786643982,-0.07405400276184082,0.04436405375599861,-0.013057234697043896,6,-0.9750000238418579,-27.600000381469727,0.951295018196106,0,0.06452259421348572,,2023-06-06 09:25:37,-37.05000305175781
941.3369140625,ccbc9d76c2ebeaf5,0.24900199472904205,-0.049104999750852585,,,6,,,0.9536740183830261,1,,,2023-06-06 09:25:37,
,ccbc9d76c2ebeaf5,0.2537600100040436,-0.052094001322984695,,,6,,,0.9630069732666016,2,,,2023-06-06 09:25:37,
,ccbc9d76c2ebeaf5,0.250527024269104,-0.04446899890899658,,,6,,,0.9813680052757263,3,,,2023-06-06 09:25:37,
,ccbc9d76c2ebeaf5,0.23600900173187256,-0.05550999939441681,,,6,,,0.9969839453697205,4,,,2023-06-06 09:25:37,
,ccbc9d76c2ebeaf5,0.24674499034881592,-0.043981000781059265,,,6,,,0.9734379649162292,5,,,2023-06-06 09:25:37,
,ccbc9d76c2ebeaf5,0.25235700607299805,-0.05703499913215637,,,6,,,1.0276060104370117,0,,,2023-06-06 09:25:38,
,ccbc9d76c2ebeaf5,0.30402401089668274,-0.021959999576210976,,,6,,,0.9302500486373901,0,,,2023-06-06 09:26:17,
,ccbc9d76c2ebeaf5,0.3039020001888275,-0.040199000388383865,,,6,,,0.9476959705352783,0,,,2023-06-06 09:26:18,
,ccbc9d76c2ebeaf5,0.29810699820518494,-0.03172000125050545,,,6,,,0.9366549849510193,1,,,2023-06-06 09:26:18,
,ccbc9d76c2ebeaf5,0.2959720194339752,-0.036416999995708466,,,6,,,0.9516000151634216,2,,,2023-06-06 09:26:18,
,ccbc9d76c2ebeaf5,0.3084160089492798,-0.02324100024998188,,,6,,,0.9493429660797119,3,,,2023-06-06 09:26:18,
,ccbc9d76c2ebeaf5,0.31042900681495667,-0.03025600127875805,,,6,,,0.9215270280838013,4,,,2023-06-06 09:26:18,
,ccbc9d76c2ebeaf5,0.3001199960708618,-0.028974998742341995,,,6,,,0.9453170299530029,5,,,2023-06-06 09:26:18,
,ccbc9d76c2ebeaf5,0.301827996969223,-0.02336299978196621,,,6,,,1.0013149976730347,0,,,2023-06-06 09:26:19,
,ccbc9d76c2ebeaf5,0.33891600370407104,-0.053557999432086945,,,6,,,0.8876110315322876,1,,,2023-06-06 09:26:19,
,ccbc9d76c2ebeaf5,0.3311080038547516,-0.026047000661492348,,,6,,,0.9468419551849365,2,,,2023-06-06 09:26:19,
,ccbc9d76c2ebeaf5,0.34025800228118896,-0.029829001054167747,,,6,,,0.9461100101470947,3,,,2023-06-06 09:26:19,
,ccbc9d76c2ebeaf5,0.34855398535728455,-0.0340379998087883,,,6,,,0.9297009706497192,4,,,2023-06-06 09:26:19,
,ccbc9d76c2ebeaf5,0.36197400093078613,-0.0655750036239624,,,6,,,0.9350079894065857,5,,,2023-06-06 09:26:19,
,ccbc9d76c2ebeaf5,0.3791760206222534,-0.07161400467157364,,,6,,,0.930616021156311,6,,,2023-06-06 09:26:19,
,ccbc9d76c2ebeaf5,0.3735029995441437,-0.09082899987697601,,,6,,,0.8821209669113159,0,,,2023-06-06 09:26:20,
,ccbc9d76c2ebeaf5,0.3764309883117676,-0.07405400276184082,,,6,,,0.931835949420929,1,,380.0250244140625,2023-06-06 09:26:20,
,ccbc9d76c2ebeaf5,0.37252700328826904,-0.04507900029420853,,,6,,,0.8500349521636963,2,,,2023-06-06 09:26:20,
,ccbc9d76c2ebeaf5,0.3732590079307556,-0.06453800201416016,,,6,,,0.9297619462013245,3,,396.967529296875,2023-06-06 09:26:20,
,ccbc9d76c2ebeaf5,0.32763099670410156,-0.004209000151604414,,,6,,,0.895052969455719,4,,,2023-06-06 09:26:20,
,ccbc9d76c2ebeaf5,0.33129099011421204,-0.03507499769330025,,,6,,,0.9469640254974365,5,,401.01751708984375,2023-06-06 09:26:20,
,ccbc9d76c2ebeaf5,0.3333039879798889,-0.038978997617959976,,,6,,,0.9201850295066833,6,,,2023-06-06 09:26:20,
,ccbc9d76c2ebeaf5,0.33312100172042847,-0.038064002990722656,0.016875140368938446,0.021380268037319183,6,-5.53125,-27.48750114440918,0.9411080479621887,0,-0.011224640533328056,401.01751708984375,2023-06-06 09:26:21,-34.42500305175781
,ccbc9d76c2ebeaf5,0.342087984085083,-0.03891799971461296,0.05673406645655632,-0.014126247726380825,6,-5.568750381469727,-27.656251907348633,0.9536740183830261,1,0.000305432389723137,401.01751708984375,2023-06-06 09:26:21,-34.44375228881836
,ccbc9d76c2ebeaf5,0.3408679962158203,-0.04514000192284584,,,6,,,0.9354349970817566,2,,,2023-06-06 09:26:21,
,ccbc9d76c2ebeaf5,0.48360803723335266,-0.35611799359321594,,,2,,,0.7446269989013672,0,,,2023-06-06 09:02:14,
,ccbc9d76c2ebeaf5,0.5072150230407715,-0.3589850068092346,-0.3284161686897278,-0.16439898312091827,2,-24.693750381469727,18.618751525878906,0.763903021812439,1,0.05436696484684944,315.02252197265625,2023-06-06 09:02:14,-20.73750114440918
,ccbc9d76c2ebeaf5,0.5025790333747864,-0.39534100890159607,,,2,-23.64375114440918,16.59375,0.8514990210533142,2,,336.0150146484375,2023-06-06 09:02:14,-22.162500381469727
949.406005859375,ccbc9d76c2ebeaf5,0.3828360140323639,-0.21825800836086273,-0.7966440320014954,-0.7525854110717773,2,,,0.8621130585670471,0,0.18241949379444122,,2023-06-06 09:02:15,
949.4124755859375,ccbc9d76c2ebeaf5,0.3396480083465576,-0.1525000035762787,-0.4707476794719696,-0.3067304790019989,2,-22.556251525878906,14.568750381469727,0.9715469479560852,1,0.4382191300392151,375.030029296875,2023-06-06 09:02:15,-23.34375
,ccbc9d76c2ebeaf5,0.3112829923629761,-0.1033950001001358,,,2,-21.975000381469727,12.637500762939453,0.9207339882850647,2,,387.9900207519531,2023-06-06 09:02:15,-24.412500381469727
949.4263916015625,ccbc9d76c2ebeaf5,0.25613901019096375,0.0861320048570633,0.08498656004667282,0.08918625861406326,2,,,0.9023730158805847,3,0.09384410083293915,386.9775085449219,2023-06-06 09:02:15,
949.4339599609375,ccbc9d76c2ebeaf5,0.3173219859600067,-0.034525997936725616,0.028405211865901947,0.006948587018996477,2,-21.787500381469727,11.25,0.9530029892921448,4,0.051847148686647415,385.02001953125,2023-06-06 09:02:15,-24.843751907348633
949.43115234375,ccbc9d76c2ebeaf5,0.3235439956188202,-0.033427998423576355,0.002825249684974551,0.02695440873503685,2,-21.618751525878906,10.425000190734863,0.9537959694862366,5,-0.017027854919433594,386.0325012207031,2023-06-06 09:02:15,-24.900001525878906
949.4317626953125,ccbc9d76c2ebeaf5,0.30359700322151184,-0.02848700061440468,-0.00847574882209301,0.0038179049734026194,2,-21.506250381469727,9.956250190734863,0.9078630208969116,0,0.019624030217528343,385.02001953125,2023-06-06 09:02:16,-24.750001907348633
,ccbc9d76c2ebeaf5,0.3185420036315918,-0.04703100025653839,,,2,-21.48750114440918,9.637500762939453,0.9709979891777039,1,,,2023-06-06 09:02:16,-24.412500381469727
949.4306640625,ccbc9d76c2ebeaf5,0.3198229968547821,-0.043432001024484634,0.005574141163378954,0.02626718580722809,2,,,0.9298840165138245,2,0.008857538923621178,382.9950256347656,2023-06-06 09:02:16,
949.4302978515625,ccbc9d76c2ebeaf5,0.3176270127296448,-0.03001200035214424,-0.0449749194085598,0.03550651669502258,2,-21.075000762939453,8.21250057220459,0.9473910331726074,3,-0.07483093440532684,384.00750732421875,2023-06-06 09:02:16,-24.525001525878906
949.4271240234375,ccbc9d76c2ebeaf5,0.3244589865207672,-0.037087999284267426,-0.005955931730568409,0.020998476073145866,2,-20.943750381469727,7.350000381469727,0.8760210275650024,4,-0.028557928279042244,382.9950256347656,2023-06-06 09:02:16,-24.168750762939453
949.425537109375,ccbc9d76c2ebeaf5,0.3337920010089874,-0.011467999778687954,-0.027336198836565018,0.012446369975805283,2,-21.075000762939453,6.975000381469727,0.911217987537384,5,-0.01954767294228077,378,2023-06-06 09:02:16,-23.381250381469727
,ccbc9d76c2ebeaf5,0.324398010969162,-0.049897998571395874,,,2,,,0.948915958404541,6,,,2023-06-06 09:02:16,
949.426025390625,ccbc9d76c2ebeaf5,0.340501993894577,-0.053436003625392914,0.0019853105768561363,-0.0066431546583771706,2,-21.337501525878906,7.256250381469727,0.9192699790000916,0,0.0054977829568088055,,2023-06-06 09:02:17,-21.262500762939453
949.4228515625,ccbc9d76c2ebeaf5,0.3256179988384247,-0.03757600113749504,-0.00022907429956831038,-0.03153589367866516,2,,,0.9305550456047058,1,0.002672533504664898,379.01251220703125,2023-06-06 09:02:17,
949.4295654296875,ccbc9d76c2ebeaf5,0.3239099979400635,-0.040320999920368195,-0.009697478264570236,-0.011530072428286076,2,-21.318750381469727,7.425000190734863,0.9554430246353149,2,-0.012217295356094837,378,2023-06-06 09:02:17,-20.325000762939453
949.43896484375,ccbc9d76c2ebeaf5,0.3228730261325836,-0.016042999923229218,-0.013133592903614044,0.006108647678047419,2,-21.28125,7.462500095367432,0.9495869874954224,3,-0.012140937149524689,,2023-06-06 09:02:17,-19.3125
949.4454345703125,ccbc9d76c2ebeaf5,0.31591901183128357,-0.03422100096940994,-0.018555017188191414,-0.0006872228696011007,2,-20.90625,7.443750381469727,0.942937970161438,4,-0.0057268571108579636,,2023-06-06 09:02:17,-18.39375114440918
949.44482421875,ccbc9d76c2ebeaf5,0.3240930140018463,-0.03269600123167038,0.0019089524867013097,-0.011148282326757908,2,-20.231250762939453,7.462500095367432,0.9430599808692932,0,-0.004199695307761431,,2023-06-06 09:02:18,-17.306251525878906
949.429931640625,ccbc9d76c2ebeaf5,0.3236050009727478,-0.034098997712135315,0.09422589093446732,-0.0023671009112149477,2,-19.443750381469727,7.368750095367432,0.9528809785842896,1,-0.09689842909574509,380.0250244140625,2023-06-06 09:02:18,-16.200000762939453
949.4249267578125,ccbc9d76c2ebeaf5,0.3173219859600067,-0.025619998574256897,,,2,-18.543750762939453,7.500000476837158,0.9348860383033752,2,,378,2023-06-06 09:02:18,-15.112500190734863
,ccbc9d76c2ebeaf5,0.31878599524497986,-0.0058559998869895935,0.2458730787038803,0.08147408813238144,2,-17.568750381469727,7.706250190734863,1.0218719244003296,3,-0.4289034307003021,,2023-06-06 09:02:18,-13.987500190734863
949.4254150390625,ccbc9d76c2ebeaf5,0.34611400961875916,-0.15750199556350708,0.17531819641590118,0.09529490768909454,2,,,0.9123160243034363,4,-0.16905683279037476,322.9875183105469,2023-06-06 09:02:18,
949.433349609375,ccbc9d76c2ebeaf5,0.42681699991226196,-0.24088901281356812,-0.15225805342197418,-0.022983787581324577,2,-16.42500114440918,8.11875057220459,0.9054229855537415,5,0.23632831871509552,,2023-06-06 09:02:18,-12.956250190734863
949.426513671875,ccbc9d76c2ebeaf5,0.27004700899124146,-0.01622599922120571,-0.002901607658714056,0.0371863916516304,2,-15.393750190734863,8.456250190734863,0.9982040524482727,0,-0.07475458085536957,375.030029296875,2023-06-06 09:02:19,-12.018750190734863
949.4234619140625,ccbc9d76c2ebeaf5,0.37039199471473694,-0.22844499349594116,,,2,-14.362500190734863,8.850000381469727,0.9675210118293762,1,,,2023-06-06 09:02:19,-11.081250190734863
,ccbc9d76c2ebeaf5,0.3509940207004547,-0.17043399810791016,-0.03245219215750694,-0.11201732605695724,2,-13.500000953674316,9.075000762939453,0.9451949596405029,2,0.09094249457120895,376.9875183105469,2023-06-06 09:02:19,-10.200000762939453
949.417724609375,ccbc9d76c2ebeaf5,0.3228730261325836,-0.12883199751377106,-0.10819942504167557,-0.16241367161273956,2,,,0.9225639700889587,3,0.45478883385658264,387.9900207519531,2023-06-06 09:02:19,
949.419189453125,ccbc9d76c2ebeaf5,0.3169560134410858,-0.11108099669218063,-0.01977674663066864,-0.08567378669977188,2,-13.143750190734863,9.09375,0.9561139345169067,4,0.2808450758457184,392.9850158691406,2023-06-06 09:02:19,-9.581250190734863
949.43115234375,ccbc9d76c2ebeaf5,0.248758003115654,0.007075999863445759,0.05345066636800766,0.1164461001753807,2,-12.881250381469727,8.981250762939453,0.9789279699325562,5,-0.06475166976451874,390.0150146484375,2023-06-06 09:02:19,-8.850000381469727
949.4361572265625,ccbc9d76c2ebeaf5,0.3454429805278778,-0.10553000122308731,,,2,-12.787500381469727,8.68125057220459,0.9586149454116821,0,,,2023-06-06 09:02:20,-8.081250190734863
,ccbc9d76c2ebeaf5,0.2892009913921356,-0.04617699980735779,-0.012904518283903599,0.03428478538990021,2,,,0.9810019731521606,1,-0.047036588191986084,391.02752685546875,2023-06-06 09:02:20,
949.4359130859375,ccbc9d76c2ebeaf5,0.3072569966316223,-0.06588000059127808,-0.047952886670827866,-0.06742420047521591,2,-12.581250190734863,8.34375,0.9803309440612793,2,-0.09552398324012756,386.9775085449219,2023-06-06 09:02:20,-7.312500476837158
949.43505859375,ccbc9d76c2ebeaf5,0.3004859983921051,-0.07893399894237518,,,2,-12.375000953674316,7.893750190734863,0.9693509936332703,3,,,2023-06-06 09:02:20,-6.431250095367432
949.4345703125,ccbc9d76c2ebeaf5,0.33861100673675537,-0.06649000197649002,0.033139415085315704,0.07070759683847427,2,-12.206250190734863,7.556250095367432,0.8576599955558777,4,0.017333287745714188,382.9950256347656,2023-06-06 09:02:20,-5.4375
,ccbc9d76c2ebeaf5,0.30902600288391113,-0.06374499946832657,-0.010079269297420979,-0.014584396965801716,2,,,0.9590420126914978,5,-0.02130390889942646,385.02001953125,2023-06-06 09:02:20,
949.4267578125,ccbc9d76c2ebeaf5,0.31500399112701416,-0.07631099969148636,,,2,-11.925000190734863,7.181250095367432,0.9450730085372925,6,,,2023-06-06 09:02:20,-4.631250381469727
,ccbc9d76c2ebeaf5,0.3017060160636902,-0.05782800167798996,-0.049480047076940536,-0.03955349326133728,2,-11.49375057220459,6.862500190734863,0.9598350524902344,7,-0.03283398225903511,386.0325012207031,2023-06-06 09:02:20,-3.543750047683716
949.4212646484375,ccbc9d76c2ebeaf5,0.3081720173358917,-0.058681998401880264,0.22105668485164642,0.20952661335468292,2,,,0.9304329752922058,0,-0.08781181275844574,,2023-06-06 09:02:21,
949.427490234375,ccbc9d76c2ebeaf5,0.35996100306510925,-0.12157300114631653,-0.037262752652168274,-0.005192350596189499,2,-10.762500762939453,6.825000286102295,0.9307380318641663,1,0.019929463043808937,380.0250244140625,2023-06-06 09:02:21,-2.1000001430511475
949.428466796875,ccbc9d76c2ebeaf5,0.4030269980430603,-0.17927899956703186,-0.1404225379228592,-0.013362666592001915,2,-9.862500190734863,7.031250476837158,0.8668100237846375,2,0.3597993552684784,373.0050048828125,2023-06-06 09:02:21,-1.0875000953674316
,ccbc9d76c2ebeaf5,0.35319000482559204,-0.08326499909162521,,,2,-8.943750381469727,7.050000190734863,0.9365940093994141,3,,,2023-06-06 09:02:21,-0.15000000596046448
949.4267578125,ccbc9d76c2ebeaf5,0.33226698637008667,-0.06551399827003479,0.15645773708820343,-0.1326340138912201,2,,,0.8979810476303101,4,0.2049451321363449,382.9950256347656,2023-06-06 09:02:21,
,ccbc9d76c2ebeaf5,0.3088430166244507,-0.01701899990439415,,,2,-8.362500190734863,6.918750286102295,0.9028609991073608,5,,,2023-06-06 09:02:21,0.768750011920929
949.43115234375,ccbc9d76c2ebeaf5,0.3239710032939911,-0.0287919994443655,0.47502371668815613,0.3087157905101776,2,,,0.8651630282402039,6,-0.4376846253871918,385.02001953125,2023-06-06 09:02:21,
949.430419921875,ccbc9d76c2ebeaf5,0.32000601291656494,-0.03458699956536293,,,2,-7.762500286102295,6.862500190734863,0.8635770082473755,0,,379.01251220703125,2023-06-06 09:02:22,2.6437501907348633
,ccbc9d76c2ebeaf5,0.34977400302886963,-0.08271600306034088,,,2,,,0.9343369603157043,0,,352.01251220703125,2023-06-06 09:12:35,
,ccbc9d76c2ebeaf5,0.2853580117225647,-0.01183400023728609,-0.06360629200935364,0.029397867619991302,2,-17.193750381469727,7.031250476837158,0.9639830589294434,1,0.24060437083244324,,2023-06-06 09:12:35,13.875000953674316
943.9927978515625,ccbc9d76c2ebeaf5,0.33897697925567627,-0.03995500132441521,0.093691386282444,0.11453714966773987,2,-20.45625114440918,6.468750476837158,0.9789890646934509,2,0.07269290834665298,,2023-06-06 09:12:35,15.15000057220459
,ccbc9d76c2ebeaf5,0.3483099937438965,-0.058316003531217575,0.04940368980169296,0.05429060757160187,2,-22.293750762939453,6.187500476837158,0.8339309692382812,3,0.14088068902492523,349.9875183105469,2023-06-06 09:12:35,16.650001525878906
943.9915771484375,ccbc9d76c2ebeaf5,0.36032700538635254,-0.02281400002539158,,,2,,,0.8974319696426392,0,,346.0050048828125,2023-06-06 09:12:36,
943.9776611328125,ccbc9d76c2ebeaf5,0.38179901242256165,-0.09332999587059021,0.12278381735086441,-0.13645191490650177,2,-23.756250381469727,5.981250286102295,0.9132310152053833,1,-0.023747367784380913,354.9825134277344,2023-06-06 09:12:36,17.306251525878906
,ccbc9d76c2ebeaf5,0.37289300560951233,-0.06728300452232361,,,2,-24.918750762939453,6.075000286102295,0.8068469762802124,2,,,2023-06-06 09:12:36,17.212501525878906
943.9722900390625,ccbc9d76c2ebeaf5,0.32250699400901794,-0.08899899572134018,0.018096869811415672,0.054443322122097015,2,,,0.9769150614738464,3,0.16569706797599792,,2023-06-06 09:12:36,
943.9541015625,ccbc9d76c2ebeaf5,0.3664880096912384,-0.04056499898433685,0.008170315995812416,-0.03497200831770897,2,,,0.9051790237426758,4,0.06505709886550903,,2023-06-06 09:12:36,
,ccbc9d76c2ebeaf5,0.3236660063266754,-0.05404600128531456,,,2,,,0.9652639627456665,5,,,2023-06-06 09:12:36,
943.939453125,ccbc9d76c2ebeaf5,0.33806201815605164,-0.08021499961614609,,,2,,,0.9470250010490417,6,,,2023-06-06 09:12:36,
,ccbc9d76c2ebeaf5,0.34178298711776733,-0.06374499946832657,,,2,,,0.923662006855011,7,,,2023-06-06 09:12:36,
,ccbc9d76c2ebeaf5,0.3333039879798889,-0.08704700320959091,,,2,,,0.9584929943084717,0,,,2023-06-06 09:12:37,
,ccbc9d76c2ebeaf5,0.35325101017951965,-0.06886900216341019,,,2,,,0.8788270354270935,1,,,2023-06-06 09:12:37,
,ccbc9d76c2ebeaf5,0.3412950038909912,-0.07936099916696548,,,2,,,0.8916369676589966,3,,,2023-06-06 09:12:40,
,ccbc9d76c2ebeaf5,0.34934699535369873,-0.09424500167369843,,,2,,,0.9233570098876953,4,,351,2023-06-06 09:12:40,
,ccbc9d76c2ebeaf5,0.3311080038547516,-0.09778299927711487,,,2,-15.881250381469727,14.437500953674316,0.9396439790725708,5,,349.9875183105469,2023-06-06 09:12:40,51.937503814697266
,ccbc9d76c2ebeaf5,0.3194569945335388,-0.05056900158524513,,,2,-14.568750381469727,13.968750953674316,0.9488549828529358,6,,348.0299987792969,2023-06-06 09:12:40,55.10625076293945
,ccbc9d76c2ebeaf5,0.3076229989528656,-0.04764099791646004,0.027488915249705315,-0.011682788841426373,2,-13.443750381469727,12.581250190734863,0.9623359441757202,0,0.01588248461484909,348.9750061035156,2023-06-06 09:12:41,58.05000305175781
943.7659912109375,ccbc9d76c2ebeaf5,0.3072569966316223,-0.05862100049853325,0.03504836559295654,0.027488915249705315,2,,,0.9639830589294434,1,0.03436114266514778,352.01251220703125,2023-06-06 09:12:41,
943.7557373046875,ccbc9d76c2ebeaf5,0.30536597967147827,-0.06954000145196915,,,2,-12.393750190734863,10.537500381469727,0.9558699727058411,2,,,2023-06-06 09:12:41,60.54375076293945
,ccbc9d76c2ebeaf5,0.4421279728412628,-0.1273680031299591,-0.3649153411388397,-0.02237292192876339,5,-34.181251525878906,8.793750762939453,0.9173790216445923,0,0.04046979174017906,236.9925079345703,2023-06-06 09:31:09,-7.387500286102295
942.4508056640625,ccbc9d76c2ebeaf5,0.523563027381897,-0.2101449966430664,,,5,-33.54375076293945,7.462500095367432,0.8379570245742798,1,,245.02500915527344,2023-06-06 09:31:09,-9.52500057220459
,ccbc9d76c2ebeaf5,0.23301999270915985,0.00878399983048439,-0.4174497127532959,-0.44638943672180176,5,-32.025001525878906,7.443750381469727,0.9460490345954895,2,-0.3043633699417114,231.9975128173828,2023-06-06 09:31:09,-11.15625
942.455078125,ccbc9d76c2ebeaf5,0.20483799278736115,-0.03745400160551071,-0.3778962194919586,-1.7760130167007446,5,,,0.8436910510063171,0,-0.8658244609832764,200.00250244140625,2023-06-06 09:31:10,
942.4608154296875,ccbc9d76c2ebeaf5,0.08015399426221848,-0.19147899746894836,0.42791077494621277,0.49166980385780334,5,-28.05000114440918,8.77500057220459,0.8535119891166687,1,0.8316923975944519,,2023-06-06 09:31:10,-13.93125057220459
942.462890625,ccbc9d76c2ebeaf5,-0.06886900216341019,-0.048434000462293625,0.2257145345211029,-0.2666424810886383,5,-26.006250381469727,10.481250762939453,1.458266019821167,2,-0.6478984355926514,163.01251220703125,2023-06-06 09:31:10,-15.131250381469727
942.4456787109375,ccbc9d76c2ebeaf5,-0.06703899800777435,-0.4878780245780945,,,5,-24.656251907348633,11.925000190734863,0.9711199402809143,3,,190.01251220703125,2023-06-06 09:31:10,-15.843750953674316
,ccbc9d76c2ebeaf5,-0.08454599976539612,-0.4732380211353302,-0.3145190179347992,-0.1974620372056961,5,,,0.3921080231666565,4,0.5009855031967163,196.02000427246094,2023-06-06 09:31:10,
942.439453125,ccbc9d76c2ebeaf5,-0.009211000055074692,0.050996001809835434,-0.20631958544254303,0.6310232877731323,5,-24.187501907348633,12.71250057220459,0.9223809838294983,5,0.3992764949798584,175.0275115966797,2023-06-06 09:31:10,-16.70625114440918
942.394287109375,ccbc9d76c2ebeaf5,-0.05575399845838547,-0.2765740156173706,-0.48678287863731384,1.0881792306900024,5,-24.937501907348633,12.80625057220459,1.0527989864349365,0,0.9020181894302368,180.0225067138672,2023-06-06 09:31:11,-16.59375
942.3956298828125,ccbc9d76c2ebeaf5,0.2924339771270752,-0.16610300540924072,0.02023489587008953,0.07864884287118912,5,-25.33125114440918,12.450000762939453,0.4938559830188751,1,0.4898371994495392,184.0050048828125,2023-06-06 09:31:11,-17.137500762939453
942.3978271484375,ccbc9d76c2ebeaf5,0.22868898510932922,0.007259000092744827,,,5,-26.062501907348633,12.112500190734863,0.6137210130691528,2,,165.98251342773438,2023-06-06 09:31:11,-17.137500762939453
,ccbc9d76c2ebeaf5,0.3207990229129791,0.12114600092172623,1.1227694749832153,-1.2489893436431885,5,,,1.0537749528884888,3,-0.7935133576393127,147.01499938964844,2023-06-06 09:31:11,
942.4130859375,ccbc9d76c2ebeaf5,0.08509500324726105,-0.045322999358177185,-0.37262752652168274,0.6443859934806824,5,-26.662500381469727,12.600000381469727,1.0985490083694458,4,-0.039477135986089706,154.98001098632812,2023-06-06 09:31:11,-17.400001525878906
942.4090576171875,ccbc9d76c2ebeaf5,0.20032399892807007,-0.022508999332785606,-0.29016077518463135,0.11751510947942734,5,-29.100000381469727,12.075000762939453,0.5537580251693726,5,-1.0125083923339844,,2023-06-06 09:31:11,-16.33125114440918
942.4002685546875,ccbc9d76c2ebeaf5,0.14475300908088684,0.2555899918079376,-0.01870773360133171,0.13217586278915405,5,-31.012500762939453,11.4375,1.1308180093765259,0,0.16905683279037476,139.99501037597656,2023-06-06 09:31:12,-15.262500762939453
942.3765869140625,ccbc9d76c2ebeaf5,0.26754599809646606,-0.12047500163316727,,,5,-32.868751525878906,10.012500762939453,1.2567219734191895,1,,144.99000549316406,2023-06-06 09:31:12,-14.137500762939453
,ccbc9d76c2ebeaf5,0.2063020020723343,-0.2096569985151291,0.22762349247932434,-0.3505600392818451,5,,,0.8522310256958008,2,0.9064469933509827,153.96749877929688,2023-06-06 09:31:12,
942.3714599609375,ccbc9d76c2ebeaf5,0.13212600350379944,-0.04312700033187866,0.2914588451385498,-0.08872810751199722,5,-33.95625305175781,8.175000190734863,0.43944400548934937,3,0.44386962056159973,149.98500061035156,2023-06-06 09:31:12,-12.937500953674316
942.350341796875,ccbc9d76c2ebeaf5,0.3114050030708313,0.09229300171136856,-0.1637117564678192,0.34147340059280396,5,-33.54375076293945,6.843750476837158,0.9526980519294739,4,-0.7141773104667664,138.9824981689453,2023-06-06 09:31:12,-12.262500762939453
942.343017578125,ccbc9d76c2ebeaf5,-0.020434999838471413,0.020923001691699028,,,5,-31.950000762939453,6.881250381469727,1.4334999322891235,5,,,2023-06-06 09:31:12,-11.793750762939453
942.3485107421875,ccbc9d76c2ebeaf5,0.12047500163316727,-0.08369200676679611,-0.17944152653217316,0.15630502998828888,5,-29.775001525878906,7.443750381469727,0.46878498792648315,6,-0.6333140730857849,139.99501037597656,2023-06-06 09:31:12,-11.325000762939453
,ccbc9d76c2ebeaf5,0.32470300793647766,-0.21502500772476196,-0.1314886510372162,0.015195261687040329,5,,,0.957211971282959,0,-0.1516471803188324,138.9824981689453,2023-06-06 09:31:13,
942.3448486328125,ccbc9d76c2ebeaf5,0.4004040062427521,-0.055449001491069794,0.1029307171702385,0.0732274129986763,5,-27.750001907348633,7.162500381469727,1.291126012802124,1,0.4269181191921234,132.02999877929688,2023-06-06 09:31:13,-10.18125057220459
942.3455810546875,ccbc9d76c2ebeaf5,0.23460599780082703,-0.23247100412845612,0.08093958348035812,0.08605557680130005,5,-25.387500762939453,7.462500095367432,0.7657939791679382,2,0.5073995590209961,132.97500610351562,2023-06-06 09:31:13,-9.393750190734863
942.339111328125,ccbc9d76c2ebeaf5,0.1332239955663681,-0.13462699949741364,,,5,-23.418750762939453,7.443750381469727,0.4643929898738861,3,,137.97000122070312,2023-06-06 09:31:13,-8.981250762939453
942.33544921875,ccbc9d76c2ebeaf5,0.2828570008277893,-0.08979199826717377,0.06406444311141968,0.12461641430854797,5,-21.337501525878906,8.4375,1.0215060710906982,4,-0.4676169753074646,,2023-06-06 09:31:13,-8.981250762939453
,ccbc9d76c2ebeaf5,0.30615898966789246,0.026657000184059143,,,5,,,1.35828697681427,0,,128.9925079345703,2023-06-06 09:31:14,
942.333740234375,ccbc9d76c2ebeaf5,0.15109699964523315,-0.11162999272346497,-0.1899789422750473,0.06085740402340889,5,-19.743751525878906,10.518750190734863,0.5430219769477844,1,0.036193739622831345,141.00750732421875,2023-06-06 09:31:14,-8.887500762939453
942.328369140625,ccbc9d76c2ebeaf5,0.18220700323581696,-0.1105319932103157,0.005039634648710489,-0.19158247113227844,5,-18.525001525878906,12.693750381469727,0.648796021938324,2,0.16478078067302704,144.99000549316406,2023-06-06 09:31:14,-9.262500762939453
942.31494140625,ccbc9d76c2ebeaf5,0.34995701909065247,-0.09339100122451782,,,5,-18.09375,14.475000381469727,1.4699779748916626,3,,132.02999877929688,2023-06-06 09:31:14,-10.143750190734863
,ccbc9d76c2ebeaf5,0.06685599684715271,-0.2663869857788086,-0.03695731982588768,0.3000873327255249,5,,,1.2919189929962158,4,0.45074185729026794,,2023-06-06 09:31:14,
942.3006591796875,ccbc9d76c2ebeaf5,0.18348799645900726,-0.0067100003361701965,-0.22869250178337097,-0.033826638013124466,5,-18.75,15.768750190734863,0.6589829921722412,5,0.18745912611484528,158.0175018310547,2023-06-06 09:31:14,-11.25
942.292236328125,ccbc9d76c2ebeaf5,0.2202100157737732,-0.07191900163888931,0.12217295914888382,-0.014126247726380825,5,-20.193750381469727,16.481250762939453,0.7729920148849487,6,0.9330959320068359,157.0050048828125,2023-06-06 09:31:14,-12.656250953674316
942.2891845703125,ccbc9d76c2ebeaf5,0.3239710032939911,-0.2651059925556183,0.47991064190864563,0.2926042377948761,5,-22.33125114440918,15.843750953674316,1.0130269527435303,0,1.5793908834457397,147.01499938964844,2023-06-06 09:31:15,-13.893750190734863
942.287109375,ccbc9d76c2ebeaf5,0.1122400090098381,-0.25912800431251526,,,5,-24.600000381469727,13.74375057220459,0.9494650363922119,1,,153.96749877929688,2023-06-06 09:31:15,-14.812500953674316
942.2830810546875,ccbc9d76c2ebeaf5,0.1815970093011856,-0.0827770009636879,0.5064069032669067,-0.24556763470172882,5,-26.493751525878906,10.3125,0.6053029894828796,2,1.0805433988571167,187.9875030517578,2023-06-06 09:31:15,-15.600000381469727
,ccbc9d76c2ebeaf5,0.20776599645614624,-0.05941400304436684,0.1689804643392563,-0.45417797565460205,5,,,0.9232959747314453,3,0.9369902014732361,262.9800109863281,2023-06-06 09:31:15,
942.2801513671875,ccbc9d76c2ebeaf5,0.33226698637008667,0.016774998977780342,0.06062832847237587,-0.37552911043167114,5,-27.506250381469727,5.868750095367432,1.0629249811172485,4,0.7686206102371216,327.9825134277344,2023-06-06 09:31:15,-16.725000381469727
942.2877197265625,ccbc9d76c2ebeaf5,0.2508929967880249,-0.01592100039124489,0.33597561717033386,0.3067304790019989,5,-27.900001525878906,1.068750023841858,1.1609519720077515,5,-0.29413139820098877,341.010009765625,2023-06-06 09:31:15,-17.756250381469727
942.28369140625,ccbc9d76c2ebeaf5,0.053008999675512314,-0.1273069977760315,,,5,-28.068750381469727,-3.637500047683716,1.1970030069351196,0,,333.9900207519531,2023-06-06 09:31:16,-18.39375114440918
942.2559814453125,ccbc9d76c2ebeaf5,0.023973001167178154,-0.09723400324583054,0.10048725455999374,0.30711227655410767,5,-27.76875114440918,-7.950000286102295,0.824658989906311,1,-0.3549124300479889,374.01751708984375,2023-06-06 09:31:16,-18.693750381469727
942.166748046875,ccbc9d76c2ebeaf5,0.3447110056877136,-0.08973100036382675,-0.12553271651268005,0.018402300775051117,5,-29.681251525878906,0,0.5669950246810913,4,-0.35941755771636963,,2023-06-06 09:31:19,-13.500000953674316
942.176513671875,ccbc9d76c2ebeaf5,0.3567280173301697,0.06984499841928482,,,5,-29.775001525878906,0.6375000476837158,1.3715850114822388,5,,370.9800109863281,2023-06-06 09:31:19,-13.893750190734863
,ccbc9d76c2ebeaf5,0.1668960005044937,0.045871999114751816,,,5,,,1.179313063621521,0,,,2023-06-06 09:31:20,
,ccbc9d76c2ebeaf5,0.39778101444244385,-0.021289000287652016,,,5,,,0.7107110023498535,0,,817.02001953125,2023-06-06 11:40:39,
,ccbc9d76c2ebeaf5,0.3572770059108734,-0.23820500075817108,-0.29848378896713257,-0.9950223565101624,5,14.512500762939453,-3.281250238418579,0.5813300013542175,1,-0.10575596243143082,910.9800415039062,2023-06-06 11:40:39,-28.875001907348633
941.298828125,ccbc9d76c2ebeaf5,0.44310399889945984,0.09400100260972977,-0.3133736252784729,-0.046807512640953064,5,17.868751525878906,-5.587500095367432,0.9194530248641968,0,0.16737695038318634,,2023-06-06 11:40:40,-26.043750762939453
941.2764892578125,ccbc9d76c2ebeaf5,0.0067100003361701965,-0.3466629981994629,,,5,18.1875,-5.981250286102295,1.5354310274124146,1,,898.02001953125,2023-06-06 11:40:40,-25.125001907348633
,ccbc9d76c2ebeaf5,0.17537499964237213,-0.021838000044226646,0.34292420744895935,-0.4828122556209564,5,19.556251525878906,-5.606250286102295,0.7925730347633362,2,-0.358348548412323,716.9850463867188,2023-06-06 11:40:40,-24
941.285888671875,ccbc9d76c2ebeaf5,0.05008099973201752,-0.03623399883508682,0.32910341024398804,-0.2735910713672638,5,,,0.5430219769477844,3,0.07704532146453857,643.0050048828125,2023-06-06 11:40:40,
941.293212890625,ccbc9d76c2ebeaf5,0.09375700354576111,-0.2147810161113739,0.3745364546775818,0.28611379861831665,5,19.98750114440918,-4.6875,1.148447036743164,4,0.9578359723091125,558.0225219726562,2023-06-06 11:40:40,-23.587501525878906
941.295654296875,ccbc9d76c2ebeaf5,0.382409006357193,-0.07063800096511841,-0.42821621894836426,0.011453714221715927,5,20.15625,-3.7125000953674316,1.1333190202713013,5,-0.26160284876823425,542.0250244140625,2023-06-06 11:40:40,-23.212501525878906
941.3084716796875,ccbc9d76c2ebeaf5,0.09186600148677826,-0.08594900369644165,,,5,19.950000762939453,-3.093750238418579,0.8148989677429199,0,,509.01751708984375,2023-06-06 11:40:41,-23.118751525878906
,ccbc9d76c2ebeaf5,0.3627060055732727,-0.15664801001548767,0.39965829253196716,0.3494146466255188,5,19.575000762939453,-2.9250001907348633,0.8694329857826233,1,-0.5466476082801819,456.9750061035156,2023-06-06 11:40:41,-23.17500114440918
941.3245849609375,ccbc9d76c2ebeaf5,0.1370059996843338,-0.46292898058891296,-0.2835939824581146,-1.5115848779678345,5,,,1.5070050954818726,2,0.10514509677886963,428.01751708984375,2023-06-06 11:40:41,
941.3348388671875,ccbc9d76c2ebeaf5,0.09131700545549393,-0.12248799204826355,-0.5392408967018127,0.5072468519210815,5,20.55000114440918,-2.7375001907348633,0.64226895570755,3,0.011759147047996521,,2023-06-06 11:40:41,-21.918750762939453
941.3299560546875,ccbc9d76c2ebeaf5,0.14780299365520477,-0.1705559939146042,-0.04062250629067421,1.30213463306427,5,20.193750381469727,-2.2125000953674316,0.9883220195770264,4,1.0918444395065308,457.9875183105469,2023-06-06 11:40:41,-21.65625
941.3359375,ccbc9d76c2ebeaf5,-0.04318799823522568,-0.15097500383853912,,,5,19.481250762939453,-1.5937501192092896,1.1718099117279053,5,,446.9850158691406,2023-06-06 11:40:41,-21.618751525878906
,ccbc9d76c2ebeaf5,0.5033720135688782,0.13853099942207336,-0.013744457624852657,0.036651886999607086,5,17.868751525878906,-1.2937500476837158,1.3907999992370605,0,-0.2545015513896942,447.9975280761719,2023-06-06 11:40:42,-22.106250762939453
941.34521484375,ccbc9d76c2ebeaf5,0.09491600096225739,-0.08039800077676773,-0.264046311378479,0.4298960864543915,5,,,0.6247619986534119,1,-0.0836121141910553,444.0150146484375,2023-06-06 11:40:42,
941.35009765625,ccbc9d76c2ebeaf5,0.5213670134544373,-0.01756799966096878,0.2726747691631317,-0.8170316219329834,5,16.42500114440918,-1.5937501192092896,1.0153449773788452,2,-0.028634287416934967,434.97003173828125,2023-06-06 11:40:42,-22.350000381469727
941.3614501953125,ccbc9d76c2ebeaf5,0.1576239913702011,-0.05026400089263916,0.08796452730894089,0.3664425015449524,5,15.506250381469727,-1.9312500953674316,1.0276060104370117,3,0.10476330667734146,418.9725036621094,2023-06-06 11:40:42,-22.537500381469727
941.385986328125,ccbc9d76c2ebeaf5,0.31024599075317383,-0.04318799823522568,,,5,14.662500381469727,-2.1750001907348633,1.2121310234069824,4,,405.0000305175781,2023-06-06 11:40:42,-22.650001525878906
,ccbc9d76c2ebeaf5,0.20032399892807007,-0.284991979598999,0.04566214233636856,-0.268169641494751,5,,,1.2270760536193848,5,-0.06085740402340889,398.9925231933594,2023-06-06 11:40:42,
941.3939208984375,ccbc9d76c2ebeaf5,0.23777800798416138,-0.1768999993801117,-0.3536907136440277,0.6697368621826172,5,14.250000953674316,-2.25,0.8688230514526367,6,-0.5639045238494873,389.00250244140625,2023-06-06 11:40:42,-22.481250762939453
941.5550537109375,ccbc9d76c2ebeaf5,0.5506470203399658,-0.09448900073766708,,,5,14.77500057220459,-9.393750190734863,1.0234580039978027,3,,,2023-06-06 11:40:46,-29.92500114440918
941.5628662109375,ccbc9d76c2ebeaf5,0.2070949822664261,-0.16634701192378998,-0.05543597787618637,-0.025274530053138733,5,14.362500190734863,-8.96250057220459,1.2291500568389893,4,0.32444554567337036,357.00750732421875,2023-06-06 11:40:46,-30.168750762939453
,ccbc9d76c2ebeaf5,0.21996599435806274,-0.0012199999764561653,-0.05039634555578232,0.006872228812426329,5,,,0.9017629623413086,5,0.27511823177337646,,2023-06-06 11:40:46,
,ccbc9d76c2ebeaf5,0.30158400535583496,-0.08381400257349014,,,5,,,1.054934024810791,0,,,2023-06-06 11:41:15,
,ccbc9d76c2ebeaf5,0.31500399112701416,0.02446100115776062,-0.4822777509689331,-0.31719154119491577,5,2.0062501430511475,-16.40625,0.9708759784698486,1,-0.2942841053009033,223.02000427246094,2023-06-06 11:41:15,-42.54375076293945
941.5654296875,ccbc9d76c2ebeaf5,0.3972319960594177,-0.061427000910043716,-0.008552107028663158,-1.598022222518921,5,4.706250190734863,-17.793750762939453,0.6470879912376404,2,-0.42126762866973877,274.9950256347656,2023-06-06 11:41:15,-40.51875305175781
941.5782470703125,ccbc9d76c2ebeaf5,0.3012180030345917,0.09168300032615662,0.7660244107246399,-0.4592939615249634,5,8.49375057220459,-17.681251525878906,0.9978379607200623,0,0.8750637769699097,,2023-06-06 11:41:16,-38.60625076293945
,ccbc9d76c2ebeaf5,-0.21398800611495972,-0.09143900126218796,,,5,11.49375057220459,-15.581250190734863,1.4306939840316772,1,,273.9825134277344,2023-06-06 11:41:16,-37.181251525878906
941.5592041015625,ccbc9d76c2ebeaf5,-0.0861320048570633,-0.19764000177383423,-0.5199986696243286,0.24090979993343353,5,,,0.6602030396461487,2,0.2775616943836212,,2023-06-06 11:41:16,
941.5677490234375,ccbc9d76c2ebeaf5,0.119377002120018,-0.2643739879131317,0.12576179206371307,0.06711876392364502,5,12.90000057220459,-14.77500057220459,0.698511004447937,3,0.04711294546723366,282.0150146484375,2023-06-06 11:41:16,-36.13125228881836
941.5611572265625,ccbc9d76c2ebeaf5,-0.1198040023446083,-0.2621780037879944,-0.37980517745018005,0.5697841048240662,5,13.406250953674316,-14.325000762939453,1.3837239742279053,4,-0.20227259397506714,279.9900207519531,2023-06-06 11:41:16,-35.4375
941.558837890625,ccbc9d76c2ebeaf5,-0.006039000116288662,-0.24259699881076813,-0.1876882016658783,0.06734783947467804,5,13.36875057220459,-14.268750190734863,0.7351109981536865,5,0.1505018174648285,,2023-06-06 11:41:16,-34.96875
,ccbc9d76c2ebeaf5,0.1496330052614212,-0.057339999824762344,,,5,13.331250190734863,-14.21250057220459,0.8635160326957703,0,,258.99749755859375,2023-06-06 11:41:17,-34.48125076293945
941.56640625,ccbc9d76c2ebeaf5,0.25918900966644287,-0.032207999378442764,0.23632831871509552,0.17898337543010712,5,,,0.8782169818878174,1,0.32704174518585205,251.97750854492188,2023-06-06 11:41:17,
941.5618896484375,ccbc9d76c2ebeaf5,0.2942030131816864,-0.11040999740362167,0.1107192412018776,0.2827540338039398,5,14.531250953674316,-13.612500190734863,0.9153050184249878,2,0.2141844630241394,240.97500610351562,2023-06-06 11:41:17,-33.11250305175781
941.5640869140625,ccbc9d76c2ebeaf5,0.04105300083756447,-0.28474798798561096,-0.005039634648710489,-0.14424043893814087,5,14.756250381469727,-12.281250953674316,0.843995988368988,3,-0.0795651376247406,222.00750732421875,2023-06-06 11:41:17,-32.32500076293945
941.5611572265625,ccbc9d76c2ebeaf5,0.27956297993659973,-0.06709999591112137,,,5,13.950000762939453,-11.30625057220459,0.74139404296875,4,,207.96751403808594,2023-06-06 11:41:17,-31.912500381469727
,ccbc9d76c2ebeaf5,0.2324099987745285,-0.14768099784851074,-0.3044397234916687,0.06337722390890121,5,,,0.8631500005722046,5,0.016187917441129684,,2023-06-06 11:41:17,
941.5596923828125,ccbc9d76c2ebeaf5,0.2651669979095459,-0.11156899482011795,-0.2280052751302719,0.21212279796600342,5,12.412500381469727,-11.53125,0.647819995880127,6,-0.0654388889670372,182.9925079345703,2023-06-06 11:41:17,-31.725000381469727
941.5745849609375,ccbc9d76c2ebeaf5,0.3118319809436798,-0.18513499200344086,0.06200277432799339,-0.549091100692749,5,10.96875,-11.58750057220459,0.8203890323638916,0,-0.03565923124551773,139.99501037597656,2023-06-06 11:41:18,-31.42500114440918
941.5899658203125,ccbc9d76c2ebeaf5,0.2706570029258728,0.0331839993596077,-0.05696314200758934,-0.3901135325431824,5,10.350000381469727,-11.34375,1.394642949104309,1,0.48189595341682434,,2023-06-06 11:41:18,-30.95625114440918
941.6026611328125,ccbc9d76c2ebeaf5,0.17513100802898407,0.03190299868583679,,,5,10.350000381469727,-10.818750381469727,0.6946070194244385,2,,,2023-06-06 11:41:18,-30.356250762939453
,ccbc9d76c2ebeaf5,0.294935017824173,0.06014599651098251,0.059635672718286514,0.34521496295928955,5,10.256250381469727,-10.18125057220459,1.1697970628738403,3,0.13538290560245514,119.00250244140625,2023-06-06 11:41:18,-29.943750381469727
941.621337890625,ccbc9d76c2ebeaf5,0.33269402384757996,-0.13975100219249725,-0.051847148686647415,-0.24686573445796967,5,,,1.122156023979187,4,0.06177370250225067,108.00000762939453,2023-06-06 11:41:18,
941.6383056640625,ccbc9d76c2ebeaf5,0.1983110010623932,0.14298400282859802,0.07643445581197739,0.6215549111366272,5,10.425000190734863,-9.768750190734863,1.1886459589004517,5,0.12125665694475174,104.01750183105469,2023-06-06 11:41:18,-29.400001525878906
941.6533203125,ccbc9d76c2ebeaf5,0.11529000103473663,-0.03891799971461296,-0.14546217024326324,-0.3972911834716797,5,10.537500381469727,-9.80625057220459,0.450545996427536,0,-0.3878227770328522,71.01000213623047,2023-06-06 11:41:19,-28.818750381469727
941.6746826171875,ccbc9d76c2ebeaf5,0.43438097834587097,0.18842899799346924,,,5,10.93125057220459,-9.787500381469727,0.888159990310669,1,,50.01750183105469,2023-06-06 11:41:19,-28.368751525878906
,ccbc9d76c2ebeaf5,0.06508700549602509,0.0003659999929368496,0.47983428835868835,0.04260781779885292,5,11.4375,-9.28125,1.9127769470214844,2,0.2251800298690796,52.98750305175781,2023-06-06 11:41:19,-27.86250114440918
941.6844482421875,ccbc9d76c2ebeaf5,0.18299999833106995,0.0458110012114048,-0.28405213356018066,0.3811032772064209,5,,,0.21612299978733063,3,0.42829257249832153,73.9800033569336,2023-06-06 11:41:19,
941.6905517578125,ccbc9d76c2ebeaf5,0.35941198468208313,0.003903999924659729,0.1891390085220337,-0.45875945687294006,5,12.168750762939453,-8.793750762939453,0.5042259693145752,4,-0.026190826669335365,78.97500610351562,2023-06-06 11:41:19,-27.58125114440918
941.699462890625,ccbc9d76c2ebeaf5,0.22307699918746948,-0.16018599271774292,0.1608865112066269,0.3790415823459625,5,12.675000190734863,-8.4375,1.240069031715393,5,0.4311941862106323,77.01750183105469,2023-06-06 11:41:19,-27.637500762939453
941.7000732421875,ccbc9d76c2ebeaf5,0.2025810033082962,-0.037209998816251755,,,5,12.637500762939453,-7.987500190734863,0.6289709806442261,0,,,2023-06-06 11:41:20,-28.087501525878906
,ccbc9d76c2ebeaf5,0.32842400670051575,0.008723000064492226,-0.3992001414299011,-0.8356630206108093,5,13.200000762939453,-8.231250762939453,0.23686300218105316,1,-0.5443568825721741,54.000003814697266,2023-06-06 11:41:20,-28.162500381469727
941.7208251953125,ccbc9d76c2ebeaf5,-0.06667300313711166,0.17128799855709076,0.38179048895835876,0.28641921281814575,5,,,1.9784129858016968,2,0.4892263412475586,39.0150032043457,2023-06-06 11:41:20,
941.7327880859375,ccbc9d76c2ebeaf5,0.0849120020866394,-0.09320800006389618,-0.11782054603099823,0.31864234805107117,5,13.481250762939453,-8.231250762939453,0.7843379974365234,3,0.3200167715549469,66.01499938964844,2023-06-06 11:41:20,-28.312501907348633
941.749755859375,ccbc9d76c2ebeaf5,0.36874499917030334,-0.006831999868154526,-0.14637847244739532,-0.48502662777900696,5,14.006250381469727,-8.100000381469727,0.6517850160598755,4,0.10842850059270859,49.005001068115234,2023-06-06 11:41:20,-28.462501525878906
941.767822265625,ccbc9d76c2ebeaf5,0.3081110119819641,-0.16445599496364594,,,5,14.49375057220459,-7.912500381469727,0.7502390146255493,5,,45.02250289916992,2023-06-06 11:41:20,-28.443750381469727
,ccbc9d76c2ebeaf5,0.19446800649166107,0.007441999856382608,-0.08017600327730179,0.40897396206855774,5,14.737500190734863,-8.15625,0.9710589647293091,0,0.06956222653388977,,2023-06-06 11:41:21,-28.70625114440918
941.7923583984375,ccbc9d76c2ebeaf5,0.2713890075683594,0.008356999605894089,0.11980585753917694,-0.11873684078454971,5,,,0.9253090023994446,1,-0.1833357959985733,51.97500228881836,2023-06-06 11:41:21,
941.8153076171875,ccbc9d76c2ebeaf5,0.1126059964299202,0.05368000268936157,0.21517711877822876,0.2632063627243042,5,14.793750762939453,-8.100000381469727,1.274533987045288,2,0.4675406217575073,50.01750183105469,2023-06-06 11:41:21,-29.043750762939453
941.8359375,ccbc9d76c2ebeaf5,0.24558599293231964,0.05203299596905708,0.18058690428733826,0.06177370250225067,5,14.381250381469727,-7.837500095367432,0.5017249584197998,3,0.03733910992741585,51.03000259399414,2023-06-06 11:41:21,-29.100000381469727
941.859375,ccbc9d76c2ebeaf5,0.38332399725914,0.07204099744558334,,,5,14.193750381469727,-7.575000286102295,0.9855160117149353,4,,,2023-06-06 11:41:21,-29.006250381469727
,ccbc9d76c2ebeaf5,0.4243159890174866,-0.0815570056438446,0.14080433547496796,-0.47494736313819885,5,,,1.1877920627593994,5,0.09949459880590439,52.98750305175781,2023-06-06 11:41:21,
941.873291015625,ccbc9d76c2ebeaf5,0.28547999262809753,0.01201700046658516,-0.3248273432254791,0.4454731345176697,5,13.687500953674316,-6.637500286102295,0.44560497999191284,6,-0.4428769648075104,41.98500061035156,2023-06-06 11:41:21,-29.062501907348633
941.8909912109375,ccbc9d76c2ebeaf5,0.18391500413417816,-0.03257400169968605,-0.31383177638053894,-0.3519344627857208,5,12.956250190734863,-6.450000286102295,0.9393390417098999,0,-0.07360920310020447,42.997501373291016,2023-06-06 11:41:22,-29.137500762939453
,ccbc9d76c2ebeaf5,0.31750500202178955,-0.10540799796581268,0.326583594083786,0.2955058515071869,5,,,0.8560130000114441,4,0.13416117429733276,,2023-06-06 11:41:25,
,ccbc9d76c2ebeaf5,0.45914700627326965,-0.19263799488544464,,,5,0.28125,9.09375,0.7690880298614502,0,,315.9674987792969,2023-06-06 09:29:28,-49.275001525878906
,ccbc9d76c2ebeaf5,0.5458279848098755,-0.1912350058555603,-0.43348491191864014,-0.17837251722812653,5,1.443750023841858,5.53125,0.608718991279602,1,-0.041844237595796585,348.9750061035156,2023-06-06 09:29:28,-50.493751525878906
943.96435546875,ccbc9d76c2ebeaf5,0.5791339874267578,-0.07429800182580948,-1.0884846448898315,-1.2827396392822266,5,5.681250095367432,1.3125,1.0409040451049805,2,-0.5734493136405945,450.02252197265625,2023-06-06 09:29:28,-49.687503814697266
943.9678955078125,ccbc9d76c2ebeaf5,0.23436200618743896,0.03214700147509575,-0.13889537751674652,-0.5551233887672424,5,,,0.8057489991188049,0,-0.5741365551948547,,2023-06-06 09:29:29,
943.9649658203125,ccbc9d76c2ebeaf5,0.21868500113487244,-0.03135399892926216,-0.404468834400177,-0.6614902019500732,5,9.43125057220459,-1.9687501192092896,0.775920033454895,1,-0.2441931962966919,497.0025329589844,2023-06-06 09:29:29,-49.14375305175781
,ccbc9d76c2ebeaf5,0.3377569913864136,-0.03751499950885773,,,5,12.731250762939453,-3.9937500953674316,0.9142069816589355,2,,519.0075073242188,2023-06-06 09:29:29,-48.20625305175781
943.9696044921875,ccbc9d76c2ebeaf5,-0.143776997923851,-0.05459500104188919,1.1405608654022217,0.639270007610321,5,,,1.291126012802124,3,0.8699477910995483,510.030029296875,2023-06-06 09:29:29,
943.95751953125,ccbc9d76c2ebeaf5,0.1782420128583908,-0.13590799272060394,-0.020387612283229828,-0.2984074354171753,5,14.700000762939453,-3.1500000953674316,0.5866979956626892,4,-0.6338485479354858,499.9725341796875,2023-06-06 09:29:29,-47.71875
943.9727783203125,ccbc9d76c2ebeaf5,-0.0849120020866394,-0.2857239842414856,-0.5285507440567017,0.6553815603256226,5,15.937500953674316,-3.281250238418579,1.0391349792480469,5,0.1969275325536728,435.9825134277344,2023-06-06 09:29:29,-47.51250076293945
943.957763671875,ccbc9d76c2ebeaf5,-0.07728700339794159,-0.21331699192523956,-0.05589412897825241,0.5661189556121826,5,15.468750953674316,-3.731250047683716,1.285086989402771,0,-0.4116465151309967,363.0150146484375,2023-06-06 09:29:30,-47.73750305175781
,ccbc9d76c2ebeaf5,0.16195499897003174,0.20782700181007385,,,5,16.33125114440918,-6,0.9503800272941589,1,,282.0150146484375,2023-06-06 09:29:30,-47.64375305175781
943.9598388671875,ccbc9d76c2ebeaf5,0.2496120035648346,0.005123999901115894,-0.37232208251953125,-0.14706569910049438,5,,,0.5168529748916626,2,-0.6059014797210693,,2023-06-06 09:29:30,
943.96435546875,ccbc9d76c2ebeaf5,0.39015600085258484,0.03647800162434578,-0.008093958720564842,0.13393209874629974,5,17.006250381469727,-7.725000381469727,1.1171540021896362,3,0.09758564829826355,200.00250244140625,2023-06-06 09:29:30,-47.19375228881836
943.9498291015625,ccbc9d76c2ebeaf5,0.36215701699256897,-0.024217000231146812,-0.06742420047521591,0.13698641955852509,5,15.975000381469727,-8.268750190734863,1.1252059936523438,4,0.3672060966491699,169.02000427246094,2023-06-06 09:29:30,-47.23125076293945
943.9383544921875,ccbc9d76c2ebeaf5,0.18971000611782074,-0.01744600012898445,,,5,14.175000190734863,-8.381250381469727,0.8734590411186218,5,,138.9824981689453,2023-06-06 09:29:30,-47.25
,ccbc9d76c2ebeaf5,0.21563498675823212,0.0001829999964684248,0.03588830679655075,-0.09850194305181503,5,12,-8.21250057220459,0.7541429996490479,0,0.2421315312385559,137.97000122070312,2023-06-06 09:29:31,-47.493751525878906
943.942138671875,ccbc9d76c2ebeaf5,0.27498799562454224,-0.04514000192284584,0.019013166427612305,-0.1521816849708557,5,,,1.0321810245513916,1,0.10659590363502502,143.03250122070312,2023-06-06 09:29:31,
943.936279296875,ccbc9d76c2ebeaf5,0.22624899446964264,0.2936539947986603,0.17234022915363312,0.060093823820352554,5,9.956250190734863,-9.581250190734863,1.323272943496704,2,0.11178825795650482,153.96749877929688,2023-06-06 09:29:31,-47.64375305175781
943.9442138671875,ccbc9d76c2ebeaf5,0.25199100375175476,0.10809200257062912,0.14569124579429626,-0.11247547715902328,5,8.456250190734863,-10.012500762939453,0.8225240111351013,3,-0.1654679924249649,170.03250122070312,2023-06-06 09:29:31,-47.681251525878906
943.9759521484375,ccbc9d76c2ebeaf5,0.3425150215625763,-0.01183400023728609,,,5,8.550000190734863,-10.012500762939453,0.7790310382843018,4,,184.0050048828125,2023-06-06 09:29:31,-47.17500305175781
,ccbc9d76c2ebeaf5,0.3139669895172119,0.05904799699783325,0.15179990231990814,-0.2741255760192871,5,9.75,-9.5625,1.0994030237197876,5,0.057039499282836914,204.9975128173828,2023-06-06 09:29:31,-46.931251525878906
943.96630859375,ccbc9d76c2ebeaf5,0.19074700772762299,0.07057700306177139,-0.24694208800792694,0.01672242395579815,5,,,0.9112789630889893,6,0.23831361532211304,219.98251342773438,2023-06-06 09:29:31,
943.9515380859375,ccbc9d76c2ebeaf5,0.10113800317049026,0.005429000128060579,0.7839685678482056,0.1490510106086731,5,10.74375057220459,-8.606250762939453,0.7608529925346375,0,1.3810125589370728,249.00750732421875,2023-06-06 09:29:32,-46.837501525878906
943.9306640625,ccbc9d76c2ebeaf5,-0.09406200051307678,-0.29347097873687744,-0.38675376772880554,-0.2603047490119934,5,11.981250762939453,-6.506250381469727,0.9672160744667053,1,-0.212733656167984,267.0299987792969,2023-06-06 09:29:32,-46.61250305175781
943.896240234375,ccbc9d76c2ebeaf5,0.07088200002908707,-0.09375700354576111,,,5,13.387500762939453,-4.6875,1.1991989612579346,2,,297,2023-06-06 09:29:32,-46.44375228881836
,ccbc9d76c2ebeaf5,0.14127600193023682,0.18336600065231323,-0.06864593178033829,0.06017018109560013,5,14.58750057220459,-3.450000047683716,0.8554640412330627,3,-0.9505056142807007,321.9750061035156,2023-06-06 09:29:32,-46.40625
943.8875732421875,ccbc9d76c2ebeaf5,0.31286898255348206,0.04861700162291527,-0.03176496922969818,0.38759371638298035,5,,,0.8895629644393921,4,-0.8826996088027954,330.00750732421875,2023-06-06 09:29:32,
943.86865234375,ccbc9d76c2ebeaf5,0.31957897543907166,-0.1533540040254593,-0.2577849328517914,-0.41897687315940857,5,15.487500190734863,-2.71875,1.044258952140808,5,-0.49250972270965576,360.9900207519531,2023-06-06 09:29:32,-46.59375
943.8638916015625,ccbc9d76c2ebeaf5,0.2285669893026352,-0.26955899596214294,0.06765327602624893,0.41386088728904724,5,16.293750762939453,-2.6812500953674316,1.2176820039749146,0,0.6184242367744446,385.02001953125,2023-06-06 09:29:33,-46.57500076293945
943.86474609375,ccbc9d76c2ebeaf5,0.04941000044345856,-0.10650599747896194,,,5,16.5,-2.6812500953674316,1.044381022453308,1,,,2023-06-06 09:29:33,-46.931251525878906
,ccbc9d76c2ebeaf5,0.1647000014781952,-0.10973899811506271,0.07055488228797913,0.18898628652095795,5,16.125,-2.7375001907348633,0.730292022228241,2,0.3337612450122833,402.030029296875,2023-06-06 09:29:33,-47.28750228881836
943.868408203125,ccbc9d76c2ebeaf5,0.23905900120735168,0.06960099935531616,-0.38476845622062683,-0.40026915073394775,5,,,1.1347830295562744,3,-0.5661189556121826,397.9800109863281,2023-06-06 09:29:33,
943.8585205078125,ccbc9d76c2ebeaf5,0.20410600304603577,0.19550500810146332,0.3232238292694092,0.18440480530261993,5,16.14375114440918,-3.562500238418579,1.0693299770355225,4,-0.28061601519584656,401.01751708984375,2023-06-06 09:29:33,-47.45625305175781
943.8587646484375,ccbc9d76c2ebeaf5,0.17433799803256989,-0.05520499870181084,0.004886918235570192,-0.04062250629067421,5,15.937500953674316,-5.418750286102295,0.6267139911651611,5,-0.12476912885904312,387.9900207519531,2023-06-06 09:29:33,-47.868751525878906
943.8602294921875,ccbc9d76c2ebeaf5,0.31793200969696045,-0.13352900743484497,,,5,15.600000381469727,-6.675000190734863,0.9567239880561829,0,,461.0250244140625,2023-06-06 09:29:34,-48.35625076293945
,ccbc9d76c2ebeaf5,0.31579700112342834,-0.11370399594306946,0.005803215317428112,-0.22044582664966583,5,15.656250953674316,-7.518750190734863,1.1599760055541992,1,0.4869355857372284,477.967529296875,2023-06-06 09:29:34,-48.88125228881836
943.86181640625,ccbc9d76c2ebeaf5,0.15853899717330933,-0.19892100989818573,0.11209368705749512,0.1758527010679245,5,,,0.9054839611053467,2,0.4066832363605499,487.01251220703125,2023-06-06 09:29:34,
943.8634033203125,ccbc9d76c2ebeaf5,0.14109300076961517,-0.04257800057530403,-0.19280420243740082,0.047723811119794846,5,15.918750762939453,-7.518750190734863,0.6384260058403015,3,-0.043142326176166534,430.9875183105469,2023-06-06 09:29:34,-49.312503814697266
943.84912109375,ccbc9d76c2ebeaf5,0.26925399899482727,0.07783599942922592,0.2225838601589203,-0.18524473905563354,5,15.99375057220459,-7.500000476837158,1.3151600360870361,4,-0.29184064269065857,382.9950256347656,2023-06-06 09:29:34,-49.968753814697266
943.8299560546875,ccbc9d76c2ebeaf5,0.17037299275398254,0.0660019963979721,,,5,16.42500114440918,-7.500000476837158,1.3183929920196533,5,,391.02752685546875,2023-06-06 09:29:34,-50.400001525878906
,ccbc9d76c2ebeaf5,0.20404501259326935,-0.010431000031530857,0.1795942485332489,0.23648102581501007,5,16.837501525878906,-7.293750286102295,0.6300079822540283,0,-0.07192932814359665,366.9975280761719,2023-06-06 09:29:35,-50.83125305175781
943.82666015625,ccbc9d76c2ebeaf5,0.3739300072193146,-0.029218999668955803,-0.21494804322719574,-0.2032652497291565,5,,,1.0677440166473389,1,-0.16989676654338837,381.9825134277344,2023-06-06 09:29:35,
943.8194580078125,ccbc9d76c2ebeaf5,0.2391199916601181,-0.17842499911785126,0.018555017188191414,0.13141228258609772,5,17.212501525878906,-6.693750381469727,1.4688800573349,2,0.5027416944503784,370.9800109863281,2023-06-06 09:29:35,-51.31875228881836
943.8131103515625,ccbc9d76c2ebeaf5,0.18812400102615356,-0.09149999916553497,-0.05482511222362518,0.776103675365448,5,17.4375,-6.150000095367432,0.8149600028991699,3,0.7195223569869995,355.9950256347656,2023-06-06 09:29:35,-51.82500076293945
943.8056640625,ccbc9d76c2ebeaf5,0.29731401801109314,-0.08143500238656998,,,5,16.89375114440918,-5.71875,0.5739490389823914,4,,320.01751708984375,2023-06-06 09:29:35,-52.51875305175781
,ccbc9d76c2ebeaf5,0.49348998069763184,0.16945800185203552,-0.0824667438864708,-0.6202568411827087,5,16.387500762939453,-5.475000381469727,1.02687406539917,5,-0.25702136754989624,300.9825134277344,2023-06-06 09:29:35,-53.00625228881836
943.78369140625,ccbc9d76c2ebeaf5,0.24088901281356812,0.13121099770069122,-0.011911863461136818,0.15661045908927917,5,,,1.1066009998321533,6,-0.48304131627082825,295.9875183105469,2023-06-06 09:29:35,
943.775634765625,ccbc9d76c2ebeaf5,0.223565012216568,0.058316003531217575,0.015958841890096664,-0.04810560122132301,5,15.731250762939453,-5.868750095367432,0.7057090401649475,0,-0.2458730787038803,306.9900207519531,2023-06-06 09:29:36,-53.51250076293945
943.768310546875,ccbc9d76c2ebeaf5,0.42303499579429626,-0.1559159904718399,,,5,14.77500057220459,-5.887500286102295,0.9706319570541382,1,,308.00250244140625,2023-06-06 09:29:36,-54.150001525878906
943.7615966796875,ccbc9d76c2ebeaf5,0.34397900104522705,-0.04794600233435631,0.1885281354188919,-0.08116865903139114,5,13.893750190734863,-5.681250095367432,1.13270902633667,2,0.5412262082099915,,2023-06-06 09:29:36,-54.73125076293945
,ccbc9d76c2ebeaf5,0.20020200312137604,-0.10449299961328506,-0.11491893976926804,-0.12347104400396347,5,13.425000190734863,-5.925000190734863,0.7265099883079529,3,0.24663665890693665,328.9950256347656,2023-06-06 09:29:36,-55.01250076293945
943.7457275390625,ccbc9d76c2ebeaf5,0.20788799226284027,0.019642001017928123,-0.3046688139438629,-0.19723296165466309,5,,,1.006438970565796,4,-0.15439607203006744,359.9775085449219,2023-06-06 09:29:36,
943.735595703125,ccbc9d76c2ebeaf5,0.11321599781513214,0.008723000064492226,0.32039856910705566,0.11194097250699997,5,12.787500381469727,-6.562500476837158,1.2253680229187012,5,-0.30451610684394836,386.9775085449219,2023-06-06 09:29:36,-55.23750305175781
943.724365234375,ccbc9d76c2ebeaf5,0.1391409933567047,0.02470500022172928,,,5,12.318750381469727,-7.125000476837158,0.8887699842453003,0,,413.0325012207031,2023-06-06 09:29:37,-55.14375305175781
943.71728515625,ccbc9d76c2ebeaf5,0.19111299514770508,-0.006527000106871128,-0.16737695038318634,-0.09582941234111786,5,12.450000762939453,-7.931250095367432,0.55485600233078,1,-0.4157698452472687,433.01251220703125,2023-06-06 09:29:37,-54.806251525878906
,ccbc9d76c2ebeaf5,0.346235990524292,0.028731001541018486,0.2370155304670334,0.00954476185142994,5,12.131250381469727,-8.40000057220459,1.3844560384750366,2,0.08605557680130005,456.9750061035156,2023-06-06 09:29:37,-54.54375076293945
943.715576171875,ccbc9d76c2ebeaf5,0.15829500555992126,-0.11992600560188293,-0.15210533142089844,0.1164461001753807,5,,,1.2729480266571045,3,0.5080868005752563,489.9825134277344,2023-06-06 09:29:37,
943.6990966796875,ccbc9d76c2ebeaf5,0.24558599293231964,-0.020191000774502754,-0.023441936820745468,0.017486004158854485,5,11.887500762939453,-8.625,0.6239079833030701,4,0.10651954263448715,482.01751708984375,2023-06-06 09:29:37,-54.000003814697266
943.6829833984375,ccbc9d76c2ebeaf5,0.3117710053920746,-0.07460299879312515,,,5,11.831250190734863,-8.96250057220459,0.8183760046958923,5,,439.02001953125,2023-06-06 09:29:37,-53.19375228881836
943.6822509765625,ccbc9d76c2ebeaf5,0.2559560239315033,0.2857239842414856,-0.0550541877746582,-0.25992295145988464,5,11.737500190734863,-10.068750381469727,1.173213005065918,0,-0.8251255750656128,446.9850158691406,2023-06-06 09:29:38,-52.29375076293945
,ccbc9d76c2ebeaf5,0.2622389793395996,-0.0017079999670386314,0.13904809951782227,0.12446369975805283,5,11.25,-10.96875,0.8613809943199158,1,-0.22960880398750305,440.03253173828125,2023-06-06 09:29:38,-51.54375076293945
943.6873779296875,ccbc9d76c2ebeaf5,0.254613995552063,-0.08052000403404236,0.06368265300989151,0.03390299528837204,5,,,0.7149199843406677,2,0.19066616892814636,494.9775085449219,2023-06-06 09:29:38,
943.6905517578125,ccbc9d76c2ebeaf5,0.3866789937019348,-0.14652200043201447,0.1856265366077423,-0.13194678723812103,5,10.55625057220459,-11.11875057220459,1.3333990573883057,3,0.3284161686897278,,2023-06-06 09:29:38,-50.92500305175781
943.688720703125,ccbc9d76c2ebeaf5,0.2534549832344055,-0.043981000781059265,,,5,10.256250381469727,-11.231250762939453,0.9733160138130188,4,,504.02252197265625,2023-06-06 09:29:38,-50.306251525878906
943.6756591796875,ccbc9d76c2ebeaf5,0.18708699941635132,-0.07673799991607666,0.06864593178033829,0.08452841639518738,5,10.125,-10.762500762939453,0.7560949921607971,5,0.8007673621177673,474.9975280761719,2023-06-06 09:29:38,-49.81875228881836
,ccbc9d76c2ebeaf5,0.46378299593925476,0.23863200843334198,-0.2193768173456192,0.007635809946805239,5,9.862500190734863,-10.93125057220459,1.3183320760726929,0,-0.5001455545425415,435.9825134277344,2023-06-06 09:29:39,-49.29375076293945
943.6727294921875,ccbc9d76c2ebeaf5,0.12956400215625763,0.140299990773201,-0.1816559135913849,0.14233149588108063,5,,,0.9964959621429443,1,-0.268169641494751,376.9875183105469,2023-06-06 09:29:39,
943.6690673828125,ccbc9d76c2ebeaf5,0.0941229984164238,-0.09692899882793427,0.0665842592716217,-0.10155627131462097,5,9.46875,-11.58750057220459,0.7559729814529419,2,-0.28672465682029724,348.0299987792969,2023-06-06 09:29:39,-48.95625305175781
943.668701171875,ccbc9d76c2ebeaf5,0.4593299925327301,-0.029889998957514763,,,5,9,-12.262500762939453,1.0094280242919922,3,,,2023-06-06 09:29:39,-49.087501525878906
943.65478515625,ccbc9d76c2ebeaf5,0.43974900245666504,-0.16091801226139069,0.056810423731803894,-0.010461059398949146,5,8.700000762939453,-12.300000190734863,1.146983027458191,4,0.46860963106155396,341.010009765625,2023-06-06 09:29:39,-49.38750076293945
,ccbc9d76c2ebeaf5,0.22600500285625458,0.0015249999705702066,0.02764163166284561,0.09476039558649063,5,8.512500762939453,-12.206250190734863,0.7022929787635803,5,0.5661953091621399,326.0250244140625,2023-06-06 09:29:39,-49.53750228881836
943.65234375,ccbc9d76c2ebeaf5,0.2084370106458664,0.05172799900174141,-0.03497200831770897,-0.5290852785110474,5,,,0.5829769968986511,6,-0.34490951895713806,306.9900207519531,2023-06-06 09:29:39,
943.654052734375,ccbc9d76c2ebeaf5,0.23838798701763153,-0.02714500017464161,0.03565923124551773,-0.17913609743118286,5,8.86875057220459,-12.168750762939453,1.2548919916152954,0,-0.9508873820304871,336.0150146484375,2023-06-06 09:29:40,-49.42500305175781
943.647705078125,ccbc9d76c2ebeaf5,0.018727000802755356,-0.049897998571395874,,,5,9.225000381469727,-12.825000762939453,1.3884819746017456,1,,354.9825134277344,2023-06-06 09:29:40,-49.125003814697266
943.6414794921875,ccbc9d76c2ebeaf5,0.15994200110435486,-0.07259000092744827,-0.018860450014472008,0.5393936038017273,5,8.981250762939453,-13.706250190734863,0.6012769937515259,2,-0.09063705801963806,353.9700012207031,2023-06-06 09:29:40,-48.937503814697266
,ccbc9d76c2ebeaf5,0.37624800205230713,0.08924300223588943,-0.24060437083244324,-0.22044582664966583,5,8.90625,-14.325000762939453,1.0512739419937134,3,0.0922405794262886,373.0050048828125,2023-06-06 09:29:40,-48.656253814697266
943.6302490234375,ccbc9d76c2ebeaf5,0.4621970057487488,-0.1210240051150322,0.16905683279037476,0.09560033679008484,5,,,1.1436280012130737,4,0.757777750492096,389.00250244140625,2023-06-06 09:29:40,
943.6212158203125,ccbc9d76c2ebeaf5,0.20233699679374695,-0.059658002108335495,,,5,9.28125,-14.21250057220459,0.7838500142097473,5,,387.9900207519531,2023-06-06 09:29:40,-48.16875076293945
943.6265869140625,ccbc9d76c2ebeaf5,0.24973399937152863,-0.0743589997291565,0.5108356475830078,0.03107774630188942,5,9.9375,-12.975000381469727,0.5575399994850159,0,0.6317105293273926,336.0150146484375,2023-06-06 09:29:41,-47.212501525878906
943.623046875,ccbc9d76c2ebeaf5,0.367158979177475,-0.03281800076365471,0.047723811119794846,-0.5052615404129028,5,10.762500762939453,-11.96250057220459,1.0626200437545776,1,-0.7835868000984192,321.0299987792969,2023-06-06 09:29:41,-46.05000305175781
,ccbc9d76c2ebeaf5,0.0004879999905824661,0.15658700466156006,-0.24289511144161224,0.3288743197917938,5,11.4375,-11.362500190734863,1.301190972328186,2,-0.5878809690475464,317.9925231933594,2023-06-06 09:29:41,-44.868751525878906
943.617919921875,ccbc9d76c2ebeaf5,0.023973001167178154,-0.13944600522518158,-0.5480220913887024,0.3291797637939453,5,,,0.876753032207489,3,-0.2029598206281662,268.9875183105469,2023-06-06 09:29:41,
943.616455078125,ccbc9d76c2ebeaf5,0.18684299290180206,-0.1513410061597824,,,5,11.34375,-11.418750762939453,0.7038179636001587,4,,282.0150146484375,2023-06-06 09:29:41,-43.875
943.610595703125,ccbc9d76c2ebeaf5,0.49904099106788635,-0.0663679987192154,0.32414013147354126,0.33544111251831055,5,10.6875,-10.83750057220459,1.2905160188674927,5,0.3315468728542328,316.9800109863281,2023-06-06 09:29:41,-43.16250228881836
943.5909423828125,ccbc9d76c2ebeaf5,0.17555800080299377,-0.016530999913811684,0.03260490670800209,0.6192641854286194,5,10.237500190734863,-10.350000381469727,1.1726030111312866,0,0.8933897614479065,328.9950256347656,2023-06-06 09:29:42,-42.431251525878906
,ccbc9d76c2ebeaf5,0.12206100672483444,0.05526599660515785,0.091400645673275,-0.1409570425748825,5,9.825000762939453,-9.450000762939453,0.5206350088119507,1,0.1487455666065216,293.01751708984375,2023-06-06 09:29:42,-41.85000228881836
943.5703125,ccbc9d76c2ebeaf5,0.37380799651145935,0.08771799504756927,0.33712100982666016,-0.9117920398712158,5,,,1.0093669891357422,2,-0.9826523661613464,292.0050048828125,2023-06-06 09:29:42,
943.5555419921875,ccbc9d76c2ebeaf5,0.3841779828071594,0.238754004240036,,,5,9.99375057220459,-8.662500381469727,1.218353033065796,3,,301.9950256347656,2023-06-06 09:29:42,-41.26875305175781
943.548583984375,ccbc9d76c2ebeaf5,0.1718370020389557,-0.07911700010299683,-0.06612611562013626,0.3889681398868561,5,9.975000381469727,-9.037500381469727,0.9913719892501831,4,-0.3171151876449585,290.9925231933594,2023-06-06 09:29:42,-40.80000305175781
943.55517578125,ccbc9d76c2ebeaf5,0.2210639864206314,-0.11333800852298737,0.007406735327094793,-0.10132719576358795,5,9.506250381469727,-9.393750190734863,0.5485120415687561,5,0.02153298258781433,297,2023-06-06 09:29:42,-40.51875305175781
,ccbc9d76c2ebeaf5,0.5202080011367798,-0.06758800148963928,0.10140355676412582,0.02779434807598591,5,9.318750381469727,-9.15000057220459,1.2728869915008545,0,0.44463321566581726,305.9775085449219,2023-06-06 09:29:43,-40.38750076293945
943.5535888671875,ccbc9d76c2ebeaf5,0.17238600552082062,-0.042883001267910004,-0.1003345400094986,-0.10720676928758621,5,,,1.0290700197219849,1,0.3197113573551178,,2023-06-06 09:29:43,
943.54150390625,ccbc9d76c2ebeaf5,0.15286600589752197,-0.023729000240564346,,,5,9.600000381469727,-8.456250190734863,0.6664250493049622,2,,304.02001953125,2023-06-06 09:29:43,-40.29375076293945
943.5352783203125,ccbc9d76c2ebeaf5,0.3139669895172119,-0.04751899838447571,-0.053374309092760086,-0.5782598853111267,5,10.725000381469727,-8.006250381469727,1.1448479890823364,3,-0.3317759335041046,320.01751708984375,2023-06-06 09:29:43,-40.05000305175781
943.5179443359375,ccbc9d76c2ebeaf5,0.24979500472545624,0.19562700390815735,0.19616395235061646,0.09934188425540924,5,12.318750381469727,-7.781250476837158,1.3784170150756836,4,-0.14996729791164398,314.010009765625,2023-06-06 09:29:43,-39.67500305175781
,ccbc9d76c2ebeaf5,0.12236599624156952,-0.029280001297593117,-0.6317868828773499,0.3459021747112274,5,13.593750953674316,-8.21250057220459,0.7812269926071167,5,0.17394374310970306,290.9925231933594,2023-06-06 09:29:43,-39.45000076293945
943.5084228515625,ccbc9d76c2ebeaf5,0.3900949954986572,-0.13505400717258453,0.19639302790164948,0.07024945318698883,5,,,0.9046910405158997,6,0.26106834411621094,321.9750061035156,2023-06-06 09:29:43,
943.500732421875,ccbc9d76c2ebeaf5,0.2879199981689453,-0.07807999849319458,0.2237292230129242,-0.015577051788568497,5,14.175000190734863,-8.831250190734863,1.142346978187561,0,0.7198277711868286,,2023-06-06 09:29:44,-39.35625076293945
943.4903564453125,ccbc9d76c2ebeaf5,0.1290760040283203,0.0058559998869895935,,,5,14.943750381469727,-8.943750381469727,0.7862899899482727,1,,297,2023-06-06 09:29:44,-39.30000305175781
943.4815673828125,ccbc9d76c2ebeaf5,0.2404009997844696,0.016652999445796013,0.017715077847242355,-0.1836412250995636,5,15.975000381469727,-8.58750057220459,0.6781370043754578,2,0.02779434807598591,288.02252197265625,2023-06-06 09:29:44,-39.26250076293945
,ccbc9d76c2ebeaf5,0.2105720043182373,0.07502999901771545,0.16187916696071625,-0.2629773020744324,5,17.100000381469727,-8.8125,1.1940749883651733,3,-0.6212494969367981,314.010009765625,2023-06-06 09:29:44,-39.11250305175781
943.4627685546875,ccbc9d76c2ebeaf5,0.10132100433111191,0.07124799489974976,,,5,,,0.999057948589325,4,,326.9700012207031,2023-06-06 09:29:44,
943.4581298828125,ccbc9d76c2ebeaf5,0.13041800260543823,-0.05111800134181976,-0.19471314549446106,0.24778202176094055,5,17.92500114440918,-9.225000381469727,0.6483080387115479,5,-0.5571850538253784,342.02252197265625,2023-06-06 09:29:44,-39.243751525878906
943.461181640625,ccbc9d76c2ebeaf5,0.3789930045604706,0.0017079999670386314,0.0985783040523529,-0.05406153202056885,5,18.337501525878906,-9.825000762939453,1.2444610595703125,0,-0.0709366723895073,429.9750061035156,2023-06-06 09:29:45,-39.54375076293945
943.46630859375,ccbc9d76c2ebeaf5,0.28639501333236694,-0.045566998422145844,0.041004300117492676,-0.003665188793092966,5,18.731250762939453,-10.03125,1.1477760076522827,1,0.4365392327308655,444.0150146484375,2023-06-06 09:29:45,-39.86250305175781
,ccbc9d76c2ebeaf5,0.16659100353717804,0.007197999861091375,0.20280711352825165,0.05108356848359108,5,19.59375,-9.5625,0.6988160014152527,2,0.3179551064968109,413.9775085449219,2023-06-06 09:29:45,-40.125
943.4708251953125,ccbc9d76c2ebeaf5,0.16817699372768402,0.01781199872493744,,,5,,,0.7126019597053528,3,,335.00250244140625,2023-06-06 09:29:45,
943.470458984375,ccbc9d76c2ebeaf5,0.23289799690246582,0.004819000139832497,-0.08300124853849411,-0.3288743197917938,5,20.71875,-8.96250057220459,1.1345999240875244,4,-0.4050796926021576,,2023-06-06 09:29:45,-40.21875
943.449462890625,ccbc9d76c2ebeaf5,0.12681899964809418,0.03714900091290474,0.01588248461484909,0.145614892244339,5,21.431251525878906,-9.05625057220459,0.8452770113945007,5,-0.4035525321960449,338.9850158691406,2023-06-06 09:29:45,-40.368751525878906
943.43017578125,ccbc9d76c2ebeaf5,0.12297599762678146,-0.12553799152374268,0.1383608728647232,0.04818195849657059,5,21.993751525878906,-9.75,0.7353549599647522,0,0.04543306678533554,387.9900207519531,2023-06-06 09:29:46,-40.57500076293945
,ccbc9d76c2ebeaf5,0.32214099168777466,-0.2088640034198761,-0.06627883017063141,0.0409279391169548,5,22.368751525878906,-9.825000762939453,0.9860039949417114,1,0.48097965121269226,398.9925231933594,2023-06-06 09:29:46,-41.04375076293945
943.4140625,ccbc9d76c2ebeaf5,0.11779100447893143,-0.040869999676942825,,,5,,,1.4000720977783203,2,,381.9825134277344,2023-06-06 09:29:46,
943.397216796875,ccbc9d76c2ebeaf5,0.14700999855995178,-0.0949769988656044,0.15233440697193146,-0.0665842592716217,5,23.100000381469727,-9.318750381469727,0.6417809724807739,3,0.34055712819099426,353.0250244140625,2023-06-06 09:29:46,-41.25
943.4014892578125,ccbc9d76c2ebeaf5,0.19934800267219543,0.021289000287652016,-0.3130682110786438,-0.24381139874458313,5,23.850000381469727,-8.381250381469727,1.1863889694213867,4,0.021991131827235222,327.9825134277344,2023-06-06 09:29:46,-41.4375
943.39501953125,ccbc9d76c2ebeaf5,0.18946599960327148,0.08973100036382675,0.08674279600381851,0.44150251150131226,5,24.262500762939453,-8.100000381469727,1.2827690839767456,5,-0.25557056069374084,324,2023-06-06 09:29:46,-41.60625076293945
,ccbc9d76c2ebeaf5,0.15115800499916077,0.06783200055360794,-0.39591673016548157,-0.263435423374176,5,24.20625114440918,-8.475000381469727,0.8366759419441223,0,-0.0034361144062131643,281.00250244140625,2023-06-06 09:29:47,-42
943.3896484375,ccbc9d76c2ebeaf5,0.24259699881076813,-0.010858000256121159,,,5,,,0.5310050249099731,1,,263.9925231933594,2023-06-06 09:29:47,
943.3968505859375,ccbc9d76c2ebeaf5,0.4066869914531708,0.12535500526428223,0.42080947756767273,-0.12102758139371872,5,24.262500762939453,-8.756250381469727,1.386896014213562,2,0.2943604588508606,260.010009765625,2023-06-06 09:29:47,-42.54375076293945
943.3955078125,ccbc9d76c2ebeaf5,0.10455399751663208,-0.1499989926815033,0.2680169343948364,0.12553271651268005,5,24.543750762939453,-8.193750381469727,1.0771989822387695,3,0.3470475673675537,271.01251220703125,2023-06-06 09:29:47,-43.10625076293945
943.388671875,ccbc9d76c2ebeaf5,0.07472499459981918,-0.11925500631332397,0.02779434807598591,0.09789107739925385,5,24.468751907348633,-6.862500190734863,0.7694540023803711,4,0.2133445292711258,,2023-06-06 09:29:47,-43.76250076293945
,ccbc9d76c2ebeaf5,0.13395600020885468,-0.04703100025653839,0.020158538594841957,-0.5432878732681274,5,24.67500114440918,-6.225000381469727,1.0258979797363281,5,-0.6913462281227112,,2023-06-06 09:29:47,-44.10000228881836
943.3807373046875,ccbc9d76c2ebeaf5,0.03891799971461296,-0.0017689999658614397,,,5,,,1.2964329719543457,6,,306.9900207519531,2023-06-06 09:29:47,
943.3739013671875,ccbc9d76c2ebeaf5,0.10809200257062912,-0.15792900323867798,0.13744457066059113,0.5927678942680359,5,24.562501907348633,-6.112500190734863,0.9827710390090942,0,-0.053145237267017365,312.99749755859375,2023-06-06 09:29:48,-44.53125
943.368408203125,ccbc9d76c2ebeaf5,0.3489200174808502,-0.06459899991750717,-0.33658650517463684,-0.3643808364868164,5,24.056251525878906,-6.431250095367432,0.5450959801673889,1,0.07040216773748398,,2023-06-06 09:29:48,-45.056251525878906
943.3538818359375,ccbc9d76c2ebeaf5,0.2386930137872696,-0.04026000201702118,0.0102319847792387,0.3692677617073059,5,23.962501525878906,-5.981250286102295,1.5168260335922241,2,0.4641045033931732,319.0050048828125,2023-06-06 09:29:48,-45.46875
,ccbc9d76c2ebeaf5,0.14432600140571594,-0.07557900249958038,,,5,,,0.6358640193939209,3,,353.9700012207031,2023-06-06 09:29:48,
943.326416015625,ccbc9d76c2ebeaf5,0.19440700113773346,-0.08180100470781326,-0.2260199636220932,0.3607156574726105,5,23.606250762939453,-5.15625,0.6401339769363403,4,0.20433427393436432,362.00250244140625,2023-06-06 09:29:48,-45.900001525878906
943.312744140625,ccbc9d76c2ebeaf5,0.2566879987716675,0.05459500104188919,0.1251509189605713,-0.5969675779342651,5,22.912500381469727,-4.743750095367432,1.3247369527816772,5,-0.46601346135139465,347.01751708984375,2023-06-06 09:29:48,-46.35000228881836
943.3023681640625,ccbc9d76c2ebeaf5,0.06844200193881989,0.04056499898433685,0.29420775175094604,0.0743727833032608,5,22.5,-4.631250381469727,1.3441349267959595,0,-0.1703549176454544,365.9850158691406,2023-06-06 09:29:49,-46.63125228881836
943.296875,ccbc9d76c2ebeaf5,0.14725399017333984,-0.10565199702978134,-0.1000291109085083,-0.4255436658859253,5,22.5,-5.175000190734863,0.5288090109825134,1,-0.18616104125976562,395.010009765625,2023-06-06 09:29:49,-46.76250076293945
,ccbc9d76c2ebeaf5,0.40540599822998047,-0.02214300073683262,,,5,,,0.9870409369468689,2,,,2023-06-06 09:29:49,
943.302001953125,ccbc9d76c2ebeaf5,0.1235249936580658,-0.16408999264240265,-0.4454731345176697,0.2582430839538574,5,22.631250381469727,-5.493750095367432,1.4558260440826416,3,0.10094540566205978,447.9975280761719,2023-06-06 09:29:49,-46.743751525878906
943.30810546875,ccbc9d76c2ebeaf5,0.11425299942493439,-0.06880799680948257,0.2605338394641876,0.5319104790687561,5,22.387500762939453,-6.150000095367432,0.8964560031890869,4,0.2075413018465042,456.9750061035156,2023-06-06 09:29:49,-46.5
,ccbc9d76c2ebeaf5,0.2727919816970825,-0.038978997617959976,,,5,,,0.9527590274810791,5,,465.00750732421875,2023-06-06 09:29:49,
943.3125,ccbc9d76c2ebeaf5,0.23192198574543,0.004147999919950962,0.27977606654167175,0.3507890999317169,5,21.76875114440918,-5.700000286102295,1.116239070892334,6,0.12125665694475174,,2023-06-06 09:29:49,-46.51875305175781
943.297119140625,ccbc9d76c2ebeaf5,0.4227299690246582,0.12834399938583374,0.3452913165092468,0.025503603741526604,5,20.71875,-4.96875,1.3326669931411743,0,-0.3510945439338684,393.9975280761719,2023-06-06 09:29:50,-46.85625076293945
943.28662109375,ccbc9d76c2ebeaf5,0.27340200543403625,-0.11358200013637543,,,5,20.08125114440918,-4.331250190734863,0.5502809882164001,1,,396.967529296875,2023-06-06 09:29:50,-47.04375076293945
943.279541015625,ccbc9d76c2ebeaf5,0.34477201104164124,-0.1362130045890808,-0.5845212340354919,-0.047952886670827866,5,,,0.6250669956207275,2,-0.2280052751302719,,2023-06-06 09:29:50,
943.2666015625,ccbc9d76c2ebeaf5,0.47891101241111755,-0.13017401099205017,0.09712749719619751,-0.3222311735153198,5,19.61250114440918,-3.9937500953674316,1.130391001701355,3,0.12255474925041199,359.0325012207031,2023-06-06 09:29:50,-47.23125076293945
,ccbc9d76c2ebeaf5,0.2680950164794922,-0.11748600006103516,0.2364046722650528,0.024052800610661507,5,18.975000381469727,-3.4125001430511475,1.2770349979400635,4,0.36651885509490967,331.02001953125,2023-06-06 09:29:50,-47.19375228881836
943.255859375,ccbc9d76c2ebeaf5,0.2131340056657791,-0.12029199302196503,0.018096869811415672,-0.8261946439743042,5,18.375,-2.15625,0.6503820419311523,5,-0.19540037214756012,310.02752685546875,2023-06-06 09:29:50,-47.08125305175781
943.2490234375,ccbc9d76c2ebeaf5,0.40870001912117004,-0.09223199635744095,,,5,19.012500762939453,-0.9187500476837158,0.839847981929779,0,,290.9925231933594,2023-06-06 09:29:51,-46.44375228881836
943.23681640625,ccbc9d76c2ebeaf5,-0.04056499898433685,-0.04672599956393242,0.44722938537597656,-1.1421644687652588,5,,,1.3589580059051514,1,-1.3351976871490479,320.01751708984375,2023-06-06 09:29:51,
943.233642578125,ccbc9d76c2ebeaf5,-0.23424001038074493,-0.1794620007276535,-0.44440412521362305,0.5125918984413147,5,20.4375,0.3375000059604645,1.1029410362243652,2,-0.24442227184772491,327.9825134277344,2023-06-06 09:29:51,-45.806251525878906
,ccbc9d76c2ebeaf5,0.002561999950557947,-0.23106801509857178,0.09980003535747528,0.17119485139846802,5,22.443750381469727,0.39375001192092896,0.4640880227088928,3,0.047952886670827866,343.9800109863281,2023-06-06 09:29:51,-44.8125
943.23974609375,ccbc9d76c2ebeaf5,0.05459500104188919,0.12151200324296951,-0.2196822464466095,1.454469084739685,5,23.850000381469727,0.768750011920929,1.0780529975891113,4,0.7118865251541138,,2023-06-06 09:29:51,-44.025001525878906
,ccbc9d76c2ebeaf5,-0.06880799680948257,-0.5008100271224976,,,5,23.475000381469727,0.9375000596046448,1.478945016860962,5,,327.9825134277344,2023-06-06 09:29:51,-43.81875228881836
943.18115234375,ccbc9d76c2ebeaf5,0.01878800056874752,0.006893000099807978,0.21403174102306366,0.1297324001789093,5,,,1.0318149328231812,6,-0.15668681263923645,325.01251220703125,2023-06-06 09:29:51,
943.1937255859375,ccbc9d76c2ebeaf5,0.06264699995517731,-0.172325000166893,-0.11346813291311264,-0.24740023910999298,5,22.631250381469727,1.818750023841858,0.4610990285873413,0,0.6864593029022217,305.9775085449219,2023-06-06 09:29:52,-43.368751525878906
943.182373046875,ccbc9d76c2ebeaf5,0.3012180030345917,-0.0735659971833229,-0.1389717310667038,-0.024892739951610565,5,21.712501525878906,2.1750001907348633,1.0247390270233154,1,-0.30314165353775024,294.9750061035156,2023-06-06 09:29:52,-43.05000305175781
943.1820068359375,ccbc9d76c2ebeaf5,0.12785600125789642,0.09302499890327454,0.05039634555578232,0.03504836559295654,5,20.700000762939453,1.9687501192092896,1.1056859493255615,2,-0.15645773708820343,299.9700012207031,2023-06-06 09:29:52,-42.67500305175781
,ccbc9d76c2ebeaf5,0.24338999390602112,-0.01891000010073185,,,5,18.1875,1.8000000715255737,0.6599590182304382,3,,294.9750061035156,2023-06-06 09:29:52,-43.10625076293945
943.19677734375,ccbc9d76c2ebeaf5,0.41632500290870667,0.09223199635744095,0.07040216773748398,-0.2531270980834961,5,,,1.3227239847183228,4,-0.06795870512723923,332.9775085449219,2023-06-06 09:29:52,
943.178955078125,ccbc9d76c2ebeaf5,0.34812700748443604,-0.16537100076675415,-0.1265253722667694,0.16103923320770264,5,15.581250190734863,2.231250047683716,1.1297810077667236,5,0.7795398235321045,391.9725036621094,2023-06-06 09:29:52,-43.5
943.15625,ccbc9d76c2ebeaf5,0.15689200162887573,-0.09863699972629547,0.2819904685020447,-0.18585561215877533,5,12.862500190734863,3.0562500953674316,0.7038789987564087,0,0.35651594400405884,332.0325012207031,2023-06-06 09:29:53,-43.76250076293945
943.1531982421875,ccbc9d76c2ebeaf5,0.16213800013065338,-0.0714309960603714,-0.4780016839504242,-0.46028661727905273,5,11.043750762939453,3.356250047683716,0.815386950969696,1,0.17256930470466614,271.01251220703125,2023-06-06 09:29:53,-43.33125305175781
,ccbc9d76c2ebeaf5,0.22203999757766724,-0.012992999516427517,,,5,11.550000190734863,3.356250047683716,1.1700410842895508,2,,265.0050048828125,2023-06-06 09:29:53,-42.13125228881836
943.164794921875,ccbc9d76c2ebeaf5,0.04391999915242195,0.30914801359176636,0.28412848711013794,0.4128682315349579,5,,,1.5695300102233887,3,-0.4124864339828491,279.9900207519531,2023-06-06 09:29:53,
943.1644287109375,ccbc9d76c2ebeaf5,0.1231590062379837,0.010431000031530857,-0.2974911332130432,-0.042073313146829605,5,11.981250762939453,3.187500238418579,0.6936920285224915,4,0.021227551624178886,278.9775085449219,2023-06-06 09:29:53,-41.17500305175781
943.1715087890625,ccbc9d76c2ebeaf5,0.37209999561309814,0.17531399428844452,0.23564109206199646,0.0029779658652842045,5,12.600000381469727,2.9437501430511475,1.0477969646453857,5,-0.0371863916516304,347.01751708984375,2023-06-06 09:29:53,-40.40625
943.166015625,ccbc9d76c2ebeaf5,0.17598499357700348,-0.285053014755249,,,5,13.237500190734863,2.8312501907348633,1.3097310066223145,0,,378,2023-06-06 09:29:54,-39.67500305175781
,ccbc9d76c2ebeaf5,0.19989700615406036,-0.19867698848247528,0.2569449841976166,0.09644027799367905,5,13.481250762939453,3.356250047683716,0.5880399942398071,1,0.6641627550125122,,2023-06-06 09:29:54,-39.01875305175781
943.15576171875,ccbc9d76c2ebeaf5,0.22112499177455902,0.03757600113749504,0.7074577808380127,0.04482220485806465,5,,,0.7727479934692383,2,0.2874882221221924,380.0250244140625,2023-06-06 09:29:54,
943.148193359375,ccbc9d76c2ebeaf5,0.16274799406528473,-0.017506999894976616,-0.27145302295684814,-0.14477495849132538,5,13.818750381469727,4.331250190734863,1.0579839944839478,3,-0.8211549520492554,305.9775085449219,2023-06-06 09:29:54,-38.36250305175781
943.1253662109375,ccbc9d76c2ebeaf5,0.02257000096142292,-0.0638669952750206,-0.5736783742904663,0.3462839722633362,5,14.643750190734863,4.537500381469727,1.0919610261917114,4,-0.8250492215156555,312.99749755859375,2023-06-06 09:29:54,-38.08125305175781
943.1114501953125,ccbc9d76c2ebeaf5,0.18056000769138336,-0.035868000239133835,0.21143557131290436,-0.37896522879600525,5,15.506250381469727,3.656250238418579,0.33098599314689636,5,-0.14599667489528656,327.9825134277344,2023-06-06 09:29:54,-38.25
,ccbc9d76c2ebeaf5,0.3929619789123535,-0.13163799047470093,,,5,16.21875,3.4312500953674316,1.230370044708252,0,,330.00750732421875,2023-06-06 09:29:55,-38.47500228881836
943.0958251953125,ccbc9d76c2ebeaf5,0.07149200141429901,-0.21966099739074707,-0.20838125050067902,-0.08200860023498535,5,,,1.1840100288391113,1,0.3340666890144348,336.0150146484375,2023-06-06 09:29:55,
943.1055908203125,ccbc9d76c2ebeaf5,0.06649000197649002,-0.11943800002336502,0.21754421293735504,0.019242240116000175,5,17.418750762939453,3.3187501430511475,0.8161800503730774,2,0.19967642426490784,342.02252197265625,2023-06-06 09:29:55,-38.60625076293945
943.1102294921875,ccbc9d76c2ebeaf5,0.09607499837875366,-0.19062499701976776,-0.1443931609392166,0.023976443335413933,5,18.30000114440918,3.6187500953674316,0.8294779658317566,3,-0.34208428859710693,354.9825134277344,2023-06-06 09:29:55,-38.60625076293945
943.102294921875,ccbc9d76c2ebeaf5,0.06752700358629227,0.08222799748182297,,,5,19.162500381469727,3.4312500953674316,1.372926950454712,4,,384.00750732421875,2023-06-06 09:29:55,-38.85000228881836
,ccbc9d76c2ebeaf5,0.13627399504184723,-0.08765699714422226,-0.1219438835978508,-0.01908952370285988,5,20.137500762939453,2.1187500953674316,0.8857200145721436,5,-0.5011382102966309,389.00250244140625,2023-06-06 09:29:55,-39.22500228881836
943.0909423828125,ccbc9d76c2ebeaf5,0.038978997617959976,-0.12852700054645538,-0.404468834400177,0.5555815100669861,5,,,0.729377031326294,0,0.10285435616970062,386.9775085449219,2023-06-06 09:29:56,
943.085205078125,ccbc9d76c2ebeaf5,0.47683700919151306,0.017629001289606094,0.28519749641418457,-0.14485131204128265,5,20.381250381469727,0.20625001192092896,1.0170530080795288,1,0.4537961781024933,402.030029296875,2023-06-06 09:29:56,-39.95625305175781
943.0765380859375,ccbc9d76c2ebeaf5,0.1848910003900528,-0.13474899530410767,-0.012446369975805283,0.4401280879974365,5,20.493751525878906,-0.8250000476837158,1.209752082824707,2,0.2713003158569336,403.9875183105469,2023-06-06 09:29:56,-40.5
943.0643310546875,ccbc9d76c2ebeaf5,0.13932400941848755,-0.11791300028562546,,,5,19.98750114440918,-0.956250011920929,0.8273429870605469,3,,395.010009765625,2023-06-06 09:29:56,-40.96875
,ccbc9d76c2ebeaf5,0.3383670151233673,0.043981000781059265,0.005955931730568409,-0.28962627053260803,5,19.481250762939453,-1.0125000476837158,0.8774240016937256,4,0.11988221108913422,369.02252197265625,2023-06-06 09:29:56,-41.36250305175781
943.06494140625,ccbc9d76c2ebeaf5,0.24552500247955322,0.219417005777359,0.274812787771225,-0.4634936451911926,5,,,1.4153220653533936,5,-0.6742420196533203,349.9875183105469,2023-06-06 09:29:56,
943.061279296875,ccbc9d76c2ebeaf5,-0.005245999898761511,-0.0689300000667572,-0.20769402384757996,-0.03145953640341759,5,19.275001525878906,-1.4250000715255737,0.8058710098266602,6,-0.08300124853849411,315.9674987792969,2023-06-06 09:29:56,-41.70000076293945
943.0562744140625,ccbc9d76c2ebeaf5,0.393449991941452,0.012749000452458858,,,5,19.275001525878906,-2.25,0.8934669494628906,0,,,2023-06-06 09:29:57,-42.150001525878906
943.045654296875,ccbc9d76c2ebeaf5,0.20367901027202606,-0.20197099447250366,0.12270746380090714,-0.010079269297420979,5,19.275001525878906,-2.4750001430511475,1.122094988822937,1,0.13095413148403168,429.030029296875,2023-06-06 09:29:57,-42.337501525878906
,ccbc9d76c2ebeaf5,0.14152000844478607,-0.01128500048071146,-0.1127045527100563,-0.024434590712189674,5,19.33125114440918,-2.231250047683716,1.0734779834747314,2,0.2675587832927704,321.9750061035156,2023-06-06 09:29:57,-42.337501525878906
943.04052734375,ccbc9d76c2ebeaf5,0.12748999893665314,-0.07063800096511841,-0.24220788478851318,-0.18486295640468597,5,,,0.6656320095062256,3,0.1288924664258957,234.96751403808594,2023-06-06 09:29:57,
943.0379638671875,ccbc9d76c2ebeaf5,0.17366699874401093,0.023850999772548676,0.18035782873630524,-0.10613775253295898,5,19.931251525878906,-1.818750023841858,1.0625590085983276,4,-0.7265473008155823,229.0275115966797,2023-06-06 09:29:57,-42
,ccbc9d76c2ebeaf5,0.004758000373840332,0.09656299650669098,-0.11331541836261749,0.2263254076242447,5,20.475000381469727,-1.818750023841858,1.3784780502319336,5,-0.2023489624261856,225.99000549316406,2023-06-06 09:29:57,-41.493751525878906
,ccbc9d76c2ebeaf5,0.12968599796295166,-0.07173600047826767,,,5,,,0.5290529727935791,0,,,2023-06-06 09:29:58,
,ccbc9d76c2ebeaf5,0.2932269871234894,0.040991999208927155,0.08926261961460114,-0.36254823207855225,5,,,1.0103429555892944,1,0.07452550530433655,214.9875030517578,2023-06-06 09:29:58,
,ccbc9d76c2ebeaf5,0.1604910045862198,-0.15872199833393097,,,5,,,1.3111340999603271,2,,,2023-06-06 09:29:58,
,ccbc9d76c2ebeaf5,0.09302499890327454,0.07783599942922592,,,5,,,0.7767130136489868,3,,185.0175018310547,2023-06-06 09:29:58,
942.8782958984375,ccbc9d76c2ebeaf5,0.353861004114151,-0.03434300050139427,,,5,,,0.839970052242279,0,,430.9875183105469,2023-06-06 09:30:02,
,ccbc9d76c2ebeaf5,0.4392610192298889,-0.09253700077533722,,,5,,,0.9748410582542419,1,,,2023-06-06 09:30:02,
942.877685546875,ccbc9d76c2ebeaf5,0.24985599517822266,0.14652200043201447,,,5,7.368750095367432,-5.287500381469727,1.2512929439544678,2,,366.9975280761719,2023-06-06 09:30:02,-28.950000762939453
,ccbc9d76c2ebeaf5,0.46585699915885925,-0.24637900292873383,-0.13454297184944153,-0.08345939964056015,5,-45.73125076293945,16.05000114440918,0.8462530374526978,0,0.011300998739898205,126.9675064086914,2023-06-06 11:41:55,-21.11250114440918
942.1741943359375,ccbc9d76c2ebeaf5,0.4321240186691284,-0.19861599802970886,-0.23602287471294403,-0.15966477990150452,5,-44.83125305175781,15.33750057220459,0.8425930142402649,1,0.08307760953903198,149.98500061035156,2023-06-06 11:41:55,-21.787500381469727
,ccbc9d76c2ebeaf5,0.41925299167633057,-0.18208500742912292,,,5,-44.47500228881836,14.49375057220459,0.9186599850654602,0,,186.03001403808594,2023-06-06 11:41:56,-22.5
942.17578125,ccbc9d76c2ebeaf5,0.34239301085472107,-0.1327970027923584,-0.458301305770874,-0.07315105944871902,5,,,0.8212430477142334,1,0.072921983897686,223.02000427246094,2023-06-06 11:41:56,
942.1749267578125,ccbc9d76c2ebeaf5,0.3808229863643646,-0.22966499626636505,-0.4264599680900574,0.17188207805156708,5,-44.51250076293945,12.675000190734863,0.8702870011329651,2,0.16455170512199402,322.9875183105469,2023-06-06 11:41:56,-22.950000762939453
942.185546875,ccbc9d76c2ebeaf5,0.42254701256752014,0.13718900084495544,0.34643667936325073,-0.20425790548324585,5,-44.71875,11.34375,0.7742120027542114,3,0.2510654330253601,,2023-06-06 11:41:56,-23.45625114440918
942.194580078125,ccbc9d76c2ebeaf5,0.3799690008163452,0.04373699799180031,-0.09071341902017593,0.008552107028663158,5,-44.587501525878906,10.27500057220459,0.9109740257263184,4,0.07849612087011337,336.0150146484375,2023-06-06 11:41:56,-23.850000381469727
,ccbc9d76c2ebeaf5,0.36837899684906006,-0.02147200144827366,,,5,-44.47500228881836,9.46875,0.9084729552268982,5,,353.0250244140625,2023-06-06 11:41:56,-24.150001525878906
942.202880859375,ccbc9d76c2ebeaf5,0.3752110004425049,0.022753000259399414,0.08437569439411163,-0.05841394513845444,5,,,0.8965169787406921,0,-0.05238165333867073,348.9750061035156,2023-06-06 11:41:57,
942.2100830078125,ccbc9d76c2ebeaf5,0.3786270022392273,-0.018300000578165054,-0.016340631991624832,0.02107483521103859,5,-44.38125228881836,8.943750381469727,0.9265900254249573,1,0.04535670951008797,,2023-06-06 11:41:57,-24.337501525878906
,ccbc9d76c2ebeaf5,0.3866789937019348,-0.02025200054049492,,,5,-44.306251525878906,7.500000476837158,0.8935280442237854,2,,343.9800109863281,2023-06-06 11:41:57,-24.918750762939453
942.2147216796875,ccbc9d76c2ebeaf5,0.39857399463653564,0.014944999478757381,0.06414080411195755,-0.03611737862229347,5,,,0.8880380392074585,3,0.04298960790038109,331.02001953125,2023-06-06 11:41:57,
942.2393798828125,ccbc9d76c2ebeaf5,0.41132301092147827,-0.035196997225284576,-0.030695954337716103,-0.03428478538990021,5,-44.47500228881836,6.262500286102295,0.9403759837150574,4,0.10018182545900345,321.9750061035156,2023-06-06 11:41:57,-25.406251907348633
942.2650146484375,ccbc9d76c2ebeaf5,0.3701480031013489,-0.017934000119566917,0.005574141163378954,-0.02214384824037552,5,-44.60625076293945,5.287500381469727,0.9543450474739075,5,0.041844237595796585,289.9800109863281,2023-06-06 11:41:57,-25.443750381469727
942.28759765625,ccbc9d76c2ebeaf5,0.3790539801120758,-0.003477000165730715,-0.05085449293255806,-0.022907428443431854,5,-44.56875228881836,4.893750190734863,0.9628240466117859,0,0.028787001967430115,,2023-06-06 11:41:58,-25.500001907348633
,ccbc9d76c2ebeaf5,0.3676469922065735,0.024277999997138977,,,5,-44.36250305175781,4.650000095367432,0.9136580228805542,1,,278.0325012207031,2023-06-06 11:41:58,-25.23750114440918
942.29736328125,ccbc9d76c2ebeaf5,0.37331998348236084,-0.0028669999446719885,-0.024740023538470268,-0.02214384824037552,5,,,0.9028609991073608,2,0.022983787581324577,261.9674987792969,2023-06-06 11:41:58,
942.305908203125,ccbc9d76c2ebeaf5,0.3567889928817749,0.03324500098824501,,,5,-44.32500076293945,4.40625,0.9373260140419006,3,,,2023-06-06 11:41:58,-24.918750762939453
,ccbc9d76c2ebeaf5,0.3903999924659729,-0.011711999773979187,-0.006872228812426329,-0.07483093440532684,5,-44.23125076293945,4.237500190734863,0.9095709919929504,4,-0.028328854590654373,235.98001098632812,2023-06-06 11:41:58,-24.618751525878906
942.3048095703125,ccbc9d76c2ebeaf5,0.35959500074386597,0.03324500098824501,-0.03130681812763214,0.03321577236056328,5,,,0.877668023109436,5,-0.030466880649328232,,2023-06-06 11:41:58,
942.31298828125,ccbc9d76c2ebeaf5,0.3748449981212616,0.045993998646736145,-0.0062613640911877155,-0.010537417605519295,5,-44.15625,4.143750190734863,0.9196970462799072,6,0.000839939049910754,230.98501586914062,2023-06-06 11:41:58,-24.356250762939453
,ccbc9d76c2ebeaf5,0.354775995016098,0.055327001959085464,,,5,,,0.877668023109436,7,,228.0150146484375,2023-06-06 11:41:58,
942.3145751953125,ccbc9d76c2ebeaf5,0.3544100224971771,0.025985999032855034,-0.005345067009329796,-0.09880737960338593,5,-43.98750305175781,4.125,1.0269349813461304,0,-0.20906847715377808,,2023-06-06 11:41:59,-24
942.3209228515625,ccbc9d76c2ebeaf5,0.3575209975242615,-0.002256999956443906,,,5,-43.61250305175781,4.293750286102295,1.0106480121612549,1,,223.02000427246094,2023-06-06 11:41:59,-23.625
,ccbc9d76c2ebeaf5,0.34782201051712036,0.013541999273002148,0.11278090626001358,0.04932733252644539,5,-43.3125,4.5,0.9031050205230713,2,-0.09071341902017593,,2023-06-06 11:41:59,-23.381250381469727
942.3065185546875,ccbc9d76c2ebeaf5,0.3558740019798279,0.0067100003361701965,-0.007101302966475487,-0.28321218490600586,5,,,0.8865129947662354,3,0.056810423731803894,235.98001098632812,2023-06-06 11:41:59,
942.2940673828125,ccbc9d76c2ebeaf5,0.31579700112342834,-0.01372500043362379,0.015958841890096664,-0.3040579557418823,5,-42.88125228881836,4.743750095367432,0.9526980519294739,4,0.017333287745714188,281.00250244140625,2023-06-06 11:41:59,-23.36250114440918
942.2818603515625,ccbc9d76c2ebeaf5,0.2760860025882721,-0.004575000144541264,-0.05039634555578232,-0.04130972921848297,5,-42.243751525878906,4.893750190734863,0.9617260098457336,5,0.20227259397506714,300.9825134277344,2023-06-06 11:41:59,-23.681251525878906
942.287109375,ccbc9d76c2ebeaf5,0.2671799957752228,-0.02946300059556961,,,5,-41.681251525878906,5.0625,0.9448290467262268,6,,309.0150146484375,2023-06-06 11:41:59,-24.01875114440918
,ccbc9d76c2ebeaf5,0.24528101086616516,-0.012992999516427517,0.12385283410549164,0.11163553595542908,5,-41.19375228881836,5.15625,1.0461499691009521,0,0.12041672319173813,,2023-06-06 11:42:00,-24.30000114440918
942.291015625,ccbc9d76c2ebeaf5,0.304328978061676,0.0017689999658614397,-0.02000582218170166,-0.13652828335762024,5,,,0.8449719548225403,1,0.1802051067352295,324,2023-06-06 11:42:00,
942.311767578125,ccbc9d76c2ebeaf5,0.22173500061035156,0.007137000095099211,0.08284853398799896,-0.02412915788590908,5,-40.650001525878906,4.893750190734863,0.9449509978294373,2,0.09346231073141098,337.9725036621094,2023-06-06 11:42:00,-24.67500114440918
942.3260498046875,ccbc9d76c2ebeaf5,0.2723039984703064,-0.08668100088834763,,,5,-39.88125228881836,4.575000286102295,0.9501360654830933,3,,343.9800109863281,2023-06-06 11:42:00,-25.012500762939453
,ccbc9d76c2ebeaf5,0.31573599576950073,0.05984099954366684,-0.032070402055978775,-0.061850059777498245,5,-39.243751525878906,3.7875001430511475,0.9057890176773071,4,0.16394083201885223,351,2023-06-06 11:42:00,-25.350000381469727
942.340087890625,ccbc9d76c2ebeaf5,0.2479649931192398,0.03013399988412857,0.04436405375599861,0.13538290560245514,5,,,1.0757960081100464,5,0.023594651371240616,353.0250244140625,2023-06-06 11:42:00,
,ccbc9d76c2ebeaf5,0.26541098952293396,-0.02757200039923191,,,5,-38.775001525878906,2.8125,0.9167689681053162,6,,,2023-06-06 11:42:00,-25.725000381469727
942.33740234375,ccbc9d76c2ebeaf5,0.29304400086402893,-0.04928800091147423,-0.1222493126988411,-0.0001527161948615685,5,,,0.8974930047988892,0,0.07399099320173264,342.9674987792969,2023-06-06 11:42:01,
942.345458984375,ccbc9d76c2ebeaf5,0.2912749946117401,0.04349300265312195,-0.03252854943275452,0.08269581943750381,5,-38.38125228881836,1.7625000476837158,1.0121729373931885,1,-0.04405862092971802,343.9800109863281,2023-06-06 11:42:01,-25.725000381469727
942.330078125,ccbc9d76c2ebeaf5,0.3340359926223755,0.05245999991893768,,,5,-38.32500076293945,1.0500000715255737,0.8446060419082642,2,,333.9900207519531,2023-06-06 11:42:01,-25.593751907348633
,ccbc9d76c2ebeaf5,0.27956297993659973,-0.010919000022113323,-0.0054977829568088055,-0.0836121141910553,5,,,0.9769760370254517,3,-0.08796452730894089,320.01751708984375,2023-06-06 11:42:01,
942.313232421875,ccbc9d76c2ebeaf5,0.32921698689460754,-0.06844200193881989,0.3770562708377838,-0.11339177191257477,5,-38.118751525878906,0.5250000357627869,1.026324987411499,4,0.09750928729772568,290.9925231933594,2023-06-06 11:42:01,-25.556251525878906
942.3040771484375,ccbc9d76c2ebeaf5,0.2957890033721924,0.018422000110149384,-0.03955349326133728,-0.03138317912817001,5,-37.85625076293945,0.22500000894069672,0.9343979358673096,5,0.08910989761352539,267.0299987792969,2023-06-06 11:42:01,-25.70625114440918
942.303466796875,ccbc9d76c2ebeaf5,0.22600500285625458,0.11583899706602097,0.5338957905769348,0.1628718227148056,5,-37.53750228881836,0.13125000894069672,0.7629880309104919,6,-0.1320231556892395,238.0050048828125,2023-06-06 11:42:01,-25.818750381469727
942.3028564453125,ccbc9d76c2ebeaf5,0.3857640027999878,0.01933700032532215,-0.5262600183486938,0.09957095980644226,5,-37.53750228881836,0.4312500059604645,0.9255529642105103,0,-0.11285726726055145,202.0275115966797,2023-06-06 11:42:02,-25.89375114440918
942.2940673828125,ccbc9d76c2ebeaf5,0.38564202189445496,-0.2264929860830307,,,5,-37.66875076293945,0.8250000476837158,1.0049749612808228,1,,224.97750854492188,2023-06-06 11:42:02,-25.950000762939453
,ccbc9d76c2ebeaf5,0.26870498061180115,-0.0660019963979721,-0.06452259421348572,-0.05612320080399513,5,-37.44375228881836,1.40625,0.7446879744529724,2,-0.30054548382759094,240.97500610351562,2023-06-06 11:42:02,-26.062501907348633
942.297607421875,ccbc9d76c2ebeaf5,0.40534499287605286,-0.24607400596141815,0.5057960152626038,-0.07750347256660461,5,,,0.8189250230789185,3,0.010384701192378998,,2023-06-06 11:42:02,
942.3197021484375,ccbc9d76c2ebeaf5,0.43059903383255005,-0.20697298645973206,-0.3231474757194519,-0.19326233863830566,5,-37.25625228881836,2.3062500953674316,1.317782998085022,4,-0.07544180005788803,262.9800109863281,2023-06-06 11:42:02,-25.98750114440918
942.3321533203125,ccbc9d76c2ebeaf5,0.17342300713062286,-0.29810699820518494,0.22762349247932434,0.478841632604599,5,-36.76875305175781,2.8500001430511475,1.1131279468536377,5,0.16905683279037476,314.010009765625,2023-06-06 11:42:02,-26.006250381469727
942.349365234375,ccbc9d76c2ebeaf5,0.18775799870491028,-0.03757600113749504,,,5,-36.900001525878906,3.1500000953674316,0.36886700987815857,0,,301.9950256347656,2023-06-06 11:42:03,-25.42500114440918
,ccbc9d76c2ebeaf5,0.39991599321365356,-0.15493999421596527,-0.32276567816734314,-0.0795651376247406,5,-36.91875076293945,2.7375001907348633,1.0487120151519775,1,0.3174206018447876,281.00250244140625,2023-06-06 11:42:03,-24.637500762939453
942.369140625,ccbc9d76c2ebeaf5,0.45316898822784424,-0.027999000623822212,0.16844595968723297,-0.46654796600341797,5,,,1.1438720226287842,2,-0.07452550530433655,285.99749755859375,2023-06-06 11:42:03,
942.3896484375,ccbc9d76c2ebeaf5,0.3984519839286804,-0.08082500100135803,-1.2757147550582886,0.21723878383636475,5,-36.65625,2.325000047683716,0.5555880069732666,3,-0.05352702736854553,250.02000427246094,2023-06-06 11:42:03,-24.150001525878906
942.4100341796875,ccbc9d76c2ebeaf5,0.17940101027488708,-0.06752700358629227,,,5,-36.20625305175781,1.0125000476837158,0.4698830246925354,4,,,2023-06-06 11:42:03,-23.475000381469727
942.4117431640625,ccbc9d76c2ebeaf5,0.05557100474834442,-0.3193349838256836,0.3415497839450836,0.27695080637931824,5,-35.8125,-0.1875,1.4249600172042847,5,-0.019929463043808937,219.98251342773438,2023-06-06 11:42:03,-22.40625
,ccbc9d76c2ebeaf5,0.4940999746322632,0.15121901035308838,0.09644027799367905,-0.383928507566452,5,-35.32500076293945,-1.350000023841858,0.8996279835700989,0,-0.0910952091217041,246.98251342773438,2023-06-06 11:42:04,-21.48750114440918
942.4234619140625,ccbc9d76c2ebeaf5,0.5045920014381409,0.14487500488758087,0.2565632164478302,0.5887972712516785,5,,,0.7148590087890625,1,-0.5521454215049744,282.0150146484375,2023-06-06 11:42:04,
942.4471435546875,ccbc9d76c2ebeaf5,0.006893000099807978,-0.18086498975753784,-0.2701549530029297,0.2009745091199875,5,-35.10000228881836,-1.725000023841858,0.4329780042171478,2,-0.16241367161273956,254.0025177001953,2023-06-06 11:42:04,-20.587501525878906
942.4761962890625,ccbc9d76c2ebeaf5,0.7773839831352234,-0.4472520053386688,,,5,-35.36250305175781,-1.912500023841858,1.1586339473724365,3,,278.0325012207031,2023-06-06 11:42:04,-19.3125
942.5037841796875,ccbc9d76c2ebeaf5,0.5814520120620728,0.018543999642133713,0.2412915825843811,-0.10254892706871033,5,-35.23125076293945,-1.912500023841858,0.9800260066986084,4,0.23877176642417908,288.9674987792969,2023-06-06 11:42:04,-18.412500381469727
,ccbc9d76c2ebeaf5,0.3512380123138428,0.11272799223661423,-0.33712100982666016,0.3363574147224426,5,-35.36250305175781,-1.21875,0.69753497838974,5,0.05100720748305321,274.9950256347656,2023-06-06 11:42:04,-17.606250762939453
942.5142822265625,ccbc9d76c2ebeaf5,0.32799699902534485,0.09088999778032303,0.26732969284057617,-0.16745330393314362,5,,,0.5526599884033203,0,0.44646579027175903,233.010009765625,2023-06-06 11:42:05,
942.5347900390625,ccbc9d76c2ebeaf5,0.3341580033302307,0.15914899110794067,0.42562004923820496,-0.0862082913517952,5,-35.71875,-0.6187500357627869,1.020285964012146,1,0.1839466542005539,196.02000427246094,2023-06-06 11:42:05,-16.23750114440918
942.5560302734375,ccbc9d76c2ebeaf5,0.770796000957489,-0.061793003231287,,,5,-36.01875305175781,0.6187500357627869,1.0724409818649292,2,,217.01251220703125,2023-06-06 11:42:05,-15.037500381469727
942.570068359375,ccbc9d76c2ebeaf5,0.4148609936237335,-0.015494000166654587,-0.06627883017063141,-0.01954767294228077,5,-36.150001525878906,2.137500047683716,0.6433669924736023,3,-0.15210533142089844,245.9700164794922,2023-06-06 11:42:05,-14.287500381469727
,ccbc9d76c2ebeaf5,0.43432000279426575,0.14938899874687195,0.38354671001434326,-0.45051276683807373,5,-36.20625305175781,4.200000286102295,1.0456619262695312,4,-0.2857320010662079,,2023-06-06 11:42:05,-13.631250381469727
942.581787109375,ccbc9d76c2ebeaf5,0.19696900248527527,-0.09985699504613876,-0.12736530601978302,0.07108938694000244,5,,,0.6411100029945374,5,-0.037949975579977036,303.00750732421875,2023-06-06 11:42:05,
942.5909423828125,ccbc9d76c2ebeaf5,0.39314499497413635,-0.04941000044345856,-0.22220206260681152,-0.3264308571815491,5,-36.056251525878906,5.362500190734863,0.6219560503959656,0,0.07536543905735016,,2023-06-06 11:42:06,-13.293750762939453
942.6005859375,ccbc9d76c2ebeaf5,0.48525500297546387,-0.012382999993860722,,,5,-35.51250076293945,6.318750381469727,1.3613979816436768,1,,306.9900207519531,2023-06-06 11:42:06,-13.500000953674316
942.62841796875,ccbc9d76c2ebeaf5,0.22899401187896729,0.009699000045657158,0.056657709181308746,0.15462514758110046,5,-34.81875228881836,7.462500095367432,0.5870029926300049,2,-0.2375500351190567,245.02500915527344,2023-06-06 11:42:06,-13.893750190734863
,ccbc9d76c2ebeaf5,0.33519500494003296,-0.0070150005631148815,0.009162971749901772,-0.01183550525456667,5,-33.67500305175781,8.90625,1.088057041168213,3,-0.8495602011680603,,2023-06-06 11:42:06,-14.231250762939453
942.649658203125,ccbc9d76c2ebeaf5,0.2848089933395386,-0.04507900029420853,0.21899501979351044,-0.5206094980239868,5,,,1.1217290163040161,4,0.11972949653863907,193.99501037597656,2023-06-06 11:42:06,
942.6845703125,ccbc9d76c2ebeaf5,0.20953500270843506,-0.1840979903936386,,,5,-32.34375,10.856250762939453,0.9440969824790955,5,,,2023-06-06 11:42:06,-15.000000953674316
942.694580078125,ccbc9d76c2ebeaf5,0.1101050078868866,0.32085999846458435,-0.2994764447212219,-0.3052796721458435,5,-31.537500381469727,12.075000762939453,1.3033870458602905,6,0.5204567909240723,245.02500915527344,2023-06-06 11:42:06,-15.825000762939453
942.7098388671875,ccbc9d76c2ebeaf5,0.3033529818058014,0.08472900092601776,-0.5579485893249512,-0.23472478985786438,5,-30.731250762939453,12.787500381469727,1.570628046989441,0,0.12576179206371307,315.9674987792969,2023-06-06 11:42:07,-16.837501525878906
,ccbc9d76c2ebeaf5,0.11352100223302841,0.11821800470352173,0.7334958910942078,-0.5615374445915222,5,-29.868751525878906,13.050000190734863,0.35203099250793457,1,-0.18440480530261993,305.9775085449219,2023-06-06 11:42:07,-17.55000114440918
942.7393798828125,ccbc9d76c2ebeaf5,-0.0269009992480278,-0.29395899176597595,-0.23747368156909943,1.362228512763977,5,,,1.1869380474090576,2,0.2280052751302719,,2023-06-06 11:42:07,
942.748291015625,ccbc9d76c2ebeaf5,-0.01140700001269579,-0.2978629767894745,-0.2648862302303314,-0.22724169492721558,5,-29.306251525878906,12.843750953674316,1.2393370866775513,3,-0.3586539924144745,272.9700012207031,2023-06-06 11:42:07,-17.418750762939453
942.7403564453125,ccbc9d76c2ebeaf5,0.5296629667282104,-0.0386740006506443,,,5,-29.062501907348633,12.656250953674316,1.140821933746338,4,,267.9750061035156,2023-06-06 11:42:07,-16.725000381469727
942.7572021484375,ccbc9d76c2ebeaf5,0.1647000014781952,0.07393199950456619,-0.19043709337711334,0.681801438331604,5,-28.70625114440918,12.52500057220459,0.524416983127594,5,-0.42707082629203796,234.96751403808594,2023-06-06 11:42:07,-15.61875057220459
,ccbc9d76c2ebeaf5,0.3999769985675812,0.00939400028437376,0.2833648920059204,-0.9983821511268616,5,-28.42500114440918,12.093750953674316,0.6904590129852295,0,-0.15645773708820343,186.03001403808594,2023-06-06 11:42:08,-14.77500057220459
942.7716064453125,ccbc9d76c2ebeaf5,0.32092100381851196,0.18037700653076172,-0.275270938873291,0.6640864014625549,5,,,1.599176049232483,1,0.26962044835090637,168.00750732421875,2023-06-06 11:42:08,
942.7835693359375,ccbc9d76c2ebeaf5,0.21160900592803955,0.15262199938297272,,,5,-28.42500114440918,11.287500381469727,0.46622300148010254,2,,,2023-06-06 11:42:08,-13.687500953674316
942.80712890625,ccbc9d76c2ebeaf5,0.47342097759246826,0.06252499669790268,-0.07422006875276566,-0.14882193505764008,5,-28.125001907348633,11.006250381469727,0.954101026058197,3,-0.14782927930355072,157.0050048828125,2023-06-06 11:42:08,-12.262500762939453
942.830810546875,ccbc9d76c2ebeaf5,0.2887130081653595,0.0609389990568161,-0.10216713696718216,0.027030766010284424,5,-27.543750762939453,10.93125057220459,1.5547070503234863,4,0.3854556679725647,192.98251342773438,2023-06-06 11:42:08,-11.175000190734863
,ccbc9d76c2ebeaf5,0.31756600737571716,0.15195100009441376,0.2975675165653229,-0.14576761424541473,5,-27.056251525878906,10.987500190734863,0.5545510053634644,5,-0.7639627456665039,212.0175018310547,2023-06-06 11:42:08,-10.331250190734863
942.852783203125,ccbc9d76c2ebeaf5,0.5222820043563843,-0.08838900178670883,-0.31932955980300903,0.04108065739274025,5,,,1.386773943901062,0,0.2188423126935959,229.0275115966797,2023-06-06 11:42:09,
942.885498046875,ccbc9d76c2ebeaf5,0.18440300226211548,-0.19940900802612305,,,5,-25.875001907348633,11.943750381469727,0.9554430246353149,1,,245.9700164794922,2023-06-06 11:42:09,-10.818750381469727
942.8970947265625,ccbc9d76c2ebeaf5,0.33806201815605164,0.0029279999434947968,-0.09575305134057999,0.3046688139438629,5,-24.975000381469727,13.293750762939453,0.5914559960365295,2,-0.12018764764070511,159.97500610351562,2023-06-06 11:42:09,-11.925000190734863
942.921142578125,ccbc9d76c2ebeaf5,0.413519024848938,0.04672599956393242,-0.2479347437620163,-0.6446150541305542,5,-24.150001525878906,14.981250762939453,1.366155982017517,3,-0.001679878099821508,115.02000427246094,2023-06-06 11:42:09,-14.156250953674316
,ccbc9d76c2ebeaf5,0.28169798851013184,-0.05191100016236305,-0.4500546157360077,0.2775616943836212,5,-24.093751907348633,16.293750762939453,1.0852510929107666,4,-0.013820815831422806,,2023-06-06 11:42:09,-16.3125
942.94580078125,ccbc9d76c2ebeaf5,0.3617299795150757,0.0807029977440834,0.3473529815673828,-0.1372154951095581,5,,,0.5560150146484375,5,-0.6359865665435791,76.0050048828125,2023-06-06 11:42:09,
942.95751953125,ccbc9d76c2ebeaf5,0.28218600153923035,0.16482199728488922,,,5,-23.90625,17.943750381469727,0.8040409684181213,0,,72.02249908447266,2023-06-06 11:42:10,-18.243751525878906
942.980224609375,ccbc9d76c2ebeaf5,0.36630502343177795,-0.14694900810718536,0.6402626633644104,-0.06498073786497116,5,-23.100000381469727,19.78125,1.0541410446166992,1,0.9847140312194824,71.01000213623047,2023-06-06 11:42:10,-20.55000114440918
942.9962158203125,ccbc9d76c2ebeaf5,0.6494060158729553,-0.2516250014305115,0.14485131204128265,0.18524473905563354,5,-23.17500114440918,22.125,1.1076380014419556,2,0.14286600053310394,84.98250579833984,2023-06-06 11:42:10,-22.106250762939453
,ccbc9d76c2ebeaf5,0.31884700059890747,0.0003659999929368496,0.5533671379089355,0.349643737077713,5,-24.375001907348633,23.981250762939453,1.0123560428619385,3,0.1118646115064621,110.97000122070312,2023-06-06 11:42:10,-22.556251525878906
943.0008544921875,ccbc9d76c2ebeaf5,0.40863898396492004,0.3366589844226837,0.34193155169487,0.12392919510602951,5,,,1.2800849676132202,4,0.3032180070877075,136.01251220703125,2023-06-06 11:42:10,
943.002685546875,ccbc9d76c2ebeaf5,0.4390780031681061,-0.185806006193161,,,5,-26.250001907348633,24.975000381469727,0.6126840114593506,5,,164.97000122070312,2023-06-06 11:42:10,-22.03125
943.00927734375,ccbc9d76c2ebeaf5,0.46671098470687866,-0.10437100380659103,-0.025961752980947495,0.5095375776290894,5,-27.750001907348633,25.275001525878906,0.6706950068473816,6,0.15958842635154724,214.9875030517578,2023-06-06 11:42:10,-20.83125114440918
943.017333984375,ccbc9d76c2ebeaf5,0.5829159617424011,-0.22917699813842773,-0.5984947681427002,-0.40408703684806824,5,-29.381250381469727,24.450000762939453,1.0381590127944946,0,0.04802924394607544,299.9700012207031,2023-06-06 11:42:11,-18.900001525878906
,ccbc9d76c2ebeaf5,0.23058000206947327,-0.008723000064492226,-0.09636391699314117,-0.007177661173045635,5,-30.318750381469727,23.475000381469727,0.7531670331954956,1,0.061850059777498245,295.9875183105469,2023-06-06 11:42:11,-17.231250762939453
943.0216064453125,ccbc9d76c2ebeaf5,0.2992050051689148,0.03568499907851219,0.13484840095043182,-0.2162461280822754,5,,,0.5749860405921936,2,-0.2770271897315979,,2023-06-06 11:42:11,
943.02099609375,ccbc9d76c2ebeaf5,0.4665890038013458,-0.03507499769330025,,,5,-31.368751525878906,22.181251525878906,1.1126400232315063,3,,148.0275115966797,2023-06-06 11:42:11,-15.843750953674316
,ccbc9d76c2ebeaf5,0.3396480083465576,0.11114200949668884,0.13072505593299866,-0.13194678723812103,5,-32.60625076293945,21.225000381469727,1.1250840425491333,4,-0.5166388750076294,,2023-06-06 11:42:11,-14.700000762939453
,ccbc9d76c2ebeaf5,0.3226899802684784,-0.23570400476455688,,,2,-27.075000762939453,40.05000305175781,0.9656910300254822,0,,,2023-06-06 09:27:01,-40.25625228881836
,ccbc9d76c2ebeaf5,0.3201889991760254,-0.23863200843334198,-0.318871408700943,-0.002290742937475443,2,,,0.8939549922943115,1,-0.3278053104877472,52.98750305175781,2023-06-06 09:27:01,
,ccbc9d76c2ebeaf5,0.3680129945278168,-0.24656200408935547,,,2,-25.51875114440918,39.65625,0.876630961894989,0,,56.025001525878906,2023-06-06 09:27:02,-40.76250076293945
941.2999267578125,ccbc9d76c2ebeaf5,0.2962770164012909,-0.21630600094795227,-0.37377288937568665,-0.17424917221069336,2,-24.150001525878906,39.01875305175781,0.8887090086936951,1,-0.2577085793018341,67.02750396728516,2023-06-06 09:27:02,-41.64375305175781
941.306396484375,ccbc9d76c2ebeaf5,0.3182370066642761,-0.2650449872016907,-0.2300669401884079,-0.22846342623233795,2,,,1.0372440814971924,2,0.25641047954559326,93.01500701904297,2023-06-06 09:27:02,
941.312744140625,ccbc9d76c2ebeaf5,0.2533940076828003,-0.017079999670386314,-0.10537417232990265,-0.3716348707675934,2,-23.868751525878906,37.44375228881836,0.8991400003433228,3,-0.1813504844903946,127.9800033569336,2023-06-06 09:27:02,-42.65625
941.3104248046875,ccbc9d76c2ebeaf5,0.2130730003118515,0.03952799737453461,0.02130390889942646,0.04932733252644539,2,-23.08125114440918,36.431251525878906,0.9731329679489136,4,-0.2997818887233734,176.98500061035156,2023-06-06 09:27:02,-43.59375
941.318603515625,ccbc9d76c2ebeaf5,0.21734300255775452,0.03660000115633011,-0.3032943606376648,0.5797106623649597,2,-22.5,35.90625,0.8996889591217041,5,-0.3136027157306671,,2023-06-06 09:27:02,-44.025001525878906
,ccbc9d76c2ebeaf5,0.2760860025882721,0.17927899956703186,,,2,,,0.879863977432251,0,,175.97250366210938,2023-06-06 09:27:03,
941.3204345703125,ccbc9d76c2ebeaf5,0.26797300577163696,-0.012261000461876392,0.3902662396430969,-0.8764382600784302,2,-22.125,35.53125,0.8888919353485107,1,-0.18348850309848785,170.03250122070312,2023-06-06 09:27:03,-44.28750228881836
,ccbc9d76c2ebeaf5,0.14731499552726746,-0.16091801226139069,,,2,-20.90625,35.71875,0.8367370367050171,2,,154.98001098632812,2023-06-06 09:27:03,-44.47500228881836
941.31005859375,ccbc9d76c2ebeaf5,0.07173600047826767,-0.11614400148391724,-0.3681987524032593,0.3064250349998474,2,,,1.0399889945983887,3,-0.3066541254520416,159.02999877929688,2023-06-06 09:27:03,
941.3106689453125,ccbc9d76c2ebeaf5,0.10565199702978134,-0.11047099530696869,0.15531237423419952,0.25526511669158936,2,-19.51875114440918,35.04375076293945,1.0807980298995972,4,0.06520981341600418,,2023-06-06 09:27:03,-45.11250305175781
941.317626953125,ccbc9d76c2ebeaf5,0.2429630160331726,-0.03836899995803833,0.01565340906381607,0.06101011857390404,2,-18.65625,34.650001525878906,1.0068050622940063,5,0.0154243353754282,131.0175018310547,2023-06-06 09:27:03,-45.45000076293945
941.324951171875,ccbc9d76c2ebeaf5,0.2462570071220398,-0.08930400013923645,,,2,-18.225000381469727,34.42500305175781,0.952271044254303,6,,132.02999877929688,2023-06-06 09:27:03,-45.48750305175781
,ccbc9d76c2ebeaf5,0.24644000828266144,-0.01390800066292286,-0.035124726593494415,0.06154462695121765,2,-17.55000114440918,34.875,0.9200019836425781,0,-0.043600473552942276,126.9675064086914,2023-06-06 09:27:04,-45.20625305175781
941.3338623046875,ccbc9d76c2ebeaf5,0.2366190105676651,-0.07844600081443787,0.050319984555244446,-0.019394956529140472,2,,,0.9422670602798462,1,0.031154103577136993,123.99750518798828,2023-06-06 09:27:04,
941.3275146484375,ccbc9d76c2ebeaf5,0.2517470121383667,-0.05917000025510788,0.2528980076313019,-0.07773254066705704,2,-17.36250114440918,35.493751525878906,0.9570289850234985,2,0.05711585655808449,,2023-06-06 09:27:04,-44.51250076293945
941.329833984375,ccbc9d76c2ebeaf5,0.23375199735164642,-0.07704300433397293,0.2862665057182312,-0.46891507506370544,2,-17.006250381469727,36.30000305175781,0.9957030415534973,3,0.08781181275844574,101.99250030517578,2023-06-06 09:27:04,-43.63125228881836
941.4180908203125,ccbc9d76c2ebeaf5,0.08704700320959091,-0.17244699597358704,,,2,-16.556251525878906,37.05000305175781,1.2057260274887085,4,,121.97250366210938,2023-06-06 09:27:04,-42.82500076293945
,ccbc9d76c2ebeaf5,0.14048300683498383,-0.18751400709152222,-0.38560840487480164,0.38820457458496094,2,,,1.0131489038467407,5,0.16714787483215332,,2023-06-06 09:27:04,
941.3944091796875,ccbc9d76c2ebeaf5,0.2084980010986328,-0.08625400066375732,-0.1357647031545639,0.3943895697593689,2,-17.606250762939453,37.3125,0.9611160159111023,0,-0.19616395235061646,116.97750091552734,2023-06-06 09:27:05,-42.11250305175781
941.378662109375,ccbc9d76c2ebeaf5,0.35453200340270996,-0.013786000199615955,-0.1703549176454544,-0.07200568914413452,2,-18.39375114440918,37.78125,0.8164849877357483,1,-0.4528798758983612,123.99750518798828,2023-06-06 09:27:05,-41.28750228881836
941.3880615234375,ccbc9d76c2ebeaf5,0.28724899888038635,-0.11931600421667099,-0.10216713696718216,-0.07849612087011337,2,-18.525001525878906,37.98750305175781,0.9922869801521301,2,0.13446660339832306,130.0050048828125,2023-06-06 09:27:05,-40.80000305175781
941.371337890625,ccbc9d76c2ebeaf5,0.25284501910209656,-0.08899899572134018,,,2,-18.67500114440918,37.95000076293945,1.0574350357055664,3,,136.01251220703125,2023-06-06 09:27:05,-40.40625
,ccbc9d76c2ebeaf5,0.22801800072193146,-0.027876999229192734,0.010384701192378998,-0.02130390889942646,2,,,1.065060019493103,4,0.27809619903564453,141.00750732421875,2023-06-06 09:27:05,
941.368896484375,ccbc9d76c2ebeaf5,0.27584201097488403,0.0014639999717473984,0.09972367435693741,-0.0475710928440094,2,-19.03125,37.81875228881836,0.9369600415229797,5,0.19303326308727264,,2023-06-06 09:27:05,-40.16250228881836
941.37353515625,ccbc9d76c2ebeaf5,0.26327598094940186,-0.03324500098824501,0.14920371770858765,-0.3563632369041443,2,-19.275001525878906,37.42500305175781,0.928725004196167,6,-0.11606431007385254,,2023-06-06 09:27:05,-40.20000076293945
941.3785400390625,ccbc9d76c2ebeaf5,0.27590298652648926,0.028425998985767365,-0.0616973415017128,-0.42080947756767273,2,-19.33125114440918,36.88125228881836,0.954101026058197,0,-0.3326922357082367,150.9975128173828,2023-06-06 09:27:06,-40.650001525878906
,ccbc9d76c2ebeaf5,0.03147600218653679,-0.08716899901628494,,,2,,,1.044319987297058,1,,,2023-06-06 09:27:06,
,ccbc9d76c2ebeaf5,0.3555690050125122,-0.06795399636030197,-0.01763872057199478,0.014278964139521122,2,-90.41250610351562,32.10000228881836,0.9442799687385559,0,0.041004300117492676,181.98001098632812,2023-06-06 09:28:04,28.537500381469727
,ccbc9d76c2ebeaf5,0.3071959912776947,-0.07423700392246246,-0.008552107028663158,-0.05345066636800766,2,-89.32500457763672,31.950000762939453,0.8924909830093384,1,0.033139415085315704,182.9925079345703,2023-06-06 09:28:04,29.775001525878906
941.5469970703125,ccbc9d76c2ebeaf5,0.31622397899627686,-0.08759599924087524,,,2,,,0.9822829961776733,2,,193.99501037597656,2023-06-06 09:28:04,
941.5421142578125,ccbc9d76c2ebeaf5,0.3505060076713562,-0.05093500018119812,0.036651886999607086,-0.008170315995812416,2,-89.0250015258789,31.968751907348633,0.93470299243927,3,0.03451386094093323,191.97000122070312,2023-06-06 09:28:04,30.337501525878906
941.5338134765625,ccbc9d76c2ebeaf5,0.2896279990673065,-0.09156100451946259,-0.009315688163042068,0.025809036567807198,2,-89.75625610351562,31.743751525878906,0.9320189952850342,4,0.011606430634856224,192.98251342773438,2023-06-06 09:28:04,30.375001907348633
941.544189453125,ccbc9d76c2ebeaf5,0.30957499146461487,-0.11358200013637543,-0.046425722539424896,-0.10323614627122879,2,-90.5250015258789,31.33125114440918,0.9252480268478394,0,0.06498073786497116,201.0150146484375,2023-06-06 09:28:05,29.793750762939453
941.538818359375,ccbc9d76c2ebeaf5,0.27755001187324524,-0.1029679924249649,0.02611446939408779,-0.017715077847242355,2,-91.14375305175781,30.76875114440918,1.0007050037384033,1,0.02084576152265072,203.98500061035156,2023-06-06 09:28:05,28.912500381469727
,ccbc9d76c2ebeaf5,0.3056100010871887,-0.06789299845695496,,,2,,,0.9218319654464722,2,,,2023-06-06 09:28:05,
941.5394287109375,ccbc9d76c2ebeaf5,0.2953619956970215,-0.04300500079989433,-0.04734202101826668,0.051847148686647415,2,-90.95625305175781,30.450000762939453,0.9136580228805542,3,0.020693045109510422,211.0050048828125,2023-06-06 09:28:05,28.162500381469727
941.5325927734375,ccbc9d76c2ebeaf5,0.2690100073814392,-0.025314999744296074,0.09285144507884979,-0.12110394239425659,2,-90.95625305175781,30.075000762939453,0.9369600415229797,4,0.007177661173045635,211.0050048828125,2023-06-06 09:28:05,27.900001525878906
941.5428466796875,ccbc9d76c2ebeaf5,0.29951000213623047,-0.08485100418329239,-0.0038179049734026194,0.10476330667734146,2,-92.19375610351562,29.756250381469727,1.0035719871520996,5,0.049632761627435684,,2023-06-06 09:28:05,27.806251525878906
941.573974609375,ccbc9d76c2ebeaf5,0.2769399881362915,-0.011101999320089817,-0.001221729558892548,0.06841685622930527,2,-93.5625,29.08125114440918,1.0682929754257202,6,0.04199695214629173,207.96751403808594,2023-06-06 09:28:05,27.937501907348633
,ccbc9d76c2ebeaf5,0.2639470100402832,-0.04764099791646004,,,2,,,0.911340057849884,0,,206.010009765625,2023-06-06 09:28:06,
941.60595703125,ccbc9d76c2ebeaf5,0.29060399532318115,-0.04312700033187866,0.003512472379952669,0.021151192486286163,2,-95.5875015258789,28.537500381469727,0.9323239326477051,1,-0.023365577682852745,204.9975128173828,2023-06-06 09:28:06,28.200000762939453
941.626220703125,ccbc9d76c2ebeaf5,0.29267799854278564,-0.07466399669647217,-0.007177661173045635,0.02802342176437378,2,-97.61250305175781,28.293750762939453,0.9400100111961365,2,0.005574141163378954,206.010009765625,2023-06-06 09:28:06,28.51875114440918
941.6328125,ccbc9d76c2ebeaf5,0.29182401299476624,-0.038064002990722656,0.025503603741526604,0.0001527161948615685,2,-99.09375762939453,28.218751907348633,0.965630054473877,3,0.0009162971982732415,,2023-06-06 09:28:06,29.006250381469727
,ccbc9d76c2ebeaf5,0.2623000144958496,-0.10089399665594101,,,2,,,0.9392780661582947,4,,203.98500061035156,2023-06-06 09:28:06,
941.629150390625,ccbc9d76c2ebeaf5,0.3008520007133484,-0.10583500564098358,-0.013133592903614044,0.016798781231045723,2,-99.48750305175781,28.33125114440918,0.9231130480766296,5,0.01435532234609127,207.96751403808594,2023-06-06 09:28:06,29.587501525878906
941.60986328125,ccbc9d76c2ebeaf5,0.27004700899124146,-0.04233400151133537,-0.020998476073145866,0.0322994738817215,2,-99.97500610351562,28.781251907348633,1.0204689502716064,0,0.00511599238961935,,2023-06-06 09:28:07,30.262500762939453
941.6075439453125,ccbc9d76c2ebeaf5,0.2892009913921356,-0.01958100125193596,-0.026801692321896553,0.062537282705307,2,-100.57500457763672,29.193750381469727,0.9576999545097351,1,-0.04192059487104416,204.9975128173828,2023-06-06 09:28:07,30.731250762939453
941.606689453125,ccbc9d76c2ebeaf5,0.28566300868988037,-0.07423700392246246,-7.635809743078426e-05,-0.024052800610661507,2,-99.6187515258789,29.287500381469727,0.9452559351921082,2,0.014508038759231567,204.9975128173828,2023-06-06 09:28:07,30.712501525878906
,ccbc9d76c2ebeaf5,0.2996929883956909,-0.07106500118970871,,,2,,,0.9606279730796814,3,,,2023-06-06 09:28:07,
941.608642578125,ccbc9d76c2ebeaf5,0.3034140169620514,-0.06502600014209747,0.02779434807598591,-0.020693045109510422,2,-98.71875762939453,29.625001907348633,0.9883829951286316,4,0.04505127668380737,208.98001098632812,2023-06-06 09:28:07,29.906251907348633
941.60888671875,ccbc9d76c2ebeaf5,0.30530500411987305,-0.04758000001311302,-0.014278964139521122,0.013133592903614044,2,-97.0875015258789,29.887500762939453,0.9626410007476807,5,-0.006108647678047419,207.0225067138672,2023-06-06 09:28:07,28.687501907348633
941.615966796875,ccbc9d76c2ebeaf5,0.2924949824810028,-0.06716100126504898,0.002825249684974551,-0.03756818547844887,2,-94.6875,30.01875114440918,0.9310430288314819,0,-0.0058795735239982605,,2023-06-06 09:28:08,27.731250762939453
941.6104736328125,ccbc9d76c2ebeaf5,0.31549200415611267,-0.048312000930309296,-0.04787652567028999,-0.02756527252495289,2,-92.85000610351562,30.20625114440918,0.8976149559020996,1,-0.0062613640911877155,207.96751403808594,2023-06-06 09:28:08,26.962501525878906
,ccbc9d76c2ebeaf5,0.2844429910182953,-0.054778002202510834,,,2,-92.00625610351562,30.412500381469727,0.9245160222053528,2,,212.0175018310547,2023-06-06 09:28:08,26.118751525878906
941.601806640625,ccbc9d76c2ebeaf5,0.29151901602745056,-0.06356199830770493,-0.13920080661773682,-0.36796966195106506,2,,,0.9339710474014282,3,-0.03107774630188942,223.02000427246094,2023-06-06 09:28:08,
941.5989990234375,ccbc9d76c2ebeaf5,0.1778150051832199,-0.01933700032532215,0.04253146052360535,-0.003970621153712273,2,-91.53750610351562,30.225000381469727,1.0987319946289062,4,0.06085740402340889,247.99501037597656,2023-06-06 09:28:08,24.093751907348633
941.5943603515625,ccbc9d76c2ebeaf5,0.2324099987745285,-0.027876999229192734,0.007635809946805239,0.04146244749426842,2,-90.69375610351562,29.981250762939453,0.9050569534301758,5,0.0295505840331316,,2023-06-06 09:28:08,22.087501525878906
941.592529296875,ccbc9d76c2ebeaf5,0.21618400514125824,-0.04129699990153313,-0.03329212963581085,0.09269873052835464,2,-90.31875610351562,29.812501907348633,0.9853330254554749,0,-0.020922118797898293,245.9700164794922,2023-06-06 09:28:09,20.36250114440918
941.5997314453125,ccbc9d76c2ebeaf5,0.20563100278377533,-0.017994999885559082,,,2,-89.94375610351562,29.962501525878906,1.0146739482879639,1,,,2023-06-06 09:28:09,19.162500381469727
,ccbc9d76c2ebeaf5,0.26284900307655334,-0.0070150005631148815,-0.030314164236187935,0.1340848207473755,2,,,0.9808800220489502,2,-0.081015944480896,244.01251220703125,2023-06-06 09:28:09,
941.6171875,ccbc9d76c2ebeaf5,0.25735899806022644,-0.0012199999764561653,-0.020540328696370125,0.09445496648550034,2,-89.51250457763672,30.093751907348633,0.9509289860725403,3,-0.09162971377372742,227.00250244140625,2023-06-06 09:28:09,18.356250762939453
941.6185302734375,ccbc9d76c2ebeaf5,0.2845039963722229,-0.04648200049996376,0.012522728182375431,0.00954476185142994,2,-89.9625015258789,30.168750762939453,0.9134140610694885,4,0.10659590363502502,,2023-06-06 09:28:09,17.4375
941.6182861328125,ccbc9d76c2ebeaf5,0.29585000872612,-0.09180500358343124,0.0204639695584774,0.016187917441129684,2,-89.75625610351562,30.075000762939453,0.9204899668693542,5,0.09613484144210815,,2023-06-06 09:28:09,16.23750114440918
941.6099853515625,ccbc9d76c2ebeaf5,0.3021329939365387,0.006221999879926443,,,2,-89.8687515258789,30.075000762939453,0.9659349918365479,6,,229.97250366210938,2023-06-06 09:28:09,15.506250381469727
,ccbc9d76c2ebeaf5,0.2751709818840027,-0.005733999889343977,0.01893680728971958,0.011224640533328056,2,,,0.9535519480705261,0,-0.04253146052360535,,2023-06-06 09:28:10,
941.6090087890625,ccbc9d76c2ebeaf5,0.29731401801109314,-0.0012199999764561653,0.014508038759231567,0.0029779658652842045,2,-90.22500610351562,30.225000381469727,0.9090830087661743,1,-0.12415826320648193,227.00250244140625,2023-06-06 09:28:10,16.087501525878906
941.6385498046875,ccbc9d76c2ebeaf5,0.2726700007915497,-0.024399999529123306,0.0009162971982732415,0.012522728182375431,2,-90.4312515258789,30.543750762939453,0.9614209532737732,2,-0.08720094710588455,213.03001403808594,2023-06-06 09:28:10,16.762500762939453
941.6632080078125,ccbc9d76c2ebeaf5,0.2827959954738617,-0.0462380014359951,,,2,-90.48750305175781,30.806251525878906,0.9067650437355042,3,,213.97500610351562,2023-06-06 09:28:10,17.325000762939453
941.671142578125,ccbc9d76c2ebeaf5,0.32458099722862244,-0.07960499823093414,0.03252854943275452,-0.05352702736854553,2,-90.73125457763672,31.012500762939453,0.9544669389724731,4,0.020158538594841957,217.01251220703125,2023-06-06 09:28:10,17.981250762939453
,ccbc9d76c2ebeaf5,0.279013991355896,-0.04800700023770332,0.01695149764418602,-0.008781181648373604,2,,,0.9739260673522949,5,0.05299251899123192,218.97000122070312,2023-06-06 09:28:10,
941.68408203125,ccbc9d76c2ebeaf5,0.2895669937133789,-0.016103999689221382,0.010766491293907166,0.024663666263222694,2,-90.86250305175781,31.068750381469727,0.9402540326118469,0,-0.0360410213470459,,2023-06-06 09:28:11,18.543750762939453
941.694580078125,ccbc9d76c2ebeaf5,0.2756589949131012,-0.03568499907851219,0.0077121676877141,0.02741255611181259,2,-89.79375457763672,31.162500381469727,0.9160370230674744,1,-0.056428633630275726,212.0175018310547,2023-06-06 09:28:11,18.76875114440918
941.702392578125,ccbc9d76c2ebeaf5,0.26870498061180115,-0.06435500085353851,,,2,-88.78125,31.293750762939453,0.95318603515625,2,,,2023-06-06 09:28:11,18.787500381469727
941.70849609375,ccbc9d76c2ebeaf5,0.3155530095100403,-0.06148799881339073,0.04108065739274025,0.009010255336761475,2,-86.92500305175781,31.575000762939453,0.944890022277832,3,-0.01908952370285988,204.9975128173828,2023-06-06 09:28:11,18.412500381469727
,ccbc9d76c2ebeaf5,0.3038409948348999,-0.08241099864244461,-0.0016035200096666813,0.004810560029000044,2,,,0.9239669442176819,4,0.013668099418282509,,2023-06-06 09:28:11,
941.717529296875,ccbc9d76c2ebeaf5,0.29475200176239014,-0.06197600066661835,0.02176205813884735,0.04298960790038109,2,-84.20625305175781,32.025001525878906,0.9211000204086304,5,0.014737112447619438,207.0225067138672,2023-06-06 09:28:11,17.400001525878906
941.728759765625,ccbc9d76c2ebeaf5,0.2924339771270752,-0.048983000218868256,,,2,-81.63750457763672,32.8125,0.926772952079773,0,,202.0275115966797,2023-06-06 09:28:12,16.23750114440918
,ccbc9d76c2ebeaf5,0.2865779995918274,-0.11193499714136124,0.010995565913617611,-0.029856016859412193,2,,,0.9434260725975037,1,0.017256930470466614,202.97250366210938,2023-06-06 09:28:12,
941.7498779296875,ccbc9d76c2ebeaf5,0.27962401509284973,-0.08241099864244461,,,2,-79.63125610351562,34.05000305175781,1.0121729373931885,2,,,2023-06-06 09:28:12,16.162500381469727
941.787109375,ccbc9d76c2ebeaf5,0.2824299931526184,-0.06337899714708328,0.017562363296747208,0.02718348242342472,2,-77.4937515258789,35.00625228881836,0.9664839506149292,3,0.04436405375599861,204.9975128173828,2023-06-06 09:28:12,16.950000762939453
,ccbc9d76c2ebeaf5,0.28438201546669006,-0.05703499913215637,-0.004428769461810589,0.036880962550640106,2,,,0.9620310068130493,4,-0.032910339534282684,,2023-06-06 09:28:12,
941.8245849609375,ccbc9d76c2ebeaf5,0.2520520091056824,-0.07783599942922592,0.015347977168858051,0.023976443335413933,2,-76.01250457763672,35.60625076293945,0.9821000099182129,5,-0.02130390889942646,203.98500061035156,2023-06-06 09:28:12,17.887500762939453
941.8603515625,ccbc9d76c2ebeaf5,0.283161997795105,-0.0500200018286705,-0.01565340906381607,0.022067490965127945,2,-74.60625457763672,35.56875228881836,0.9470250010490417,6,-0.029016077518463135,201.0150146484375,2023-06-06 09:28:12,19.387500762939453
941.8919677734375,ccbc9d76c2ebeaf5,0.2529059946537018,-0.07930000126361847,,,2,-72.67500305175781,35.56875228881836,0.91640305519104,0,,200.00250244140625,2023-06-06 09:28:13,21.637500762939453
,ccbc9d76c2ebeaf5,0.2752930223941803,-0.10315100103616714,0.004276053514331579,-0.0009926552884280682,2,-70.57500457763672,35.28750228881836,0.9583100080490112,1,0.010919207707047462,201.0150146484375,2023-06-06 09:28:13,24.243751525878906
941.9224853515625,ccbc9d76c2ebeaf5,0.2618120014667511,-0.06594099849462509,0.14660754799842834,-0.05215258151292801,2,,,0.9803920388221741,2,0.05070177838206291,195.00750732421875,2023-06-06 09:28:13,
941.9378662109375,ccbc9d76c2ebeaf5,0.36953800916671753,-0.10656700283288956,-0.07276926934719086,0.03107774630188942,2,-69.30000305175781,34.70625305175781,0.919514000415802,3,0.05589412897825241,187.9875030517578,2023-06-06 09:28:13,27.150001525878906
941.95458984375,ccbc9d76c2ebeaf5,0.2488189935684204,-0.15097500383853912,0.01870773360133171,0.07391463965177536,2,-68.64375305175781,33.86250305175781,0.9534909725189209,4,-0.013820815831422806,196.02000427246094,2023-06-06 09:28:13,30.093751907348633
941.9761962890625,ccbc9d76c2ebeaf5,0.25192999839782715,-0.058803997933864594,,,2,-67.4625015258789,32.38125228881836,0.9265289902687073,5,,198.99000549316406,2023-06-06 09:28:13,32.56875228881836
941.9993896484375,ccbc9d76c2ebeaf5,0.2816369831562042,-0.09082899987697601,0.00045814859913662076,0.0204639695584774,2,-65.75625610351562,31.05000114440918,0.8963340520858765,6,-0.027947064489126205,197.97750854492188,2023-06-06 09:28:13,33.86250305175781
,ccbc9d76c2ebeaf5,0.27626898884773254,-0.08497299998998642,0.02779434807598591,0.005574141163378954,2,-63.468753814697266,30.075000762939453,0.9767929911613464,0,-0.015958841890096664,195.00750732421875,2023-06-06 09:28:14,34.98750305175781
941.997802734375,ccbc9d76c2ebeaf5,0.30664700269699097,-0.1403610110282898,0.03940077871084213,0.0030543238390237093,2,,,0.92781001329422,1,0.11682789027690887,,2023-06-06 09:28:14,
941.9842529296875,ccbc9d76c2ebeaf5,0.2786480188369751,-0.0886939987540245,-0.0009926552884280682,0.0616973415017128,2,-61.593753814697266,29.381250381469727,0.9504410028457642,2,0.061620984226465225,201.0150146484375,2023-06-06 09:28:14,35.53125
941.9798583984375,ccbc9d76c2ebeaf5,0.2835890054702759,-0.05984099954366684,,,2,-60.69375228881836,28.70625114440918,0.9329949617385864,3,,,2023-06-06 09:28:14,35.90625
,ccbc9d76c2ebeaf5,0.2717549800872803,-0.07826299965381622,0.05146535858511925,-0.03520108386874199,2,,,0.9282979965209961,4,-0.06039925664663315,200.00250244140625,2023-06-06 09:28:14,
941.96484375,ccbc9d76c2ebeaf5,0.3241540193557739,-0.10284599661827087,-0.053756099194288254,0.08284853398799896,2,-60.30000305175781,27.95625114440918,0.8902950286865234,5,0.014508038759231567,201.0150146484375,2023-06-06 09:28:14,36.26250076293945
941.9620361328125,ccbc9d76c2ebeaf5,0.26327598094940186,-0.10412700474262238,,,2,-59.587501525878906,27.037500381469727,0.974291980266571,0,,202.0275115966797,2023-06-06 09:28:15,36.78750228881836
941.9503173828125,ccbc9d76c2ebeaf5,0.25272300839424133,-0.1054690033197403,-0.0360410213470459,0.050319984555244446,2,-58.01250076293945,26.043750762939453,0.9453170299530029,1,-0.04451677203178406,198.99000549316406,2023-06-06 09:28:15,36.5625
941.925048828125,ccbc9d76c2ebeaf5,0.3176880180835724,-0.09503799676895142,-0.004963276442140341,-0.004886918235570192,2,-55.125003814697266,25.70625114440918,1.00381600856781,2,-0.10224349051713943,195.00750732421875,2023-06-06 09:28:15,35.64375305175781
941.914794921875,ccbc9d76c2ebeaf5,0.3190299868583679,-0.17159299552440643,-0.021227551624178886,-0.05841394513845444,2,-52.406253814697266,25.350000381469727,0.9145119786262512,3,0.005039634648710489,207.0225067138672,2023-06-06 09:28:15,34.5
,ccbc9d76c2ebeaf5,0.27425602078437805,-0.11943800002336502,0.00022907429956831038,0.06849320977926254,2,,,1.0257760286331177,4,-0.03107774630188942,,2023-06-06 09:28:15,
941.9090576171875,ccbc9d76c2ebeaf5,0.2707180082798004,-0.04514000192284584,0.035735588520765305,-0.049861837178468704,2,-49.66875076293945,25.256250381469727,0.9375090003013611,5,-0.05711585655808449,204.9975128173828,2023-06-06 09:28:15,33.20625305175781
941.9093017578125,ccbc9d76c2ebeaf5,0.33043697476387024,-0.11394800245761871,,,2,-47.025001525878906,25.743751525878906,0.9110349416732788,0,,208.98001098632812,2023-06-06 09:28:16,32.625
941.9180908203125,ccbc9d76c2ebeaf5,0.31244200468063354,-0.14219100773334503,-0.0021380267571657896,0.00511599238961935,2,-44.98125076293945,25.875001907348633,0.9711810350418091,1,0.013897174037992954,,2023-06-06 09:28:16,31.500001907348633
941.93408203125,ccbc9d76c2ebeaf5,0.2934100031852722,-0.0667949989438057,-0.002061668550595641,0.003283398225903511,2,-41.32500076293945,25.818750381469727,0.9313479661941528,2,0.024816380813717842,211.0050048828125,2023-06-06 09:28:16,29.062501907348633
,ccbc9d76c2ebeaf5,0.32964399456977844,-0.08424100279808044,0.0102319847792387,-0.008093958720564842,2,,,0.82880699634552,3,-0.021838415414094925,,2023-06-06 09:28:16,
941.9361572265625,ccbc9d76c2ebeaf5,0.29554498195648193,-0.11236200481653214,-0.2118937224149704,-0.020693045109510422,2,-36.11250305175781,26.812501907348633,1.0116850137710571,4,-0.18921536207199097,213.03001403808594,2023-06-06 09:28:16,26.17500114440918
941.921142578125,ccbc9d76c2ebeaf5,0.2900550067424774,-0.10705500096082687,,,2,-31.500001907348633,28.293750762939453,0.9423280358314514,5,,213.97500610351562,2023-06-06 09:28:16,24.037500381469727
941.8939208984375,ccbc9d76c2ebeaf5,0.22112499177455902,-0.04770199954509735,-0.14950916171073914,0.21952952444553375,2,-30.656251907348633,29.45625114440918,1.1001960039138794,0,-0.2749654948711395,,2023-06-06 09:28:17,22.762500762939453
,ccbc9d76c2ebeaf5,0.3079279959201813,-0.12846601009368896,0.13729186356067657,-0.2438877671957016,2,-29.793750762939453,30.056251525878906,0.8904169797897339,1,-0.08552107214927673,202.0275115966797,2023-06-06 09:28:17,21.337501525878906
941.8818359375,ccbc9d76c2ebeaf5,0.3077450096607208,-0.11187399923801422,-0.13125957548618317,0.11377356201410294,2,,,0.999057948589325,2,0.129426971077919,208.98001098632812,2023-06-06 09:28:17,
941.85693359375,ccbc9d76c2ebeaf5,0.272365003824234,-0.05862100049853325,-0.03023780696094036,0.031841326504945755,2,-25.218751907348633,31.312501907348633,1.0661580562591553,3,-0.16997312009334564,218.02500915527344,2023-06-06 09:28:17,18.84375
941.851806640625,ccbc9d76c2ebeaf5,0.22667601704597473,-0.02458300068974495,,,2,-18.76875114440918,32.66250228881836,0.9566630125045776,4,,216.00001525878906,2023-06-06 09:28:17,16.14375114440918
941.86181640625,ccbc9d76c2ebeaf5,0.3131740093231201,-0.07936099916696548,-0.008093958720564842,-0.004352411720901728,2,-9.693750381469727,34.42500305175781,0.9611769914627075,5,-0.062537282705307,209.9925079345703,2023-06-06 09:28:17,13.893750190734863
941.868408203125,ccbc9d76c2ebeaf5,0.27895301580429077,-0.07893399894237518,-0.03329212963581085,0.021685699000954628,2,-1.0125000476837158,36.86250305175781,1.0273010730743408,6,0.05329795181751251,211.0050048828125,2023-06-06 09:28:17,12.768750190734863
,ccbc9d76c2ebeaf5,0.3067080080509186,-0.006770999636501074,-0.06322450190782547,0.08605557680130005,2,,,1.0274230241775513,0,-0.10384701192378998,216.00001525878906,2023-06-06 09:28:18,
941.8861083984375,ccbc9d76c2ebeaf5,0.2884080111980438,-0.028425998985767365,,,2,5.568750381469727,38.28750228881836,0.888159990310669,1,,209.9925079345703,2023-06-06 09:28:18,12.187500953674316
941.902587890625,ccbc9d76c2ebeaf5,0.3420270085334778,-0.15640400350093842,-0.013515383005142212,-0.11896591633558273,2,12.61875057220459,38.73750305175781,0.8565619587898254,2,-0.2026543915271759,204.9975128173828,2023-06-06 09:28:18,11.49375057220459
941.92822265625,ccbc9d76c2ebeaf5,0.3181760013103485,-0.1416420042514801,-0.09147699922323227,-0.028328854590654373,2,22.61250114440918,38.868751525878906,1.005950927734375,3,-0.11278090626001358,213.97500610351562,2023-06-06 09:28:18,10.068750381469727
,ccbc9d76c2ebeaf5,0.25656598806381226,-0.09784400463104248,-0.11667517572641373,-0.48365217447280884,2,,,0.8818770051002502,4,-0.25266894698143005,,2023-06-06 09:28:18,
941.9608154296875,ccbc9d76c2ebeaf5,0.289139986038208,-0.1294419914484024,0.2667188346385956,0.21051926910877228,2,33.431251525878906,39.60000228881836,1.0789679288864136,5,0.116751529276371,246.98251342773438,2023-06-06 09:28:18,9.131250381469727
941.9678955078125,ccbc9d76c2ebeaf5,0.2470499873161316,-0.038064002990722656,-0.16180281341075897,0.06307178735733032,2,50.13750076293945,39.20625305175781,0.9494650363922119,0,-0.2952767610549927,234.0225067138672,2023-06-06 09:28:19,8.30625057220459
941.998046875,ccbc9d76c2ebeaf5,0.2819420099258423,-0.060694996267557144,,,2,,,0.8752279877662659,1,,240.97500610351562,2023-06-06 09:28:19,
942.0345458984375,ccbc9d76c2ebeaf5,0.2033739984035492,-0.08747399598360062,-0.03474293276667595,0.043982263654470444,2,56.19375228881836,38.71875,0.9409250020980835,2,-0.0654388889670372,241.9875030517578,2023-06-06 09:28:19,7.387500286102295
942.0576171875,ccbc9d76c2ebeaf5,0.20233699679374695,-0.0727120041847229,0.003359756199643016,-0.1395062506198883,2,61.031253814697266,37.85625076293945,0.9073749780654907,3,-0.07246383279561996,244.01251220703125,2023-06-06 09:28:19,6.525000095367432
,ccbc9d76c2ebeaf5,0.22789600491523743,-0.13456600904464722,-0.08384118974208832,-0.04405862092971802,2,,,0.9460490345954895,4,0.027259841561317444,,2023-06-06 09:28:19,
942.0687255859375,ccbc9d76c2ebeaf5,0.27632999420166016,-0.09827099740505219,,,2,66.9375,37.25625228881836,1.0285210609436035,5,,255.0150146484375,2023-06-06 09:28:19,5.662500381469727
942.0770263671875,ccbc9d76c2ebeaf5,0.1596979945898056,-0.051545001566410065,-0.04176788032054901,0.18471023440361023,2,72.75,37.05000305175781,0.9326899647712708,0,-0.14194969832897186,251.97750854492188,2023-06-06 09:28:20,3.9937500953674316
,ccbc9d76c2ebeaf5,0.28389400243759155,-0.1512800008058548,0.1398116797208786,-0.12056943774223328,2,77.625,37.275001525878906,0.8763260245323181,1,-0.150196373462677,234.96751403808594,2023-06-06 09:28:20,2.4000000953674316
,ccbc9d76c2ebeaf5,0.4172399938106537,-0.14231300354003906,-0.26771149039268494,-0.10109812021255493,2,46.03125,42.39375305175781,0.9128040075302124,0,-0.15187625586986542,158.0175018310547,2023-06-06 09:28:24,-5.756250381469727
,ccbc9d76c2ebeaf5,0.33885499835014343,-0.10162600129842758,,,2,,,1.069757103919983,1,,175.0275115966797,2023-06-06 09:28:24,
942.3248291015625,ccbc9d76c2ebeaf5,0.31707799434661865,-0.100832998752594,0.03191768378019333,-0.370184063911438,2,46.087501525878906,41.04375076293945,0.948915958404541,0,-0.1242346242070198,186.97500610351562,2023-06-06 09:28:25,-5.081250190734863
942.347412109375,ccbc9d76c2ebeaf5,0.30481699109077454,-0.16213800013065338,0.06475166976451874,-0.05849030241370201,2,48.20625305175781,40.59375,0.9424499869346619,1,0.06734783947467804,201.0150146484375,2023-06-06 09:28:25,-3.356250047683716
,ccbc9d76c2ebeaf5,0.35782599449157715,-0.04196799919009209,,,2,,,0.8609539270401001,2,,,2023-06-06 09:28:25,
942.3609619140625,ccbc9d76c2ebeaf5,0.2929219901561737,-0.1256600022315979,0.04940368980169296,-0.03497200831770897,2,49.51875305175781,40.95000076293945,1.0176630020141602,3,0.13675735890865326,198.99000549316406,2023-06-06 09:28:25,-2.4375
942.4007568359375,ccbc9d76c2ebeaf5,0.29810699820518494,-0.06734400242567062,0.07086031138896942,0.1599702090024948,2,50.156253814697266,41.681251525878906,0.9541620016098022,4,0.05436696484684944,,2023-06-06 09:28:25,-2.15625
,ccbc9d76c2ebeaf5,0.29944899678230286,-0.11236200481653214,,,2,,,0.9301889538764954,5,,190.01251220703125,2023-06-06 09:28:25,
942.465087890625,ccbc9d76c2ebeaf5,0.3021939992904663,-0.13371199369430542,0.008781181648373604,0.06910407543182373,2,51.22500228881836,43.5,0.9525150060653687,6,0.02283107116818428,191.97000122070312,2023-06-06 09:28:25,-2.1000001430511475
,ccbc9d76c2ebeaf5,0.3206769824028015,-0.0819230005145073,,,2,,,0.9816120266914368,0,,,2023-06-06 09:28:26,
942.51025390625,ccbc9d76c2ebeaf5,0.3512990176677704,-0.0807029977440834,-0.017256930470466614,0.1513417512178421,2,52.33125305175781,44.13750076293945,0.9223200082778931,1,-0.10949750989675522,182.9925079345703,2023-06-06 09:28:26,-2.71875
942.5408935546875,ccbc9d76c2ebeaf5,0.3442229926586151,-0.11821800470352173,-0.06940951198339462,0.046425722539424896,2,54.26250076293945,44.88750076293945,0.9111570119857788,2,-0.03764454275369644,166.99501037597656,2023-06-06 09:28:26,-3.168750047683716
,ccbc9d76c2ebeaf5,0.3062810003757477,-0.10479800403118134,,,2,,,0.9513559937477112,3,,159.97500610351562,2023-06-06 09:28:26,
942.587158203125,ccbc9d76c2ebeaf5,0.3635599911212921,-0.1340170055627823,0.03145953640341759,0.019394956529140472,2,56.19375228881836,46.14375305175781,0.9421449899673462,4,-0.09392046183347702,154.98001098632812,2023-06-06 09:28:26,-4.050000190734863
942.6312255859375,ccbc9d76c2ebeaf5,0.3241540193557739,-0.24692799150943756,-0.06001746281981468,-0.04283689334988594,2,57.150001525878906,47.25,0.8922470211982727,5,-0.13477204740047455,154.98001098632812,2023-06-06 09:28:26,-5.456250190734863
942.66552734375,ccbc9d76c2ebeaf5,0.38179901242256165,-0.1290760040283203,-0.07444914430379868,0.12286017835140228,2,57.76875305175781,47.28750228881836,0.9616650342941284,0,-0.12660172581672668,,2023-06-06 09:28:27,-6.712500095367432
,ccbc9d76c2ebeaf5,0.3253740072250366,-0.14816899597644806,,,2,,,0.9282370209693909,1,,153.0225067138672,2023-06-06 09:28:27,
942.7137451171875,ccbc9d76c2ebeaf5,0.3680129945278168,-0.10528600215911865,0.03940077871084213,-0.049480047076940536,2,64.51875305175781,45.76875305175781,0.8866959810256958,2,0.07918334752321243,160.9875030517578,2023-06-06 09:28:27,-10.818750381469727
,ccbc9d76c2ebeaf5,0.3475169837474823,-0.11156899482011795,,,2,,,0.8852930068969727,3,,,2023-06-06 09:28:27,
942.746337890625,ccbc9d76c2ebeaf5,0.3311690092086792,-0.09461100399494171,0.001832594396546483,-0.03825540840625763,2,72.97500610351562,44.98125076293945,0.9038979411125183,4,0.03222311660647392,164.97000122070312,2023-06-06 09:28:27,-14.512500762939453
,ccbc9d76c2ebeaf5,0.33934301137924194,-0.10199200361967087,,,2,,,0.9667279720306396,5,,166.99501037597656,2023-06-06 09:28:27,
942.767578125,ccbc9d76c2ebeaf5,0.36551201343536377,-0.08149600028991699,0.02390008419752121,0.05108356848359108,2,83.64375305175781,44.26875305175781,0.9403759837150574,6,0.01183550525456667,159.02999877929688,2023-06-06 09:28:27,-18.30000114440918
942.7979736328125,ccbc9d76c2ebeaf5,0.35989999771118164,-0.15982000529766083,0.03886627033352852,0.08826996386051178,2,95.8687515258789,43.95000076293945,0.9753290414810181,0,0.004963276442140341,149.98500061035156,2023-06-06 09:28:28,-22.087501525878906
942.825439453125,ccbc9d76c2ebeaf5,0.3731369972229004,-0.14090999960899353,,,2,108.5250015258789,43.462501525878906,0.8640649914741516,1,,152.010009765625,2023-06-06 09:28:28,-25.968751907348633
,ccbc9d76c2ebeaf5,0.35410499572753906,-0.13987299799919128,-0.021685699000954628,0.008552107028663158,2,116.43750762939453,43.76250076293945,0.9584929943084717,2,-0.016035201027989388,157.0050048828125,2023-06-06 09:28:28,-28.80000114440918
942.8485107421875,ccbc9d76c2ebeaf5,0.3713679909706116,-0.09381800144910812,-0.06559160351753235,-0.002290742937475443,2,,,0.9678869843482971,3,-0.11392628401517868,,2023-06-06 09:28:28,
942.878662109375,ccbc9d76c2ebeaf5,0.3516649901866913,-0.08674199879169464,0.05062541738152504,-0.08292489498853683,2,118.80000305175781,44.587501525878906,0.9329339861869812,4,-0.08483384549617767,155.9925079345703,2023-06-06 09:28:28,-30.375001907348633
942.9239501953125,ccbc9d76c2ebeaf5,0.3768579959869385,-0.1513410061597824,0.0409279391169548,-0.004428769461810589,2,117.58125305175781,45.13125228881836,0.9042029976844788,5,0.046807512640953064,154.98001098632812,2023-06-06 09:28:28,-30.450000762939453
942.9990234375,ccbc9d76c2ebeaf5,0.33678099513053894,-0.15957599878311157,,,2,111.48750305175781,45.375,0.9688019752502441,0,,152.010009765625,2023-06-06 09:28:29,-28.931251525878906
,ccbc9d76c2ebeaf5,0.32384899258613586,-0.1160220056772232,-0.0322994738817215,0.020082179456949234,2,,,0.9014580249786377,1,0.0769689604640007,,2023-06-06 09:28:29,
943.06201171875,ccbc9d76c2ebeaf5,0.3596560060977936,-0.11449700593948364,-0.06017018109560013,-0.06620246917009354,2,100.48125457763672,45.618751525878906,0.9178060293197632,2,0.07444914430379868,159.02999877929688,2023-06-06 09:28:29,-26.36250114440918
943.101318359375,ccbc9d76c2ebeaf5,0.3617299795150757,-0.10577400773763657,-0.0006872228696011007,0.012904518283903599,2,85.01250457763672,46.33125305175781,0.9628850221633911,3,0.04627300798892975,160.9875030517578,2023-06-06 09:28:29,-22.837501525878906
943.1014404296875,ccbc9d76c2ebeaf5,0.3474560081958771,-0.11675400286912918,0.036193739622831345,0.03909534588456154,2,65.92500305175781,46.98750305175781,0.9526980519294739,4,-0.06337722390890121,157.0050048828125,2023-06-06 09:28:29,-18.39375114440918
,ccbc9d76c2ebeaf5,0.32879000902175903,-0.12120699882507324,,,2,,,0.9681920409202576,5,,,2023-06-06 09:28:29,
943.08203125,ccbc9d76c2ebeaf5,0.35819199681282043,-0.10778699815273285,-0.003894262947142124,-0.0884990319609642,2,26.868751525878906,47.23125076293945,0.8766920566558838,6,-0.10201441496610641,158.0175018310547,2023-06-06 09:28:29,-7.650000095367432
943.0667724609375,ccbc9d76c2ebeaf5,0.3518480062484741,-0.14450900256633759,-0.03306305781006813,0.005421424750238657,2,,,1.0440759658813477,0,-0.01206457894295454,157.0050048828125,2023-06-06 09:28:30,
943.072998046875,ccbc9d76c2ebeaf5,0.35947299003601074,-0.14816899597644806,0.030543239787220955,0.06559160351753235,2,14.793750762939453,46.78125,0.9811850190162659,1,-0.011682788841426373,,2023-06-06 09:28:30,-3.9000000953674316
943.0838623046875,ccbc9d76c2ebeaf5,0.32470300793647766,-0.18007199466228485,0.07872519642114639,-0.12156209349632263,2,5.681250095367432,46.368751525878906,0.8731539845466614,2,0.04276053607463837,150.9975128173828,2023-06-06 09:28:30,-1.03125
,ccbc9d76c2ebeaf5,0.31451600790023804,-0.1706780046224594,,,2,-1.3125,45.78750228881836,0.9073749780654907,3,,157.0050048828125,2023-06-06 09:28:30,1.8750001192092896
943.0970458984375,ccbc9d76c2ebeaf5,0.3295830190181732,-0.12090200930833817,0.04367683082818985,0.0029779658652842045,2,,,0.9900299906730652,4,0.18753549456596375,169.02000427246094,2023-06-06 09:28:30,
943.1234130859375,ccbc9d76c2ebeaf5,0.303475022315979,-0.08411899954080582,-0.04245510324835777,-0.060093823820352554,2,-6.900000095367432,44.73750305175781,1.0338280200958252,5,0.02626718580722809,176.98500061035156,2023-06-06 09:28:30,5.493750095367432
,ccbc9d76c2ebeaf5,0.33733001351356506,-0.045200999826192856,,,2,,,0.9853330254554749,0,,180.96751403808594,2023-06-06 09:28:31,
943.126953125,ccbc9d76c2ebeaf5,0.34812700748443604,-0.08173999935388565,-0.02932151034474373,-0.04428769648075104,2,-10.725000381469727,43.25625228881836,0.9017019867897034,1,0.02649625949561596,,2023-06-06 09:28:31,8.86875057220459
943.13525390625,ccbc9d76c2ebeaf5,0.34318599104881287,-0.1172420009970665,-0.03657552972435951,0.11468986421823502,2,-13.031250953674316,41.775001525878906,0.8916369676589966,2,0.0009162971982732415,181.98001098632812,2023-06-06 09:28:31,11.34375
,ccbc9d76c2ebeaf5,0.3047560155391693,-0.11998700350522995,,,2,,,0.9155490398406982,3,,180.0225067138672,2023-06-06 09:28:31,
943.1585693359375,ccbc9d76c2ebeaf5,0.2844429910182953,-0.15439099073410034,0.03733910992741585,0.05062541738152504,2,-13.18125057220459,40.59375,0.8503400683403015,4,-0.01954767294228077,169.02000427246094,2023-06-06 09:28:31,12.750000953674316
943.1717529296875,ccbc9d76c2ebeaf5,0.31042900681495667,-0.12468400597572327,0.054443322122097015,-0.1003345400094986,2,-12.71250057220459,39.60000228881836,0.9102420210838318,5,-0.06498073786497116,165.98251342773438,2023-06-06 09:28:31,13.93125057220459
943.1802978515625,ccbc9d76c2ebeaf5,0.3491640090942383,-0.13712801039218903,,,2,-11.418750762939453,38.56875228881836,0.9735599756240845,6,,,2023-06-06 09:28:31,15.281250953674316
943.1932373046875,ccbc9d76c2ebeaf5,0.31591901183128357,-0.10010100156068802,-0.016340631991624832,0.05581776797771454,2,-10.08750057220459,37.78125,1.0011320114135742,0,-0.1346193253993988,168.00750732421875,2023-06-06 09:28:32,16.61250114440918
,ccbc9d76c2ebeaf5,0.2654719948768616,-0.11663200706243515,,,2,-7.968750476837158,37.3125,0.8668709993362427,1,,166.99501037597656,2023-06-06 09:28:32,17.625
943.2144775390625,ccbc9d76c2ebeaf5,0.26968100666999817,-0.1495719999074936,0.08750637620687485,-0.09208786487579346,2,,,0.9148780107498169,2,-0.04650207981467247,165.98251342773438,2023-06-06 09:28:32,
943.2315673828125,ccbc9d76c2ebeaf5,0.387472003698349,-0.18056000769138336,-0.0010690133785828948,-0.00022907429956831038,2,-5.306250095367432,36.900001525878906,0.8625399470329285,3,0.25870123505592346,170.97750854492188,2023-06-06 09:28:32,18.09375
,ccbc9d76c2ebeaf5,0.31616300344467163,-0.10748200118541718,,,2,-1.7625000476837158,36.84375,0.9311649799346924,4,,179.010009765625,2023-06-06 09:28:32,18.225000381469727
943.2437744140625,ccbc9d76c2ebeaf5,0.29316601157188416,-0.026169002056121826,-0.027947064489126205,-0.04153880476951599,2,,,0.9701439738273621,5,0.06337722390890121,185.0175018310547,2023-06-06 09:28:32,
943.254150390625,ccbc9d76c2ebeaf5,0.3369029760360718,-0.1185230016708374,-0.059024810791015625,0.019853105768561363,2,3.375000238418579,36.69375228881836,0.9653860330581665,6,-0.08865175396203995,,2023-06-06 09:28:32,18.75
943.260986328125,ccbc9d76c2ebeaf5,0.3155530095100403,-0.11931600421667099,,,2,9.356250762939453,36.39375305175781,0.9856990575790405,0,,,2023-06-06 09:28:33,19.106250762939453
,ccbc9d76c2ebeaf5,0.3181760013103485,-0.1113860011100769,-0.05283980444073677,0.04841103404760361,2,,,0.9173790216445923,1,-0.16081015765666962,180.0225067138672,2023-06-06 09:28:33,
943.267822265625,ccbc9d76c2ebeaf5,0.3220190107822418,-0.13761599361896515,0.004428769461810589,0.01611155830323696,2,15.99375057220459,36.39375305175781,0.9500749707221985,2,-0.10308343172073364,171.99000549316406,2023-06-06 09:28:33,18.5625
,ccbc9d76c2ebeaf5,0.3382450044155121,-0.1798890084028244,,,2,22.14375114440918,36.58125305175781,0.879863977432251,3,,169.02000427246094,2023-06-06 09:28:33,17.775001525878906
943.2786865234375,ccbc9d76c2ebeaf5,0.32336100935935974,-0.17872999608516693,0.08750637620687485,-0.03222311660647392,2,,,0.8861470222473145,4,0.08651372790336609,170.97750854492188,2023-06-06 09:28:33,
943.2860107421875,ccbc9d76c2ebeaf5,0.3537999987602234,-0.11712000519037247,,,2,27.450000762939453,37.03125,1.0031449794769287,5,,177.9975128173828,2023-06-06 09:28:33,16.725000381469727
943.29638671875,ccbc9d76c2ebeaf5,0.32427600026130676,-0.07204099744558334,0.04993819445371628,0.018631376326084137,2,31.931251525878906,37.89375305175781,1.02223801612854,6,0.14698933064937592,180.96751403808594,2023-06-06 09:28:33,15.356250762939453
,ccbc9d76c2ebeaf5,0.33171799778938293,-0.08607099950313568,-0.011911863461136818,7.635809743078426e-05,2,,,0.9449509978294373,7,0.04222602769732475,,2023-06-06 09:28:33,
943.3126220703125,ccbc9d76c2ebeaf5,0.31323501467704773,-0.09936899691820145,,,2,35.85000228881836,38.73750305175781,0.9548330307006836,0,,186.03001403808594,2023-06-06 09:28:34,13.83750057220459
943.3267822265625,ccbc9d76c2ebeaf5,0.2982900142669678,-0.07466399669647217,-0.060704685747623444,0.06291907280683517,2,38.08125305175781,38.32500076293945,0.9137189984321594,1,-0.03711003437638283,189,2023-06-06 09:28:34,10.55625057220459
,ccbc9d76c2ebeaf5,0.3180539906024933,-0.09692899882793427,-0.033597562462091446,-0.027870705351233482,2,,,0.9627019762992859,2,-0.045967575162649155,192.98251342773438,2023-06-06 09:28:34,
943.3349609375,ccbc9d76c2ebeaf5,0.33550000190734863,-0.05697400122880936,,,2,38.625,37.96875,0.979477047920227,3,,,2023-06-06 09:28:34,5.475000381469727
943.328857421875,ccbc9d76c2ebeaf5,0.3268379867076874,-0.06270799785852432,-0.022220205515623093,0.059864748269319534,2,38.38125228881836,38.25,0.9457440376281738,4,-0.18379394710063934,191.97000122070312,2023-06-06 09:28:34,0.22500000894069672
,ccbc9d76c2ebeaf5,0.3076839745044708,-0.08796200156211853,-0.07628174126148224,-0.050549060106277466,2,,,0.9458659887313843,5,-0.21212279796600342,,2023-06-06 09:28:34,
943.3277587890625,ccbc9d76c2ebeaf5,0.25857898592948914,-0.11376499384641647,0.04886918142437935,-0.31177011132240295,2,38.0625,38.45625305175781,0.898285984992981,6,-0.0792597085237503,211.0050048828125,2023-06-06 09:28:34,-4.856250286102295
943.3455810546875,ccbc9d76c2ebeaf5,0.2551020085811615,-0.08143500238656998,0.019013166427612305,0.12255474925041199,2,38.10000228881836,39.03750228881836,0.9864919781684875,0,-0.031154103577136993,206.010009765625,2023-06-06 09:28:35,-10.237500190734863
943.3720703125,ccbc9d76c2ebeaf5,0.2984119951725006,-0.1109590008854866,,,2,38.17500305175781,39.712501525878906,0.9482449889183044,1,,203.98500061035156,2023-06-06 09:28:35,-15.937500953674316
943.4080810546875,ccbc9d76c2ebeaf5,0.25735899806022644,-0.12242699414491653,-0.003894262947142124,0.13988803327083588,2,37.10625076293945,40.16250228881836,0.9368379712104797,2,0.025274530053138733,202.97250366210938,2023-06-06 09:28:35,-21.506250381469727
,ccbc9d76c2ebeaf5,0.268216997385025,-0.06484299898147583,0.018784092739224434,0.03581194952130318,2,,,0.90938800573349,3,-0.021838415414094925,,2023-06-06 09:28:35,
943.4342041015625,ccbc9d76c2ebeaf5,0.30707401037216187,-0.05319200083613396,-0.010461059398949146,-0.03955349326133728,2,35.04375076293945,40.5,0.9700220227241516,4,0.042684175074100494,201.0150146484375,2023-06-06 09:28:35,-26.531251907348633
943.456787109375,ccbc9d76c2ebeaf5,0.31787100434303284,-0.042760998010635376,-0.021685699000954628,0.11018473654985428,2,32.85000228881836,41.28750228881836,1.0270570516586304,5,-0.03955349326133728,202.0275115966797,2023-06-06 09:28:35,-29.606250762939453
943.48095703125,ccbc9d76c2ebeaf5,0.2857239842414856,-0.07149200141429901,,,2,30.318750381469727,41.47500228881836,0.9189650416374207,0,,196.02000427246094,2023-06-06 09:28:36,-30.825000762939453
943.5101318359375,ccbc9d76c2ebeaf5,0.29438599944114685,-0.028303999453783035,0.002825249684974551,0.003970621153712273,2,27.187501907348633,40.98750305175781,0.8778510093688965,1,-0.008933897130191326,189,2023-06-06 09:28:36,-31.256250381469727
943.529541015625,ccbc9d76c2ebeaf5,0.31201499700546265,-0.0874129980802536,-0.00022907429956831038,0.10193806141614914,2,22.70625114440918,40.59375,0.9570900201797485,2,-0.08582650125026703,,2023-06-06 09:28:36,-30.843751907348633
943.5576171875,ccbc9d76c2ebeaf5,0.3315350115299225,-0.05569300055503845,,,2,17.118751525878906,39.82500076293945,0.9797210097312927,3,,182.9925079345703,2023-06-06 09:28:36,-29.92500114440918
943.58447265625,ccbc9d76c2ebeaf5,0.29731401801109314,-0.07746999710798264,-0.0027488914784044027,0.0631481483578682,2,10.481250762939453,38.75625228881836,0.8989570140838623,4,0.07399099320173264,,2023-06-06 09:28:36,-28.875001907348633
,ccbc9d76c2ebeaf5,0.32250699400901794,-0.06356199830770493,0.02412915788590908,-0.08743002265691757,2,,,0.859550952911377,0,-0.036422811448574066,180.0225067138672,2023-06-06 09:28:37,
943.6038818359375,ccbc9d76c2ebeaf5,0.3214089870452881,-0.0340379998087883,,,2,4.256250381469727,37.23750305175781,0.9996070265769958,1,,186.97500610351562,2023-06-06 09:28:37,-28.837501525878906
,ccbc9d76c2ebeaf5,0.3176880180835724,0.010247999802231789,-0.06001746281981468,0.07620538026094437,2,-0.9187500476837158,35.212501525878906,1.0144909620285034,2,-0.11087195575237274,,2023-06-06 09:28:37,-32.04375076293945
943.6304931640625,ccbc9d76c2ebeaf5,0.32720401883125305,-0.08302100002765656,-0.04230238497257233,-0.008170315995812416,2,,,0.8461309671401978,3,-0.20418155193328857,179.010009765625,2023-06-06 09:28:37,
943.6656494140625,ccbc9d76c2ebeaf5,0.3190299868583679,-0.05374100059270859,,,2,-4.40625,33.78750228881836,0.961482048034668,4,,,2023-06-06 09:28:37,-37.05000305175781
943.6612548828125,ccbc9d76c2ebeaf5,0.3088430166244507,-0.09229300171136856,-0.011300998739898205,-0.024434590712189674,2,-6.600000381469727,32.962501525878906,0.8475339412689209,5,-0.060093823820352554,175.0275115966797,2023-06-06 09:28:37,-42.69375228881836
943.641845703125,ccbc9d76c2ebeaf5,0.3543490171432495,-0.04270000010728836,-0.010155626572668552,-0.011148282326757908,2,-7.762500286102295,31.500001907348633,0.9584320187568665,6,0.0005345066892914474,182.9925079345703,2023-06-06 09:28:37,-47.53125
943.6331787109375,ccbc9d76c2ebeaf5,0.3245199918746948,-0.01970299892127514,-0.025121813639998436,-0.004505127668380737,2,-7.143750190734863,28.912500381469727,0.9519660472869873,7,-0.05192350596189499,184.0050048828125,2023-06-06 09:28:37,-50.73750305175781
,ccbc9d76c2ebeaf5,0.2938980162143707,-0.0529480017721653,0.01435532234609127,0.06444623321294785,2,,,0.9337270259857178,0,-0.032910339534282684,,2023-06-06 09:28:38,
943.625732421875,ccbc9d76c2ebeaf5,0.31744399666786194,-0.05056900158524513,,,2,-5.568750381469727,26.92500114440918,0.8170950412750244,1,,181.98001098632812,2023-06-06 09:28:38,-53.08125305175781
943.6031494140625,ccbc9d76c2ebeaf5,0.3488590121269226,-0.045993998646736145,0.008857538923621178,-0.10071633011102676,2,-2.325000047683716,25.875001907348633,0.9229300022125244,2,-0.014202605932950974,182.9925079345703,2023-06-06 09:28:38,-54.67500305175781
943.5811767578125,ccbc9d76c2ebeaf5,0.33043697476387024,-0.058132998645305634,-0.04520399495959282,0.033979352563619614,2,1.8750001192092896,25.087501525878906,0.9994849562644958,3,-0.08422297984361649,186.03001403808594,2023-06-06 09:28:38,-54.91875076293945
,ccbc9d76c2ebeaf5,0.28377199172973633,-0.04361500218510628,-0.016875140368938446,0.021838415414094925,2,,,0.985821008682251,4,-0.1303432732820511,185.0175018310547,2023-06-06 09:28:38,
943.566650390625,ccbc9d76c2ebeaf5,0.29267799854278564,-0.08033700287342072,0.01802051067352295,-0.0007635809597559273,2,7.931250095367432,23.92500114440918,0.9404370188713074,5,-0.03932442143559456,177.9975128173828,2023-06-06 09:28:38,-50.98125076293945
943.5452880859375,ccbc9d76c2ebeaf5,0.31073400378227234,-0.09223199635744095,,,2,14.887500762939453,22.200000762939453,0.9472689628601074,0,,,2023-06-06 09:28:39,-44.25
943.5291748046875,ccbc9d76c2ebeaf5,0.3004249930381775,-0.0739930048584938,-0.009086613543331623,-0.01282816007733345,2,21.01875114440918,20.73750114440918,0.9331170320510864,1,0.033139415085315704,179.010009765625,2023-06-06 09:28:39,-36.806251525878906
943.5196533203125,ccbc9d76c2ebeaf5,0.3004249930381775,-0.050996001809835434,-0.01695149764418602,0.03176496922969818,2,26.381250381469727,20.475000381469727,0.9715469479560852,2,-0.004123337101191282,185.0175018310547,2023-06-06 09:28:39,-30.30000114440918
,ccbc9d76c2ebeaf5,0.27956297993659973,-0.06026799976825714,-0.017715077847242355,-0.02496909722685814,2,,,0.9759389758110046,3,0.000839939049910754,186.03001403808594,2023-06-06 09:28:39,
943.5135498046875,ccbc9d76c2ebeaf5,0.34440597891807556,-0.026778999716043472,-0.01030834298580885,0.07009673118591309,2,30.431251525878906,21.731250762939453,0.8810840249061584,4,-0.07246383279561996,185.0175018310547,2023-06-06 09:28:39,-26.137500762939453
943.5050048828125,ccbc9d76c2ebeaf5,0.2844429910182953,-0.1038220003247261,,,2,34.14375305175781,23.006250381469727,0.9672160744667053,5,,182.9925079345703,2023-06-06 09:28:39,-22.80000114440918
943.5198974609375,ccbc9d76c2ebeaf5,0.2925559878349304,-0.05666900426149368,-0.01847865991294384,0.01954767294228077,2,36.73125076293945,23.606250762939453,0.9100589752197266,0,-0.05024362727999687,179.010009765625,2023-06-06 09:28:40,-19.80000114440918
943.5189208984375,ccbc9d76c2ebeaf5,0.32598400115966797,-0.09357400238513947,0.01282816007733345,0.028634287416934967,2,38.625,24.356250762939453,0.9908230304718018,1,-0.022296564653515816,176.98500061035156,2023-06-06 09:28:40,-17.212501525878906
,ccbc9d76c2ebeaf5,0.31366199254989624,-0.06331799924373627,-0.021914774551987648,0.029856016859412193,2,,,0.9553210139274597,2,-0.08513928204774857,175.97250366210938,2023-06-06 09:28:40,
943.5057373046875,ccbc9d76c2ebeaf5,0.29438599944114685,-0.08759599924087524,,,2,38.13750076293945,26.17500114440918,0.9301889538764954,3,,169.02000427246094,2023-06-06 09:28:40,-15.881250381469727
943.47607421875,ccbc9d76c2ebeaf5,0.3105509877204895,-0.06551399827003479,-0.1320231556892395,0.0487164668738842,2,36.056251525878906,28.256250381469727,0.9588589668273926,4,-0.16409355401992798,170.03250122070312,2023-06-06 09:28:40,-15.450000762939453
,ccbc9d76c2ebeaf5,0.2982900142669678,-0.17244699597358704,0.009773836471140385,0.03764454275369644,2,,,0.9772809743881226,5,-0.10468695312738419,164.02500915527344,2023-06-06 09:28:40,
943.43408203125,ccbc9d76c2ebeaf5,0.32976600527763367,-0.12633100152015686,,,2,34.42500305175781,30.075000762939453,0.9236010313034058,6,,158.0175018310547,2023-06-06 09:28:40,-15.33750057220459
943.40478515625,ccbc9d76c2ebeaf5,0.3430030047893524,-0.10973899811506271,-0.006108647678047419,0.08025235682725906,2,30.787500381469727,32.13750076293945,0.8931620121002197,0,-0.013362666592001915,150.9975128173828,2023-06-06 09:28:41,-15.393750190734863
,ccbc9d76c2ebeaf5,0.34525999426841736,-0.11864499747753143,-0.03817904740571976,0.027947064489126205,2,25.70625114440918,34.16250228881836,0.8890140056610107,1,-0.0850629210472107,,2023-06-06 09:28:41,-15.225000381469727
943.3658447265625,ccbc9d76c2ebeaf5,0.29737499356269836,-0.1736059933900833,-0.03955349326133728,0.0025961752980947495,2,,,0.9627019762992859,2,-0.0717766135931015,149.98500061035156,2023-06-06 09:28:41,
943.3458251953125,ccbc9d76c2ebeaf5,0.3434300124645233,-0.16061300039291382,,,2,20.17500114440918,35.962501525878906,0.9162200093269348,3,,142.02000427246094,2023-06-06 09:28:41,-14.943750381469727
943.3345947265625,ccbc9d76c2ebeaf5,0.3348290026187897,-0.2197829931974411,0.007864884100854397,-0.03520108386874199,2,15.787500381469727,37.53750228881836,0.923539936542511,4,-0.12583814561367035,139.99501037597656,2023-06-06 09:28:41,-14.887500762939453
943.3306884765625,ccbc9d76c2ebeaf5,0.303475022315979,-0.2369849979877472,0.05658135190606117,-0.0501672700047493,2,11.77500057220459,39.13125228881836,0.9342759847640991,5,0.04848739132285118,147.01499938964844,2023-06-06 09:28:41,-15.206250190734863
,ccbc9d76c2ebeaf5,0.30823299288749695,-0.22844499349594116,,,2,,,0.9425110220909119,6,,,2023-06-06 09:28:41,
943.347900390625,ccbc9d76c2ebeaf5,0.33385300636291504,-0.2084980010986328,0.04528035223484039,-0.0461202897131443,2,7.593750476837158,40.81875228881836,0.957211971282959,0,0.18486295640468597,157.0050048828125,2023-06-06 09:28:42,-15.543750762939453
943.3624267578125,ccbc9d76c2ebeaf5,0.36868399381637573,-0.14475300908088684,-0.06223184987902641,-0.03252854943275452,2,2.700000047683716,42.5625,0.9028000235557556,1,0.21051926910877228,166.99501037597656,2023-06-06 09:28:42,-16.200000762939453
943.3739013671875,ccbc9d76c2ebeaf5,0.3656339943408966,-0.11108099669218063,-0.05123628303408623,0.010690134018659592,2,-2.53125,44.04375076293945,0.8718120455741882,2,-0.0010690133785828948,175.97250366210938,2023-06-06 09:28:42,-17.36250114440918
943.378173828125,ccbc9d76c2ebeaf5,0.33610999584198,-0.1403610110282898,-0.046654798090457916,0.039018988609313965,2,-6.525000095367432,44.681251525878906,0.919514000415802,3,-0.12713623046875,169.02000427246094,2023-06-06 09:28:42,-18.5625
,ccbc9d76c2ebeaf5,0.36844000220298767,-0.18263401091098785,-0.021685699000954628,-0.02496909722685814,2,-7.968750476837158,44.56875228881836,0.9350079894065857,4,-0.044440411031246185,170.03250122070312,2023-06-06 09:28:42,-19.89375114440918
943.3724365234375,ccbc9d76c2ebeaf5,0.3417220115661621,-0.23295898735523224,,,2,,,0.9639830589294434,5,,175.0275115966797,2023-06-06 09:28:42,
943.371826171875,ccbc9d76c2ebeaf5,0.31122201681137085,-0.1899539977312088,0.0035888305865228176,-0.013744457624852657,2,-8.77500057220459,44.17500305175781,1.012112021446228,0,0.06146826967597008,,2023-06-06 09:28:43,-21.618751525878906
943.383056640625,ccbc9d76c2ebeaf5,0.3487370014190674,-0.11931600421667099,-0.004581485874950886,0.03245219215750694,2,-10.08750057220459,44.04375076293945,0.9422059655189514,1,0.055512335151433945,175.97250366210938,2023-06-06 09:28:43,-23.36250114440918
943.411865234375,ccbc9d76c2ebeaf5,0.3252519965171814,-0.1626870036125183,0.014508038759231567,-0.03275762498378754,2,-10.93125057220459,43.72500228881836,0.8762650489807129,2,0.10972658544778824,177.9975128173828,2023-06-06 09:28:43,-24.58125114440918
,ccbc9d76c2ebeaf5,0.3480660021305084,-0.12114600092172623,,,2,,,0.9717909693717957,3,,190.01251220703125,2023-06-06 09:28:43,
943.465087890625,ccbc9d76c2ebeaf5,0.3424540162086487,-0.09863699972629547,-0.03222311660647392,-0.03802633285522461,2,-11.175000190734863,43.40625,1.0489559173583984,4,0.1118646115064621,196.02000427246094,2023-06-06 09:28:43,-25.481250762939453
,ccbc9d76c2ebeaf5,0.3447110056877136,-0.04703100025653839,-0.05169443041086197,0.00045814859913662076,2,-10.856250762939453,43.21875,0.9453170299530029,5,-0.023212861269712448,198.99000549316406,2023-06-06 09:28:43,-26.193750381469727
943.4976806640625,ccbc9d76c2ebeaf5,0.352275013923645,-0.056425001472234726,-0.0821613147854805,0.03451386094093323,2,-10.068750381469727,42.9375,0.9587979912757874,6,-0.15661045908927917,197.97750854492188,2023-06-06 09:28:43,-26.231250762939453
,ccbc9d76c2ebeaf5,0.375698983669281,-0.05014200136065483,,,2,,,0.885049045085907,0,,191.97000122070312,2023-06-06 09:28:44,
943.5133056640625,ccbc9d76c2ebeaf5,0.32519102096557617,-0.15902699530124664,-0.08040507882833481,-0.022754713892936707,2,-7.650000095367432,42.5625,1.0091840028762817,1,-0.1602756530046463,192.98251342773438,2023-06-06 09:28:44,-26.006250381469727
,ccbc9d76c2ebeaf5,0.3311690092086792,-0.13182100653648376,,,2,,,0.9315919876098633,2,,,2023-06-06 09:28:44,
943.5435791015625,ccbc9d76c2ebeaf5,0.316101998090744,-0.09028000384569168,-0.01183550525456667,-0.004046979360282421,2,-5.25,42.337501525878906,1.00375497341156,3,-0.01695149764418602,197.03250122070312,2023-06-06 09:28:44,-25.42500114440918
,ccbc9d76c2ebeaf5,0.3307420015335083,-0.08625400066375732,0.06039925664663315,-0.04543306678533554,2,-3.0562500953674316,42.01875305175781,0.9345200061798096,4,0.011148282326757908,200.00250244140625,2023-06-06 09:28:44,-24.86250114440918
943.5655517578125,ccbc9d76c2ebeaf5,0.3448939919471741,-0.05685199797153473,,,2,,,0.9359839558601379,5,,208.98001098632812,2023-06-06 09:28:44,
943.557861328125,ccbc9d76c2ebeaf5,0.35239699482917786,-0.06331799924373627,-0.004810560029000044,-0.06620246917009354,2,-1.256250023841858,41.70000076293945,0.9090220332145691,6,0.011453714221715927,,2023-06-06 09:28:44,-24.48750114440918
,ccbc9d76c2ebeaf5,0.3710629940032959,-0.040199000388383865,-0.10758855938911438,0.1455385386943817,2,-0.375,41.79375076293945,1.0118070840835571,7,-0.17455461621284485,216.00001525878906,2023-06-06 09:28:44,-24.787500381469727
943.5140380859375,ccbc9d76c2ebeaf5,0.29304400086402893,-0.04751899838447571,-0.03810269013047218,0.028634287416934967,2,0.26250001788139343,41.90625,0.956296980381012,0,-0.21479532122612,193.99501037597656,2023-06-06 09:28:45,-25.387500762939453
943.47412109375,ccbc9d76c2ebeaf5,0.3290340006351471,-0.11077599972486496,,,2,,,0.9147559404373169,1,,175.97250366210938,2023-06-06 09:28:45,
943.4527587890625,ccbc9d76c2ebeaf5,0.36758601665496826,-0.15304900705814362,-0.3206276595592499,-0.4172206521034241,2,0.9375000596046448,41.88750076293945,0.9617260098457336,2,-0.2467893660068512,181.98001098632812,2023-06-06 09:28:45,-26.100000381469727
,ccbc9d76c2ebeaf5,0.29932701587677,-0.11529000103473663,,,2,,,0.9312869906425476,3,,231.9975128173828,2023-06-06 09:28:45,
943.4849853515625,ccbc9d76c2ebeaf5,0.19300399720668793,-0.10064999759197235,0.145614892244339,0.019624030217528343,2,2.3812501430511475,41.70000076293945,1.0957430601119995,4,0.18753549456596375,224.97750854492188,2023-06-06 09:28:45,-27.525001525878906
,ccbc9d76c2ebeaf5,0.2630929946899414,-0.07917799800634384,,,2,,,1.0048530101776123,5,,227.00250244140625,2023-06-06 09:28:45,
943.4962158203125,ccbc9d76c2ebeaf5,0.2610189914703369,-0.08485100418329239,0.1003345400094986,-0.010690134018659592,2,1.6500000953674316,42.01875305175781,0.9468419551849365,0,0.16875138878822327,234.0225067138672,2023-06-06 09:28:46,-28.087501525878906
943.5045166015625,ccbc9d76c2ebeaf5,0.27260899543762207,-0.04404200240969658,-0.03955349326133728,-0.009621120058000088,2,1.068750023841858,42.50625228881836,0.9365940093994141,1,0.10774127393960953,241.9875030517578,2023-06-06 09:28:46,-28.293750762939453
943.525146484375,ccbc9d76c2ebeaf5,0.2660819888114929,-0.04483500123023987,-0.03909534588456154,0.06895136088132858,2,1.1437500715255737,42.58125305175781,1.0176630020141602,2,-0.11033745110034943,,2023-06-06 09:28:46,-28.106250762939453
943.56298828125,ccbc9d76c2ebeaf5,0.27553701400756836,-0.03727100044488907,-0.08063415437936783,0.06238456442952156,2,1.818750023841858,41.94375228881836,0.9706319570541382,3,-0.21540619432926178,234.96751403808594,2023-06-06 09:28:46,-26.92500114440918
,ccbc9d76c2ebeaf5,0.3071350157260895,-0.06752700358629227,,,2,2.5500001907348633,41.15625,0.9333000183105469,4,,229.0275115966797,2023-06-06 09:28:46,-25.500001907348633
943.61279296875,ccbc9d76c2ebeaf5,0.3064029812812805,-0.10077200084924698,-0.009773836471140385,0.009162971749901772,2,,,0.8961510062217712,5,-0.036422811448574066,219.98251342773438,2023-06-06 09:28:46,
943.6456298828125,ccbc9d76c2ebeaf5,0.3243370056152344,-0.054106999188661575,0.0066431546583771706,0.034437503665685654,2,3.5812501907348633,40.3125,0.9745360016822815,0,-0.012904518283903599,224.0325164794922,2023-06-06 09:28:47,-24.506250381469727
943.6678466796875,ccbc9d76c2ebeaf5,0.33800098299980164,-0.06575799733400345,-0.04810560122132301,0.0027488914784044027,2,4.668750286102295,39.86250305175781,0.9013359546661377,1,-0.051618073135614395,218.02500915527344,2023-06-06 09:28:47,-24.150001525878906
943.67724609375,ccbc9d76c2ebeaf5,0.33733001351356506,-0.015432999469339848,-0.08750637620687485,0.060322895646095276,2,6.600000381469727,39.375,1.0058900117874146,2,-0.2292270064353943,,2023-06-06 09:28:47,-24.731250762939453
,ccbc9d76c2ebeaf5,0.32763099670410156,-0.037636999040842056,,,2,,,0.8854149580001831,3,,206.010009765625,2023-06-06 09:28:47,
943.6763916015625,ccbc9d76c2ebeaf5,0.2987779974937439,-0.10729899257421494,-0.10995566099882126,-0.047265663743019104,2,9.375,38.41875076293945,0.8977980017662048,4,-0.28038692474365234,202.0275115966797,2023-06-06 09:28:47,-25.631250381469727
,ccbc9d76c2ebeaf5,0.29432499408721924,-0.1584780067205429,0.012904518283903599,-0.04436405375599861,2,12.037500381469727,37.40625,0.9889320135116577,5,-0.0435241162776947,195.00750732421875,2023-06-06 09:28:47,-26.812501907348633
943.6798095703125,ccbc9d76c2ebeaf5,0.33671998977661133,-0.1218779981136322,,,2,,,0.9501970410346985,6,,,2023-06-06 09:28:47,
943.6910400390625,ccbc9d76c2ebeaf5,0.32464200258255005,-0.10516399145126343,0.028863361105322838,-0.05696314200758934,2,14.231250762939453,36.806251525878906,1.0132709741592407,0,0.14088068902492523,198.99000549316406,2023-06-06 09:28:48,-28.125001907348633
943.701171875,ccbc9d76c2ebeaf5,0.3087819814682007,-0.05740099772810936,0.14103341102600098,-0.02779434807598591,2,15.656250953674316,36.91875076293945,0.9721570014953613,1,0.09300415962934494,206.010009765625,2023-06-06 09:28:48,-29.531251907348633
,ccbc9d76c2ebeaf5,0.3084160089492798,-0.03226900100708008,,,2,16.6875,37.29375076293945,0.9572730660438538,2,,212.0175018310547,2023-06-06 09:28:48,-29.981250762939453
943.71337890625,ccbc9d76c2ebeaf5,0.32555699348449707,-0.08417999744415283,0.09720385819673538,-0.10957387089729309,2,,,0.9273830056190491,3,0.09147699922323227,213.97500610351562,2023-06-06 09:28:48,
943.733154296875,ccbc9d76c2ebeaf5,0.30652499198913574,-0.05947500094771385,-0.0022143847309052944,0.0461202897131443,2,16.96875,37.837501525878906,0.9808189868927002,4,-0.02893971838057041,219.98251342773438,2023-06-06 09:28:48,-29.962501525878906
943.770263671875,ccbc9d76c2ebeaf5,0.27962401509284973,0.019398000091314316,-0.17829616367816925,0.03825540840625763,2,16.556251525878906,38.34375,0.9656910300254822,5,-0.2519817352294922,208.98001098632812,2023-06-06 09:28:48,-29.906251907348633
943.7828369140625,ccbc9d76c2ebeaf5,0.32293400168418884,-0.058132998645305634,-0.11102467030286789,0.05283980444073677,2,16.162500381469727,38.26875305175781,1.016564965248108,0,-0.2819904685020447,,2023-06-06 09:28:49,-30.450000762939453
,ccbc9d76c2ebeaf5,0.2652890086174011,-0.12761199474334717,,,2,15.731250762939453,38.4375,0.9325680732727051,1,,198.99000549316406,2023-06-06 09:28:49,-30.993751525878906
943.792724609375,ccbc9d76c2ebeaf5,0.3193959891796112,-0.11169100552797318,0.00511599238961935,-0.04550942778587341,2,,,0.9502580165863037,2,-0.18180863559246063,195.00750732421875,2023-06-06 09:28:49,
943.801025390625,ccbc9d76c2ebeaf5,0.30579301714897156,-0.14097100496292114,0.01649334840476513,0.04413498193025589,2,15.356250762939453,38.75625228881836,0.8903560042381287,3,-0.0206166859716177,181.98001098632812,2023-06-06 09:28:49,-31.743751525878906
943.8056640625,ccbc9d76c2ebeaf5,0.3177489936351776,-0.1205969974398613,-0.039858926087617874,-0.004886918235570192,2,15.450000762939453,39.09375,0.9611160159111023,4,0.07948877662420273,,2023-06-06 09:28:49,-32.79375076293945
943.800048828125,ccbc9d76c2ebeaf5,0.33171799778938293,-0.06307400017976761,-0.027259841561317444,-0.009697478264570236,2,16.125,38.92500305175781,1.0032670497894287,5,-0.009926552884280682,191.02500915527344,2023-06-06 09:28:49,-34.51875305175781
,ccbc9d76c2ebeaf5,0.2971310019493103,-0.08442399650812149,,,2,,,0.905239999294281,6,,189,2023-06-06 09:28:49,
943.79443359375,ccbc9d76c2ebeaf5,0.3215309977531433,-0.10656700283288956,0.016798781231045723,-0.05841394513845444,2,17.55000114440918,38.025001525878906,0.8824259638786316,0,-0.016187917441129684,185.0175018310547,2023-06-06 09:28:50,-37.368751525878906
,ccbc9d76c2ebeaf5,0.29353198409080505,-0.10498099774122238,,,2,21,36.41250228881836,0.9469640254974365,1,,187.9875030517578,2023-06-06 09:28:50,-39.78750228881836
943.784423828125,ccbc9d76c2ebeaf5,0.3109780251979828,-0.13096699118614197,0.004657844081521034,-0.03565923124551773,2,26.381250381469727,34.66875076293945,0.9366549849510193,2,-0.015271619893610477,,2023-06-06 09:28:50,-41.775001525878906
943.779296875,ccbc9d76c2ebeaf5,0.31195399165153503,-0.12297599762678146,0.017715077847242355,0.025503603741526604,2,31.89375114440918,33.67500305175781,0.9602009654045105,3,0.021227551624178886,184.0050048828125,2023-06-06 09:28:50,-44.10000228881836
,ccbc9d76c2ebeaf5,0.32720401883125305,-0.09088999778032303,-0.023976443335413933,-0.01763872057199478,2,37.181251525878906,32.66250228881836,0.9570900201797485,4,-0.03252854943275452,,2023-06-06 09:28:50,-47.0625
943.78662109375,ccbc9d76c2ebeaf5,0.30621999502182007,-0.13718900084495544,-0.0021380267571657896,-0.012522728182375431,2,,,0.9428160190582275,5,0.017486004158854485,182.9925079345703,2023-06-06 09:28:50,
943.7789306640625,ccbc9d76c2ebeaf5,0.30030301213264465,-0.12151200324296951,0.028328854590654373,0.023212861269712448,2,42.337501525878906,31.42500114440918,0.9211609959602356,0,-0.004276053514331579,180.0225067138672,2023-06-06 09:28:51,-50.08125305175781
943.7730712890625,ccbc9d76c2ebeaf5,0.31372299790382385,-0.13798199594020844,0.023594651371240616,-0.003283398225903511,2,47.32500076293945,30.356250762939453,0.955016016960144,1,0.029932374134659767,176.98500061035156,2023-06-06 09:28:51,-53.493751525878906
,ccbc9d76c2ebeaf5,0.32720401883125305,-0.11193499714136124,,,2,52.16250228881836,30.450000762939453,0.9273830056190491,2,,175.0275115966797,2023-06-06 09:28:51,-57.243751525878906
943.7767333984375,ccbc9d76c2ebeaf5,0.3151260018348694,-0.12364700436592102,-0.02977965772151947,-0.026190826669335365,2,56.437503814697266,32.25,0.9772809743881226,3,0.009850194677710533,,2023-06-06 09:28:51,-60.39375305175781
943.7879638671875,ccbc9d76c2ebeaf5,0.30018100142478943,-0.13755500316619873,0.01030834298580885,0.0030543238390237093,2,,,0.9598960280418396,4,-0.00755945174023509,175.97250366210938,2023-06-06 09:28:51,
943.7794189453125,ccbc9d76c2ebeaf5,0.3177489936351776,-0.1251719892024994,0.01259908638894558,0.020693045109510422,2,58.20000076293945,35.493751525878906,0.935556948184967,5,0.014584396965801716,170.97750854492188,2023-06-06 09:28:51,-61.500003814697266
943.775634765625,ccbc9d76c2ebeaf5,0.30493900179862976,-0.15524500608444214,,,2,57.375003814697266,38.47500228881836,0.9359839558601379,0,,,2023-06-06 09:28:52,-60.375003814697266
943.769287109375,ccbc9d76c2ebeaf5,0.3178099989891052,-0.1306620091199875,0.00603228947147727,0.0025198173243552446,2,55.16250228881836,40.5,0.913536012172699,1,-0.013515383005142212,170.03250122070312,2023-06-06 09:28:52,-57.000003814697266
,ccbc9d76c2ebeaf5,0.3138450086116791,-0.1470710039138794,-0.022754713892936707,-0.03436114266514778,2,52.72500228881836,42.22500228881836,0.9444630146026611,2,0.025961752980947495,170.03250122070312,2023-06-06 09:28:52,-52.61250305175781
943.761962890625,ccbc9d76c2ebeaf5,0.31701698899269104,-0.14524100720882416,-0.008170315995812416,0.0027488914784044027,2,,,0.9251259565353394,3,0.06383536756038666,176.98500061035156,2023-06-06 09:28:52,
943.749755859375,ccbc9d76c2ebeaf5,0.3007909953594208,-0.13377299904823303,-0.022907428443431854,-0.001832594396546483,2,50.250003814697266,43.837501525878906,0.97160804271698,4,0.05192350596189499,,2023-06-06 09:28:52,-47.79375076293945
943.7470703125,ccbc9d76c2ebeaf5,0.3127470016479492,-0.11901099979877472,,,2,47.85000228881836,45.1875,0.8846219778060913,5,,,2023-06-06 09:28:52,-42.1875
943.749755859375,ccbc9d76c2ebeaf5,0.28767600655555725,-0.13060098886489868,-0.041157014667987823,-0.06085740402340889,2,45.50625228881836,45.60000228881836,0.9220150113105774,6,0.015729768201708794,180.96751403808594,2023-06-06 09:28:52,-35.75625228881836
,ccbc9d76c2ebeaf5,0.29774099588394165,-0.10180900245904922,-0.028405211865901947,-0.029474224895238876,2,43.21875,44.66250228881836,0.9813070297241211,0,0.029626941308379173,191.97000122070312,2023-06-06 09:28:53,-29.700000762939453
943.7442626953125,ccbc9d76c2ebeaf5,0.3109169900417328,-0.09820999950170517,0.0012980876490473747,-0.0054977829568088055,2,,,1.0043039321899414,1,-0.02626718580722809,,2023-06-06 09:28:53,
943.7413330078125,ccbc9d76c2ebeaf5,0.2963379919528961,-0.09235399961471558,-0.024281874299049377,-0.0191658828407526,2,41.868751525878906,42.65625,0.9786840081214905,2,-0.05108356848359108,191.02500915527344,2023-06-06 09:28:53,-26.156251907348633
943.74853515625,ccbc9d76c2ebeaf5,0.27895301580429077,-0.1155950054526329,-0.005345067009329796,0.01977674663066864,2,41.47500228881836,40.66875076293945,0.8875500559806824,3,-0.04932733252644539,189,2023-06-06 09:28:53,-24.543750762939453
943.756591796875,ccbc9d76c2ebeaf5,0.2924949824810028,-0.1042490005493164,,,2,42.09375,38.79375076293945,0.9263460636138916,4,,186.03001403808594,2023-06-06 09:28:53,-23.73750114440918
,ccbc9d76c2ebeaf5,0.2717549800872803,-0.11382599174976349,0.015271619893610477,0.01588248461484909,2,,,0.9519660472869873,5,-0.0397825688123703,,2023-06-06 09:28:53,
943.765869140625,ccbc9d76c2ebeaf5,0.3026820123195648,-0.13889700174331665,0.023136503994464874,-0.03145953640341759,2,42.84375,37.650001525878906,0.9114010334014893,0,0.0295505840331316,182.9925079345703,2023-06-06 09:28:54,-23.137500762939453
943.7637939453125,ccbc9d76c2ebeaf5,0.2835890054702759,-0.12413500249385834,-0.004428769461810589,-0.07559451460838318,2,43.38750076293945,37.275001525878906,0.9900299906730652,1,0.04451677203178406,190.01251220703125,2023-06-06 09:28:54,-22.668750762939453
943.7657470703125,ccbc9d76c2ebeaf5,0.2911529839038849,-0.12340299785137177,-0.013744457624852657,-0.06818778067827225,2,43.650001525878906,36.95625305175781,0.9100589752197266,2,0.046654798090457916,,2023-06-06 09:28:54,-22.443750381469727
943.7774658203125,ccbc9d76c2ebeaf5,0.2643739879131317,-0.08350899815559387,,,2,43.66875076293945,36.65625,0.9595299959182739,3,,200.00250244140625,2023-06-06 09:28:54,-22.443750381469727
943.784912109375,ccbc9d76c2ebeaf5,0.2766350209712982,-0.08759599924087524,0.0023671009112149477,0.020158538594841957,2,43.80000305175781,36.50625228881836,0.9804530143737793,4,-0.0017562361899763346,,2023-06-06 09:28:54,-22.61250114440918
,ccbc9d76c2ebeaf5,0.2706570029258728,-0.10809200257062912,-0.0022143847309052944,0.012904518283903599,2,,,0.9331170320510864,5,-0.0435241162776947,197.97750854492188,2023-06-06 09:28:54,
943.7877197265625,ccbc9d76c2ebeaf5,0.28181999921798706,-0.11047099530696869,0.005039634648710489,0.07895427197217941,2,43.78125,36.525001525878906,0.9202460050582886,0,-0.030390523374080658,,2023-06-06 09:28:55,-22.743751525878906
,ccbc9d76c2ebeaf5,0.26492300629615784,-0.14731499552726746,,,2,43.35000228881836,36.993751525878906,1.0053410530090332,1,,197.03250122070312,2023-06-06 09:28:55,-23.006250381469727
943.8001708984375,ccbc9d76c2ebeaf5,0.2738899886608124,-0.09924700111150742,-0.000305432389723137,0.19769111275672913,2,,,0.8901730179786682,2,-0.07040216773748398,186.03001403808594,2023-06-06 09:28:55,
943.8131103515625,ccbc9d76c2ebeaf5,0.3341580033302307,-0.12968599796295166,-0.009621120058000088,0.003283398225903511,2,41.70000076293945,38.04375076293945,0.9412909746170044,3,-0.006719512399286032,180.0225067138672,2023-06-06 09:28:55,-23.71875
943.80517578125,ccbc9d76c2ebeaf5,0.3176880180835724,-0.09936899691820145,,,2,39.900001525878906,38.681251525878906,0.9774030447006226,4,,182.9925079345703,2023-06-06 09:28:55,-24.525001525878906
943.808837890625,ccbc9d76c2ebeaf5,0.3088430166244507,-0.11071500182151794,0.022754713892936707,-0.05742128938436508,2,41.36250305175781,37.85625076293945,1.0016809701919556,5,0.049250971525907516,186.03001403808594,2023-06-06 09:28:55,-25.856250762939453
943.810302734375,ccbc9d76c2ebeaf5,0.3134790062904358,-0.1063230037689209,,,2,48.86250305175781,36.67500305175781,0.9339099526405334,0,,190.01251220703125,2023-06-06 09:28:56,-27.937501907348633
,ccbc9d76c2ebeaf5,0.32092100381851196,-0.10107699781656265,0.02695440873503685,0.01030834298580885,2,,,0.948915958404541,1,0.07635809481143951,,2023-06-06 09:28:56,
943.8013916015625,ccbc9d76c2ebeaf5,0.30371901392936707,-0.11327699571847916,-0.0025198173243552446,-0.00954476185142994,2,56.55000305175781,36.54375076293945,0.9839299917221069,2,0.03329212963581085,186.97500610351562,2023-06-06 09:28:56,-29.943750381469727
943.8017578125,ccbc9d76c2ebeaf5,0.3172609806060791,-0.10534700006246567,0.013439024798572063,0.014966187067329884,2,64.53750610351562,36.63750076293945,0.9579439759254456,3,-0.013897174037992954,187.9875030517578,2023-06-06 09:28:56,-31.875001907348633
943.7939453125,ccbc9d76c2ebeaf5,0.3311690092086792,-0.11577799916267395,,,2,72.35625457763672,36.91875076293945,0.9200019836425781,4,,180.96751403808594,2023-06-06 09:28:56,-33.54375076293945
,ccbc9d76c2ebeaf5,0.3387939929962158,-0.12431800365447998,0.014889828860759735,0.053832460194826126,2,79.5562515258789,37.16250228881836,0.8847439289093018,5,0.012370011769235134,,2023-06-06 09:28:56,-35.212501525878906
943.8006591796875,ccbc9d76c2ebeaf5,0.32262900471687317,-0.11785200238227844,-0.000610864779446274,-0.0021380267571657896,2,87.30000305175781,37.38750076293945,0.9669109582901001,6,0.034666575491428375,176.98500061035156,2023-06-06 09:28:56,-36.58125305175781
,ccbc9d76c2ebeaf5,0.34434500336647034,-0.09229300171136856,0.0023671009112149477,0.021609341725707054,2,93.7125015258789,37.81875228881836,0.949038028717041,0,0.003359756199643016,181.98001098632812,2023-06-06 09:28:57,-37.89375305175781
943.8018798828125,ccbc9d76c2ebeaf5,0.3308640122413635,-0.1248060017824173,0.023212861269712448,-0.016035201027989388,2,97.35000610351562,39.07500076293945,0.9212219715118408,1,-0.00022907429956831038,177.9975128173828,2023-06-06 09:28:57,-38.79375076293945
943.798583984375,ccbc9d76c2ebeaf5,0.32641100883483887,-0.10119900107383728,-0.0010690133785828948,-0.009773836471140385,2,,,0.9412909746170044,2,0.020693045109510422,,2023-06-06 09:28:57,
943.804443359375,ccbc9d76c2ebeaf5,0.33671998977661133,-0.08942600339651108,-0.0005345066892914474,-0.005803215317428112,2,94.6875,40.70625305175781,0.9672769904136658,3,-0.04764745384454727,179.010009765625,2023-06-06 09:28:57,-38.70000076293945
943.816162109375,ccbc9d76c2ebeaf5,0.3328160047531128,-0.10620099306106567,0.01183550525456667,-0.004810560029000044,2,91.35000610351562,41.212501525878906,0.9299449920654297,4,-0.013439024798572063,,2023-06-06 09:28:57,-38.4375
943.8175048828125,ccbc9d76c2ebeaf5,0.32598400115966797,-0.1231590062379837,-0.005268708802759647,0.01565340906381607,2,85.3125,41.34375,0.9514169692993164,0,-0.0077121676877141,175.97250366210938,2023-06-06 09:28:58,-37.38750076293945
943.82470703125,ccbc9d76c2ebeaf5,0.3459309935569763,-0.100040003657341,0.008246674202382565,-0.011224640533328056,2,,,0.9254310131072998,1,-0.0077121676877141,,2023-06-06 09:28:58,
943.829345703125,ccbc9d76c2ebeaf5,0.3420270085334778,-0.1205969974398613,,,2,83.13750457763672,41.19375228881836,0.9285420179367065,2,,174.01499938964844,2023-06-06 09:28:58,-35.73750305175781
943.831298828125,ccbc9d76c2ebeaf5,0.3529459834098816,-0.11425299942493439,0.015577051788568497,-0.017104214057326317,2,81.58125305175781,40.78125,0.9070090055465698,3,0.001450803829357028,175.97250366210938,2023-06-06 09:28:58,-33.375
943.82666015625,ccbc9d76c2ebeaf5,0.33507299423217773,-0.12578199803829193,-0.0038179049734026194,-0.001221729558892548,2,82.1812515258789,40.25625228881836,0.9312260150909424,4,0.011530072428286076,,2023-06-06 09:28:58,-29.962501525878906
943.8359375,ccbc9d76c2ebeaf5,0.33336499333381653,-0.10778699815273285,-0.016187917441129684,-0.006566796451807022,2,82.76250457763672,39.618751525878906,0.9194530248641968,5,-0.04566214233636856,,2023-06-06 09:28:58,-25.650001525878906
,ccbc9d76c2ebeaf5,0.3287290036678314,-0.1269410103559494,-0.018631376326084137,0.005345067009329796,2,84,38.75625228881836,0.9050569534301758,0,-0.04932733252644539,174.01499938964844,2023-06-06 09:28:59,-20.90625
943.837890625,ccbc9d76c2ebeaf5,0.32043299078941345,-0.13340699672698975,0.0023671009112149477,-0.02283107116818428,2,86.53125,37.66875076293945,0.9187819957733154,1,-0.012293653562664986,171.99000549316406,2023-06-06 09:28:59,-15.693750381469727
,ccbc9d76c2ebeaf5,0.3248859941959381,-0.09448900073766708,0.013897174037992954,0.017027854919433594,2,88.875,36.76875305175781,0.9734990000724792,2,-0.01977674663066864,,2023-06-06 09:28:59,-10.03125
943.8319091796875,ccbc9d76c2ebeaf5,0.3301929831504822,-0.12553799152374268,0.029626941308379173,0.03252854943275452,2,,,0.9315310120582581,3,-0.031001387163996696,168.00750732421875,2023-06-06 09:28:59,
943.8289794921875,ccbc9d76c2ebeaf5,0.34233197569847107,-0.11657100915908813,,,2,91.35000610351562,35.94375228881836,0.9086560010910034,4,,158.0175018310547,2023-06-06 09:28:59,-4.59375
943.8370361328125,ccbc9d76c2ebeaf5,0.3218970000743866,-0.1592099964618683,0.030161447823047638,0.012751801870763302,2,93.76875305175781,35.23125076293945,0.9256139397621155,0,0.010613775812089443,157.0050048828125,2023-06-06 09:29:00,0.39375001192092896
943.8428955078125,ccbc9d76c2ebeaf5,0.35233601927757263,-0.1281609982252121,0.004886918235570192,-0.018325943499803543,2,95.71875,34.59375,0.9283589720726013,1,0.02611446939408779,,2023-06-06 09:29:00,5.043750286102295
,ccbc9d76c2ebeaf5,0.33171799778938293,-0.14194700121879578,-0.03130681812763214,-0.026190826669335365,2,97.0875015258789,33.900001525878906,0.9326899647712708,2,0.053603384643793106,159.97500610351562,2023-06-06 09:29:00,9.375
943.84033203125,ccbc9d76c2ebeaf5,0.3434910178184509,-0.11943800002336502,0.010079269297420979,-0.02260199747979641,2,,,0.9149389863014221,3,0.1052214577794075,164.02500915527344,2023-06-06 09:29:00,
943.839599609375,ccbc9d76c2ebeaf5,0.3176880180835724,-0.15487898886203766,,,2,98.81250762939453,33.375,0.9373260140419006,4,,164.97000122070312,2023-06-06 09:29:00,13.46250057220459
943.83935546875,ccbc9d76c2ebeaf5,0.3362320065498352,-0.10321199893951416,0.021380268037319183,-0.01000291109085083,2,100.70625305175781,33.28125,0.9484279751777649,5,0.059864748269319534,170.03250122070312,2023-06-06 09:29:00,17.775001525878906
943.84033203125,ccbc9d76c2ebeaf5,0.3308030068874359,-0.12261000275611877,0.01107192412018776,-0.011377356946468353,2,101.88750457763672,33.78750228881836,0.9484279751777649,0,0.04543306678533554,171.99000549316406,2023-06-06 09:29:01,21.918750762939453
,ccbc9d76c2ebeaf5,0.3282409906387329,-0.10809200257062912,0.004886918235570192,0.008552107028663158,2,102.45000457763672,34.76250076293945,0.9545280337333679,1,0.13645191490650177,175.0275115966797,2023-06-06 09:29:01,25.856250762939453
943.8426513671875,ccbc9d76c2ebeaf5,0.33848899602890015,-0.10766500234603882,0.030925029888749123,0.041386090219020844,2,102.45000457763672,35.98125076293945,0.9408029913902283,2,0.07567087560892105,177.9975128173828,2023-06-06 09:29:01,29.625001907348633
943.837158203125,ccbc9d76c2ebeaf5,0.33678099513053894,-0.0739930048584938,,,2,,,0.9311649799346924,3,,179.010009765625,2023-06-06 09:29:01,
943.83447265625,ccbc9d76c2ebeaf5,0.33842799067497253,-0.08704700320959091,-0.03138317912817001,-0.017867794260382652,2,102.35625457763672,36.97500228881836,0.965203046798706,4,-0.04001164436340332,,2023-06-06 09:29:01,33.243751525878906
943.832763671875,ccbc9d76c2ebeaf5,0.33983099460601807,-0.08058100193738937,-0.022449281066656113,-0.018860450014472008,2,102.16875457763672,37.78125,0.9106079339981079,5,-0.07521272450685501,,2023-06-06 09:29:01,36.58125305175781
,ccbc9d76c2ebeaf5,0.3324500024318695,-0.11144699901342392,0.02412915788590908,-0.0054977829568088055,2,102.0562515258789,38.625,0.967337965965271,6,-0.008093958720564842,176.98500061035156,2023-06-06 09:29:01,39.82500076293945
943.818359375,ccbc9d76c2ebeaf5,0.3394649922847748,-0.12913700938224792,,,2,,,0.8824869990348816,0,,175.0275115966797,2023-06-06 09:29:02,
943.8177490234375,ccbc9d76c2ebeaf5,0.32842400670051575,-0.12999099493026733,0.05062541738152504,-0.0191658828407526,2,101.23125457763672,39.73125076293945,0.9239059686660767,1,0.08399390429258347,177.9975128173828,2023-06-06 09:29:02,43.125
943.82958984375,ccbc9d76c2ebeaf5,0.35325101017951965,-0.0794220045208931,0.031230462715029716,-0.03787361457943916,2,99.00000762939453,40.89375305175781,0.9055450558662415,2,0.09705114364624023,,2023-06-06 09:29:02,45.91875076293945
,ccbc9d76c2ebeaf5,0.3277530074119568,-0.10998299717903137,0.036880962550640106,-0.10651954263448715,2,,,0.814594030380249,3,0.15951207280158997,,2023-06-06 09:29:02,
943.83447265625,ccbc9d76c2ebeaf5,0.3371469974517822,-0.07618900388479233,,,2,96,41.85000228881836,0.8911489844322205,4,,,2023-06-06 09:29:02,48.54375076293945
,ccbc9d76c2ebeaf5,0.26785099506378174,-0.08442399650812149,0.2735147178173065,-0.0691804364323616,2,54.86250305175781,46.96875,0.9833810329437256,5,0.9621883630752563,,2023-06-06 09:29:05,47.53125
951.1763916015625,ccbc9d76c2ebeaf5,,,-0.07429642975330353,-0.114460788667202,5,-6.393750190734863,-13.55625057220459,,4,-0.04283689334988594,,2023-06-24 11:11:10,-52.35000228881836
951.177490234375,ccbc9d76c2ebeaf5,,,-0.047494735568761826,-0.12713623046875,5,-5.925000190734863,-13.443750381469727,,5,-0.12996147572994232,,2023-06-24 11:11:10,-52.20000076293945
951.1802978515625,ccbc9d76c2ebeaf5,,,-0.043753188103437424,-0.04825831577181816,5,-5.306250095367432,-13.293750762939453,,0,0.1519526094198227,,2023-06-24 11:11:11,-51.91875076293945
951.1864013671875,ccbc9d76c2ebeaf5,,,-0.07719803601503372,-0.15615230798721313,5,-4.443750381469727,-13.050000190734863,,1,0.06849320977926254,,2023-06-24 11:11:11,-51.45000076293945
,ccbc9d76c2ebeaf5,,,,,5,-3.356250047683716,-12.975000381469727,,2,,,2023-06-24 11:11:11,-50.94375228881836
951.1964111328125,ccbc9d76c2ebeaf5,,,0.11201732605695724,-0.24289511144161224,5,-1.8937500715255737,-12.43125057220459,,3,-0.15325069427490234,,2023-06-24 11:11:11,-50.36250305175781
951.1961669921875,ccbc9d76c2ebeaf5,,,0.29161158204078674,0.22235478460788727,5,-0.6375000476837158,-11.418750762939453,,4,-0.003512472379952669,,2023-06-24 11:11:11,-49.837501525878906
951.1943359375,ccbc9d76c2ebeaf5,,,0.03787361457943916,0.20227259397506714,5,0.24375000596046448,-9.975000381469727,,0,0.29130613803863525,,2023-06-24 11:11:12,-49.06875228881836
,ccbc9d76c2ebeaf5,,,,,5,0.6000000238418579,-8.137500762939453,,1,,,2023-06-24 11:11:12,-48.45000076293945
951.1922607421875,ccbc9d76c2ebeaf5,,,-0.013057234697043896,-0.162031888961792,5,0.9750000238418579,-6.093750476837158,,2,0.11033745110034943,,2023-06-24 11:11:12,-48.01875305175781
951.198486328125,ccbc9d76c2ebeaf5,,,-0.15844304859638214,0.027947064489126205,5,1.125,-4.050000190734863,,3,-0.247629314661026,,2023-06-24 11:11:12,-47.868751525878906
951.1807861328125,ccbc9d76c2ebeaf5,,,0.14103341102600098,-0.0397825688123703,5,0.9000000357627869,-1.8000000715255737,,5,0.1233946830034256,,2023-06-24 11:11:12,-47.90625
,ccbc9d76c2ebeaf5,,,,,5,0.375,0.65625,,0,,,2023-06-24 11:11:13,-48.11250305175781
951.1917724609375,ccbc9d76c2ebeaf5,,,0.22823435068130493,-0.06811141967773438,5,-0.48750001192092896,3.075000047683716,,1,0.39186975359916687,,2023-06-24 11:11:13,-48.60000228881836
951.18798828125,ccbc9d76c2ebeaf5,,,0.18700097501277924,-0.2467893660068512,5,-1.1812500953674316,5.25,,2,0.943175196647644,,2023-06-24 11:11:13,-49.031253814697266
951.19580078125,ccbc9d76c2ebeaf5,,,-0.10201441496610641,-0.13797907531261444,5,-1.443750023841858,7.050000190734863,,4,-0.10774127393960953,476.010009765625,2023-06-24 11:11:13,-49.406253814697266
,ccbc9d76c2ebeaf5,,,,,5,-1.125,8.475000381469727,,5,,,2023-06-24 11:11:13,-49.593753814697266
942.2677001953125,ccbc9d76c2ebeaf5,,,0.19158247113227844,0.28870996832847595,5,-27.075000762939453,-11.381250381469727,,3,-1.7904446125030518,,2023-06-06 09:31:16,-19.012500762939453
942.251953125,ccbc9d76c2ebeaf5,,,-0.6350703239440918,0.6667588949203491,5,-26.17500114440918,-12.675000190734863,,4,-0.7407498955726624,,2023-06-06 09:31:16,-19.3125
942.2467041015625,ccbc9d76c2ebeaf5,,,,,5,-25.500001907348633,-12.506250381469727,,5,,,2023-06-06 09:31:16,-19.387500762939453
942.2335205078125,ccbc9d76c2ebeaf5,,,-0.12736530601978302,-0.16523891687393188,5,-25.275001525878906,-11.30625057220459,,0,-0.5485565662384033,,2023-06-06 09:31:17,-19.21875
942.22607421875,ccbc9d76c2ebeaf5,,,0.3903425931930542,-0.20967933535575867,5,-25.70625114440918,-9.731250762939453,,2,0.3102429509162903,,2023-06-06 09:31:17,-18.600000381469727
942.233642578125,ccbc9d76c2ebeaf5,,,-0.014660755172371864,-0.6633991599082947,5,-26.64375114440918,-7.968750476837158,,3,-0.4981602132320404,,2023-06-06 09:31:17,-18
942.2362060546875,ccbc9d76c2ebeaf5,,,,,5,-27.150001525878906,-6.131250381469727,,4,,,2023-06-06 09:31:17,-17.90625
942.2235107421875,ccbc9d76c2ebeaf5,,,-0.5252673625946045,0.6549997329711914,5,-27.543750762939453,-4.368750095367432,,5,-0.43913543224334717,,2023-06-06 09:31:17,-17.587501525878906
942.2088623046875,ccbc9d76c2ebeaf5,,,0.15561780333518982,0.5025126338005066,5,-27.975000381469727,-2.9250001907348633,,0,0.24488042294979095,,2023-06-06 09:31:18,-16.96875
942.201171875,ccbc9d76c2ebeaf5,,,,,5,-28.23750114440918,-2.5500001907348633,,1,,,2023-06-06 09:31:18,-15.99375057220459
942.19189453125,ccbc9d76c2ebeaf5,,,0.2716057598590851,-0.3361283540725708,5,-27.975000381469727,-2.4750001430511475,,2,0.3630063831806183,,2023-06-06 09:31:18,-15.656250953674316
942.1881103515625,ccbc9d76c2ebeaf5,,,0.20738859474658966,0.35361436009407043,5,-27.975000381469727,-2.6437501907348633,,3,0.19440771639347076,,2023-06-06 09:31:18,-15.225000381469727
942.172119140625,ccbc9d76c2ebeaf5,,,-0.408592164516449,-0.4630354940891266,5,-28.218751907348633,-2.34375,,5,-0.18455752730369568,,2023-06-06 09:31:18,-14.737500190734863
942.16748046875,ccbc9d76c2ebeaf5,,,,,5,-28.312501907348633,-1.8000000715255737,,0,,,2023-06-06 09:31:19,-14.437500953674316
942.165771484375,ccbc9d76c2ebeaf5,,,0.13996438682079315,0.01588248461484909,5,-28.687501907348633,-1.1437500715255737,,1,-0.2733619809150696,,2023-06-06 09:31:19,-13.987500190734863
942.1669921875,ccbc9d76c2ebeaf5,,,-0.3121519088745117,0.20059272646903992,5,-29.156251907348633,-0.4125000238418579,,3,0.039858926087617874,,2023-06-06 09:31:19,-13.65000057220459
941.4002685546875,ccbc9d76c2ebeaf5,,,0.0821613147854805,-0.05085449293255806,5,12.750000953674316,-2.7750000953674316,,0,0.6275871992111206,,2023-06-06 11:40:43,-23.15625
941.421142578125,ccbc9d76c2ebeaf5,,,0.15027274191379547,-0.6299542784690857,5,12.018750190734863,-2.981250047683716,,1,0.504421591758728,,2023-06-06 11:40:43,-23.4375
941.4371337890625,ccbc9d76c2ebeaf5,,,,,5,12.468750953674316,-3.093750238418579,,2,,,2023-06-06 11:40:43,-23.418750762939453
941.4593505859375,ccbc9d76c2ebeaf5,,,0.42707082629203796,-0.210442915558815,5,12.843750953674316,-3.750000238418579,,4,-0.8421534299850464,,2023-06-06 11:40:43,-23.34375
941.50830078125,ccbc9d76c2ebeaf5,,,0.3617846667766571,0.38934993743896484,5,13.387500762939453,-4.237500190734863,,5,0.8402445316314697,,2023-06-06 11:40:43,-23.400001525878906
941.4970703125,ccbc9d76c2ebeaf5,,,,,5,13.55625057220459,-4.743750095367432,,0,,,2023-06-06 11:40:44,-23.8125
941.4984130859375,ccbc9d76c2ebeaf5,,,-0.7247910499572754,-0.544967770576477,5,14.02500057220459,-5.90625,,1,-0.17447824776172638,,2023-06-06 11:40:44,-24.075000762939453
,ccbc9d76c2ebeaf5,,,0.4517345130443573,0.29153522849082947,5,14.043750762939453,-6.825000286102295,,2,-0.36025750637054443,,2023-06-06 11:40:44,-24.843751907348633
941.5068359375,ccbc9d76c2ebeaf5,,,0.004734201822429895,-0.14202606678009033,5,14.700000762939453,-7.087500095367432,,4,-0.1383608728647232,,2023-06-06 11:40:44,-25.275001525878906
941.5028076171875,ccbc9d76c2ebeaf5,,,,,5,15.24375057220459,-7.631250381469727,,5,,,2023-06-06 11:40:44,-25.950000762939453
941.5184326171875,ccbc9d76c2ebeaf5,,,-0.2193768173456192,-0.3563632369041443,5,15.656250953674316,-8.756250381469727,,0,-0.4987711012363434,,2023-06-06 11:40:45,-26.531251907348633
,ccbc9d76c2ebeaf5,,,-0.30230170488357544,0.4082867503166199,5,15.937500953674316,-9.543750762939453,,1,0.09040798991918564,,2023-06-06 11:40:45,-27.11250114440918
941.538330078125,ccbc9d76c2ebeaf5,,,0.16042836010456085,-0.2570977210998535,5,15.750000953674316,-9.90000057220459,,3,0.25358524918556213,,2023-06-06 11:40:45,-27.881250381469727
,ccbc9d76c2ebeaf5,,,,,5,15.937500953674316,-10.200000762939453,,4,,,2023-06-06 11:40:45,-28.256250381469727
941.5589599609375,ccbc9d76c2ebeaf5,,,0.16615521907806396,0.4670824706554413,5,15.675000190734863,-9.61875057220459,,5,0.05711585655808449,,2023-06-06 11:40:45,-28.89375114440918
941.5496826171875,ccbc9d76c2ebeaf5,,,-0.18348850309848785,-0.25755587220191956,5,15.375000953674316,-9.375,,1,-0.47838348150253296,,2023-06-06 11:40:46,-29.418750762939453
941.5496826171875,ccbc9d76c2ebeaf5,,,0.14737112820148468,-0.19654574990272522,5,15.000000953674316,-9.506250381469727,,2,-0.01611155830323696,,2023-06-06 11:40:46,-29.793750762939453
941.9073486328125,ccbc9d76c2ebeaf5,,,,,5,12.450000762939453,-6.543750286102295,,1,,41.98500061035156,2023-06-06 11:41:22,-28.912500381469727
941.906494140625,ccbc9d76c2ebeaf5,,,-0.059864748269319534,0.1905898153781891,5,11.550000190734863,-6.506250381469727,,2,0.4519635736942291,40.97249984741211,2023-06-06 11:41:22,-28.725000381469727
,ccbc9d76c2ebeaf5,,,-0.23098324239253998,-0.11698060482740402,5,11.175000190734863,-6.431250095367432,,3,0.021685699000954628,44.01000213623047,2023-06-06 11:41:22,-28.218751907348633
941.916259765625,ccbc9d76c2ebeaf5,,,-0.021991131827235222,0.17852523922920227,5,10.96875,-6.206250190734863,,5,-0.3546070158481598,47.99250030517578,2023-06-06 11:41:22,-27.543750762939453
941.933837890625,ccbc9d76c2ebeaf5,,,,,5,11.0625,-6.281250476837158,,0,,58.99500274658203,2023-06-06 11:41:23,-26.962501525878906
941.955078125,ccbc9d76c2ebeaf5,,,0.4425715208053589,-0.11888955533504486,5,11.53125,-6.168750286102295,,1,0.5327504277229309,60.007503509521484,2023-06-06 11:41:23,-26.137500762939453
,ccbc9d76c2ebeaf5,,,-0.23052509129047394,0.26771149039268494,5,11.737500190734863,-6.075000286102295,,2,-0.4053851366043091,66.01499938964844,2023-06-06 11:41:23,-25.51875114440918
942.0009765625,ccbc9d76c2ebeaf5,,,-0.43256860971450806,-0.5173261165618896,5,12.750000953674316,-5.643750190734863,,4,-0.9673043489456177,139.99501037597656,2023-06-06 11:41:23,-24.900001525878906
942.0155029296875,ccbc9d76c2ebeaf5,,,,,5,13.968750953674316,-5.681250095367432,,5,,173.00250244140625,2023-06-06 11:41:23,-24.450000762939453
942.01708984375,ccbc9d76c2ebeaf5,,,0.16714787483215332,0.7741183638572693,5,14.737500190734863,-6.131250381469727,,0,-0.47929978370666504,186.97500610351562,2023-06-06 11:41:24,-24.318750381469727
,ccbc9d76c2ebeaf5,,,-0.6083449721336365,-0.002061668550595641,5,15.037500381469727,-6.806250095367432,,1,-0.6514872908592224,258.99749755859375,2023-06-06 11:41:24,-24.131250381469727
942.0247802734375,ccbc9d76c2ebeaf5,,,0.18226677179336548,0.33712100982666016,5,15.206250190734863,-7.762500286102295,,3,-0.28298309445381165,391.9725036621094,2023-06-06 11:41:24,-24.01875114440918
942.0137939453125,ccbc9d76c2ebeaf5,,,,,5,15.187500953674316,-8.737500190734863,,4,,471.0150146484375,2023-06-06 11:41:24,-24.093751907348633
942.0145263671875,ccbc9d76c2ebeaf5,,,0.05436696484684944,-0.35391977429389954,5,14.86875057220459,-10.012500762939453,,5,-0.32070401310920715,521.9775390625,2023-06-06 11:41:24,-24.356250762939453
,ccbc9d76c2ebeaf5,,,-0.22273656725883484,0.06933315098285675,5,14.625000953674316,-11.30625057220459,,0,-0.038789913058280945,,2023-06-06 11:41:25,-24.806251525878906
942.01904296875,ccbc9d76c2ebeaf5,,,0.03848448023200035,-0.5348884463310242,5,13.950000762939453,-13.18125057220459,,2,-0.6323977708816528,465.00750732421875,2023-06-06 11:41:25,-25.200000762939453
942.0052490234375,ccbc9d76c2ebeaf5,,,,,5,12.843750953674316,-14.606250762939453,,3,,452.9925231933594,2023-06-06 11:41:25,-25.406251907348633
943.838623046875,ccbc9d76c2ebeaf5,,,0.11896591633558273,-0.09246965497732162,2,92.5875015258789,42.31875228881836,,6,0.1617264449596405,,2023-06-06 09:29:02,50.88750076293945
943.837890625,ccbc9d76c2ebeaf5,,,,,2,89.19375610351562,42.525001525878906,,0,,,2023-06-06 09:29:03,53.118751525878906
943.8409423828125,ccbc9d76c2ebeaf5,,,0.09712749719619751,-0.007635809946805239,2,85.72500610351562,42.78750228881836,,1,0.1003345400094986,,2023-06-06 09:29:03,55.33125305175781
943.8421630859375,ccbc9d76c2ebeaf5,,,0.02588539570569992,0.03138317912817001,2,82.20000457763672,43.29375076293945,,2,-0.025045456364750862,,2023-06-06 09:29:03,57.243751525878906
943.8465576171875,ccbc9d76c2ebeaf5,,,-0.01259908638894558,0.05734493210911751,2,78.4312515258789,43.78125,,4,-0.018096869811415672,,2023-06-06 09:29:03,58.406253814697266
943.852294921875,ccbc9d76c2ebeaf5,,,,,2,75.13125610351562,43.66875076293945,,5,,,2023-06-06 09:29:03,58.89375305175781
943.8597412109375,ccbc9d76c2ebeaf5,,,-0.002825249684974551,0.024892739951610565,2,72.86250305175781,43.42500305175781,,0,0.00755945174023509,,2023-06-06 09:29:04,58.931251525878906
943.8651123046875,ccbc9d76c2ebeaf5,,,0.014049889519810677,0.0360410213470459,2,71.3062515258789,43.125,,1,0.026572618633508682,,2023-06-06 09:29:04,58.53750228881836
943.8631591796875,ccbc9d76c2ebeaf5,,,0.019471315667033195,-0.0006872228696011007,2,70.16250610351562,42.95625305175781,,3,0.018555017188191414,,2023-06-06 09:29:04,57.712501525878906
,ccbc9d76c2ebeaf5,,,0.06505709886550903,0.008552107028663158,2,68.7750015258789,42.86250305175781,,4,0.08513928204774857,,2023-06-06 09:29:04,56.55000305175781
943.9063720703125,ccbc9d76c2ebeaf5,,,0.04558578506112099,-0.0058795735239982605,2,67.66875457763672,42.88125228881836,,6,0.11392628401517868,,2023-06-06 09:29:04,54.95625305175781
943.926025390625,ccbc9d76c2ebeaf5,,,0.015500693581998348,0.05742128938436508,2,66.30000305175781,43.087501525878906,,0,-0.011453714221715927,,2023-06-06 09:29:05,53.00625228881836
,ccbc9d76c2ebeaf5,,,-0.057497646659612656,-0.04046979174017906,2,64.72500610351562,43.44375228881836,,1,0.083306685090065,,2023-06-06 09:29:05,51.093753814697266
943.9290771484375,ccbc9d76c2ebeaf5,,,0.04253146052360535,-0.10399972647428513,2,62.343753814697266,44.47500228881836,,3,0.3171151876449585,,2023-06-06 09:29:05,49.33125305175781
943.930908203125,ccbc9d76c2ebeaf5,,,0.2677878439426422,-0.09178243577480316,2,59.118751525878906,45.58125305175781,,4,0.6222421526908875,,2023-06-06 09:29:05,48.13125228881836
951.180908203125,ccbc9d76c2ebeaf5,,,-0.01030834298580885,-0.01824958436191082,5,,,,6,-0.1337793916463852,,2023-06-24 11:11:10,
951.2042236328125,ccbc9d76c2ebeaf5,,,0.21960589289665222,0.39942920207977295,5,,,,5,0.17913609743118286,,2023-06-24 11:11:11,
951.19189453125,ccbc9d76c2ebeaf5,,,0.16653701663017273,0.11636973917484283,5,,,,4,-0.17104214429855347,,2023-06-24 11:11:12,
951.1904296875,ccbc9d76c2ebeaf5,,,0.06131555140018463,-0.29764387011528015,5,,,,3,0.3208567202091217,407.0250244140625,2023-06-24 11:11:13,
941.5050048828125,ccbc9d76c2ebeaf5,,,0.12278381735086441,-0.17951788008213043,5,,,,3,0.7799979448318481,,2023-06-06 11:40:44,
941.5228271484375,ccbc9d76c2ebeaf5,,,0.3012326955795288,0.17493639886379242,5,,,,2,-0.27855435013771057,,2023-06-06 11:40:45,
941.9112548828125,ccbc9d76c2ebeaf5,,,0.37583455443382263,0.051618073135614395,5,,,,4,0.11331541836261749,46.980003356933594,2023-06-06 11:41:22,
941.971923828125,ccbc9d76c2ebeaf5,,,0.09269873052835464,-0.12667807936668396,5,,,,3,0.03138317912817001,89.03250122070312,2023-06-06 11:41:23,
942.016357421875,ccbc9d76c2ebeaf5,,,0.19883649051189423,-0.09666935354471207,5,,,,2,-0.1446985900402069,341.010009765625,2023-06-06 11:41:24,
942.0172119140625,ccbc9d76c2ebeaf5,,,-0.6013200283050537,-0.03810269013047218,5,,,,1,-0.7095194458961487,468.9900207519531,2023-06-06 11:41:25,
943.879150390625,ccbc9d76c2ebeaf5,,,,,2,,,,5,,,2023-06-06 09:29:04,
943.92236328125,ccbc9d76c2ebeaf5,,,,,2,,,,2,,,2023-06-06 09:29:05,
,ccbc9d76c2ebeaf5,,,-0.07994692772626877,-0.471129447221756,5,,,,2,-0.5953640937805176,460.01251220703125,2023-06-06 09:31:16,
,ccbc9d76c2ebeaf5,,,-0.21410810947418213,0.05589412897825241,5,,,,1,0.16882775723934174,,2023-06-06 09:31:17,
,ccbc9d76c2ebeaf5,,,-0.05199986323714256,0.20013457536697388,5,,,,6,-0.015806125476956367,,2023-06-06 09:31:17,
,ccbc9d76c2ebeaf5,,,-0.04673115536570549,0.07330377399921417,5,,,,4,-0.3646862804889679,,2023-06-06 09:31:18,
,ccbc9d76c2ebeaf5,,,0.35361436009407043,0.3669770061969757,5,,,,2,0.21342088282108307,,2023-06-06 09:31:19,
,ccbc9d76c2ebeaf5,,,-0.2957349121570587,0.35674503445625305,5,,,,3,-0.8495602011680603,,2023-06-06 11:40:43,
,ccbc9d76c2ebeaf5,,,-0.1992182731628418,0.2228129357099533,5,,,,0,0.004810560029000044,,2023-06-06 11:40:46,
,ccbc9d76c2ebeaf5,,,0.06841685622930527,-0.07147117704153061,2,,,,5,0.24778202176094055,,2023-06-06 09:29:02,
,ccbc9d76c2ebeaf5,,,-0.058795735239982605,-0.00045814859913662076,2,,,,3,-0.12492185086011887,,2023-06-06 09:29:03,
,ccbc9d76c2ebeaf5,,,,,5,,,,4,,186.97500610351562,2023-06-06 09:29:58,
,ccbc9d76c2ebeaf5,,,,,5,,,,6,,184.0050048828125,2023-06-06 09:29:58,
,ccbc9d76c2ebeaf5,,,,,5,,,,0,,181.98001098632812,2023-06-06 09:29:59,
,ccbc9d76c2ebeaf5,,,,,5,,,,1,,182.9925079345703,2023-06-06 09:29:59,
,ccbc9d76c2ebeaf5,,,,,5,,,,2,,171.99000549316406,2023-06-06 09:29:59,
,ccbc9d76c2ebeaf5,,,,,5,,,,4,,213.03001403808594,2023-06-06 09:29:59,
,ccbc9d76c2ebeaf5,,,,,5,,,,0,,236.9925079345703,2023-06-06 09:30:00,
,ccbc9d76c2ebeaf5,,,,,5,,,,1,,262.9800109863281,2023-06-06 09:30:00,
,ccbc9d76c2ebeaf5,,,,,5,,,,2,,283.0274963378906,2023-06-06 09:30:00,
,ccbc9d76c2ebeaf5,,,,,5,,,,4,,369.02252197265625,2023-06-06 09:30:00,
,ccbc9d76c2ebeaf5,,,,,5,,,,5,,396.967529296875,2023-06-06 09:30:00,
,ccbc9d76c2ebeaf5,,,,,5,,,,0,,409.9950256347656,2023-06-06 09:30:01,
,ccbc9d76c2ebeaf5,,,,,5,,,,1,,430.9875183105469,2023-06-06 09:30:01,
,ccbc9d76c2ebeaf5,,,,,5,,,,3,,489.9825134277344,2023-06-06 09:30:01,
,ccbc9d76c2ebeaf5,,,,,5,,,,4,,514.0125122070312,2023-06-06 09:30:01,
,ccbc9d76c2ebeaf5,,,,,5,,,,5,,495.9900207519531,2023-06-06 09:30:01,
