deviceId,Ay,Ax,Gy,Gx,activity,My,Mx,Az,counter,Gz,Lilluminance,timestamp,Mz
c32bdcc96f9e1fb1,0.8233239650726318,0.2915368676185608,0.3016749918460846,-0.12209999561309814,3,-76.0875015258789,28.687501907348633,0.528315007686615,0,-0.09391249716281891,,2023-06-17 09:23:35,0.4125000238418579
c32bdcc96f9e1fb1,0.7788592576980591,0.22342492640018463,0.21546250581741333,-0.30195000767707825,3,-84.78750610351562,36.900001525878906,0.5391290783882141,1,0.052937500178813934,,2023-06-17 09:23:35,11.943750381469727
c32bdcc96f9e1fb1,0.7480689287185669,0.20996467769145966,0.5922124981880188,-0.454025000333786,3,,,0.5578816533088684,0,-0.4174500107765198,,2023-06-17 09:23:36,
c32bdcc96f9e1fb1,0.7688711881637573,0.12614399194717407,-0.5059999823570251,-0.017737500369548798,3,-84.2437515258789,38.04375076293945,0.6361041069030762,1,0.09872499853372574,,2023-06-17 09:23:36,11.643750190734863
c32bdcc96f9e1fb1,0.7864000797271729,0.17457032203674316,-0.11550000309944153,0.01952499896287918,3,-83.70000457763672,39.056251525878906,0.6975929737091064,2,0.04977500066161156,,2023-06-17 09:23:36,11.287500381469727
c32bdcc96f9e1fb1,0.7513269186019897,0.18182049691677094,-0.07933750003576279,0.05142499879002571,3,-83.15625,39.30000305175781,0.6513997912406921,3,0.0008249999955296516,,2023-06-17 09:23:36,11.456250190734863
c32bdcc96f9e1fb1,0.7163456082344055,0.18650099635124207,-0.016499999910593033,-0.08483749628067017,3,-82.5,39.41250228881836,0.5569639205932617,4,0.12209999561309814,,2023-06-17 09:23:36,11.512500762939453
c32bdcc96f9e1fb1,0.755196750164032,0.22821250557899475,0.18150000274181366,-0.04331250116229057,3,,,0.5691087245941162,5,-0.06311249732971191,,2023-06-17 09:23:36,
c32bdcc96f9e1fb1,0.7036041617393494,0.22342492640018463,0.28049999475479126,-0.2316875010728836,3,-81.78750610351562,39.65625,0.570118248462677,0,-0.1354375034570694,,2023-06-17 09:23:37,11.700000762939453
c32bdcc96f9e1fb1,0.7403140068054199,0.14061377942562103,-0.5028374791145325,0.24832500517368317,3,-81.11250305175781,40.14375305175781,0.71614670753479,1,-0.7504749894142151,,2023-06-17 09:23:37,11.58750057220459
c32bdcc96f9e1fb1,0.6914746761322021,-0.06148889288306236,0.2708750069141388,-0.17201249301433563,3,-80.5875015258789,40.44375228881836,0.6958492398262024,2,-0.28228750824928284,,2023-06-17 09:23:37,11.512500762939453
c32bdcc96f9e1fb1,0.7239016890525818,0.032426975667476654,0.6103624701499939,0.08758749812841415,3,-80.5875015258789,40.20000076293945,0.6455874443054199,3,-0.4769875109195709,,2023-06-17 09:23:37,11.887500762939453
c32bdcc96f9e1fb1,0.770293653011322,-0.14530956745147705,0.2134000062942505,0.09611249715089798,3,,,0.5762365460395813,4,0.028462499380111694,,2023-06-17 09:23:37,
c32bdcc96f9e1fb1,0.7646801471710205,-0.08891415596008301,0.6391000151634216,0.6250749826431274,3,-81.1875,40.743751525878906,0.6890273690223694,5,-0.4100250005722046,,2023-06-17 09:23:37,12.412500381469727
c32bdcc96f9e1fb1,0.8360653519630432,-0.2542152404785156,0.22398750483989716,0.2525874972343445,3,-82.14375305175781,42,0.5979564785957336,6,-0.1363999992609024,,2023-06-17 09:23:37,13.012500762939453
c32bdcc96f9e1fb1,0.7233815789222717,-0.19833990931510925,-0.2623499929904938,-0.1625249981880188,3,-82.61250305175781,43.91250228881836,0.5503408908843994,0,0.003987499978393316,,2023-06-17 09:23:38,12.843750953674316
c32bdcc96f9e1fb1,0.7608103156089783,-0.18171343207359314,-0.34952500462532043,-0.45086249709129333,3,-82.85625457763672,45.60000228881836,0.6049925684928894,1,0.05403750017285347,,2023-06-17 09:23:38,12.543750762939453
c32bdcc96f9e1fb1,0.7517399191856384,-0.13919125497341156,-0.43683749437332153,-0.1060125008225441,3,,,0.6226438283920288,2,0.02213750034570694,,2023-06-17 09:23:38,
c32bdcc96f9e1fb1,0.7363370656967163,-0.02906191349029541,0.18039999902248383,0.11426249891519547,3,-83.4000015258789,46.556251525878906,0.6287621259689331,3,-0.11302500218153,,2023-06-17 09:23:38,12.600000381469727
c32bdcc96f9e1fb1,0.7452086806297302,-0.14061377942562103,0.013337500393390656,0.02488750033080578,3,-83.51250457763672,47.8125,0.7285821437835693,4,0.015675000846385956,,2023-06-17 09:23:38,12.24375057220459
c32bdcc96f9e1fb1,0.7867060303688049,-0.09085671603679657,-0.05692499876022339,0.18232500553131104,3,-83.70000457763672,49.312503814697266,0.6878037452697754,5,-0.08758749812841415,,2023-06-17 09:23:38,11.943750381469727
c32bdcc96f9e1fb1,0.4743669033050537,0.23902659118175507,0.4101625084877014,0.12498749792575836,1,-21.356250762939453,20.287500381469727,0.9073435664176941,0,-0.29397499561309814,1696,2023-06-15 07:13:25,28.61250114440918
c32bdcc96f9e1fb1,0.501899242401123,0.07270067185163498,-0.31130000948905945,0.10051249712705612,1,,,0.6023463606834412,1,-0.4376625120639801,1695,2023-06-15 07:13:25,
c32bdcc96f9e1fb1,0.6023463606834412,-0.024886174127459526,0.38788750767707825,-0.1676124930381775,1,8.456250190734863,0.4125000238418579,0.7721291780471802,0,-0.12911249697208405,1736,2023-06-15 07:13:26,-42.78750228881836
c32bdcc96f9e1fb1,0.3798391819000244,-0.08576323091983795,0.682687520980835,0.33467498421669006,1,9.05625057220459,1.2000000476837158,1.0890569686889648,1,0.3199625015258789,,2023-06-15 07:13:26,-42.35625076293945
c32bdcc96f9e1fb1,0.35975587368011475,-0.2375887781381607,-0.12718750536441803,0.045237500220537186,1,9.600000381469727,2.34375,0.8912370800971985,2,0.40411248803138733,1772,2023-06-15 07:13:26,-41.8125
c32bdcc96f9e1fb1,0.3686274290084839,-0.06373736262321472,-0.20803749561309814,0.10271249711513519,1,9.90000057220459,3.543750047683716,0.6614950299263,3,0.22316250205039978,1876,2023-06-15 07:13:26,-41.51250076293945
c32bdcc96f9e1fb1,0.4675449728965759,-0.0717829242348671,-0.3007124960422516,-0.16651250422000885,1,,,0.9610774517059326,4,-0.37070000171661377,1985,2023-06-15 07:13:26,
c32bdcc96f9e1fb1,0.3786155581474304,0.04945113882422447,-0.4965125024318695,-0.2102375030517578,1,10.387500762939453,4.3125,1.323800802230835,5,-0.592074990272522,2101,2023-06-15 07:13:26,-41.28750228881836
c32bdcc96f9e1fb1,0.23494262993335724,0.053428035229444504,0.030249999836087227,0.9380249977111816,1,10.987500190734863,4.3125,0.7730469107627869,0,-0.6749874949455261,,2023-06-15 07:13:27,-41.04375076293945
c32bdcc96f9e1fb1,0.5009814500808716,-0.048135705292224884,0.007974999956786633,-0.6582124829292297,1,12,4.256250381469727,0.7183951735496521,1,-0.4281750023365021,2150,2023-06-15 07:13:27,-40.44375228881836
c32bdcc96f9e1fb1,0.3744398057460785,0.15061718225479126,0.18562500178813934,-1.5691499710083008,1,13.143750190734863,4.012500286102295,1.4654393196105957,2,0.5233250260353088,2220,2023-06-15 07:13:27,-39.78750228881836
c32bdcc96f9e1fb1,0.06057114526629448,-0.2083280235528946,-0.3389374911785126,0.4399999976158142,1,,,1.5428357124328613,3,1.2979999780654907,2304,2023-06-15 07:13:27,
c32bdcc96f9e1fb1,0.25799331068992615,0.13296590745449066,0.24736249446868896,0.767799973487854,1,14.100000381469727,3.843750238418579,0.6651660203933716,4,1.5694249868392944,2470,2023-06-15 07:13:27,-39.60000228881836
c32bdcc96f9e1fb1,0.43031516671180725,0.22382262349128723,-0.43271249532699585,0.20913749933242798,1,14.100000381469727,3.356250047683716,0.5740033984184265,5,0.0635249987244606,,2023-06-15 07:13:27,-39.900001525878906
c32bdcc96f9e1fb1,0.3204917013645172,0.41318389773368835,-1.7161375284194946,-0.3443000018596649,1,14.156250953674316,1.6125000715255737,1.0197213888168335,0,-0.7910374999046326,2531,2023-06-15 07:13:28,-40.5
c32bdcc96f9e1fb1,0.45408472418785095,0.29347944259643555,,,1,,,0.7039101123809814,1,,232,2023-06-15 07:13:28,
c32bdcc96f9e1fb1,0.6069350838661194,-0.02222471684217453,-0.11550000309944153,-0.006049999967217445,1,14.156250953674316,1.6125000715255737,0.7996615171432495,0,0.013337500393390656,,2023-06-15 07:19:42,-40.5
c32bdcc96f9e1fb1,0.6137722730636597,-0.027119355276226997,0.04729999974370003,0.07163749635219574,1,-32.75625228881836,4.387500286102295,0.7662096619606018,1,0.0005499999970197678,187,2023-06-15 07:19:42,-20.756250381469727
c32bdcc96f9e1fb1,0.6176421046257019,-0.02344837412238121,0.016499999910593033,-0.016637500375509262,1,,,0.7852834463119507,0,0.002749999985098839,195,2023-06-15 07:19:43,
c32bdcc96f9e1fb1,0.6108049154281616,-0.007341957185417414,-0.09322500228881836,0.010037500411272049,1,-32.75625228881836,3.7875001430511475,0.7798840999603271,1,-0.03451250120997429,228,2023-06-15 07:19:43,-20.15625
c32bdcc96f9e1fb1,0.6088776588439941,-0.00019884466018993407,0.002612499985843897,-0.043175000697374344,1,-32.64375305175781,3,0.788954496383667,2,0.01759999990463257,,2023-06-15 07:19:43,-19.387500762939453
c32bdcc96f9e1fb1,0.6345744729042053,-0.01632055826485157,,,1,-33,4.612500190734863,0.7613150477409363,5,,,2023-06-15 07:19:46,-17.34375
c32bdcc96f9e1fb1,0.6326319575309753,-0.013659099116921425,,,1,-33.056251525878906,5.587500095367432,0.7385855913162231,0,,,2023-06-15 07:19:47,-18.056251525878906
c32bdcc96f9e1fb1,0.6293739676475525,0.27735772728919983,0.18645000457763672,-0.3926999866962433,1,2.34375,-6.956250190734863,0.7308306097984314,0,-0.4016374945640564,2144,2023-06-22 08:12:26,-34.44375228881836
c32bdcc96f9e1fb1,0.5647188425064087,0.06954974681138992,0.08428750187158585,0.03932499885559082,1,,,0.5740033984184265,1,-0.4355999827384949,2360,2023-06-22 08:12:26,
c32bdcc96f9e1fb1,0.7408187389373779,0.04853339493274689,1.0452749729156494,-1.2887874841690063,1,-18.900001525878906,49.44375228881836,0.9134618043899536,2,0.5242875218391418,,2023-06-22 08:12:26,-28.856250762939453
c32bdcc96f9e1fb1,0.44816526770591736,-0.09299812465906143,-0.0976250022649765,-0.4577375054359436,1,-17.8125,50.28750228881836,0.8943880200386047,3,0.2209624946117401,2979,2023-06-22 08:12:26,-28.443750381469727
c32bdcc96f9e1fb1,0.274099737405777,-0.09472654014825821,0.3258749842643738,0.02447500079870224,1,-17.100000381469727,51.056251525878906,0.798743724822998,4,0.3273875117301941,3582,2023-06-22 08:12:26,-27.712501525878906
c32bdcc96f9e1fb1,0.46509769558906555,-0.08106744289398193,0.19923749566078186,0.13089999556541443,1,-16.087501525878906,51.78750228881836,0.8346428275108337,0,-0.4059000015258789,4187,2023-06-22 08:12:27,-27.412500381469727
c32bdcc96f9e1fb1,0.35291868448257446,-0.09819867461919785,-0.08483749628067017,-0.5300624966621399,1,,,1.0111557245254517,1,-0.9613999724388123,4491,2023-06-22 08:12:27,
c32bdcc96f9e1fb1,0.15682725608348846,0.11808314919471741,-0.5691124796867371,-0.6863999962806702,1,-14.100000381469727,52.25625228881836,0.8973554372787476,2,-0.2759625017642975,,2023-06-22 08:12:27,-27.412500381469727
c32bdcc96f9e1fb1,0.23861360549926758,0.011425920762121677,1.365649938583374,0.43312498927116394,1,-11.8125,52.312503814697266,0.8221920728683472,3,-0.27816250920295715,4700,2023-06-22 08:12:27,-27.712501525878906
c32bdcc96f9e1fb1,0.3331412971019745,-0.1656070053577423,0.7163749933242798,0.4661250114440918,1,-9.90000057220459,52.98750305175781,1.140649437904358,4,-0.2909500002861023,4861,2023-06-22 08:12:27,-27.843751907348633
c32bdcc96f9e1fb1,0.44235292077064514,-0.07423024624586105,-0.7138999700546265,1.3131250143051147,1,-8.943750381469727,53.28750228881836,1.0861966609954834,5,0.445499986410141,4836,2023-06-22 08:12:27,-27.712501525878906
c32bdcc96f9e1fb1,0.38912373781204224,0.024366119876503944,0.13007499277591705,0.7683500051498413,1,,,0.8544202446937561,6,0.2124374955892563,4769,2023-06-22 08:12:27,
c32bdcc96f9e1fb1,0.36515530943870544,0.0775953084230423,-1.3545124530792236,1.0960124731063843,1,-9.300000190734863,52.743751525878906,0.6106060743331909,0,0.7849875092506409,,2023-06-22 08:12:28,-27.600000381469727
c32bdcc96f9e1fb1,0.11971978843212128,0.12889721989631653,-3.406287431716919,-3.7534749507904053,1,-9.543750762939453,49.25625228881836,0.06994743645191193,1,1.5831749439239502,4443,2023-06-22 08:12:28,-29.212501525878906
c32bdcc96f9e1fb1,-0.513218104839325,0.7962964177131653,-4.995100021362305,-0.4054875075817108,1,-6.412500381469727,40.5,0.4826265871524811,2,4.579987525939941,3007,2023-06-22 08:12:28,-30.11250114440918
c32bdcc96f9e1fb1,-1.608087420463562,1.0544885396957397,-0.40741249918937683,-1.088724970817566,1,-0.7875000238418579,33.900001525878906,0.028954841196537018,3,4.875887393951416,1618,2023-06-22 08:12:28,-29.700000762939453
c32bdcc96f9e1fb1,-1.065914511680603,1.0715128183364868,0.5163124799728394,0.5660874843597412,1,,,0.13490846753120422,4,1.6662249565124512,450,2023-06-22 08:12:28,
c32bdcc96f9e1fb1,-0.9433344602584839,1.286479115486145,-0.4478375017642975,-0.18521249294281006,1,3.7125000953674316,28.14375114440918,-0.09799982607364655,5,-2.9961249828338623,,2023-06-22 08:12:28,-29.512500762939453
c32bdcc96f9e1fb1,-1.286479115486145,0.9641366004943848,-0.9926124811172485,1.0014125108718872,1,5.287500381469727,19.443750381469727,0.29439717531204224,0,-4.058175086975098,460,2023-06-22 08:12:29,-29.043750762939453
c32bdcc96f9e1fb1,-1.1039397716522217,0.41921043395996094,-1.999387502670288,0.9257875084877014,1,4.856250286102295,9.356250762939453,0.21648065745830536,1,-1.9808249473571777,416,2023-06-22 08:12:29,-27.600000381469727
c32bdcc96f9e1fb1,-0.9472194910049438,0.24514488875865936,1.1112749576568604,-1.6069624423980713,1,6.843750476837158,-0.05625000223517418,-0.0530303455889225,2,1.3202749490737915,355,2023-06-22 08:12:29,-27.000001907348633
c32bdcc96f9e1fb1,-0.8885756134986877,0.8160738348960876,0.015124999918043613,0.14781250059604645,1,,,0.21280968189239502,3,1.9716124534606934,320,2023-06-22 08:12:29,
c32bdcc96f9e1fb1,-0.5449414849281311,0.7682593464851379,0.4652999937534332,-0.640749990940094,1,11.34375,-7.743750095367432,0.05261735990643501,4,1.4053875207901,,2023-06-22 08:12:29,-27.412500381469727
c32bdcc96f9e1fb1,-0.6909546256065369,0.7211484313011169,1.029325008392334,-0.4725874960422516,1,16.80000114440918,-10.800000190734863,0.06944268196821213,5,2.618687391281128,1019,2023-06-22 08:12:29,-26.45625114440918
c32bdcc96f9e1fb1,0.3446589708328247,0.21261082589626312,1.1026124954223633,-0.6650875210762024,1,16.80000114440918,-10.800000190734863,0.4267512559890747,0,-0.3268375098705292,,2023-06-22 08:13:24,-26.45625114440918
c32bdcc96f9e1fb1,0.5087364315986633,0.020695142447948456,0.35227498412132263,0.4427500069141388,1,,,1.1322979927062988,1,0.2595999836921692,1022,2023-06-22 08:13:24,
c32bdcc96f9e1fb1,0.4791697859764099,-0.045168329030275345,0.27252501249313354,0.32670000195503235,1,-27.48750114440918,37.44375228881836,1.1230134963989258,2,0.49582499265670776,1032,2023-06-22 08:13:24,-27.11250114440918
c32bdcc96f9e1fb1,0.28705522418022156,-0.10186965763568878,0.05967500060796738,0.7067499756813049,1,-28.087501525878906,37.087501525878906,0.9027548432350159,0,0.634149968624115,1016,2023-06-22 08:13:25,-26.45625114440918
c32bdcc96f9e1fb1,0.37586233019828796,-0.009284516796469688,0.1788875013589859,0.7684875130653381,1,-29.212501525878906,36.30000305175781,0.5669673681259155,1,0.43408748507499695,931,2023-06-22 08:13:25,-24.95625114440918
c32bdcc96f9e1fb1,0.6624127626419067,0.16549994051456451,-0.6906625032424927,0.34485000371932983,1,-30.056251525878906,36.243751525878906,1.0541826486587524,2,-0.9216625094413757,,2023-06-22 08:13:25,-23.400001525878906
c32bdcc96f9e1fb1,0.6106060743331909,-0.05709901452064514,-0.5182374715805054,-0.20432500541210175,1,,,0.8218862414360046,3,-0.028737500309944153,899,2023-06-22 08:13:25,
c32bdcc96f9e1fb1,0.4033028781414032,-0.05587535351514816,-1.6770875453948975,1.3208249807357788,1,-31.200000762939453,35.75625228881836,0.6421153545379639,4,0.3788124918937683,929,2023-06-22 08:13:25,-21.600000381469727
c32bdcc96f9e1fb1,0.5612466931343079,0.17671172320842743,-1.2109625339508057,-2.0314249992370605,1,-32.15625,34.3125,0.4225755035877228,5,1.022587537765503,945,2023-06-22 08:13:25,-20.34375
c32bdcc96f9e1fb1,0.9789276123046875,0.040686678141355515,1.5824874639511108,-0.9311500191688538,1,-32.64375305175781,32.64375305175781,1.049288034439087,6,0.7288874983787537,,2023-06-22 08:13:25,-20.212501525878906
c32bdcc96f9e1fb1,0.4562261402606964,0.1606053113937378,1.3611124753952026,1.8985999822616577,1,-33.84375,31.200000762939453,1.5165270566940308,0,0.04675000160932541,,2023-06-22 08:13:26,-18.712501525878906
c32bdcc96f9e1fb1,0.3138686418533325,0.2617560625076294,1.4037375450134277,1.1675125360488892,1,,,0.5928630232810974,1,1.7729250192642212,884,2023-06-22 08:13:26,
c32bdcc96f9e1fb1,0.33386021852493286,0.09809160232543945,0.8205999732017517,-2.1485750675201416,1,-34.61250305175781,27.600000381469727,0.5647188425064087,2,-0.1405249983072281,881,2023-06-22 08:13:26,-16.256250381469727
c32bdcc96f9e1fb1,0.3798391819000244,0.14959238469600677,-0.7757750153541565,-1.6068249940872192,1,-34.14375305175781,26.512500762939453,1.5023479461669922,3,-1.3707374334335327,973,2023-06-22 08:13:26,-17.512500762939453
c32bdcc96f9e1fb1,0.31611713767051697,-0.025390934199094772,-0.5874000191688538,-0.2723875045776367,1,-32.88750076293945,25.312501907348633,0.7476559281349182,4,-0.34264999628067017,1107,2023-06-22 08:13:26,-19.3125
c32bdcc96f9e1fb1,0.4513314962387085,-0.21536405384540558,-0.3713875114917755,0.46309998631477356,1,-32.15625,23.15625,1.1230134963989258,5,-0.33096250891685486,,2023-06-22 08:13:26,-20.8125
c32bdcc96f9e1fb1,0.5544248223304749,0.01896672137081623,1.3154624700546265,1.0823999643325806,1,,,1.4183284044265747,0,0.3363249897956848,1221,2023-06-22 08:13:27,
c32bdcc96f9e1fb1,0.17906726896762848,0.008672686293721199,-0.4246000051498413,1.3506624698638916,1,-31.98750114440918,21.356250762939453,1.0690654516220093,1,0.6087124943733215,1205,2023-06-22 08:13:27,-22.012500762939453
c32bdcc96f9e1fb1,0.1893613040447235,0.09983532130718231,0.20542499423027039,-0.32339999079704285,1,-32.15625,20.34375,0.520560085773468,2,-0.1681624948978424,1144,2023-06-22 08:13:27,-21.95625114440918
c32bdcc96f9e1fb1,0.3155970871448517,-0.06057114526629448,2.05287504196167,-2.2431750297546387,1,-31.743751525878906,20.587501525878906,0.7557168006896973,3,-0.5799750089645386,1276,2023-06-22 08:13:27,-22.012500762939453
c32bdcc96f9e1fb1,0.01641233265399933,0.25268569588661194,-0.2447499930858612,0.6748499870300293,1,-30.543750762939453,21.412500381469727,1.575568675994873,4,-1.1578874588012695,,2023-06-22 08:13:27,-23.64375114440918
c32bdcc96f9e1fb1,0.0948336124420166,-0.03782637417316437,0.002199999988079071,-0.43834999203681946,1,,,0.6970729231834412,5,-0.724762499332428,1572,2023-06-22 08:13:27,
c32bdcc96f9e1fb1,0.3366134464740753,-0.27471157908439636,-0.29906249046325684,0.4503124952316284,1,-29.45625114440918,24.056251525878906,0.9274268746376038,0,-0.34595000743865967,1828,2023-06-22 08:13:28,-25.200000762939453
c32bdcc96f9e1fb1,0.38422906398773193,-0.302549809217453,0.04895000159740448,0.22673749923706055,1,-29.64375114440918,25.500001907348633,1.2383434772491455,1,0.3713875114917755,1923,2023-06-22 08:13:28,-23.887500762939453
c32bdcc96f9e1fb1,0.21128012239933014,-0.357308566570282,-0.05953750014305115,0.004399999976158142,1,-30.30000114440918,27.056251525878906,0.928145706653595,2,0.37345001101493835,1874,2023-06-22 08:13:28,-22.743751525878906
c32bdcc96f9e1fb1,0.2557448446750641,-0.16121713817119598,-0.22550000250339508,0.5704874992370605,1,-30.900001525878906,27.900001525878906,0.570118248462677,3,0.7385125160217285,,2023-06-22 08:13:28,-21.84375
c32bdcc96f9e1fb1,0.3275277614593506,-0.02906191349029541,-0.7459374666213989,-2.515700101852417,1,,,0.555740237236023,4,-0.1297999918460846,1882,2023-06-22 08:13:28,
c32bdcc96f9e1fb1,0.10167080909013748,-0.03976893424987793,-0.46076250076293945,0.4184125065803528,1,-29.212501525878906,29.587501525878906,1.616867184638977,5,0.1223749965429306,1979,2023-06-22 08:13:28,-23.287500381469727
c32bdcc96f9e1fb1,0.32416269183158875,0.094940684735775,0.297962486743927,0.3917374908924103,1,-28.087501525878906,31.200000762939453,0.893470287322998,0,-0.5300624966621399,2043,2023-06-22 08:13:29,-24.843751907348633
c32bdcc96f9e1fb1,0.15070895850658417,-0.027333494275808334,0.5619624853134155,0.9494374990463257,1,-28.087501525878906,32.28750228881836,0.6433389782905579,1,-0.6715499758720398,2054,2023-06-22 08:13:29,-24.48750114440918
c32bdcc96f9e1fb1,0.37708595395088196,-0.18313594162464142,0.7811374664306641,-1.014062523841858,1,-28.14375114440918,32.51250076293945,1.122814655303955,2,0.8108375072479248,,2023-06-22 08:13:29,-24.187501907348633
c32bdcc96f9e1fb1,0.2855256497859955,-0.5064879655838013,0.018149999901652336,0.7386500239372253,1,,,1.3870179653167725,3,1.3919124603271484,2074,2023-06-22 08:13:29,
c32bdcc96f9e1fb1,0.20026716589927673,-0.0893271416425705,0.37248748540878296,0.8003875017166138,1,-28.98750114440918,30.600000381469727,0.6875895857810974,4,1.1280499696731567,2069,2023-06-22 08:13:29,-23.700000762939453
c32bdcc96f9e1fb1,0.201796755194664,-0.08718573302030563,-0.2681249976158142,-2.181575059890747,1,-29.400001525878906,27.843751907348633,0.2919498682022095,5,0.09886249899864197,2107,2023-06-22 08:13:29,-23.8125
c32bdcc96f9e1fb1,0.11552875488996506,0.032426975667476654,0.7386500239372253,-1.2333749532699585,1,-28.687501907348633,27.000001907348633,1.2900431156158447,6,-0.7716500163078308,2150,2023-06-22 08:13:29,-24.900001525878906
c32bdcc96f9e1fb1,0.2025156468153,0.036816854029893875,-0.12127500027418137,0.6971250176429749,1,-28.200000762939453,26.887500762939453,1.1264855861663818,0,-0.4618625044822693,,2023-06-22 08:13:30,-25.856250762939453
c32bdcc96f9e1fb1,0.19833990931510925,0.01896672137081623,-0.40328750014305115,-0.6448749899864197,1,,,0.4626503586769104,1,-1.331412434577942,2192,2023-06-22 08:13:30,
c32bdcc96f9e1fb1,0.25237977504730225,-0.28837066888809204,0.8269249796867371,-0.5064125061035156,1,-28.556251525878906,27.11250114440918,1.1884793043136597,2,-0.18741250038146973,2273,2023-06-22 08:13:30,-25.61250114440918
c32bdcc96f9e1fb1,0.19711624085903168,-0.4280819594860077,0.1863124966621399,0.9174000024795532,1,-28.556251525878906,27.11250114440918,1.559446930885315,3,1.1855249404907227,2253,2023-06-22 08:13:30,-25.556251525878906
c32bdcc96f9e1fb1,0.095338374376297,-0.20435114204883575,0.18741250038146973,0.7875999808311462,1,-29.287500381469727,25.012500762939453,0.6524093151092529,4,1.6473875045776367,2215,2023-06-22 08:13:30,-25.14375114440918
c32bdcc96f9e1fb1,0.18029092252254486,-0.0775953084230423,-0.038224998861551285,-0.23512500524520874,1,-29.64375114440918,23.043750762939453,0.5666614174842834,5,0.4235000014305115,,2023-06-22 08:13:30,-25.256250381469727
c32bdcc96f9e1fb1,0.1424492597579956,0.04241509735584259,0.3778499960899353,-1.190750002861023,1,,,1.1289329528808594,0,-1.745287537574768,2178,2023-06-22 08:13:31,
c32bdcc96f9e1fb1,0.15193262696266174,-0.18660806119441986,-0.5330874919891357,0.7790749669075012,1,-28.856250762939453,23.100000381469727,1.1806325912475586,1,-0.22247499227523804,2191,2023-06-22 08:13:31,-26.343751907348633
c32bdcc96f9e1fb1,0.28093692660331726,0.005506467539817095,1.7560124397277832,-0.596887469291687,1,-27.900001525878906,26.100000381469727,0.5613538026809692,2,-2.2731499671936035,2294,2023-06-22 08:13:31,-27.187501907348633
c32bdcc96f9e1fb1,0.3397643566131592,-0.7663167715072632,0.5523374676704407,0.3268375098705292,1,-27.900001525878906,27.712501525878906,1.0930339097976685,3,0.6448749899864197,2495,2023-06-22 08:13:31,-26.45625114440918
c32bdcc96f9e1fb1,0.18344184756278992,-0.7815054655075073,0.23526249825954437,0.7864999771118164,1,-28.200000762939453,28.256250381469727,1.686202883720398,4,1.356850028038025,,2023-06-22 08:13:31,-25.312501907348633
c32bdcc96f9e1fb1,0.12440028786659241,-0.31233909726142883,-0.03506249934434891,0.48221248388290405,1,,,0.6306893825531006,5,1.1269500255584717,2551,2023-06-22 08:13:31,
c32bdcc96f9e1fb1,0.17050166428089142,-0.12848424911499023,0.8727124929428101,-0.9736375212669373,1,-29.287500381469727,26.812501907348633,0.47733429074287415,0,-0.06599999964237213,2535,2023-06-22 08:13:32,-23.756250381469727
c32bdcc96f9e1fb1,0.25257861614227295,-0.07300658524036407,-0.04468749836087227,-2.031562566757202,1,-28.912500381469727,26.587501525878906,1.0116604566574097,1,-1.627174973487854,2474,2023-06-22 08:13:32,-23.8125
c32bdcc96f9e1fb1,0.23015505075454712,-0.4259405732154846,-0.5885000228881836,1.0866625308990479,1,-28.312501907348633,27.412500381469727,1.423421859741211,2,0.48730000853538513,2466,2023-06-22 08:13:32,-24.48750114440918
c32bdcc96f9e1fb1,0.3021368384361267,0.05486582964658737,-0.6309875249862671,0.6556000113487244,1,-28.256250381469727,28.743751525878906,0.5000637173652649,3,-0.7651875019073486,,2023-06-22 08:13:32,-24.11250114440918
c32bdcc96f9e1fb1,0.3674037754535675,-0.21219784021377563,0.520437479019165,-1.3611124753952026,1,,,0.7483748197555542,4,-0.8397125005722046,2433,2023-06-22 08:13:32,
c32bdcc96f9e1fb1,0.2902061343193054,-0.41318389773368835,-0.6671500205993652,0.42253750562667847,1,-28.087501525878906,29.756250381469727,1.7145458459854126,5,1.7260375022888184,2409,2023-06-22 08:13:32,-23.887500762939453
c32bdcc96f9e1fb1,0.16753427684307098,-0.10910454392433167,-0.33838748931884766,0.24062499403953552,1,-28.61250114440918,27.056251525878906,0.6590477228164673,0,1.1492249965667725,2324,2023-06-22 08:13:33,-22.98750114440918
c32bdcc96f9e1fb1,0.22281308472156525,-0.10768202692270279,-0.6107749938964844,-0.22027499973773956,1,-29.156251907348633,23.587501525878906,0.5190304517745972,1,0.40328750014305115,2203,2023-06-22 08:13:33,-22.98750114440918
c32bdcc96f9e1fb1,0.20568186044692993,0.08830232918262482,0.1639000028371811,-1.601599931716919,1,-28.256250381469727,22.556251525878906,1.2273304462432861,2,-1.7580749988555908,,2023-06-22 08:13:33,-24.243751525878906
c32bdcc96f9e1fb1,0.1832430064678192,-0.3077503740787506,-0.7704125046730042,0.7460749745368958,1,,,1.3364349603652954,3,-0.0032999999821186066,2024,2023-06-22 08:13:33,
c32bdcc96f9e1fb1,0.2076091319322586,0.11246960610151291,0.34168750047683716,-0.1872749924659729,1,-27.656251907348633,23.043750762939453,0.5291256308555603,4,-1.4623124599456787,1916,2023-06-22 08:13:33,-25.14375114440918
c32bdcc96f9e1fb1,0.1841607540845871,-0.13357773423194885,0.47148749232292175,-0.404387503862381,1,-28.087501525878906,23.64375114440918,0.9735282063484192,5,-0.4310624897480011,1926,2023-06-22 08:13:33,-24.48750114440918
c32bdcc96f9e1fb1,0.31214025616645813,-0.37026405334472656,-0.38830000162124634,0.4885374903678894,1,-27.900001525878906,24.600000381469727,1.4281177520751953,6,0.6873624920845032,1940,2023-06-22 08:13:33,-24.356250762939453
c32bdcc96f9e1fb1,0.16101829707622528,-0.3277418911457062,-0.8481000065803528,1.2090375423431396,1,-28.14375114440918,24.11250114440918,0.9740329384803772,0,1.0715374946594238,,2023-06-22 08:13:34,-23.64375114440918
c32bdcc96f9e1fb1,0.32263311743736267,-0.018048977479338646,0.2853125035762787,0.6194375157356262,1,,,0.7376677989959717,1,-0.09047500044107437,1885,2023-06-22 08:13:34,
c32bdcc96f9e1fb1,0.3791356086730957,0.03334472328424454,0.023512499406933784,-0.43738749623298645,1,-29.043750762939453,23.8125,0.8341228365898132,2,-0.28421249985694885,1844,2023-06-22 08:13:34,-22.443750381469727
c32bdcc96f9e1fb1,0.3270229995250702,-0.022438855841755867,-0.9428374767303467,1.272837519645691,1,-29.400001525878906,25.256250381469727,1.5377269983291626,3,0.10532499849796295,1839,2023-06-22 08:13:34,-21.712501525878906
c32bdcc96f9e1fb1,0.295513778924942,-0.030790330842137337,-0.24791249632835388,0.3086875081062317,1,-29.64375114440918,28.200000762939453,0.626008927822113,4,-0.8098750114440918,1846,2023-06-22 08:13:34,-20.45625114440918
c32bdcc96f9e1fb1,0.5532011389732361,-0.24106091260910034,-0.1340624988079071,0.07136250287294388,1,-30.187501907348633,30.243751525878906,0.7159478664398193,5,0.09776250272989273,,2023-06-22 08:13:34,-18.543750762939453
c32bdcc96f9e1fb1,0.6528223752975464,-0.18824473023414612,0.30662500858306885,-0.25107499957084656,1,,,1.0375561714172363,0,0.3139125108718872,1838,2023-06-22 08:13:35,
c32bdcc96f9e1fb1,0.38178175687789917,-0.3394584357738495,0.36079999804496765,-0.07768750190734863,1,-30.48750114440918,31.14375114440918,0.7752953171730042,1,1.2621124982833862,1868,2023-06-22 08:13:35,-17.100000381469727
c32bdcc96f9e1fb1,0.3616984486579895,-0.0768916979432106,-0.0424874983727932,0.3544749915599823,1,-31.012500762939453,30.11250114440918,0.6578240394592285,2,0.9886249899864197,1956,2023-06-22 08:13:35,-15.356250762939453
c32bdcc96f9e1fb1,0.4388807713985443,0.094940684735775,0.13103750348091125,-1.6249749660491943,1,-30.900001525878906,30.187501907348633,0.7476559281349182,3,-1.5368374586105347,2091,2023-06-22 08:13:35,-14.943750381469727
c32bdcc96f9e1fb1,0.2543223202228546,-0.26981693506240845,-0.4830375015735626,0.43642500042915344,1,-30.543750762939453,30.712501525878906,1.44687020778656,4,0.7331500053405762,,2023-06-22 08:13:35,-15.05625057220459
c32bdcc96f9e1fb1,0.33538976311683655,0.0058123827911913395,-0.4969249963760376,1.141937494277954,1,,,0.9827974438667297,5,0.3128125071525574,2189,2023-06-22 08:13:35,
c32bdcc96f9e1fb1,0.3490488529205322,-0.050781868398189545,0.16499999165534973,-0.7735750079154968,1,-30.11250114440918,30.656251907348633,0.4768142104148865,0,-0.2619374990463257,2291,2023-06-22 08:13:36,-15.187500953674316
c32bdcc96f9e1fb1,0.5998990535736084,-0.2613583505153656,0.40974998474121094,0.07768750190734863,1,-29.64375114440918,30.543750762939453,1.3712176084518433,1,0.3830749988555908,2409,2023-06-22 08:13:36,-15.300000190734863
c32bdcc96f9e1fb1,0.41818565130233765,-0.32508042454719543,0.23100000619888306,0.8503000140190125,1,-29.812501907348633,28.200000762939453,0.8514681458473206,2,1.0300124883651733,2452,2023-06-22 08:13:36,-15.300000190734863
c32bdcc96f9e1fb1,0.16397036612033844,-0.09258513897657394,0.2586374878883362,0.37248748540878296,1,-30.056251525878906,25.312501907348633,0.45439067482948303,3,1.302537441253662,,2023-06-22 08:13:36,-15.656250953674316
c32bdcc96f9e1fb1,0.4440813362598419,0.11002228409051895,0.3396250009536743,-1.4228500127792358,1,,,0.6924842000007629,4,-0.955762505531311,2465,2023-06-22 08:13:36,
c32bdcc96f9e1fb1,0.3849479854106903,0.06638352572917938,0.8194999694824219,-0.2947999835014343,1,-29.812501907348633,24,1.437080979347229,5,-0.030937500298023224,2462,2023-06-22 08:13:36,-16.6875
c32bdcc96f9e1fb1,0.2911238968372345,0.09911642223596573,0.05431250110268593,0.9822999835014343,1,-29.587501525878906,22.912500381469727,0.9652684926986694,0,0.359562486410141,2495,2023-06-22 08:13:37,-17.700000762939453
c32bdcc96f9e1fb1,0.32416269183158875,-0.028343014419078827,-1.0874874591827393,-0.8065750002861023,1,-29.756250381469727,20.887500762939453,0.44215404987335205,1,0.04138749837875366,2493,2023-06-22 08:13:37,-17.887500762939453
c32bdcc96f9e1fb1,0.35291868448257446,0.006011227145791054,0.993025004863739,-1.1365749835968018,1,-28.912500381469727,19.14375114440918,1.509888768196106,2,0.025437500327825546,,2023-06-22 08:13:37,-18.95625114440918
c32bdcc96f9e1fb1,0.12797948718070984,-0.29429009556770325,0.011824999935925007,1.830399990081787,1,,,1.5321288108825684,3,1.2578500509262085,2441,2023-06-22 08:13:37,
c32bdcc96f9e1fb1,0.1353214532136917,-0.07912488281726837,0.05431250110268593,0.9290875196456909,1,-28.98750114440918,16.6875,0.555740237236023,4,0.64267498254776,2372,2023-06-22 08:13:37,-18.712501525878906
c32bdcc96f9e1fb1,0.26481521129608154,-0.054651688784360886,0.22673749923706055,-0.2521750032901764,1,-29.043750762939453,13.912500381469727,0.5540118217468262,5,-0.06077500060200691,2380,2023-06-22 08:13:37,-18.95625114440918
c32bdcc96f9e1fb1,0.24575671553611755,0.05506467819213867,0.03739999979734421,-1.9431500434875488,1,-27.843751907348633,13.08750057220459,0.9628211259841919,6,-0.1681624948978424,2362,2023-06-22 08:13:37,-20.587501525878906
c32bdcc96f9e1fb1,0.22158944606781006,-0.2078232765197754,-0.3287625014781952,0.5693874955177307,1,,,1.3162446022033691,0,1.3195874691009521,,2023-06-22 08:13:38,
c32bdcc96f9e1fb1,0.33589452505111694,0.18579739332199097,-0.26592499017715454,0.6800749897956848,1,-26.887500762939453,12.300000190734863,0.8236299157142639,1,-0.6023874878883362,2359,2023-06-22 08:13:38,-21.787500381469727
c32bdcc96f9e1fb1,0.5463639497756958,-0.15826506912708282,0.7056499719619751,0.03189999982714653,1,-26.700000762939453,10.612500190734863,0.8224062323570251,2,-0.22783750295639038,2351,2023-06-22 08:13:38,-21.95625114440918
c32bdcc96f9e1fb1,0.4924159049987793,-0.7045219540596008,0.2139499932527542,0.8833000063896179,1,-26.400001525878906,8.887500762939453,1.1317780017852783,3,0.9055749773979187,2384,2023-06-22 08:13:38,-22.5
c32bdcc96f9e1fb1,0.2091386914253235,-0.24197867512702942,0.9802374839782715,0.06599999964237213,1,-26.343751907348633,6.787500381469727,0.6756588816642761,4,1.1321749687194824,2414,2023-06-22 08:13:38,-22.256250381469727
c32bdcc96f9e1fb1,0.31825852394104004,-0.17609989643096924,0.7067499756813049,-0.35227498412132263,1,,,0.5862399339675903,5,0.40755000710487366,,2023-06-22 08:13:38,
c32bdcc96f9e1fb1,0.467743843793869,-0.21250376105308533,0.25341248512268066,-0.30428749322891235,1,-26.756250381469727,4.387500286102295,0.9316178560256958,0,-0.1331000030040741,2413,2023-06-22 08:13:39,-21.95625114440918
c32bdcc96f9e1fb1,0.30560895800590515,-0.5544248223304749,0.26936250925064087,-0.05101250112056732,1,-25.687501907348633,3.543750047683716,1.176242709159851,1,0.743737518787384,2334,2023-06-22 08:13:39,-23.15625
c32bdcc96f9e1fb1,0.4145146310329437,-0.26961806416511536,0.06077500060200691,-0.07768750190734863,1,,,0.9610774517059326,2,0.6682500243186951,,2023-06-22 08:13:39,
c32bdcc96f9e1fb1,0.3681226670742035,-0.1250121146440506,0.47574999928474426,-0.3937999904155731,1,-24.656251907348633,2.512500047683716,0.7557168006896973,3,0.12443749606609344,2103,2023-06-22 08:13:39,-24.056251525878906
c32bdcc96f9e1fb1,0.5148547291755676,-0.16897208988666534,-0.28517499566078186,-1.4132249355316162,1,-24,0.956250011920929,0.8460534811019897,4,-0.06283749639987946,1633,2023-06-22 08:13:39,-23.943750381469727
c32bdcc96f9e1fb1,0.3875941336154938,-0.22373083233833313,0.48537498712539673,0.16073749959468842,1,-22.3125,-0.48750001192092896,1.3553099632263184,5,0.6043124794960022,1126,2023-06-22 08:13:39,-24.11250114440918
c32bdcc96f9e1fb1,0.23402486741542816,-0.28185468912124634,-0.013749999925494194,-0.026537500321865082,1,-19.98750114440918,-2.4562501907348633,0.7501032948493958,6,0.7385125160217285,742,2023-06-22 08:13:39,-24.712501525878906
c32bdcc96f9e1fb1,0.25716733932495117,-0.28255826234817505,,,1,,,0.6155007481575012,0,,,2023-06-22 08:13:40,
c32bdcc96f9e1fb1,0.935686469078064,-0.15774500370025635,-0.5495874881744385,-0.0611874982714653,6,-25.61250114440918,-12.487500190734863,0.28246650099754333,0,-0.08923749625682831,110,2023-06-06 07:21:01,-8.34375
c32bdcc96f9e1fb1,0.9261114001274109,-0.14989829063415527,-0.9678624868392944,-0.27623748779296875,6,-20.212501525878906,2.700000047683716,0.32223543524742126,0,-0.04455000162124634,,2023-06-06 07:21:02,-32.70000076293945
c32bdcc96f9e1fb1,0.9022499918937683,-0.09085671603679657,-0.6740249991416931,-0.9147874712944031,6,,,0.4523410201072693,1,0.07672499865293503,106,2023-06-06 07:21:02,
c32bdcc96f9e1fb1,0.8399351239204407,-0.017330078408122063,-0.11219999939203262,0.0037124999798834324,6,-19.3125,1.1437500715255737,0.5165831446647644,2,0.14492499828338623,103,2023-06-06 07:21:02,-32.8125
c32bdcc96f9e1fb1,0.8570663928985596,0.0021414041984826326,0.04001250118017197,0.058024998754262924,6,-18.600000381469727,-0.24375000596046448,0.4414351284503937,3,-0.0009624999947845936,102,2023-06-06 07:21:02,-32.88750076293945
c32bdcc96f9e1fb1,0.8609515428543091,-0.019073793664574623,0.011274999938905239,0.12498749792575836,6,-17.887500762939453,-1.6125000715255737,0.45509427785873413,4,0.10766249895095825,104,2023-06-06 07:21:02,-32.75625228881836
c32bdcc96f9e1fb1,0.8726680278778076,-0.013873239047825336,0.03355000168085098,-0.1368124932050705,6,-17.043750762939453,-3.4875001907348633,0.4978305399417877,5,0.14272500574588776,,2023-06-06 07:21:02,-32.45625305175781
c32bdcc96f9e1fb1,0.8616551160812378,0.006531282793730497,-0.06641250103712082,0.02502499893307686,6,,,0.47100186347961426,0,0.04372499883174896,105,2023-06-06 07:21:03,
c32bdcc96f9e1fb1,0.8670698404312134,0.028954841196537018,0.09322500228881836,0.010037500411272049,6,-16.14375114440918,-5.100000381469727,0.48314666748046875,1,0.1597750037908554,,2023-06-06 07:21:03,-32.28750228881836
c32bdcc96f9e1fb1,0.8921548128128052,0.01916556805372238,0.10491249710321426,0.2143625020980835,6,-15.300000190734863,-6.787500381469727,0.4616255760192871,2,0.11715000122785568,,2023-06-06 07:21:03,-32.212501525878906
c32bdcc96f9e1fb1,0.8812336921691895,0.027532339096069336,0.03148749843239784,0.0005499999970197678,6,-14.456250190734863,-8.512500762939453,0.4255276024341583,3,-0.036024998873472214,,2023-06-06 07:21:03,-32.212501525878906
c32bdcc96f9e1fb1,0.8828702569007874,0.038239359855651855,-0.28462499380111694,0.26551249623298645,6,-14.343750953674316,-9.112500190734863,0.4616255760192871,4,-0.04661250114440918,,2023-06-06 07:21:03,-31.98750114440918
c32bdcc96f9e1fb1,0.8994967937469482,0.02825123816728592,0.12306249886751175,0.14409999549388885,6,,,0.40839633345603943,5,-0.017875000834465027,,2023-06-06 07:21:03,
c32bdcc96f9e1fb1,0.9054009318351746,0.030698556452989578,-0.10161250084638596,0.08249999582767487,6,-14.756250381469727,-9.112500190734863,0.3737209141254425,6,-0.0317624993622303,,2023-06-06 07:21:03,-31.443750381469727
c32bdcc96f9e1fb1,0.9143795371055603,0.0414055772125721,0.028324998915195465,0.03244999796152115,6,-14.887500762939453,-9.65625,0.36598125100135803,0,0.010724999941885471,104,2023-06-06 07:21:04,-31.087501525878906
c32bdcc96f9e1fb1,0.9115192890167236,0.02283654548227787,-0.08346249908208847,-0.08992499858140945,6,-15.24375057220459,-10.143750190734863,0.33569568395614624,1,0.011824999935925007,102,2023-06-06 07:21:04,-30.600000381469727
c32bdcc96f9e1fb1,0.9143795371055603,0.05150076746940613,0.1592250019311905,0.04619999974966049,6,-15.71250057220459,-10.143750190734863,0.350272536277771,2,-0.04235000163316727,,2023-06-06 07:21:04,-30.356250762939453
c32bdcc96f9e1fb1,0.908765971660614,0.01509689912199974,0.15812499821186066,-0.016499999910593033,6,,,0.2860304117202759,3,0.00013749999925494194,101,2023-06-06 07:21:04,
c32bdcc96f9e1fb1,0.933958113193512,0.02722642384469509,-0.22068749368190765,-0.17297500371932983,6,-16.256250381469727,-10.08750057220459,0.43531686067581177,4,0.033137500286102295,,2023-06-06 07:21:04,-30.056251525878906
c32bdcc96f9e1fb1,0.9141807556152344,0.024779105558991432,0.133650004863739,-0.10917499661445618,6,-16.5,-9.90000057220459,0.35955703258514404,5,0.021449999883770943,,2023-06-06 07:21:04,-29.812501907348633
c32bdcc96f9e1fb1,0.9056150913238525,0.02283654548227787,0.201712504029274,-0.03355000168085098,6,-16.856250762939453,-9.412500381469727,0.38473382592201233,0,-0.047712501138448715,105,2023-06-06 07:21:05,-29.756250381469727
c32bdcc96f9e1fb1,0.7282761931419373,-0.40074849128723145,-0.3250499963760376,-0.13887499272823334,6,,,0.5366817116737366,0,0.04152499884366989,,2023-06-06 08:47:51,
c32bdcc96f9e1fb1,0.727052628993988,-0.3613925278186798,-1.314774990081787,-0.5593500137329102,6,,,0.5888861417770386,1,0.1522125005722046,,2023-06-06 08:47:51,
c32bdcc96f9e1fb1,0.7725421190261841,-0.33528268337249756,-0.20803749561309814,-0.254925012588501,6,,,0.6245710849761963,2,0.6300249695777893,,2023-06-06 08:47:51,
c32bdcc96f9e1fb1,0.6326319575309753,-0.11155185848474503,-0.4017750024795532,-0.36877501010894775,6,,,0.707581102848053,3,0.44261249899864197,,2023-06-06 08:47:51,
c32bdcc96f9e1fb1,0.5745081305503845,0.0016366447089239955,-0.4388999938964844,-0.33797499537467957,6,,,0.7532694935798645,0,0.1266375035047531,,2023-06-06 08:47:52,
c32bdcc96f9e1fb1,0.5810394287109375,-0.017850132659077644,0.1260875016450882,-0.552887499332428,6,,,0.7852834463119507,1,0.013749999925494194,,2023-06-06 08:47:52,
c32bdcc96f9e1fb1,0.550233781337738,-0.024167275056242943,0.01759999990463257,0.30057498812675476,6,,,0.8485007882118225,2,0.09790000319480896,,2023-06-06 08:47:52,
c32bdcc96f9e1fb1,0.6176421046257019,-0.08034854382276535,-0.06435000151395798,-0.016499999910593033,6,,,0.7420424222946167,3,0.03506249934434891,,2023-06-06 08:47:52,
c32bdcc96f9e1fb1,0.617443323135376,-0.06076998636126518,-0.020762499421834946,0.03244999796152115,6,,,0.7962964177131653,4,0.03396249935030937,,2023-06-06 08:47:52,
c32bdcc96f9e1fb1,0.6027593612670898,-0.040074847638607025,-0.025987500324845314,0.007974999956786633,6,,,0.7867060303688049,5,0,,2023-06-06 08:47:52,
c32bdcc96f9e1fb1,0.6123345494270325,-0.06811194866895676,0.05169999971985817,0.052662499248981476,6,,,0.7762131094932556,0,0.049912501126527786,,2023-06-06 08:47:53,
c32bdcc96f9e1fb1,0.6000978946685791,-0.026614593341946602,-0.07081250101327896,-0.0494999997317791,6,,,0.7765190005302429,1,-0.014987500384449959,,2023-06-06 08:47:53,
c32bdcc96f9e1fb1,0.6200894713401794,-0.06985566020011902,-0.009074999950826168,0.002612499985843897,6,,,0.7857882380485535,2,-0.010724999941885471,,2023-06-06 08:47:53,
c32bdcc96f9e1fb1,0.6086634993553162,-0.03905003145337105,0.06971249729394913,-0.0005499999970197678,6,,,0.7874249219894409,3,-0.018149999901652336,,2023-06-06 08:47:53,
c32bdcc96f9e1fb1,0.6015356779098511,-0.050980713218450546,-0.035612501204013824,0.013199999928474426,6,,,0.8016040325164795,4,-0.010724999941885471,,2023-06-06 08:47:53,
c32bdcc96f9e1fb1,0.6083576083183289,-0.04619314521551132,-0.020762499421834946,-0.01759999990463257,6,,,0.7630587816238403,5,-0.03519999980926514,,2023-06-06 08:47:53,
c32bdcc96f9e1fb1,0.5893908739089966,-0.04619314521551132,-0.5208500027656555,-0.3880249857902527,6,,,0.7718232274055481,6,-0.29163751006126404,,2023-06-06 08:47:53,
c32bdcc96f9e1fb1,0.5832725763320923,0.03976893424987793,-0.5549499988555908,-0.06971249729394913,6,,,0.8152631521224976,0,0.025437500327825546,,2023-06-06 08:47:54,
c32bdcc96f9e1fb1,0.5578816533088684,0.04925229400396347,-0.05692499876022339,0.09515000134706497,6,,,0.8236299157142639,1,0.10422500222921371,,2023-06-06 08:47:54,
c32bdcc96f9e1fb1,0.5514574646949768,0.2250462919473648,-1.5446749925613403,-0.5422999858856201,6,,,0.7982389330863953,2,-0.16609999537467957,,2023-06-06 08:47:54,
c32bdcc96f9e1fb1,0.4941595792770386,0.1725359857082367,-0.7486875057220459,-0.2102375030517578,6,,,0.8306659460067749,3,0.12127500027418137,,2023-06-06 08:47:54,
c32bdcc96f9e1fb1,0.47722721099853516,0.02038922719657421,0.19607499241828918,-0.17489999532699585,1,,,0.5168890357017517,0,-0.39916250109672546,,2023-06-08 07:24:53,
c32bdcc96f9e1fb1,0.6831079125404358,-0.1181902140378952,0.6696249842643738,-0.22384999692440033,1,,,0.6634222865104675,0,-0.15331250429153442,,2023-06-08 07:24:54,
c32bdcc96f9e1fb1,0.5705312490463257,-0.21291674673557281,-0.05939999967813492,-1.5455000400543213,1,,,1.2446606159210205,1,-0.7110124826431274,,2023-06-08 07:24:54,
c32bdcc96f9e1fb1,0.19781985878944397,-0.11084825545549393,0.4217124879360199,-1.7221875190734863,1,,,0.7984378337860107,2,0.6788374781608582,,2023-06-08 07:24:54,
c32bdcc96f9e1fb1,0.08014969527721405,0.1542881727218628,1.0803375244140625,-0.28338751196861267,1,,,0.7613150477409363,3,0.8864625096321106,,2023-06-08 07:24:54,
c32bdcc96f9e1fb1,0.2799121141433716,-0.28919661045074463,-0.36588749289512634,1.127774953842163,1,,,1.2466031312942505,4,0.4542999863624573,,2023-06-08 07:24:54,
c32bdcc96f9e1fb1,0.40717270970344543,-0.015601659193634987,-0.5414749979972839,0.40191251039505005,1,,,1.017274022102356,5,0.06159999966621399,,2023-06-08 07:24:54,
c32bdcc96f9e1fb1,0.3737209141254425,-0.053428035229444504,0.0906125009059906,0.848924994468689,1,,,0.6142770648002625,6,-0.23842500150203705,,2023-06-08 07:24:54,
c32bdcc96f9e1fb1,0.4973105192184448,-0.07444438338279724,-0.08387500047683716,0.060362499207258224,1,,,0.5011956095695496,0,-0.15234999358654022,,2023-06-08 07:24:55,
c32bdcc96f9e1fb1,0.3571097254753113,-0.30499714612960815,0.44398748874664307,-0.5324000120162964,1,,,1.4029256105422974,1,-0.09803749620914459,,2023-06-08 07:24:55,
c32bdcc96f9e1fb1,0.44694164395332336,-0.1838548332452774,-0.31693750619888306,-0.6888750195503235,1,,,0.5625774264335632,2,0.4702500104904175,,2023-06-08 07:24:55,
c32bdcc96f9e1fb1,0.44888415932655334,-0.17019574344158173,-0.2498375028371811,0.48276248574256897,1,,,0.8619610667228699,3,-0.005362499970942736,,2023-06-08 07:24:55,
c32bdcc96f9e1fb1,0.35975587368011475,-0.055171746760606766,0.05128749832510948,0.31790000200271606,1,,,1.1699254512786865,4,0.06379999965429306,,2023-06-08 07:24:55,
c32bdcc96f9e1fb1,0.3436494767665863,0.025085018947720528,-0.2881999909877777,0.17531250417232513,1,,,0.9943303465843201,5,0.0031624999828636646,,2023-06-08 07:24:55,
c32bdcc96f9e1fb1,0.3786155581474304,-0.12083637714385986,-0.16362500190734863,0.45086249709129333,1,,,0.5874636173248291,0,-0.32257500290870667,,2023-06-08 07:24:56,
c32bdcc96f9e1fb1,0.5722596645355225,-0.15265151858329773,-0.04661250114440918,0.4104374945163727,1,,,0.805779755115509,1,0.18191249668598175,,2023-06-08 07:24:56,
c32bdcc96f9e1fb1,0.5319859981536865,-0.14091968536376953,0.227974995970726,-0.5005000233650208,1,,,1.0111557245254517,2,-0.030937500298023224,,2023-06-08 07:24:56,
c32bdcc96f9e1fb1,0.331718772649765,-0.06832608580589294,0.2917749881744385,-0.34622499346733093,1,,,0.6909546256065369,3,0.5916625261306763,,2023-06-08 07:24:56,
c32bdcc96f9e1fb1,0.5034288167953491,-0.1543799489736557,-0.06998749822378159,0.0028874999843537807,1,,,0.7767179012298584,4,0.8225250244140625,,2023-06-08 07:24:56,
c32bdcc96f9e1fb1,0.6137722730636597,0.1305185705423355,-0.4137375056743622,0.44769999384880066,1,,,1.123732328414917,5,0.3287625014781952,,2023-06-08 07:24:56,
c32bdcc96f9e1fb1,0.5141358375549316,0.23973017930984497,-0.9182249903678894,0.2092749923467636,1,,,0.7357252240180969,0,-0.2714250087738037,,2023-06-08 07:24:57,
c32bdcc96f9e1fb1,0.7483748197555542,-0.253496378660202,-0.5677375197410583,-0.171875,6,-31.687501907348633,1.5,0.6394691467285156,0,-0.1073874980211258,,2023-06-06 07:55:43,-11.287500381469727
c32bdcc96f9e1fb1,0.7349146008491516,-0.20588070154190063,-0.5879499912261963,-0.18782499432563782,6,,,0.6562944650650024,1,0.056512501090765,62,2023-06-06 07:55:43,
c32bdcc96f9e1fb1,0.7090036273002625,-0.14021608233451843,-0.3517250120639801,-0.23045000433921814,6,-30.787500381469727,-0.956250011920929,0.7022734880447388,2,0.20542499423027039,,2023-06-06 07:55:43,-15.71250057220459
c32bdcc96f9e1fb1,0.6826949119567871,-0.07862012088298798,0.141075000166893,0.05692499876022339,6,-30.543750762939453,-1.3125,0.6881096363067627,3,0.21931250393390656,,2023-06-06 07:55:43,-15.412500381469727
c32bdcc96f9e1fb1,0.6782132983207703,-0.009988120757043362,-0.08882500231266022,-0.004812499973922968,6,-29.943750381469727,-1.912500023841858,0.668531060218811,4,0.10752499848604202,63,2023-06-06 07:55:43,-15.000000953674316
c32bdcc96f9e1fb1,0.6870847940444946,-0.04935936629772186,0.01759999990463257,-0.013337500393390656,6,-29.756250381469727,-2.512500047683716,0.7308306097984314,0,-0.012787500396370888,65,2023-06-06 07:55:44,-14.887500762939453
c32bdcc96f9e1fb1,0.6848363280296326,-0.05150076746940613,0.16651250422000885,-0.04427500069141388,6,,,0.7254312634468079,1,0.14588749408721924,67,2023-06-06 07:55:44,
c32bdcc96f9e1fb1,0.7136994004249573,-0.1423574835062027,-0.04729999974370003,-0.10161250084638596,6,-29.343751907348633,-3.4125001430511475,0.7334767580032349,2,0.44385001063346863,,2023-06-06 07:55:44,-14.887500762939453
c32bdcc96f9e1fb1,0.6584358811378479,0.01070702075958252,-0.30387499928474426,-0.27623748779296875,6,-28.500001907348633,-4.200000286102295,0.6921783089637756,3,0.1979999989271164,,2023-06-06 07:55:44,-14.812500953674316
c32bdcc96f9e1fb1,0.5966410636901855,0.09146854281425476,0.12498749792575836,-0.004812499973922968,6,-27.600000381469727,-5.8125,0.8451357483863831,4,0.09157499670982361,,2023-06-06 07:55:44,-14.756250381469727
c32bdcc96f9e1fb1,0.6284562349319458,0.05047595500946045,0.07823749631643295,0.0845625028014183,6,-26.812501907348633,-6.956250190734863,0.789673388004303,5,0.09693749994039536,,2023-06-06 07:55:44,-14.887500762939453
c32bdcc96f9e1fb1,0.6911687850952148,-0.023142458871006966,0.020762499421834946,-0.05692499876022339,6,,,0.6963693499565125,0,-0.04358749836683273,68,2023-06-06 07:55:45,
c32bdcc96f9e1fb1,0.6467040777206421,0.013567324727773666,0.022824998944997787,-0.060224998742341995,6,-26.156251907348633,-8.21250057220459,0.732559084892273,1,0.1288374960422516,,2023-06-06 07:55:45,-15.24375057220459
c32bdcc96f9e1fb1,0.6352781057357788,0.039463020861148834,-0.09624999761581421,-0.05169999971985817,6,-25.500001907348633,-9.112500190734863,0.7718232274055481,2,-0.12759999930858612,,2023-06-06 07:55:45,-15.787500381469727
c32bdcc96f9e1fb1,0.6347733736038208,-0.000718899944331497,0.164450004696846,-0.04097500070929527,6,-25.087501525878906,-9.71250057220459,0.8006862998008728,3,0.09583749622106552,67,2023-06-06 07:55:45,-16.087501525878906
c32bdcc96f9e1fb1,0.6645541787147522,-0.050781868398189545,0.19318750500679016,0.1909874975681305,6,-24.412500381469727,-10.612500190734863,0.7740716934204102,4,0.2628999948501587,,2023-06-06 07:55:45,-16.443750381469727
c32bdcc96f9e1fb1,0.5885801911354065,-0.17120525240898132,0.3698749840259552,-0.15070000290870667,6,,,0.5984765887260437,5,-0.06806249916553497,,2023-06-06 07:55:45,
c32bdcc96f9e1fb1,0.46580129861831665,-0.22954320907592773,-2.137437582015991,-0.6646749973297119,6,-24.056251525878906,-10.987500190734863,0.7293010950088501,0,-0.6012874841690063,63,2023-06-06 07:55:46,-16.743751525878906
c32bdcc96f9e1fb1,0.756940484046936,-0.01509689912199974,-0.03451250120997429,-0.011274999938905239,6,-24.056251525878906,-10.987500190734863,0.6776014566421509,0,-0.02983750030398369,,2023-06-06 07:56:47,-16.743751525878906
c32bdcc96f9e1fb1,0.7456216216087341,-0.019272636622190475,-0.0005499999970197678,-0.01223750039935112,6,,,0.6513997912406921,1,-0.06710000336170197,,2023-06-06 07:56:47,
c32bdcc96f9e1fb1,0.7356181740760803,-0.033237650990486145,-0.09735000133514404,-0.13255000114440918,6,-29.45625114440918,-2.1000001430511475,0.6580228805541992,2,-0.011824999935925007,64,2023-06-06 07:56:47,-11.043750762939453
c32bdcc96f9e1fb1,0.7205365896224976,-0.04853339493274689,-0.693274974822998,0.19634999334812164,6,-29.756250381469727,-2.2125000953674316,0.7247123122215271,3,0.030799999833106995,65,2023-06-06 07:56:47,-10.74375057220459
c32bdcc96f9e1fb1,0.748879611492157,0.05220437049865723,-0.1335124969482422,0.04936249926686287,6,-29.756250381469727,-2.512500047683716,0.644149661064148,4,-0.038362499326467514,67,2023-06-06 07:56:47,-10.143750190734863
c32bdcc96f9e1fb1,0.769574761390686,0.05587535351514816,-0.023924998939037323,0.01966249942779541,6,-29.700000762939453,-2.700000047683716,0.6101930737495422,0,-0.009624999947845936,68,2023-06-06 07:56:48,-9.543750762939453
c32bdcc96f9e1fb1,0.7608103156089783,0.03996777907013893,-0.1676124930381775,0.062150001525878906,6,,,0.6448685526847839,1,0.007424999959766865,,2023-06-06 07:56:48,
c32bdcc96f9e1fb1,0.7720220685005188,0.04802863299846649,-0.02708750031888485,0.07713750004768372,6,-29.812501907348633,-3,0.6231485605239868,2,0.006324999965727329,69,2023-06-06 07:56:48,-9.05625057220459
c32bdcc96f9e1fb1,0.7720220685005188,0.04822747781872749,-0.12072499841451645,0.19415000081062317,6,-30.000001907348633,-3.1125001907348633,0.6109119653701782,3,0.023375000804662704,,2023-06-06 07:56:48,-8.40000057220459
c32bdcc96f9e1fb1,0.8091448545455933,0.06679651141166687,0.3209249973297119,-0.27197501063346863,6,-30.000001907348633,-3.356250047683716,0.6047937273979187,4,0.002062499988824129,70,2023-06-06 07:56:48,-7.856250286102295
c32bdcc96f9e1fb1,0.7548908591270447,0.01651940308511257,0.2293500006198883,-0.2751374840736389,6,-29.943750381469727,-3.6000001430511475,0.6023463606834412,5,0.006462499964982271,68,2023-06-06 07:56:48,-7.687500476837158
c32bdcc96f9e1fb1,0.7249111533164978,0.013567324727773666,0.2964499890804291,0.0387750007212162,6,,,0.6914746761322021,0,0.005362499970942736,,2023-06-06 07:56:49,
c32bdcc96f9e1fb1,0.7177833318710327,0.023142458871006966,0.2634499967098236,0.21752500534057617,6,-30.056251525878906,-3.6000001430511475,0.7000402808189392,1,-0.10106249898672104,66,2023-06-06 07:56:49,-7.856250286102295
c32bdcc96f9e1fb1,0.7266548871994019,-0.03926417604088783,0.3240875005722046,0.08566249907016754,6,-29.887500762939453,-3.4125001430511475,0.6296798586845398,2,-0.01484999991953373,63,2023-06-06 07:56:49,-8.21250057220459
c32bdcc96f9e1fb1,0.7403140068054199,-0.07494914531707764,-0.006874999962747097,0.05582499876618385,6,-30.000001907348633,-3.187500238418579,0.6578240394592285,3,-0.012787500396370888,,2023-06-06 07:56:49,-8.8125
c32bdcc96f9e1fb1,0.7408187389373779,-0.06985566020011902,0.002612499985843897,0.02708750031888485,6,-30.056251525878906,-3.187500238418579,0.6375265717506409,4,0.0031624999828636646,,2023-06-06 07:56:49,-9.112500190734863
c32bdcc96f9e1fb1,0.7478548288345337,-0.06985566020011902,-0.015399999916553497,-0.009074999950826168,6,,,0.6494572758674622,5,-0.011687500402331352,,2023-06-06 07:56:49,
c32bdcc96f9e1fb1,0.7510210275650024,-0.06710243225097656,-0.07177499681711197,0.004674999974668026,6,-29.943750381469727,-2.9437501430511475,0.6401727795600891,6,-0.013749999925494194,,2023-06-06 07:56:49,-9.543750762939453
c32bdcc96f9e1fb1,0.7483748197555542,-0.06076998636126518,0.002612499985843897,0.04619999974966049,6,-29.812501907348633,-3,0.6648601293563843,0,-0.01484999991953373,,2023-06-06 07:56:50,-10.143750190734863
c32bdcc96f9e1fb1,0.7485737204551697,-0.0537339448928833,0.6124249696731567,-0.17407499253749847,6,-30.000001907348633,-2.512500047683716,0.6042889356613159,1,0.015949999913573265,,2023-06-06 07:56:50,-10.987500190734863
c32bdcc96f9e1fb1,0.5165831446647644,-0.32355087995529175,-0.4846875071525574,-0.5422999858856201,5,-30.000001907348633,-2.512500047683716,0.9298741817474365,0,0.011549999937415123,319,2023-06-06 07:57:52,-10.987500190734863
c32bdcc96f9e1fb1,0.4164572060108185,-0.30449235439300537,-1.2817749977111816,-0.14423750340938568,5,,,0.8661520481109619,1,-0.006462499964982271,334,2023-06-06 07:57:52,
c32bdcc96f9e1fb1,0.32416269183158875,-0.1183890551328659,-0.5816249847412109,-0.5730999708175659,5,-25.012500762939453,43.01250076293945,0.9728093147277832,2,-0.24598750472068787,305,2023-06-06 07:57:52,-26.587501525878906
c32bdcc96f9e1fb1,0.35363760590553284,-0.07352663576602936,0.31556248664855957,-0.133650004863739,5,-24.356250762939453,42.1875,0.8036383986473083,3,0.4904625117778778,,2023-06-06 07:57:52,-27.787500381469727
c32bdcc96f9e1fb1,0.36026063561439514,-0.16213488578796387,-0.011137500405311584,-0.5880874991416931,5,-24.187501907348633,40.80000305175781,0.9677157998085022,0,1.3822875022888184,269,2023-06-06 07:57:53,-29.156251907348633
c32bdcc96f9e1fb1,0.14581432938575745,-0.029260758310556412,0.6582124829292297,0.4251500070095062,5,-24.48750114440918,38.587501525878906,1.1035419702529907,1,1.106737494468689,239,2023-06-06 07:57:53,-29.812501907348633
c32bdcc96f9e1fb1,0.2532975375652313,-0.10543356835842133,0.6815875172615051,-0.15812499821186066,5,,,0.9945292472839355,2,0.5831375122070312,230,2023-06-06 07:57:53,
c32bdcc96f9e1fb1,0.2723712921142578,-0.1780424565076828,0.05169999971985817,-0.1751749962568283,5,-25.14375114440918,36.11250305175781,0.8537012934684753,3,0.44481250643730164,208,2023-06-06 07:57:53,-30.412500381469727
c32bdcc96f9e1fb1,0.24228458106517792,-0.1482616364955902,0.41029998660087585,-0.2241249978542328,5,-25.912500381469727,33.78750228881836,0.9726104736328125,4,0.20418749749660492,,2023-06-06 07:57:53,-31.087501525878906
c32bdcc96f9e1fb1,0.1963973492383957,-0.208832785487175,-0.07067500054836273,-1.4564000368118286,5,-25.98750114440918,30.843751907348633,0.8624811172485352,5,2.5529625415802,171,2023-06-06 07:57:53,-32.15625
c32bdcc96f9e1fb1,0.4174667298793793,-0.49018269777297974,0.607200026512146,-0.13887499272823334,5,-26.287500381469727,26.812501907348633,1.1422861814498901,0,0.44151249527931213,141,2023-06-06 07:57:54,-33.11250305175781
c32bdcc96f9e1fb1,0.20465706288814545,-0.004389878362417221,-1.37871253490448,0.7262749671936035,5,,,1.1389211416244507,1,0.6171000003814697,122,2023-06-06 07:57:54,
c32bdcc96f9e1fb1,0.350991427898407,0.07973671704530716,-0.2708750069141388,1.1827750205993652,5,-27.056251525878906,22.3125,1.018803596496582,2,-0.11508750170469284,121,2023-06-06 07:57:54,-32.45625305175781
c32bdcc96f9e1fb1,0.28185468912124634,0.13418956100940704,-0.5868499875068665,0.25052499771118164,5,-28.98750114440918,18.243751525878906,0.8838951587677002,3,-0.15015000104904175,,2023-06-06 07:57:54,-30.656251907348633
c32bdcc96f9e1fb1,0.529033899307251,0.05027710646390915,0.39214998483657837,-0.9009000062942505,5,-30.056251525878906,14.343750953674316,0.6770967245101929,4,0.4787749946117401,118,2023-06-06 07:57:54,-28.856250762939453
c32bdcc96f9e1fb1,0.5119026303291321,0.29806816577911377,1.7523000240325928,-0.5295125246047974,5,,,0.899282693862915,5,0.428725004196167,20,2023-06-06 07:57:54,
c32bdcc96f9e1fb1,0.5483065247535706,-0.12970790266990662,0.2653749883174896,1.0744249820709229,5,-30.056251525878906,14.343750953674316,1.3318462371826172,0,0.24777500331401825,,2023-06-06 07:58:47,-28.856250762939453
c32bdcc96f9e1fb1,0.24748513102531433,-0.06791310012340546,1.253037452697754,0.00494999997317791,5,,,0.3451790511608124,1,-0.007699999958276749,,2023-06-06 07:58:47,
c32bdcc96f9e1fb1,0.3458826541900635,-0.05812382698059082,0.7794874906539917,-0.2451625019311905,5,3,6.056250095367432,0.9430285096168518,2,0.5520625114440918,,2023-06-06 07:58:47,-37.44375228881836
c32bdcc96f9e1fb1,0.3094787895679474,-0.5436107516288757,-0.45704999566078186,0.7347999811172485,5,3.6000001430511475,7.312500476837158,1.4080190658569336,0,-0.2022625058889389,,2023-06-06 07:58:48,-37.20000076293945
c32bdcc96f9e1fb1,0.37688711285591125,-0.38932257890701294,-0.3431999981403351,0.5974375009536743,5,3.7125000953674316,8.756250381469727,0.5988742113113403,1,0.15537500381469727,21,2023-06-06 07:58:48,-37.25625228881836
c32bdcc96f9e1fb1,0.4203270375728607,-0.32335203886032104,-0.18892499804496765,0.24626250565052032,5,3.543750047683716,9.71250057220459,0.5493160486221313,2,-0.03203750029206276,,2023-06-06 07:58:48,-37.14375305175781
c32bdcc96f9e1fb1,0.625488817691803,-0.3494618535041809,0.4848249852657318,0.062150001525878906,5,,,0.6949315071105957,3,0.2595999836921692,22,2023-06-06 07:58:48,
c32bdcc96f9e1fb1,0.6447615027427673,-0.3137615919113159,0.164450004696846,-0.3634124994277954,5,3.843750238418579,11.21250057220459,0.8167926669120789,4,0.06173750013113022,,2023-06-06 07:58:48,-37.38750076293945
c32bdcc96f9e1fb1,0.4755905866622925,-0.22321078181266785,0.07713750004768372,0.14313749969005585,5,4.087500095367432,12.787500381469727,0.6377254128456116,5,0.021312499418854713,,2023-06-06 07:58:48,-37.743751525878906
c32bdcc96f9e1fb1,0.4164572060108185,-0.11012935638427734,-0.060087498277425766,0.22714999318122864,5,4.556250095367432,13.687500953674316,0.6624127626419067,0,0.2714250087738037,23,2023-06-06 07:58:49,-37.80000305175781
c32bdcc96f9e1fb1,0.6125486493110657,-0.3634268641471863,0.3591499924659729,-0.7008374929428101,5,5.400000095367432,14.512500762939453,1.2243783473968506,1,-0.367125004529953,,2023-06-06 07:58:49,-37.98750305175781
c32bdcc96f9e1fb1,0.4045265316963196,-0.3326365351676941,0.0005499999970197678,-0.39118748903274536,5,,,0.6580228805541992,2,0.36822500824928284,,2023-06-06 07:58:49,
c32bdcc96f9e1fb1,0.18538440763950348,-0.15193262696266174,0.2484624981880188,0.6539499759674072,5,6.356250286102295,14.756250381469727,0.577674388885498,3,0.3278000056743622,24,2023-06-06 07:58:49,-37.91250228881836
c32bdcc96f9e1fb1,0.5817430019378662,-0.08004262298345566,-0.08992499858140945,-0.5975750088691711,5,6.956250190734863,14.887500762939453,1.1205661296844482,4,-0.67044997215271,,2023-06-06 07:58:49,-38.45625305175781
c32bdcc96f9e1fb1,0.48192301392555237,0.22412852942943573,0.08566249907016754,-0.3592875003814697,1,6.956250190734863,14.887500762939453,0.7613150477409363,0,-0.5128750205039978,72,2023-06-06 07:58:53,-38.45625305175781
c32bdcc96f9e1fb1,0.5175008773803711,0.08493726700544357,0.4188250005245209,0.030249999836087227,1,,,0.7152289748191833,1,-0.2532750070095062,128,2023-06-06 07:58:53,
c32bdcc96f9e1fb1,0.6142770648002625,-0.0021414041984826326,-0.7826499938964844,-1.0913374423980713,1,7.987500190734863,5.8125,0.8861282467842102,2,0.18521249294281006,210,2023-06-06 07:58:53,-38.587501525878906
c32bdcc96f9e1fb1,0.308255136013031,-0.08248994499444962,0.0016499999910593033,0.5857499837875366,1,8.943750381469727,5.043750286102295,1.237318515777588,3,0.9886249899864197,,2023-06-06 07:58:53,-38.75625228881836
c32bdcc96f9e1fb1,0.2711476683616638,0.26461637020111084,0.03671250119805336,0.3984749913215637,1,9.600000381469727,4.143750190734863,0.43022340536117554,4,-0.3235374987125397,261,2023-06-06 07:58:53,-38.70000076293945
c32bdcc96f9e1fb1,0.48487505316734314,0.0888223871588707,1.2531750202178955,0.3111625015735626,1,10.55625057220459,3.9562501907348633,0.6433389782905579,5,0.12031249701976776,225,2023-06-06 07:58:53,-38.587501525878906
c32bdcc96f9e1fb1,0.44163399934768677,0.19915057718753815,0.5273125171661377,0.07603749632835388,1,,,1.1420872211456299,0,-0.6736124753952026,143,2023-06-06 07:58:54,
c32bdcc96f9e1fb1,0.3263041079044342,0.08218403160572052,-0.5219500064849854,0.5325375199317932,1,11.21250057220459,4.012500286102295,0.8943880200386047,1,-1.349424958229065,78,2023-06-06 07:58:54,-38.94375228881836
c32bdcc96f9e1fb1,0.3665930926799774,-0.254720002412796,-0.18782499432563782,-0.12086249887943268,1,11.756250381469727,3.6000001430511475,0.5298445224761963,2,-0.19470000267028809,,2023-06-06 07:58:54,-39.41250228881836
c32bdcc96f9e1fb1,0.4633539617061615,-0.21128012239933014,-2.4279749393463135,0.889074981212616,1,12.187500953674316,1.8562500476837158,0.9484431743621826,3,-0.17668749392032623,70,2023-06-06 07:58:54,-39.41250228881836
c32bdcc96f9e1fb1,0.5090423226356506,0.1957855224609375,0.39434999227523804,0.17503750324249268,1,12.843750953674316,0.65625,1.195102334022522,4,0.20116250216960907,71,2023-06-06 07:58:54,-39.54375076293945
c32bdcc96f9e1fb1,0.27481862902641296,-0.019471481442451477,0.4208875000476837,0.31652501225471497,1,,,0.7078869938850403,5,0.5246999859809875,72,2023-06-06 07:58:54,
c32bdcc96f9e1fb1,0.4171608090400696,-0.028557153418660164,-0.13667500019073486,0.10271249711513519,1,13.256250381469727,0.11250000447034836,0.6453733444213867,0,0.2521750032901764,78,2023-06-06 07:58:55,-39.35625076293945
c32bdcc96f9e1fb1,0.49538326263427734,0.20485588908195496,-0.5369374752044678,-0.813587486743927,1,12.71250057220459,0.4125000238418579,0.9157102704048157,1,0.03189999982714653,,2023-06-06 07:58:55,-38.75625228881836
c32bdcc96f9e1fb1,0.2777707278728485,0.20384638011455536,-0.31226250529289246,0.6656374931335449,1,12.600000381469727,0.24375000596046448,1.1261796951293945,2,0.1288374960422516,121,2023-06-06 07:58:55,-38.10000228881836
c32bdcc96f9e1fb1,0.3204917013645172,0.19160978496074677,-0.1303499937057495,0.18246249854564667,1,12.112500190734863,-0.8437500596046448,0.5642140507698059,3,-0.34485000371932983,167,2023-06-06 07:58:55,-37.61250305175781
c32bdcc96f9e1fb1,0.6074398756027222,0.043133996427059174,-0.19208750128746033,-0.4890874922275543,1,,,0.6636364459991455,4,-0.07562500238418579,213,2023-06-06 07:58:55,
c32bdcc96f9e1fb1,0.7786604166030884,0.1672283560037613,0.6571124792098999,0.26551249623298645,1,12.24375057220459,-1.912500023841858,1.3243054151535034,5,0.19580000638961792,221,2023-06-06 07:58:55,-36.54375076293945
c32bdcc96f9e1fb1,0.4504137933254242,0.07881896942853928,0.3772999942302704,0.43683749437332153,1,12.112500190734863,-2.700000047683716,0.7252171039581299,6,0.22990000247955322,,2023-06-06 07:58:55,-35.45625305175781
c32bdcc96f9e1fb1,0.23697695136070251,0.038040511310100555,0.14533749222755432,0.14836250245571136,1,11.700000762939453,-2.4562501907348633,0.6851422190666199,0,0.33412501215934753,205,2023-06-06 07:58:56,-35.64375305175781
c32bdcc96f9e1fb1,0.3929935395717621,0.13838058710098267,-0.7242124676704407,-1.3329249620437622,1,12.24375057220459,-2.700000047683716,0.7434802055358887,1,0.29589998722076416,149,2023-06-06 07:58:56,-35.212501525878906
c32bdcc96f9e1fb1,0.391571044921875,0.6761789321899414,-0.3559874892234802,-0.11233749985694885,1,,,1.2201874256134033,2,-0.22027499973773956,95,2023-06-06 07:58:56,
c32bdcc96f9e1fb1,0.21495109796524048,0.24095384776592255,,,1,13.012500762939453,-3.656250238418579,0.7471511960029602,3,,77,2023-06-06 07:58:56,-34.80000305175781
c32bdcc96f9e1fb1,0.6897309422492981,-0.17609989643096924,0.05582499876618385,-0.04936249926686287,1,13.012500762939453,-3.656250238418579,0.6450673937797546,0,-0.3770250082015991,133,2023-06-06 08:01:48,-34.80000305175781
c32bdcc96f9e1fb1,0.7338898181915283,-0.006837197579443455,-0.607200026512146,0.20391249656677246,1,,,0.7721291780471802,1,-0.29397499561309814,,2023-06-06 08:01:48,
c32bdcc96f9e1fb1,0.7034053802490234,0.1188938170671463,0.8390250205993652,-1.0422500371932983,1,2.2875001430511475,14.40000057220459,0.653434157371521,2,-0.04606249928474426,143,2023-06-06 08:01:48,-38.212501525878906
c32bdcc96f9e1fb1,0.42838791012763977,0.16427628695964813,0.17723749577999115,0.7986000180244446,1,2.4000000953674316,13.443750381469727,1.080996036529541,3,0.1531749963760376,140,2023-06-06 08:01:48,-38.10000228881836
c32bdcc96f9e1fb1,0.4518362581729889,0.08004262298345566,0.171875,0.01223750039935112,1,2.4000000953674316,13.143750190734863,0.6438437104225159,4,-0.01924999989569187,138,2023-06-06 08:01:48,-38.15625
c32bdcc96f9e1fb1,0.6011227369308472,0.023356599733233452,0.4156624972820282,0.04839999973773956,1,2.4000000953674316,12.600000381469727,0.6475147008895874,0,-0.4811125099658966,139,2023-06-06 08:01:49,-38.10000228881836
c32bdcc96f9e1fb1,0.6426200866699219,-0.21658772230148315,0.9711624979972839,0.19304999709129333,1,,,0.8892945647239685,1,0.1266375035047531,,2023-06-06 08:01:49,
c32bdcc96f9e1fb1,0.5312671065330505,-0.2564637362957001,0.2942500114440918,-0.050599999725818634,1,2.15625,13.143750190734863,0.7640683054924011,2,0.4012250006198883,157,2023-06-06 08:01:49,-38.28750228881836
c32bdcc96f9e1fb1,0.5627763271331787,-0.16121713817119598,0.3485625088214874,-0.03244999796152115,1,1.8562500476837158,13.687500953674316,0.6004038453102112,3,0.2670249938964844,187,2023-06-06 08:01:49,-38.400001525878906
c32bdcc96f9e1fb1,0.6111108660697937,-0.2664518654346466,-0.043037500232458115,0.006874999962747097,1,1.8000000715255737,14.40000057220459,0.8255571722984314,4,0.05637500062584877,215,2023-06-06 08:01:49,-38.34375
c32bdcc96f9e1fb1,0.7256300449371338,-0.08248994499444962,-0.3218874931335449,-0.6391000151634216,1,2.2125000953674316,14.58750057220459,0.7530553340911865,5,0.018012499436736107,218,2023-06-06 08:01:49,-38.45625305175781
c32bdcc96f9e1fb1,0.5297374725341797,0.023861359804868698,-0.37619999051094055,-0.171875,1,,,1.1012935638427734,0,-0.4501749873161316,,2023-06-06 08:01:50,
c32bdcc96f9e1fb1,0.4372594356536865,-0.09013781696557999,-0.0494999997317791,0.16541250050067902,1,2.6437501907348633,15.112500190734863,0.968220591545105,1,-0.2564375102519989,199,2023-06-06 08:01:50,-38.75625228881836
c32bdcc96f9e1fb1,0.5827678442001343,-0.01999153569340706,-0.01759999990463257,0.10903749614953995,1,2.6437501907348633,15.843750953674316,0.6937078833580017,2,-0.07232499867677689,175,2023-06-06 08:01:50,-39.11250305175781
c32bdcc96f9e1fb1,0.578898012638092,-0.10543356835842133,0.5890499949455261,-0.49761250615119934,1,2.887500047683716,16.14375114440918,0.8717502951622009,3,0.21285000443458557,169,2023-06-06 08:01:50,-39.35625076293945
c32bdcc96f9e1fb1,0.46040189266204834,-0.24759219586849213,0.2974124848842621,-0.2815999984741211,1,,,1.0661133527755737,4,0.5885000228881836,,2023-06-06 08:01:50,
c32bdcc96f9e1fb1,0.8626798987388611,0.06902968883514404,0.012374999932944775,-0.06544999778270721,6,,,0.44704872369766235,5,-0.03918749839067459,,2023-06-06 07:21:11,
c32bdcc96f9e1fb1,0.8672686219215393,0.08198518306016922,-0.10683749616146088,-0.045237500220537186,6,,,0.4733573794364929,6,0.09487500041723251,,2023-06-06 07:21:11,
c32bdcc96f9e1fb1,0.8614562153816223,0.09074964374303818,-0.0695749968290329,-0.016499999910593033,6,,,0.47243964672088623,0,-0.0008249999955296516,,2023-06-06 07:21:12,
c32bdcc96f9e1fb1,0.8553379774093628,0.1131884977221489,-0.07177499681711197,-0.01223750039935112,6,,,0.480485200881958,1,0.008662499487400055,,2023-06-06 07:21:12,
c32bdcc96f9e1fb1,0.854619026184082,0.11124593764543533,-0.06751249730587006,-0.028187500312924385,6,,,0.4907945394515991,2,0.00976249948143959,,2023-06-06 07:21:12,
c32bdcc96f9e1fb1,0.8518658876419067,0.12011747062206268,-0.01966249942779541,-0.002749999985098839,6,,,0.48507392406463623,3,0.00013749999925494194,117,2023-06-06 07:21:12,
c32bdcc96f9e1fb1,0.8513610363006592,0.11685948073863983,0.014437500387430191,0.011137500405311584,6,,,0.4794756770133972,4,0.0012374999932944775,115,2023-06-06 07:21:12,
c32bdcc96f9e1fb1,0.8574793934822083,0.11910795420408249,-0.07383749634027481,0.035612501204013824,6,,,0.4858998954296112,5,0.00013749999925494194,,2023-06-06 07:21:12,
c32bdcc96f9e1fb1,0.858703076839447,0.11666063219308853,0.17613749206066132,0.05692499876022339,6,,,0.5024192929267883,0,-0.012649999931454659,,2023-06-06 07:21:13,
c32bdcc96f9e1fb1,0.8630928993225098,0.10370514541864395,0.016637500375509262,-0.06861250102519989,6,,,0.461426705121994,1,0.0032999999821186066,,2023-06-06 07:21:13,
c32bdcc96f9e1fb1,0.8570663928985596,0.10595361888408661,-0.10257499665021896,-0.007974999956786633,6,,,0.4990542232990265,2,-0.02213750034570694,,2023-06-06 07:21:13,
c32bdcc96f9e1fb1,0.856760561466217,0.11788430064916611,-0.057887498289346695,0.07397499680519104,6,,,0.4980294108390808,3,-0.006187499966472387,,2023-06-06 07:21:13,
c32bdcc96f9e1fb1,0.8735858201980591,0.09249335527420044,0.1868624985218048,0.05376249924302101,6,,,0.4265523850917816,4,-0.11151249706745148,,2023-06-06 07:21:13,
c32bdcc96f9e1fb1,0.5962280631065369,0.017941907048225403,-0.18232500553131104,-0.043175000697374344,6,,,0.7879295945167542,0,-0.006874999962747097,,2023-06-06 07:27:36,
c32bdcc96f9e1fb1,0.582966685295105,0.043133996427059174,-0.0471624992787838,-0.08579999953508377,6,,,0.7989425659179688,1,-0.01966249942779541,,2023-06-06 07:27:36,
c32bdcc96f9e1fb1,0.8565616607666016,-0.015907572582364082,0.03258749842643738,-0.01759999990463257,6,,,0.4619314670562744,2,0.04386249929666519,,2023-06-06 07:21:08,
c32bdcc96f9e1fb1,0.8807289004325867,-0.06179480254650116,0.17833749949932098,-0.020762499421834946,6,,,0.45948413014411926,3,0.02681249938905239,,2023-06-06 07:21:08,
c32bdcc96f9e1fb1,0.8885756134986877,-0.0058123827911913395,0.09955000132322311,-0.2857249975204468,6,,,0.5171031951904297,4,0.23746250569820404,,2023-06-06 07:21:08,
c32bdcc96f9e1fb1,0.8411588072776794,0.0030591487884521484,0.030387500301003456,-0.045237500220537186,6,,,0.5254546999931335,5,0.28751251101493835,,2023-06-06 07:21:08,
c32bdcc96f9e1fb1,0.8763390183448792,0.007036042399704456,-0.04193750023841858,0.014299999922513962,6,,,0.4948631823062897,0,0.28971248865127563,,2023-06-06 07:21:09,
c32bdcc96f9e1fb1,0.8387115597724915,0.08218403160572052,0.004812499973922968,0.01966249942779541,6,,,0.5097612142562866,1,0.19277499616146088,,2023-06-06 07:21:09,
c32bdcc96f9e1fb1,0.837289035320282,0.10665722191333771,-0.1036750003695488,0.009074999950826168,6,,,0.5004767775535583,2,0.040562499314546585,,2023-06-06 07:21:09,
c32bdcc96f9e1fb1,0.8641024231910706,0.09055080264806747,-0.21216249465942383,0.09624999761581421,6,,,0.48437029123306274,3,0.03629999980330467,,2023-06-06 07:21:09,
c32bdcc96f9e1fb1,0.8614562153816223,0.11349441856145859,-0.1802625060081482,0.08992499858140945,6,,,0.4587652087211609,4,-0.04661250114440918,,2023-06-06 07:21:09,
c32bdcc96f9e1fb1,0.8695170879364014,0.10492879897356033,0.1368124932050705,0.12815000116825104,6,,,0.4640728533267975,5,-0.011549999937415123,,2023-06-06 07:21:09,
c32bdcc96f9e1fb1,0.8697159886360168,0.10564770549535751,-0.050462499260902405,0.03355000168085098,6,,,0.43092697858810425,0,0.002337499987334013,,2023-06-06 07:21:10,
c32bdcc96f9e1fb1,0.8795052170753479,0.09789276123046875,-0.062150001525878906,0.015399999916553497,6,-11.15625,-9.300000190734863,0.44184815883636475,1,-0.015812499448657036,,2023-06-06 07:21:10,-34.01250076293945
c32bdcc96f9e1fb1,0.8802241683006287,0.10053892433643341,-0.022824998944997787,0.014299999922513962,6,-11.043750762939453,-10.012500762939453,0.434093177318573,2,-0.013612499460577965,,2023-06-06 07:21:10,-33.54375076293945
c32bdcc96f9e1fb1,0.8800100088119507,0.10248147696256638,-0.018562499433755875,0.007974999956786633,6,-11.043750762939453,-10.443750381469727,0.4389878511428833,3,-0.011549999937415123,,2023-06-06 07:21:10,-33.41250228881836
c32bdcc96f9e1fb1,0.8797041177749634,0.10003416240215302,-0.002612499985843897,-0.0037124999798834324,6,-11.15625,-10.55625057220459,0.4391866624355316,4,-0.011549999937415123,,2023-06-06 07:21:10,-33.41250228881836
c32bdcc96f9e1fb1,0.6193705201148987,0.0011165892938151956,-0.04427500069141388,-0.016362499445676804,6,-0.11250000447034836,-6.356250286102295,0.7562215924263,5,-0.028187500312924385,,2023-06-06 07:27:37,-33.30000305175781
c32bdcc96f9e1fb1,0.6349722146987915,0.007234886754304171,-0.05706249922513962,-0.03244999796152115,6,0.05625000223517418,-6.843750476837158,0.7781403660774231,0,-0.03671250119805336,,2023-06-06 07:27:38,-33.30000305175781
c32bdcc96f9e1fb1,0.6305975914001465,0.011624765582382679,-0.02199999988079071,-0.035612501204013824,6,0.24375000596046448,-7.312500476837158,0.763762354850769,1,-0.0005499999970197678,,2023-06-06 07:27:38,-33.1875
c32bdcc96f9e1fb1,0.627737283706665,0.01549458783119917,0.004674999974668026,-0.016362499445676804,6,,,0.7635635137557983,2,0.004812499973922968,,2023-06-06 07:27:38,
c32bdcc96f9e1fb1,0.6209000945091248,0.023861359804868698,0.007837500423192978,-0.0037124999798834324,6,0.05625000223517418,-6.956250190734863,0.7711043357849121,3,0.002749999985098839,,2023-06-06 07:27:38,-33.65625
c32bdcc96f9e1fb1,0.6191717386245728,0.014576843939721584,-0.1975875049829483,-0.02708750031888485,6,,,0.7945680022239685,4,-0.022824998944997787,,2023-06-06 07:27:38,
c32bdcc96f9e1fb1,0.6340544819831848,0.012848424725234509,0.010037500411272049,-0.03657500073313713,6,,,0.7555026412010193,5,0.028187500312924385,,2023-06-06 07:27:38,
c32bdcc96f9e1fb1,0.627737283706665,0.03456838056445122,0.028049999848008156,0.0644875019788742,6,,,0.7798840999603271,0,0.007974999956786633,,2023-06-06 07:27:39,
c32bdcc96f9e1fb1,0.6396679878234863,0.02458025887608528,-0.062424998730421066,-0.0004124999977648258,6,,,0.7652919888496399,1,0.02186249941587448,,2023-06-06 07:27:39,
c32bdcc96f9e1fb1,0.6284562349319458,0.04048783332109451,-0.07947500050067902,0.002749999985098839,6,,,0.7733528017997742,2,0.022962499409914017,,2023-06-06 07:27:39,
c32bdcc96f9e1fb1,0.6296798586845398,0.04925229400396347,-0.04221250116825104,-0.03987500071525574,6,,,0.7579500079154968,3,0.015537500381469727,,2023-06-06 07:27:39,
c32bdcc96f9e1fb1,0.6293739676475525,0.04730973392724991,0.025987500324845314,-0.016362499445676804,6,,,0.7693759202957153,4,0.02928750030696392,,2023-06-06 07:27:39,
c32bdcc96f9e1fb1,0.6262077689170837,0.05047595500946045,-0.01347499992698431,0.04633750021457672,6,,,0.7798840999603271,5,-0.0057749999687075615,,2023-06-06 07:27:39,
c32bdcc96f9e1fb1,0.6406927704811096,0.02580391801893711,0.08978749811649323,-0.04729999974370003,6,,,0.7293010950088501,6,0.010174999944865704,,2023-06-06 07:27:39,
c32bdcc96f9e1fb1,0.6135581731796265,0.04730973392724991,-0.0017874999903142452,-0.03987500071525574,6,,,0.8026135563850403,0,0.007974999956786633,,2023-06-06 07:27:40,
c32bdcc96f9e1fb1,0.6279361844062805,0.04018191993236542,0.02488750033080578,-0.004674999974668026,6,0.05625000223517418,-9.600000381469727,0.7698806524276733,1,0.012374999932944775,,2023-06-06 07:27:41,-30.712501525878906
c32bdcc96f9e1fb1,0.6191717386245728,0.03456838056445122,-0.026262499392032623,-0.035612501204013824,6,0.11250000447034836,-9.65625,0.7698806524276733,2,0.011274999938905239,,2023-06-06 07:27:41,-30.95625114440918
c32bdcc96f9e1fb1,0.617948055267334,0.04945113882422447,-0.09212499856948853,-0.0812624990940094,6,,,0.7721291780471802,3,0.004812499973922968,95,2023-06-06 07:27:41,
c32bdcc96f9e1fb1,0.6123345494270325,0.05873565748333931,-0.017737500369548798,-0.05582499876618385,6,0.24375000596046448,-9.787500381469727,0.8024147152900696,4,0.005912499967962503,94,2023-06-06 07:27:41,-31.012500762939453
c32bdcc96f9e1fb1,0.5998990535736084,0.060464076697826385,0.0004124999977648258,0.011274999938905239,6,0.6000000238418579,-9.90000057220459,0.7957916855812073,5,-0.004674999974668026,,2023-06-06 07:27:41,-31.14375114440918
c32bdcc96f9e1fb1,0.5978647470474243,0.06760718673467636,0.0812624990940094,0.02186249941587448,6,0.7125000357627869,-9.71250057220459,0.7716243863105774,0,0.002749999985098839,,2023-06-06 07:27:42,-31.087501525878906
c32bdcc96f9e1fb1,0.6003120541572571,0.049757055938243866,0.002474999986588955,-0.020624998956918716,6,0.7125000357627869,-9.71250057220459,0.8036383986473083,1,0.0016499999910593033,,2023-06-06 07:27:42,-31.087501525878906
c32bdcc96f9e1fb1,0.5962280631065369,0.060984134674072266,-0.024062499403953552,-0.022824998944997787,6,,,0.7870119214057922,2,-0.0004124999977648258,,2023-06-06 07:27:42,
c32bdcc96f9e1fb1,0.5918382406234741,0.05924041569232941,-0.014437500387430191,0.002749999985098839,6,0.9000000357627869,-9.65625,0.7931301593780518,3,-0.004674999974668026,,2023-06-06 07:27:42,-31.012500762939453
c32bdcc96f9e1fb1,0.5901097655296326,0.06343144923448563,-0.030524998903274536,-0.007837500423192978,6,0.7125000357627869,-9.956250190734863,0.7926254272460938,4,-0.0057749999687075615,,2023-06-06 07:27:42,-31.14375114440918
c32bdcc96f9e1fb1,0.592251181602478,0.06679651141166687,-0.010174999944865704,-0.0057749999687075615,6,,,0.7891532778739929,5,0.0016499999910593033,,2023-06-06 07:27:42,
c32bdcc96f9e1fb1,0.5942855477333069,0.06679651141166687,0.002474999986588955,0.04207500070333481,6,,,0.7867060303688049,0,-0.007974999956786633,,2023-06-06 07:27:43,
c32bdcc96f9e1fb1,0.578898012638092,0.12909607589244843,-0.147537499666214,-0.20377500355243683,6,,,0.7608103156089783,1,0.29961249232292175,,2023-06-06 07:27:43,
c32bdcc96f9e1fb1,0.5598242282867432,0.17008867859840393,0.043037500232458115,-0.011137500405311584,6,,,0.7740716934204102,2,-0.05376249924302101,,2023-06-06 07:27:43,
c32bdcc96f9e1fb1,0.5749210715293884,0.12492033839225769,-0.045375000685453415,0.010174999944865704,6,,,0.8197447657585144,3,0.018699999898672104,,2023-06-06 07:27:43,
c32bdcc96f9e1fb1,0.7363370656967163,-0.03467544913291931,-0.014437500387430191,0.0038499999791383743,6,,,0.6609749794006348,2,0.008799999952316284,,2023-06-06 07:34:18,
c32bdcc96f9e1fb1,0.7385855913162231,-0.02589569240808487,0.011137500405311584,0.013337500393390656,6,,,0.6634222865104675,3,0.0056374999694526196,,2023-06-06 07:34:18,
c32bdcc96f9e1fb1,0.7366430163383484,-0.032013989984989166,0.016362499445676804,-0.04097500070929527,6,,,0.6567992568016052,4,0.004537499975413084,,2023-06-06 07:34:18,
c32bdcc96f9e1fb1,0.8313695192337036,-0.06791310012340546,0.23457500338554382,-1.1583000421524048,6,,,0.5496219396591187,5,0.4450874924659729,,2023-06-06 07:34:18,
c32bdcc96f9e1fb1,0.6680110096931458,-0.011425920762121677,0.08346249908208847,0.13571250438690186,6,,,0.8033324480056763,0,-0.2157374918460846,,2023-06-06 07:34:19,
c32bdcc96f9e1fb1,0.6633304953575134,-0.040273696184158325,-0.03148749843239784,0.0719124972820282,6,,,0.6768825650215149,1,0.021587500348687172,,2023-06-06 07:34:19,
c32bdcc96f9e1fb1,0.6555755734443665,-0.04538247361779213,-0.14423750340938568,-0.015399999916553497,6,,,0.7503020763397217,2,0.016362499445676804,,2023-06-06 07:34:19,
c32bdcc96f9e1fb1,0.6772955060005188,-0.006118297576904297,-0.11550000309944153,0.13791249692440033,6,-4.556250095367432,-5.512500286102295,0.7117568254470825,3,-0.016637500375509262,,2023-06-06 07:34:19,-35.8125
c32bdcc96f9e1fb1,0.6907557845115662,-0.003869823180139065,-0.0006874999962747097,0.08043749630451202,6,-4.556250095367432,-5.512500286102295,0.7007439136505127,4,0.03341250121593475,,2023-06-06 07:34:19,-35.8125
c32bdcc96f9e1fb1,0.6907557845115662,-0.003869823180139065,-0.0006874999962747097,0.08043749630451202,6,,,0.7007439136505127,5,0.03341250121593475,,2023-06-06 07:34:19,
c32bdcc96f9e1fb1,0.7028853297233582,-0.3736291229724884,-1.116362452507019,-0.5304750204086304,6,-6.787500381469727,-3.187500238418579,0.5974517464637756,0,0.2620750069618225,,2023-06-06 07:54:52,-37.3125
c32bdcc96f9e1fb1,0.7307235598564148,-0.31672897934913635,-0.29163751006126404,0.3431999981403351,6,,,0.7303258776664734,1,0.3546124994754791,,2023-06-06 07:54:52,
c32bdcc96f9e1fb1,0.6772955060005188,-0.11574289202690125,-0.0010999999940395355,-0.043037500232458115,6,-32.28750228881836,8.287500381469727,0.6368076801300049,2,0.07796250283718109,,2023-06-06 07:54:52,-13.012500762939453
c32bdcc96f9e1fb1,0.7343945503234863,-0.15795914828777313,0.028737500309944153,0.010174999944865704,6,-32.400001525878906,7.743750095367432,0.6553767323493958,0,0.16087499260902405,56,2023-06-06 07:54:53,-12.600000381469727
c32bdcc96f9e1fb1,0.7177833318710327,-0.12134113907814026,0.15537500381469727,0.02186249941587448,6,-32.51250076293945,6.843750476837158,0.6756588816642761,1,0.015124999918043613,63,2023-06-06 07:54:53,-12.300000190734863
c32bdcc96f9e1fb1,0.7187928557395935,-0.12644991278648376,-0.06393750011920929,-0.14093749225139618,6,-32.51250076293945,6.300000190734863,0.6370218396186829,2,0.040699999779462814,67,2023-06-06 07:54:53,-12.112500190734863
c32bdcc96f9e1fb1,0.577368438243866,0.14694620668888092,-0.010174999944865704,-0.025987500324845314,6,,,0.7814136147499084,4,0.02186249941587448,,2023-06-06 07:27:43,
c32bdcc96f9e1fb1,0.5712501406669617,0.12889721989631653,-0.010174999944865704,-0.013199999928474426,6,,,0.8003804087638855,5,0.2293500006198883,,2023-06-06 07:27:43,
c32bdcc96f9e1fb1,0.5757318139076233,0.15621542930603027,-0.3166624903678894,0.141075000166893,6,,,0.8257712721824646,6,-0.0919874981045723,,2023-06-06 07:27:43,
c32bdcc96f9e1fb1,0.5764507055282593,0.20262271165847778,-0.22206249833106995,0.045375000685453415,6,,,0.7669286131858826,0,-0.09418749809265137,,2023-06-06 07:27:44,
c32bdcc96f9e1fb1,0.7385855913162231,-0.03712277114391327,-0.002749999985098839,0.03671250119805336,6,,,0.6697547435760498,0,-0.0028874999843537807,,2023-06-06 07:34:18,
c32bdcc96f9e1fb1,0.7378666996955872,-0.031004473567008972,0.008937500417232513,0.005912499967962503,6,,,0.6641412377357483,1,0.013062499463558197,,2023-06-06 07:34:18,
c32bdcc96f9e1fb1,0.7109461426734924,-0.16438335180282593,0.028737500309944153,-0.0494999997317791,6,,,0.7136994004249573,3,0.03753750026226044,,2023-06-06 07:54:53,
c32bdcc96f9e1fb1,0.707581102848053,-0.13429662585258484,0.07975000143051147,0.13461250066757202,6,-32.64375305175781,5.512500286102295,0.6975929737091064,4,-0.047575000673532486,65,2023-06-06 07:54:53,-11.58750057220459
c32bdcc96f9e1fb1,0.7380655407905579,-0.18068861961364746,0.005362499970942736,-0.1036750003695488,6,-32.70000076293945,4.912500381469727,0.625290036201477,5,-0.1274625062942505,,2023-06-06 07:54:53,-11.34375
c32bdcc96f9e1fb1,0.7231827974319458,-0.16753427684307098,-0.04262499883770943,-0.13241249322891235,6,-32.75625228881836,4.387500286102295,0.6326319575309753,0,-0.12430000305175781,64,2023-06-06 07:54:54,-11.043750762939453
c32bdcc96f9e1fb1,0.7072752118110657,-0.15551182627677917,0.06916250288486481,0.01223750039935112,6,-32.70000076293945,3.9562501907348633,0.7140052914619446,1,-0.02956249937415123,65,2023-06-06 07:54:54,-10.987500190734863
c32bdcc96f9e1fb1,0.7151219248771667,-0.17926612496376038,-0.013887500390410423,-0.03987500071525574,6,,,0.6785191893577576,2,0.07479999959468842,,2023-06-06 07:54:54,
c32bdcc96f9e1fb1,0.7007439136505127,-0.17019574344158173,-0.08621250092983246,-0.2186249941587448,6,-32.70000076293945,3.6000001430511475,0.6837197542190552,3,0.16417500376701355,,2023-06-06 07:54:54,-11.100000381469727
c32bdcc96f9e1fb1,0.6895321011543274,-0.1594887226819992,-0.028737500309944153,-0.04619999974966049,6,-32.51250076293945,3.4125001430511475,0.7159478664398193,4,0.03959999978542328,,2023-06-06 07:54:54,-11.58750057220459
c32bdcc96f9e1fb1,0.6885073184967041,-0.15193262696266174,0.055275000631809235,0.009074999950826168,6,-32.28750228881836,3.4125001430511475,0.7147242426872253,5,0.04922499880194664,,2023-06-06 07:54:54,-11.700000762939453
c32bdcc96f9e1fb1,0.6878037452697754,-0.14408591389656067,0.23196250200271606,0.0016499999910593033,6,-32.15625,3.356250047683716,0.6995202898979187,0,0.03217500075697899,66,2023-06-06 07:54:55,-11.756250381469727
c32bdcc96f9e1fb1,0.6965681910514832,-0.202408567070961,-0.023375000804662704,0.08676250278949738,6,,,0.7593877911567688,1,-0.05939999967813492,,2023-06-06 07:54:55,
c32bdcc96f9e1fb1,0.6972870826721191,-0.13991016149520874,-0.03616249933838844,-0.02928750030696392,6,-31.80000114440918,3.3000001907348633,0.6727067828178406,2,0.004537499975413084,,2023-06-06 07:54:55,-11.943750381469727
c32bdcc96f9e1fb1,0.701263964176178,-0.14428474009037018,-0.10436250269412994,0.0037124999798834324,6,-31.856250762939453,3.187500238418579,0.6970729231834412,3,0.03753750026226044,65,2023-06-06 07:54:55,-11.8125
c32bdcc96f9e1fb1,0.7117568254470825,-0.12644991278648376,-0.12553749978542328,0.058024998754262924,6,-31.687501907348633,2.6437501907348633,0.6958492398262024,4,0.12581250071525574,63,2023-06-06 07:54:55,-11.700000762939453
c32bdcc96f9e1fb1,0.7170644998550415,-0.07964493334293365,-0.05857500061392784,0.002749999985098839,6,-31.687501907348633,1.9875000715255737,0.6748482584953308,5,0.03217500075697899,61,2023-06-06 07:54:55,-11.456250190734863
c32bdcc96f9e1fb1,0.7136994004249573,-0.09544543921947479,-0.04468749836087227,0.0037124999798834324,6,,,0.6926983594894409,0,0.006599999964237213,,2023-06-06 07:54:56,
c32bdcc96f9e1fb1,0.7187928557395935,-0.08524318039417267,0.18947499990463257,0.03464999794960022,6,-31.687501907348633,1.5,0.6837197542190552,1,0.00976249948143959,,2023-06-06 07:54:56,-11.287500381469727
c32bdcc96f9e1fb1,0.7317483425140381,-0.3016320765018463,-0.38266250491142273,-0.17489999532699585,6,2.887500047683716,16.14375114440918,0.5757318139076233,0,-0.05348749831318855,1155,2023-06-06 08:07:55,-39.35625076293945
c32bdcc96f9e1fb1,0.7515257596969604,-0.3149852454662323,-1.1424875259399414,-0.3515875041484833,6,,,0.6324331164360046,1,-0.040837500244379044,1165,2023-06-06 08:07:55,
c32bdcc96f9e1fb1,0.7217602133750916,-0.26940393447875977,-0.28696250915527344,0.09322500228881836,6,-17.212501525878906,23.756250381469727,0.6453733444213867,2,0.8298124670982361,1202,2023-06-06 08:07:55,-40.087501525878906
c32bdcc96f9e1fb1,0.6419164538383484,0.04925229400396347,-0.4305124878883362,0.030524998903274536,6,-17.043750762939453,22.443750381469727,0.7208424806594849,3,0.08483749628067017,,2023-06-06 08:07:55,-40.3125
c32bdcc96f9e1fb1,0.7368418574333191,0.014576843939721584,0.18136249482631683,-0.23883749544620514,6,-16.856250762939453,21,0.6429259777069092,4,0.2572624981403351,1250,2023-06-06 08:07:55,-40.556251525878906
c32bdcc96f9e1fb1,0.6748482584953308,0.030698556452989578,-0.002749999985098839,0.002749999985098839,6,-16.5,19.200000762939453,0.6800487637519836,0,0.0028874999843537807,1283,2023-06-06 08:07:56,-40.80000305175781
c32bdcc96f9e1fb1,0.7014628052711487,0.026813438162207603,-0.06984999775886536,-0.014162499457597733,6,,,0.6844386458396912,1,-0.02694999985396862,1294,2023-06-06 08:07:56,
c32bdcc96f9e1fb1,0.6948397159576416,0.005001708399504423,0.04193750023841858,0.008112499490380287,6,-16.443750381469727,17.512500762939453,0.6963693499565125,2,-0.05458749830722809,1290,2023-06-06 08:07:56,-41.10000228881836
c32bdcc96f9e1fb1,0.7024876475334167,0.01632055826485157,-0.05816249921917915,-0.004674999974668026,6,-16.14375114440918,15.600000381469727,0.7093095183372498,3,-0.002474999986588955,,2023-06-06 08:07:56,-41.400001525878906
c32bdcc96f9e1fb1,0.6823890209197998,0.02967374213039875,0.01209999993443489,-0.025987500324845314,6,-15.956250190734863,13.74375057220459,0.695451557636261,4,-0.0035749999806284904,1287,2023-06-06 08:07:56,-41.587501525878906
c32bdcc96f9e1fb1,0.6865800619125366,0.024779105558991432,0.41552498936653137,-0.09941250085830688,6,-15.356250762939453,12.300000190734863,0.7054396867752075,5,0.04124999791383743,1283,2023-06-06 08:07:56,-41.75625228881836
c32bdcc96f9e1fb1,0.6580228805541992,0.008672686293721199,0.006874999962747097,-0.3823874890804291,6,,,0.7606114149093628,0,-0.0013749999925494194,1254,2023-06-06 08:07:57,
c32bdcc96f9e1fb1,0.6286550760269165,-0.09647025913000107,-0.2932874858379364,-0.3345375061035156,6,-14.512500762939453,12.487500190734863,0.8241347074508667,1,0.0943249985575676,1198,2023-06-06 08:07:57,-42.11250305175781
c32bdcc96f9e1fb1,0.6149959564208984,-0.11135300993919373,-0.11769999563694,-0.09941250085830688,6,-13.687500953674316,12.600000381469727,0.7870119214057922,2,0.025162499397993088,,2023-06-06 08:07:57,-42.30000305175781
c32bdcc96f9e1fb1,0.5906145572662354,-0.07055926322937012,0.10147500038146973,0.015537500381469727,6,-12.956250190734863,12.787500381469727,0.791401743888855,3,0.01993750035762787,1145,2023-06-06 08:07:57,-42.78750228881836
c32bdcc96f9e1fb1,0.6062161922454834,-0.07444438338279724,0.7155500054359436,0.10917499661445618,6,-12.300000190734863,14.343750953674316,0.7947668433189392,4,-0.16747500002384186,1119,2023-06-06 08:07:57,-42.84375
c32bdcc96f9e1fb1,0.5792956948280334,-0.21169310808181763,0.5219500064849854,-0.7730249762535095,6,,,0.5755329132080078,5,0.22316250205039978,1088,2023-06-06 08:07:57,
c32bdcc96f9e1fb1,0.5175008773803711,-0.2375887781381607,1.3275624513626099,-0.4441249966621399,6,-10.912500381469727,16.443750381469727,0.8575864434242249,0,0.43601250648498535,989,2023-06-06 08:07:58,-43.01250076293945
c32bdcc96f9e1fb1,0.36465054750442505,-0.4518362581729889,0.40700000524520874,0.48592498898506165,6,-10.256250381469727,19.3125,0.9034736752510071,1,2.1206624507904053,,2023-06-06 08:07:58,-42.84375
c32bdcc96f9e1fb1,0.5839914679527283,-0.3077503740787506,-1.471387505531311,-1.6648499965667725,6,-9.05625057220459,21.056251525878906,0.5659425258636475,2,1.6417499780654907,880,2023-06-06 08:07:58,-42.95625305175781
c32bdcc96f9e1fb1,0.4276689887046814,-0.06251370906829834,-0.20281249284744263,-1.1571999788284302,6,-6.712500095367432,21.95625114440918,0.8316754698753357,3,0.1816374957561493,805,2023-06-06 08:07:58,-43.25625228881836
c32bdcc96f9e1fb1,0.2730749249458313,-0.05128662660717964,-0.04001250118017197,-1.1145750284194946,6,,,1.13820219039917,4,-0.1237500011920929,763,2023-06-06 08:07:58,
c32bdcc96f9e1fb1,-0.057206083089113235,0.03365063667297363,-0.010174999944865704,0.6030749678611755,6,-3.356250047683716,22.087501525878906,0.9997298717498779,5,-1.045412540435791,711,2023-06-06 08:07:58,-43.01250076293945
c32bdcc96f9e1fb1,0.011517695151269436,0.26951101422309875,0.777287483215332,0.597712516784668,6,-0.30000001192092896,22.387500762939453,0.9796465635299683,6,-0.6686624884605408,,2023-06-06 08:07:58,-42.60000228881836
c32bdcc96f9e1fb1,-0.20598778128623962,-0.35333168506622314,0.01966249942779541,0.01347499992698431,6,2.8125,22.856250762939453,1.0802924633026123,0,-0.02694999985396862,656,2023-06-06 08:07:59,-42
c32bdcc96f9e1fb1,0.00030591487302444875,-0.006837197579443455,0.06861250102519989,0.007012499962002039,6,6,22.5,1.0034008026123047,1,0.018837500363588333,,2023-06-06 08:07:59,-41.8125
c32bdcc96f9e1fb1,-0.16294555366039276,-0.3394584357738495,-0.12828749418258667,-0.09404999762773514,6,,,1.0043185949325562,2,-0.42391249537467957,,2023-06-06 08:07:59,
c32bdcc96f9e1fb1,-0.022530630230903625,-0.018553735688328743,-0.002749999985098839,0.028324998915195465,6,8.8125,21.30000114440918,1.0116604566574097,3,0.03904999792575836,,2023-06-06 08:07:59,-41.587501525878906
c32bdcc96f9e1fb1,-0.06260547786951065,0.005001708399504423,0.18136249482631683,0.04647500067949295,6,11.8125,19.61250114440918,1.0233923196792603,4,-0.006737499963492155,,2023-06-06 08:07:59,-41.51250076293945
c32bdcc96f9e1fb1,0.6606690883636475,0.1772317886352539,0.06737499684095383,-0.2784374952316284,6,11.8125,19.61250114440918,0.7593877911567688,0,0.010862499475479126,,2023-06-06 08:15:33,-41.51250076293945
c32bdcc96f9e1fb1,0.6450673937797546,0.13816645741462708,-0.012374999932944775,0.01732499897480011,6,-15.24375057220459,21.65625,0.7693759202957153,1,-0.05939999967813492,,2023-06-06 08:15:33,-47.64375305175781
c32bdcc96f9e1fb1,0.8189340829849243,0.28806474804878235,-0.33274999260902405,-0.03478749841451645,6,,,0.6243722438812256,2,0.011824999935925007,,2023-06-06 08:15:33,
c32bdcc96f9e1fb1,0.5803205370903015,0.01549458783119917,0.14409999549388885,0.4526500105857849,6,-15.112500190734863,21.412500381469727,0.7544931173324585,0,0.05128749832510948,,2023-06-06 08:15:34,-47.34375
c32bdcc96f9e1fb1,0.7026864290237427,0.16897208988666534,-0.08799999952316284,0.534600019454956,6,-15.112500190734863,20.887500762939453,0.8302529454231262,1,0.10023749619722366,,2023-06-06 08:15:34,-46.85625076293945
c32bdcc96f9e1fb1,0.6408916711807251,0.1840536892414093,0.42391249537467957,0.5218124985694885,6,-15.487500190734863,20.756250381469727,0.8189340829849243,2,-0.3679499924182892,,2023-06-06 08:15:34,-46.44375228881836
c32bdcc96f9e1fb1,0.7593877911567688,0.030698556452989578,0.4016374945640564,0.01732499897480011,6,,,0.575930655002594,3,-0.29452499747276306,,2023-06-06 08:15:34,
c32bdcc96f9e1fb1,0.4803934097290039,-0.5677779912948608,-1.4904999732971191,0.0037124999798834324,6,-16.443750381469727,20.212501525878906,0.797520101070404,0,-0.9327999949455261,,2023-06-06 08:24:45,-45.78750228881836
c32bdcc96f9e1fb1,0.40054965019226074,-0.3685203492641449,-1.4745500087738037,-0.3092375099658966,6,,,0.8236299157142639,0,-1.0594375133514404,,2023-06-06 08:24:46,
c32bdcc96f9e1fb1,0.1487817019224167,-0.15040305256843567,-0.7402999997138977,-0.9125875234603882,6,-9.05625057220459,12.90000057220459,1.1531001329421997,1,-0.8115249872207642,,2023-06-06 08:24:46,-39.712501525878906
c32bdcc96f9e1fb1,0.10849270969629288,-0.017850132659077644,-0.3741374909877777,0.36547499895095825,6,-8.15625,10.987500190734863,0.9677157998085022,2,-0.4954124987125397,,2023-06-06 08:24:46,-40.20000076293945
c32bdcc96f9e1fb1,0.23452964425086975,-0.13134455680847168,0.03973750025033951,0.8071249723434448,6,-7.987500190734863,9.24375057220459,0.9423249363899231,3,0.04839999973773956,,2023-06-06 08:24:46,-40.01250076293945
c32bdcc96f9e1fb1,0.3148934841156006,-0.1717253178358078,0.17820000648498535,0.5560500025749207,6,-8.40000057220459,8.043750762939453,0.8485007882118225,4,0.25905001163482666,,2023-06-06 08:24:46,-39.900001525878906
c32bdcc96f9e1fb1,0.4089011251926422,-0.1607123762369156,0.5421624779701233,0.35062500834465027,6,,,0.9662780165672302,5,0.06971249729394913,,2023-06-06 08:24:46,
c32bdcc96f9e1fb1,0.3924887776374817,-0.28694814443588257,-0.22618749737739563,-0.1985500007867813,6,-8.887500762939453,7.312500476837158,0.7628446221351624,0,-0.3400374948978424,,2023-06-06 08:24:47,-39.78750228881836
c32bdcc96f9e1fb1,0.3563908338546753,-0.33508384227752686,-0.445499986410141,-0.2857249975204468,6,-9.412500381469727,6.712500095367432,0.839231550693512,1,-0.35708749294281006,,2023-06-06 08:24:47,-39.78750228881836
c32bdcc96f9e1fb1,0.3900414705276489,-0.2249545007944107,-1.0126874446868896,-0.4092000126838684,6,-9.600000381469727,5.587500095367432,0.8414647579193115,2,-0.5378999710083008,,2023-06-06 08:24:47,-39.900001525878906
c32bdcc96f9e1fb1,0.3429305851459503,-0.26981693506240845,0.07919999957084656,0.24956250190734863,6,-9.543750762939453,3.7875001430511475,0.9596549272537231,3,-0.16871249675750732,,2023-06-06 08:24:47,-39.60000228881836
c32bdcc96f9e1fb1,0.32457566261291504,-0.17559513449668884,-0.16458749771118164,0.3964124917984009,6,,,0.9867743253707886,4,-0.16335000097751617,,2023-06-06 08:24:47,
c32bdcc96f9e1fb1,0.3140675127506256,-0.1304268091917038,,,6,-10.74375057220459,3.4125001430511475,0.9015311598777771,5,,,2023-06-06 08:24:47,-39.1875
c32bdcc96f9e1fb1,0.7065562605857849,0.5513656735420227,,,1,-23.64375114440918,25.61250114440918,2.026181221008301,2,,,2023-06-08 07:28:31,-44.88750076293945
c32bdcc96f9e1fb1,0.3919840157032013,0.17987793684005737,1.1178749799728394,-0.6029375195503235,1,-23.700000762939453,25.256250381469727,0.35252100229263306,3,-0.34773749113082886,269,2023-06-08 07:28:31,-44.587501525878906
c32bdcc96f9e1fb1,0.5393279194831848,-0.0530303455889225,0.16871249675750732,0.47712498903274536,1,-23.756250381469727,25.087501525878906,0.4465286433696747,0,-0.23278750479221344,327,2023-06-08 07:28:32,-44.28750228881836
c32bdcc96f9e1fb1,0.7956845760345459,-0.34751930832862854,0.9370625019073486,0.39627498388290405,1,-24.243751525878906,25.500001907348633,0.9046973586082458,1,0.3684999942779541,375,2023-06-08 07:28:32,-43.743751525878906
c32bdcc96f9e1fb1,0.4921099543571472,0.29806816577911377,-0.1200374960899353,0.3188624978065491,1,,,1.1650309562683105,2,0.060499999672174454,,2023-06-08 07:25:00,
c32bdcc96f9e1fb1,0.4523410201072693,0.12573100626468658,-0.680899977684021,0.9766625165939331,1,-39.056251525878906,-2.5875000953674316,0.28164052963256836,3,-0.4620000123977661,1096,2023-06-08 07:25:00,-19.012500762939453
c32bdcc96f9e1fb1,0.667001485824585,-0.18507850170135498,0.35887500643730164,-1.038949966430664,1,-39.84375,-2.887500047683716,0.6025452613830566,4,0.24681249260902405,1011,2023-06-08 07:25:00,-18
c32bdcc96f9e1fb1,0.7354193329811096,0.2187291532754898,0.7877374887466431,-0.13653749227523804,1,-39.95625305175781,-3.7875001430511475,1.1858330965042114,5,0.4170374870300293,870,2023-06-08 07:25:00,-17.34375
c32bdcc96f9e1fb1,0.4992530941963196,-0.03589911013841629,0.4538874924182892,0.4409624934196472,1,,,0.7884497046470642,2,0.7484124898910522,,2023-06-08 07:28:32,
c32bdcc96f9e1fb1,0.5038418173789978,0.043133996427059174,-0.09735000133514404,0.09515000134706497,1,-25.012500762939453,25.500001907348633,0.46652019023895264,3,0.1695374995470047,370,2023-06-08 07:28:32,-42.65625
c32bdcc96f9e1fb1,0.6652577519416809,-0.07933902740478516,-0.3899500072002411,-0.9583749771118164,1,-26.043750762939453,25.687501907348633,0.255545973777771,4,0.4823499917984009,353,2023-06-08 07:28:32,-41.28750228881836
c32bdcc96f9e1fb1,0.4323647916316986,-0.05006296932697296,0.0952875018119812,-1.1734249591827393,1,-25.912500381469727,25.856250762939453,1.3206344842910767,5,-0.41690000891685486,318,2023-06-08 07:28:32,-40.5
c32bdcc96f9e1fb1,0.39544087648391724,-0.0058123827911913395,-0.01746249943971634,0.5325375199317932,1,-26.343751907348633,26.043750762939453,0.7398092150688171,0,-0.0742499977350235,305,2023-06-08 07:28:33,-39.54375076293945
c32bdcc96f9e1fb1,0.5512585639953613,-0.1423574835062027,0.36134999990463257,0.06751249730587006,1,,,0.7647871971130371,1,-0.3955875039100647,,2023-06-08 07:28:33,
c32bdcc96f9e1fb1,0.6932030916213989,-0.12063752859830856,-0.739062488079071,-0.4071374833583832,1,-27.30000114440918,26.887500762939453,1.030015468597412,2,-1.203262448310852,271,2023-06-08 07:28:33,-38.587501525878906
c32bdcc96f9e1fb1,0.44816526770591736,-0.13868650794029236,-0.2527250051498413,-0.46254998445510864,1,-27.243751525878906,27.000001907348633,0.9017300009727478,3,0.18328750133514404,256,2023-06-08 07:28:33,-38.15625
c32bdcc96f9e1fb1,0.4047253727912903,-0.09136147797107697,0.01223750039935112,0.35378751158714294,1,-27.356250762939453,27.056251525878906,0.7947668433189392,4,0.3759250044822693,259,2023-06-08 07:28:33,-38.04375076293945
c32bdcc96f9e1fb1,0.4616255760192871,0.011930679902434349,0.5306124687194824,0.030249999836087227,1,-27.187501907348633,26.45625114440918,0.8278056383132935,5,0.1013374999165535,276,2023-06-08 07:28:33,-37.6875
c32bdcc96f9e1fb1,0.6200894713401794,0.17651288211345673,0.2293500006198883,-0.15386250615119934,1,,,1.0583583116531372,0,-0.30937498807907104,,2023-06-08 07:28:34,
c32bdcc96f9e1fb1,0.47967448830604553,0.16478104889392853,-0.19841249287128448,0.09404999762773514,1,-26.400001525878906,26.100000381469727,0.85483318567276,1,-0.4871625006198883,305,2023-06-08 07:28:34,-37.85625076293945
c32bdcc96f9e1fb1,0.5624703764915466,-0.003365063341334462,0.03244999796152115,-0.19002500176429749,5,-26.400001525878906,26.100000381469727,0.7886485457420349,0,-0.0008249999955296516,,2023-06-08 07:28:40,-37.85625076293945
c32bdcc96f9e1fb1,0.5468687415122986,0.020695142447948456,0.0919874981045723,-0.16128750145435333,5,,,0.8287234306335449,1,0.015124999918043613,152,2023-06-08 07:28:40,
c32bdcc96f9e1fb1,0.4987483322620392,0.0006118297460488975,0.08139999955892563,-0.19538749754428864,5,-35.10000228881836,28.556251525878906,0.8656320571899414,2,0.0705375000834465,184,2023-06-08 07:28:40,-34.38750076293945
c32bdcc96f9e1fb1,0.4511173665523529,-0.03345179185271263,0.22082500159740448,-0.3880249857902527,5,-34.556251525878906,28.912500381469727,0.8656320571899414,3,0.11302500218153,218,2023-06-08 07:28:40,-34.556251525878906
c32bdcc96f9e1fb1,0.4750858247280121,-0.12695465981960297,0.23251250386238098,0.007837500423192978,5,-34.3125,29.100000381469727,0.8754212856292725,4,0.14918750524520874,237,2023-06-08 07:28:40,-34.556251525878906
c32bdcc96f9e1fb1,0.48895904421806335,-0.07423024624586105,0.03671250119805336,-0.23375000059604645,5,-33.65625,29.400001525878906,0.8328991532325745,5,0.09707500040531158,,2023-06-08 07:28:40,-34.85625076293945
c32bdcc96f9e1fb1,0.4255276024341583,0.06780602782964706,1.2190749645233154,-1.144687533378601,5,,,0.8441262245178223,0,-0.2732124924659729,253,2023-06-08 07:28:41,
c32bdcc96f9e1fb1,0.22770772874355316,-0.19384296238422394,0.5378999710083008,0.41868749260902405,5,-32.15625,30.356250762939453,1.1186236143112183,1,0.37056249380111694,252,2023-06-08 07:28:41,-34.91250228881836
c32bdcc96f9e1fb1,0.23667103052139282,-0.2624749541282654,-0.43683749437332153,0.7548750042915344,5,-31.312501907348633,31.312501907348633,0.7733528017997742,2,0.6334624886512756,230,2023-06-08 07:28:41,-34.5
c32bdcc96f9e1fb1,0.5253629088401794,-0.1311304122209549,-0.767799973487854,-0.029424998909235,5,-30.543750762939453,31.743751525878906,1.0851871967315674,3,-0.6851624846458435,,2023-06-08 07:28:41,-34.98750305175781
c32bdcc96f9e1fb1,0.3632280230522156,-0.12308485060930252,-0.5699374675750732,0.8475499749183655,5,,,0.8495255708694458,4,0.035337500274181366,195,2023-06-08 07:28:41,
c32bdcc96f9e1fb1,0.5141358375549316,-0.15193262696266174,-0.32725000381469727,-0.5072374939918518,5,-30.11250114440918,31.687501907348633,0.5542106628417969,5,0.011962499469518661,163,2023-06-08 07:28:41,-35.15625
c32bdcc96f9e1fb1,0.1717253178358078,-0.05862858518958092,,,5,-30.412500381469727,31.500001907348633,0.8726680278778076,0,,,2023-06-08 07:28:42,-35.15625
c32bdcc96f9e1fb1,0.3616984486579895,-0.2027144879102707,0.10161250084638596,0.17489999532699585,5,,,0.12094344198703766,1,-0.007149999961256981,143,2023-06-08 07:28:42,
c32bdcc96f9e1fb1,0.24789811670780182,0.2565555274486542,0.2708750069141388,-1.8396124839782715,5,-29.100000381469727,31.14375114440918,2.10917592048645,2,-0.8457624912261963,,2023-06-08 07:28:42,-35.587501525878906
c32bdcc96f9e1fb1,0.1958925873041153,0.1359332650899887,-2.8036248683929443,3.577199935913086,5,,,2.03719425201416,3,0.6121500134468079,128,2023-06-08 07:28:42,
c32bdcc96f9e1fb1,0.23983724415302277,0.3430376350879669,,,5,-29.156251907348633,30.11250114440918,0.4155394732952118,4,,118,2023-06-08 07:28:42,-36.243751525878906
c32bdcc96f9e1fb1,-0.016213487833738327,-0.12378845363855362,-1.5861999988555908,3.4898874759674072,5,-31.687501907348633,26.812501907348633,0.5090423226356506,5,1.1741124391555786,,2023-06-08 07:28:42,-33.65625
c32bdcc96f9e1fb1,0.26573294401168823,-0.23422372341156006,-1.3255000114440918,1.0720875263214111,5,,,-0.3724972605705261,6,3.2876250743865967,114,2023-06-08 07:28:42,
c32bdcc96f9e1fb1,-0.9564887285232544,1.0012593269348145,0.06338749825954437,-4.971587657928467,5,-31.743751525878906,16.6875,-0.11797606199979782,7,6.727049827575684,,2023-06-08 07:28:42,-31.200000762939453
c32bdcc96f9e1fb1,-1.619314432144165,1.5800503492355347,,,5,,,0.6396679878234863,8,,94,2023-06-08 07:28:42,
c32bdcc96f9e1fb1,-0.9313119053840637,0.9702549576759338,4.146725177764893,-4.117024898529053,5,-25.61250114440918,8.756250381469727,1.3369550704956055,0,3.0938875675201416,85,2023-06-08 07:28:43,-30.356250762939453
c32bdcc96f9e1fb1,-0.5613538026809692,0.8358664512634277,-1.7831000089645386,0.6421250104904175,5,-19.14375114440918,2.1000001430511475,0.20618662238121033,1,1.5976125001907349,,2023-06-08 07:28:43,-28.256250381469727
c32bdcc96f9e1fb1,-0.9283445477485657,0.9452769756317139,2.689774990081787,-3.710437536239624,5,,,0.05189845710992813,2,-0.2849000096321106,64,2023-06-08 07:28:43,
c32bdcc96f9e1fb1,-1.4356584548950195,1.415162205696106,,,5,-11.287500381469727,-3.9000000953674316,1.0258395671844482,3,,,2023-06-08 07:28:43,-25.61250114440918
c32bdcc96f9e1fb1,-0.7857882380485535,0.6856623291969299,-2.2822248935699463,3.1750125885009766,5,,,-0.5370794534683228,4,-3.3221375942230225,55,2023-06-08 07:28:43,
c32bdcc96f9e1fb1,-0.9230522513389587,0.33639928698539734,-0.9923374652862549,1.1677875518798828,5,-6.712500095367432,-13.800000190734863,0.12787242233753204,5,-2.260087490081787,50,2023-06-08 07:28:43,-24.787500381469727
c32bdcc96f9e1fb1,-0.620196521282196,0.4256346821784973,-1.7554625272750854,2.1682374477386475,5,-5.512500286102295,-24.412500381469727,0.06924383342266083,6,0.13433749973773956,,2023-06-08 07:28:43,-21.787500381469727
c32bdcc96f9e1fb1,-0.6665884852409363,0.6397750377655029,,,5,,,-0.1663106232881546,7,,53,2023-06-08 07:28:43,
c32bdcc96f9e1fb1,-1.5345760583877563,0.6358899474143982,1.7639875411987305,-2.450387477874756,5,-2.8125,-33.1875,0.017635993659496307,0,-1.5332624912261963,,2023-06-08 07:28:44,-20.34375
c32bdcc96f9e1fb1,-1.4803221225738525,0.791202962398529,0.7550125122070312,-2.3802623748779297,5,,,0.4169619679450989,1,4.52732515335083,65,2023-06-08 07:28:44,
c32bdcc96f9e1fb1,-0.6433389782905579,0.8302529454231262,-1.7202625274658203,2.4044625759124756,5,5.100000381469727,-36.900001525878906,0.34762635827064514,2,2.3021624088287354,66,2023-06-08 07:28:44,-23.043750762939453
c32bdcc96f9e1fb1,-0.7149230241775513,0.7853905558586121,,,5,9.05625057220459,-33.60000228881836,-0.15315628051757812,3,,,2023-06-08 07:28:44,-25.98750114440918
c32bdcc96f9e1fb1,-0.1305185705423355,0.9592419266700745,0.7891125082969666,-0.8137249946594238,5,,,0.07750353217124939,4,0.6269999742507935,63,2023-06-08 07:28:44,
c32bdcc96f9e1fb1,-1.755140781402588,0.8527835607528687,1.8235249519348145,-3.201824903488159,5,8.887500762939453,-32.04375076293945,-0.20496295392513275,5,-2.370774984359741,,2023-06-08 07:28:44,-27.656251907348633
c32bdcc96f9e1fb1,-0.8003804087638855,1.658471703529358,-1.6542625427246094,4.262499809265137,5,,,0.8467724323272705,6,-4.876987457275391,49,2023-06-08 07:28:44,
c32bdcc96f9e1fb1,-0.8221920728683472,0.24197867512702942,,,5,5.043750286102295,-35.51250076293945,-0.22423560917377472,7,,,2023-06-08 07:28:44,-29.943750381469727
c32bdcc96f9e1fb1,-0.5447273254394531,0.25686144828796387,0.2143625020980835,0.8529124855995178,5,-2.6437501907348633,-39.11250305175781,-0.012542509473860264,8,-2.0845000743865967,,2023-06-08 07:28:44,-31.387500762939453
c32bdcc96f9e1fb1,-1.1210709810256958,0.7106402516365051,0.4507249891757965,-0.07933750003576279,5,,,-0.03518021106719971,0,0.5865749716758728,55,2023-06-08 07:28:45,
c32bdcc96f9e1fb1,-0.9813749194145203,0.9904453158378601,0.09844999760389328,0.01209999993443489,5,-3.9000000953674316,-39,0.32437682151794434,1,2.873612403869629,70,2023-06-08 07:28:45,-31.743751525878906
c32bdcc96f9e1fb1,-0.4812041223049164,0.7399010062217712,0.8093249797821045,0.8666625022888184,5,-3.3000001907348633,-37.38750076293945,0.016014644876122475,2,0.3801875114440918,,2023-06-08 07:28:45,-34.44375228881836
c32bdcc96f9e1fb1,-0.5134322643280029,0.7777426838874817,0.4815250039100647,-0.5869874954223633,5,-1.256250023841858,-35.88750076293945,-0.006928971968591213,3,1.8818249702453613,50,2023-06-08 07:28:45,-35.400001525878906
c32bdcc96f9e1fb1,-1.7546206712722778,1.0146125555038452,1.0062249898910522,-2.5909125804901123,5,,,0.23280121386051178,4,0.3429250121116638,35,2023-06-08 07:28:45,
c32bdcc96f9e1fb1,-1.0028960704803467,0.6373277306556702,-2.3482248783111572,1.9149625301361084,5,-2.700000047683716,-37.38750076293945,-0.21005645394325256,5,-0.9798250198364258,17,2023-06-08 07:28:45,-34.85625076293945
c32bdcc96f9e1fb1,-0.5396338701248169,0.5123003125190735,1.1243374347686768,-0.4113999903202057,5,-5.212500095367432,-40.61250305175781,0.12756650149822235,0,-3.011387586593628,33,2023-06-08 07:28:46,-33.54375076293945
c32bdcc96f9e1fb1,-0.6709784269332886,0.049971193075180054,-0.22398750483989716,1.0252000093460083,5,-10.443750381469727,-43.80000305175781,0.14419297873973846,1,0.3759250044822693,,2023-06-08 07:28:46,-32.212501525878906
c32bdcc96f9e1fb1,-1.988033652305603,1.2498611211776733,-0.0611874982714653,-2.630237579345703,5,-8.100000381469727,-42.41250228881836,0.2546282410621643,2,4.505050182342529,54,2023-06-08 07:28:46,-31.443750381469727
c32bdcc96f9e1fb1,-0.7655060887336731,0.8065904378890991,3.0366873741149902,1.7670124769210815,5,,,0.4281737506389618,3,0.630299985408783,73,2023-06-08 07:28:46,
c32bdcc96f9e1fb1,-0.8269949555397034,0.036816854029893875,-1.9501625299453735,-1.025475025177002,5,-3.187500238418579,-37.85625076293945,0.08014969527721405,4,4.9722747802734375,,2023-06-08 07:28:46,-33.60000228881836
c32bdcc96f9e1fb1,-0.8282186388969421,1.4545180797576904,3.0887999534606934,-3.9062373638153076,5,0.35625001788139343,-32.88750076293945,-0.1546858549118042,5,-3.420175075531006,69,2023-06-08 07:28:46,-34.44375228881836
c32bdcc96f9e1fb1,-1.436576247215271,1.075183629989624,-2.624875068664551,4.472187519073486,5,1.6875001192092896,-31.61250114440918,0.5942855477333069,0,-4.052262306213379,,2023-06-08 07:28:47,-34.5
c32bdcc96f9e1fb1,-0.570837140083313,0.41879746317863464,0.7869125008583069,1.1710875034332275,5,-0.8437500596046448,-31.687501907348633,-0.012236595153808594,1,-2.453824996948242,60,2023-06-08 07:28:47,-34.20000076293945
c32bdcc96f9e1fb1,-0.5319859981536865,0.6786262392997742,-1.6297874450683594,2.4884750843048096,5,,,0.3620043694972992,2,-0.7042750120162964,81,2023-06-08 07:28:47,
c32bdcc96f9e1fb1,-0.8658462166786194,0.5189387202262878,0.9083250164985657,-1.3851749897003174,5,-4.5,-32.28750228881836,-0.08698689192533493,3,0.8920999765396118,88,2023-06-08 07:28:47,-32.88750076293945
c32bdcc96f9e1fb1,-0.8101696372032166,1.0886439085006714,1.8500624895095825,-2.97302508354187,5,-3.3000001907348633,-29.887500762939453,0.5070998072624207,4,0.8355875015258789,122,2023-06-08 07:28:47,-34.25625228881836
c32bdcc96f9e1fb1,-0.4326706826686859,0.44388246536254883,-0.3335750102996826,-1.6768125295639038,5,1.443750023841858,-27.11250114440918,0.2501312792301178,5,2.008462429046631,,2023-06-08 07:28:47,-35.10000228881836
c32bdcc96f9e1fb1,-0.34710630774497986,1.0088001489639282,0.6315374970436096,-1.2084875106811523,5,3.356250047683716,-23.700000762939453,0.5359628200531006,6,-0.018975000828504562,,2023-06-08 07:28:47,-34.61250305175781
c32bdcc96f9e1fb1,-1.2597575187683105,0.7553038597106934,0.6443250179290771,-1.118012547492981,5,,,0.5678851008415222,0,0.16417500376701355,138,2023-06-08 07:28:48,
c32bdcc96f9e1fb1,-0.6853563785552979,0.9821856021881104,-0.7475875020027161,2.7897374629974365,5,4.6875,-24.543750762939453,-0.34762635827064514,1,-1.6035250425338745,126,2023-06-08 07:28:48,-33.84375
c32bdcc96f9e1fb1,-0.7119709849357605,0.2680884897708893,-1.7171000242233276,2.1608123779296875,5,1.3875000476837158,-28.387500762939453,-0.02222471684217453,2,-1.0639749765396118,,2023-06-08 07:28:48,-33.60000228881836
c32bdcc96f9e1fb1,-1.269347906112671,0.5709441900253296,0.6528499722480774,-2.0066750049591064,5,1.0125000476837158,-28.80000114440918,-0.03690863028168678,3,1.783787488937378,,2023-06-08 07:28:48,-33.48750305175781
c32bdcc96f9e1fb1,-1.0841623544692993,0.831476628780365,-0.8849499821662903,1.8532249927520752,5,3.9000000953674316,-27.900001525878906,0.805779755115509,4,2.5511748790740967,122,2023-06-08 07:28:48,-34.38750076293945
c32bdcc96f9e1fb1,-0.4636598825454712,0.5848021507263184,1.5585625171661377,1.0220375061035156,5,,,-0.002952078590169549,5,0.5376250147819519,104,2023-06-08 07:28:48,
c32bdcc96f9e1fb1,-0.4269500970840454,0.590002715587616,-0.5219500064849854,-2.0205624103546143,5,8.287500381469727,-25.200000762939453,0.17151117324829102,0,-0.8894875049591064,65,2023-06-08 07:28:49,-36.78750228881836
c32bdcc96f9e1fb1,-1.1601362228393555,1.3099274635314941,-2.3375000953674316,2.0160250663757324,5,10.3125,-25.443750381469727,0.9596549272537231,1,-2.0835375785827637,30,2023-06-08 07:28:49,-36
c32bdcc96f9e1fb1,-0.6397750377655029,0.5828748941421509,1.4212000370025635,0.6452875137329102,5,8.40000057220459,-27.900001525878906,0.09188152849674225,2,-2.565612554550171,,2023-06-08 07:28:49,-36.30000305175781
c32bdcc96f9e1fb1,-0.6531282663345337,0.09319696575403214,-0.9200124740600586,0.6452875137329102,5,4.087500095367432,-32.34375,0.12929491698741913,3,-0.6968500018119812,47,2023-06-08 07:28:49,-37.01250076293945
c32bdcc96f9e1fb1,-1.9829401969909668,0.3308010697364807,0.3750999867916107,-1.7183375358581543,5,,,0.17426440119743347,4,4.007024765014648,75,2023-06-08 07:28:49,
c32bdcc96f9e1fb1,-0.887566089630127,1.3097286224365234,2.2640750408172607,0.23663750290870667,5,3.356250047683716,-33.78750228881836,0.28216058015823364,5,1.0165375471115112,86,2023-06-08 07:28:49,-36.900001525878906
c32bdcc96f9e1fb1,-0.5459509491920471,0.4092070460319519,0.14093749225139618,-0.9744625091552734,5,7.143750190734863,-30.412500381469727,0.21547113358974457,0,0.8696874976158142,66,2023-06-08 07:28:50,-37.20000076293945
c32bdcc96f9e1fb1,-0.4440813362598419,0.7218520641326904,1.01791250705719,-0.8168874979019165,5,10.800000190734863,-27.412500381469727,0.432869553565979,1,-1.2788875102996826,,2023-06-08 07:28:50,-36.35625076293945
c32bdcc96f9e1fb1,-1.439023494720459,0.8270867466926575,,,5,,,0.7786604166030884,2,,51,2023-06-08 07:28:50,
c32bdcc96f9e1fb1,-1.006047010421753,1.121376872062683,-1.036062479019165,1.6084749698638916,5,12.356250762939453,-28.087501525878906,0.4448001980781555,3,-1.1704000234603882,,2023-06-08 07:28:50,-35.34375
c32bdcc96f9e1fb1,-0.9608786106109619,0.636608898639679,0.23787499964237213,1.3242624998092651,5,,,0.09799982607364655,4,-3.732987403869629,,2023-06-08 07:28:50,
c32bdcc96f9e1fb1,-0.8626798987388611,0.3155052959918976,-0.3166624903678894,1.2678874731063843,5,9.84375,-31.556251525878906,0.051592543721199036,5,-2.399512529373169,77,2023-06-08 07:28:50,-34.556251525878906
c32bdcc96f9e1fb1,-0.6009238958358765,0.09636318683624268,,,5,5.212500095367432,-35.04375076293945,-0.03109624795615673,6,,,2023-06-08 07:28:50,-33.65625
c32bdcc96f9e1fb1,-1.3643803596496582,0.8439120650291443,-1.1626999378204346,0.8208749890327454,5,,,-0.0769834816455841,7,2.367062568664551,82,2023-06-08 07:28:50,
c32bdcc96f9e1fb1,-1.598298192024231,1.554659366607666,2.5184500217437744,-3.0134499073028564,5,7.500000476837158,-35.64375305175781,0.29418304562568665,0,3.588749885559082,,2023-06-08 07:28:51,-33.41250228881836
c32bdcc96f9e1fb1,-0.570332407951355,0.9846329092979431,0.4857875108718872,-0.3900874853134155,5,,,0.5622715353965759,1,1.0165375471115112,89,2023-06-08 07:28:51,
c32bdcc96f9e1fb1,-0.5737892389297485,0.5433048009872437,,,5,12.543750762939453,-32.212501525878906,0.09778568893671036,2,,72,2023-06-08 07:28:51,-33.65625
c32bdcc96f9e1fb1,-0.3906532824039459,0.8200507164001465,-1.3255000114440918,-2.442962408065796,5,16.087501525878906,-30.600000381469727,0.30580779910087585,3,1.1537624597549438,,2023-06-08 07:28:51,-31.087501525878906
c32bdcc96f9e1fb1,-1.4095486402511597,0.9294764399528503,0.6177874803543091,-0.39118748903274536,5,,,0.580121636390686,4,-1.2523499727249146,65,2023-06-08 07:28:51,
c32bdcc96f9e1fb1,-1.422917127609253,1.2967731952667236,-2.598337411880493,5.133150100708008,5,16.012500762939453,-34.556251525878906,0.06454803794622421,5,-2.662412405014038,,2023-06-08 07:28:51,-30.11250114440918
c32bdcc96f9e1fb1,-1.1496280431747437,0.9006134271621704,,,5,,,-0.38473382592201233,6,,63,2023-06-08 07:28:51,
c32bdcc96f9e1fb1,-0.8609515428543091,0.172337144613266,-2.0789999961853027,3.0717499256134033,5,9.05625057220459,-40.25625228881836,-0.14143973588943481,7,-3.323237419128418,,2023-06-08 07:28:51,-29.812501907348633
c32bdcc96f9e1fb1,-0.5711430907249451,-0.030790330842137337,-0.43367499113082886,0.6782875061035156,5,3.6000001430511475,-43.61250305175781,-0.046499062329530716,0,0.6206749677658081,,2023-06-08 07:28:52,-27.95625114440918
c32bdcc96f9e1fb1,-2.0105795860290527,0.6026523113250732,0.561412513256073,-1.203262448310852,5,,,0.11410625278949738,1,5.91195011138916,66,2023-06-08 07:28:52,
c32bdcc96f9e1fb1,-1.1205661296844482,1.4701197147369385,,,5,7.500000476837158,-44.34375,0.3446589708328247,2,,,2023-06-08 07:28:52,-26.700000762939453
c32bdcc96f9e1fb1,-0.799462616443634,0.5830737352371216,3.878462553024292,-1.1712249517440796,5,,,0.007953786291182041,3,0.050324998795986176,63,2023-06-08 07:28:52,
c32bdcc96f9e1fb1,-0.7205365896224976,0.41706904768943787,-0.7412624955177307,-2.113100051879883,5,14.643750190734863,-41.15625,0.2912309765815735,4,1.3582249879837036,54,2023-06-08 07:28:52,-27.787500381469727
c32bdcc96f9e1fb1,-0.18599624931812286,0.9506763219833374,1.5861999988555908,-0.6051374673843384,5,16.856250762939453,-38.04375076293945,0.4316459000110626,5,-1.4651999473571777,,2023-06-08 07:28:52,-27.056251525878906
c32bdcc96f9e1fb1,-1.5067378282546997,1.270877480506897,,,5,,,1.018803596496582,6,,46,2023-06-08 07:28:52,
c32bdcc96f9e1fb1,-0.6187587380409241,0.4800875186920166,0.3825249969959259,3.4974498748779297,5,15.112500190734863,-40.087501525878906,-0.5866376757621765,7,-2.4250874519348145,,2023-06-08 07:28:52,-27.656251907348633
c32bdcc96f9e1fb1,-0.8072022795677185,0.557269811630249,0.5230500102043152,1.4668500423431396,5,,,-0.17518214881420135,8,-2.471975088119507,37,2023-06-08 07:28:52,
c32bdcc96f9e1fb1,-0.7823314070701599,0.3318105638027191,-1.0477499961853027,0.4739624857902527,5,8.643750190734863,-43.98750305175781,-0.19812576472759247,0,-0.7585874795913696,55,2023-06-08 07:28:53,-30.843751907348633
c32bdcc96f9e1fb1,-1.7787878513336182,0.6324331164360046,,,5,7.143750190734863,-43.61250305175781,0.0030591487884521484,1,,,2023-06-08 07:28:53,-32.45625305175781
c32bdcc96f9e1fb1,-0.6606690883636475,0.7122768759727478,0.6050000190734863,-3.091137409210205,5,,,0.9623011350631714,2,1.8062000274658203,78,2023-06-08 07:28:53,
c32bdcc96f9e1fb1,-0.38422906398773193,0.5079257488250732,-0.9103875160217285,2.251149892807007,5,9.90000057220459,-41.64375305175781,-0.03915710374712944,3,0.2928749918937683,,2023-06-08 07:28:53,-34.61250305175781
c32bdcc96f9e1fb1,-0.5249499082565308,0.3796403706073761,0.6433625221252441,-1.4161125421524048,5,,,-0.13877828419208527,4,1.1644874811172485,95,2023-06-08 07:28:53,
c32bdcc96f9e1fb1,-0.5629904270172119,0.7465393543243408,,,5,14.100000381469727,-37.3125,-0.02589569240808487,5,,87,2023-06-08 07:28:53,-38.04375076293945
c32bdcc96f9e1fb1,-1.1718528270721436,1.1987733840942383,0.07823749631643295,0.7900750041007996,5,13.312500953674316,-32.51250076293945,1.3311426639556885,6,-0.6659125089645386,68,2023-06-08 07:28:53,-40.14375305175781
c32bdcc96f9e1fb1,-0.35934290289878845,0.6409987211227417,-2.1353750228881836,1.0986249446868896,5,9,-32.34375,-0.44724753499031067,7,-0.8095999956130981,,2023-06-08 07:28:53,-40.556251525878906
c32bdcc96f9e1fb1,-2.071150779724121,1.1304625272750854,3.3591248989105225,1.0784125328063965,5,,,-0.061075903475284576,0,-2.6848249435424805,62,2023-06-08 07:28:54,
c32bdcc96f9e1fb1,-0.789673388004303,0.49149811267852783,-2.346024990081787,1.6659499406814575,5,4.143750190734863,-34.80000305175781,0.8213814496994019,1,-1.5406874418258667,78,2023-06-08 07:28:54,-41.587501525878906
c32bdcc96f9e1fb1,-0.1722300797700882,0.30622079968452454,0.3975124955177307,-2.1290500164031982,5,-0.05625000223517418,-35.70000076293945,-0.06015815958380699,2,1.1613249778747559,88,2023-06-08 07:28:54,-39.243751525878906
c32bdcc96f9e1fb1,-1.6280789375305176,-0.03589911013841629,-0.26028749346733093,2.5587375164031982,5,1.912500023841858,-34.01250076293945,-0.28063100576400757,3,1.6710374355316162,95,2023-06-08 07:28:54,-36.712501525878906
c32bdcc96f9e1fb1,-0.5678851008415222,0.7733528017997742,-1.389299988746643,-0.7041375041007996,5,2.512500047683716,-31.687501907348633,0.48365139961242676,4,3.633437395095825,,2023-06-08 07:28:54,-33.48750305175781
c32bdcc96f9e1fb1,-1.694049596786499,0.7799758911132812,2.1639750003814697,0.6517499685287476,5,,,0.4092070460319519,5,-2.283600091934204,67,2023-06-08 07:28:54,
c32bdcc96f9e1fb1,-0.5053713917732239,0.6996273398399353,-0.9945374727249146,-0.6168249845504761,5,4.5,-29.287500381469727,0.16855910420417786,0,-0.7766000032424927,53,2023-06-08 07:28:55,-30.843751907348633
c32bdcc96f9e1fb1,-1.0888580083847046,0.4666272699832916,4.809612274169922,3.559187412261963,5,5.587500095367432,-28.856250762939453,-0.2317764163017273,1,-1.9982874393463135,50,2023-06-08 07:28:55,-27.356250762939453
c32bdcc96f9e1fb1,-0.6025452613830566,1.8939188718795776,0.3400374948978424,0.0015124999918043613,5,4.556250095367432,-30.187501907348633,1.6583645343780518,2,-1.4492499828338623,59,2023-06-08 07:28:55,-26.400001525878906
c32bdcc96f9e1fb1,-0.35252100229263306,0.7650930881500244,-0.8901749849319458,-0.7796249985694885,5,5.756250381469727,-29.400001525878906,-0.2604406476020813,3,1.7646750211715698,,2023-06-08 07:28:55,-26.212501525878906
c32bdcc96f9e1fb1,-0.792120635509491,0.05731315165758133,-2.0662124156951904,0.9836750030517578,5,,,0.16814611852169037,4,3.232212543487549,80,2023-06-08 07:28:55,
c32bdcc96f9e1fb1,-1.1608397960662842,1.8042858839035034,2.2503249645233154,-0.6689375042915344,5,7.800000190734863,-27.412500381469727,0.0357920378446579,5,-4.180962562561035,65,2023-06-08 07:28:55,-26.100000381469727
c32bdcc96f9e1fb1,-1.0353230237960815,0.6214202046394348,-0.7199500203132629,0.571862518787384,5,10.200000762939453,-25.012500762939453,0.2436152994632721,0,-1.4045624732971191,105,2023-06-08 07:28:56,-27.600000381469727
c32bdcc96f9e1fb1,-0.5920523405075073,0.19160978496074677,0.7624375224113464,-1.8449749946594238,5,9.300000190734863,-24,0.04527540132403374,1,1.6402374505996704,124,2023-06-08 07:28:56,-28.556251525878906
c32bdcc96f9e1fb1,-1.0900816917419434,0.5968399047851562,-2.2853875160217285,2.086287498474121,5,8.943750381469727,-23.100000381469727,0.06067821756005287,2,2.200962543487549,,2023-06-08 07:28:56,-29.64375114440918
c32bdcc96f9e1fb1,-0.9032595157623291,1.3468360900878906,3.7444000244140625,-1.7841999530792236,5,,,0.41379573941230774,3,-1.9589624404907227,134,2023-06-08 07:28:56,
c32bdcc96f9e1fb1,-0.5891920328140259,0.4918040633201599,0.11550000309944153,-1.6640249490737915,5,8.8125,-21.1875,-0.12339077144861221,4,1.1240625381469727,81,2023-06-08 07:28:56,-30.412500381469727
c32bdcc96f9e1fb1,-0.8028276562690735,0.48537981510162354,-1.53725004196167,0.2579500079154968,5,8.40000057220459,-17.64375114440918,0.4045265316963196,5,-0.4786374866962433,36,2023-06-08 07:28:56,-31.61250114440918
c32bdcc96f9e1fb1,-0.7136994004249573,1.755844235420227,0.04839999973773956,0.9475125074386597,5,9.84375,-15.843750953674316,0.2023167908191681,0,-2.478300094604492,,2023-06-08 07:28:57,-31.312501907348633
c32bdcc96f9e1fb1,-0.7506080269813538,0.46590834856033325,-0.7518500089645386,-0.020899999886751175,5,9.90000057220459,-16.3125,0.1004471480846405,1,-0.382937490940094,40,2023-06-08 07:28:57,-31.256250381469727
c32bdcc96f9e1fb1,-0.7968012094497681,0.3142816424369812,1.1658624410629272,-2.737762451171875,5,,,-0.047722719609737396,2,2.0657999515533447,66,2023-06-08 07:28:57,
c32bdcc96f9e1fb1,-1.4405531883239746,0.10370514541864395,0.3665750026702881,-0.12622499465942383,5,10.987500190734863,-15.487500190734863,0.1478639543056488,3,0.14822499454021454,89,2023-06-08 07:28:57,-30.656251907348633
c32bdcc96f9e1fb1,-0.44827234745025635,0.8134276270866394,3.7050750255584717,-3.356100082397461,5,13.612500190734863,-12.90000057220459,-0.6323260068893433,4,0.35571250319480896,76,2023-06-08 07:28:57,-29.943750381469727
c32bdcc96f9e1fb1,-0.756420373916626,0.09881050139665604,-1.966112494468689,0.8731250166893005,5,17.287500381469727,-7.987500190734863,0.23697695136070251,5,1.920050024986267,,2023-06-08 07:28:57,-27.30000114440918
c32bdcc96f9e1fb1,-1.4952048063278198,1.5053000450134277,-0.7497875094413757,1.6116374731063843,5,19.256250381469727,-5.756250381469727,0.6082658171653748,6,-2.951849937438965,62,2023-06-08 07:28:57,-26.756250381469727
c32bdcc96f9e1fb1,-1.0268491506576538,0.864515483379364,-0.6188874840736389,1.613700032234192,5,,,0.2662530243396759,0,-2.5847249031066895,45,2023-06-08 07:28:58,
c32bdcc96f9e1fb1,-0.8524776697158813,0.4338943660259247,-0.19002500176429749,-1.538487434387207,5,19.98750114440918,-8.043750762939453,0.06118297576904297,1,-0.8575875163078308,79,2023-06-08 07:28:58,-27.056251525878906
c32bdcc96f9e1fb1,-0.9310977458953857,0.4561190605163574,-0.46035000681877136,-0.14533749222755432,5,20.700000762939453,-12.90000057220459,-0.016213487833738327,2,3.6684999465942383,117,2023-06-08 07:28:58,-26.64375114440918
c32bdcc96f9e1fb1,-1.1054693460464478,0.6693417429924011,1.6181000471115112,-1.4383875131607056,5,21.787500381469727,-14.100000381469727,0.7842586636543274,3,0.6142125129699707,,2023-06-08 07:28:58,-25.912500381469727
c32bdcc96f9e1fb1,-0.3932994604110718,0.6319130659103394,-0.2250874936580658,-0.9904124736785889,5,24.356250762939453,-10.912500381469727,-0.22893139719963074,4,2.4404873847961426,114,2023-06-08 07:28:58,-23.8125
c32bdcc96f9e1fb1,-0.9181575775146484,0.8713526725769043,-0.0016499999910593033,0.2186249941587448,5,,,0.15907573699951172,5,-0.4723125100135803,83,2023-06-08 07:28:58,
c32bdcc96f9e1fb1,-0.9239699840545654,1.3861002922058105,-1.2574374675750732,1.1529375314712524,5,25.312501907348633,-9.112500190734863,0.05189845710992813,0,-2.739000082015991,48,2023-06-08 07:28:59,-22.14375114440918
c32bdcc96f9e1fb1,-0.9960588216781616,0.6448685526847839,-1.222237467765808,1.3657875061035156,5,25.087501525878906,-11.8125,0.3679085373878479,1,-1.367300033569336,51,2023-06-08 07:28:59,-21.712501525878906
c32bdcc96f9e1fb1,-0.7144182920455933,0.25248685479164124,0.09418749809265137,-0.9626374840736389,5,23.587501525878906,-18.30000114440918,0.06015815958380699,2,0.5440874695777893,,2023-06-08 07:28:59,-23.700000762939453
c32bdcc96f9e1fb1,-0.91988605260849,0.5338214635848999,0.4283125102519989,-0.37097498774528503,5,23.587501525878906,-20.943750381469727,-0.04374582692980766,3,2.394700050354004,66,2023-06-08 07:28:59,-23.34375
c32bdcc96f9e1fb1,-0.9530318975448608,0.7801899909973145,1.5105749368667603,0.06324999779462814,5,,,0.4887448847293854,4,-0.06146249920129776,,2023-06-08 07:28:59,
c32bdcc96f9e1fb1,-0.43184471130371094,0.6250911355018616,-0.0494999997317791,-0.506137490272522,5,24.787500381469727,-19.61250114440918,-0.20373931527137756,5,1.7604124546051025,59,2023-06-08 07:28:59,-22.443750381469727
c32bdcc96f9e1fb1,-0.7945680022239685,0.5870506763458252,-0.0494999997317791,0.6400625109672546,5,25.856250762939453,-15.656250953674316,0.10778911411762238,0,-0.40741249918937683,40,2023-06-08 07:29:00,-22.743751525878906
c32bdcc96f9e1fb1,-1.0790687799453735,1.472062349319458,-1.38833749294281,0.14190000295639038,5,26.156251907348633,-14.21250057220459,-0.07066633552312851,1,-1.4290374517440796,,2023-06-08 07:29:00,-22.5
c32bdcc96f9e1fb1,-0.8758342862129211,0.5797086954116821,-0.7518500089645386,0.6028000116348267,5,25.012500762939453,-17.64375114440918,0.31856444478034973,2,-1.4140499830245972,37,2023-06-08 07:29:00,-23.400001525878906
c32bdcc96f9e1fb1,-0.7000402808189392,0.3872882127761841,0.6144874691963196,-1.4139125347137451,5,,,0.13735578954219818,3,-0.6797999739646912,47,2023-06-08 07:29:00,
c32bdcc96f9e1fb1,-0.9608786106109619,0.5648258924484253,-1.2105499505996704,1.8478624820709229,5,23.756250381469727,-21.84375,0.21158601343631744,4,1.986050009727478,52,2023-06-08 07:29:00,-23.64375114440918
c32bdcc96f9e1fb1,-0.899282693862915,0.7318554520606995,2.9015250205993652,-1.2234749794006348,5,23.756250381469727,-21.712501525878906,0.08749165385961533,5,-0.13708749413490295,50,2023-06-08 07:29:00,-23.64375114440918
c32bdcc96f9e1fb1,-0.37668827176094055,0.525974690914154,-0.5634750127792358,-0.11027500033378601,5,24.900001525878906,-18.48750114440918,-0.04405174031853676,0,1.5965124368667603,,2023-06-08 07:29:01,-23.512500762939453
c32bdcc96f9e1fb1,-0.7014628052711487,0.8649283647537231,0.22824999690055847,-0.36781248450279236,5,24.900001525878906,-16.443750381469727,0.14734390377998352,1,1.1453750133514404,,2023-06-08 07:29:01,-23.64375114440918
c32bdcc96f9e1fb1,-1.112505316734314,1.131380319595337,-1.7660499811172485,1.389162540435791,5,,,0.22229303419589996,2,-1.360837459564209,40,2023-06-08 07:29:01,
c32bdcc96f9e1fb1,-0.563296377658844,0.662718653678894,-1.4128124713897705,0.5570124983787537,5,24.11250114440918,-16.856250762939453,0.3273288905620575,3,-0.7426375150680542,51,2023-06-08 07:29:01,-23.512500762939453
c32bdcc96f9e1fb1,-0.7863082885742188,0.3022439181804657,0.6687999963760376,-1.9619874954223633,5,22.856250762939453,-20.043750762939453,0.017941907048225403,4,-1.0576499700546265,55,2023-06-08 07:29:01,-22.98750114440918
c32bdcc96f9e1fb1,-1.2779134511947632,0.6126404404640198,-0.34636250138282776,1.6702125072479248,5,21.84375,-22.3125,0.6509868502616882,5,0.7217375040054321,,2023-06-08 07:29:01,-22.200000762939453
c32bdcc96f9e1fb1,-0.8099554777145386,0.7691770792007446,0.8349000215530396,0.4314749836921692,5,21.712501525878906,-21.543750762939453,-0.23015505075454712,6,0.4866124987602234,68,2023-06-08 07:29:01,-21.95625114440918
c32bdcc96f9e1fb1,-0.4792615473270416,0.4575415849685669,-0.23154999315738678,0.3675374984741211,5,,,0.0027532337699085474,0,1.2623875141143799,65,2023-06-08 07:29:02,
c32bdcc96f9e1fb1,-0.893470287322998,0.8783887028694153,-0.598675012588501,-0.062424998730421066,5,21.95625114440918,-19.387500762939453,0.08432543277740479,1,-0.003987499978393316,50,2023-06-08 07:29:02,-22.856250762939453
c32bdcc96f9e1fb1,-1.0163562297821045,1.2056105136871338,-0.5389999747276306,0.8177124857902527,5,21.600000381469727,-19.012500762939453,0.1905849575996399,2,-1.7077499628067017,36,2023-06-08 07:29:02,-22.912500381469727
c32bdcc96f9e1fb1,-0.6025452613830566,0.5235274434089661,-1.6809375286102295,0.1036750003695488,5,19.5,-21.712501525878906,0.21597589552402496,3,-0.36588749289512634,,2023-06-08 07:29:02,-23.287500381469727
c32bdcc96f9e1fb1,-0.8157678842544556,0.3308010697364807,1.0668624639511108,-1.6373499631881714,5,17.512500762939453,-25.98750114440918,0.11461099982261658,4,-0.48083749413490295,45,2023-06-08 07:29:02,-22.912500381469727
c32bdcc96f9e1fb1,-1.4680854082107544,0.4790627062320709,-0.2591874897480011,1.155137538909912,5,,,0.37647414207458496,5,0.4141499996185303,63,2023-06-08 07:29:02,
c32bdcc96f9e1fb1,-0.6070421934127808,0.7714102268218994,0.6241124868392944,-0.32628750801086426,5,16.912500381469727,-27.95625114440918,-0.5209730267524719,0,0.5376250147819519,74,2023-06-08 07:29:03,-22.98750114440918
c32bdcc96f9e1fb1,-0.5767565965652466,0.32477453351020813,0.09418749809265137,0.4431625008583069,5,16.912500381469727,-27.787500381469727,-0.06332438439130783,1,1.4603874683380127,55,2023-06-08 07:29:03,-23.64375114440918
c32bdcc96f9e1fb1,-0.9017300009727478,0.9416059851646423,-1.0648000240325928,-0.22302499413490295,5,17.212501525878906,-26.587501525878906,0.1305185705423355,2,-0.4105750024318695,,2023-06-08 07:29:03,-24.712501525878906
c32bdcc96f9e1fb1,-0.8939903378486633,1.3226689100265503,-0.1601874977350235,0.7921375036239624,5,16.556251525878906,-28.387500762939453,0.22434267401695251,3,-1.95579993724823,35,2023-06-08 07:29:03,-24.600000381469727
c32bdcc96f9e1fb1,-0.6821901798248291,0.47202664613723755,-1.463824987411499,0.2653749883174896,5,,,0.35271984338760376,4,-0.8841249942779541,23,2023-06-08 07:29:03,
c32bdcc96f9e1fb1,-0.708804726600647,0.4153253436088562,1.966112494468689,-1.5991250276565552,5,14.512500762939453,-32.34375,0.06505279242992401,5,-1.1555500030517578,40,2023-06-08 07:29:03,-23.8125
c32bdcc96f9e1fb1,-1.11597740650177,0.5550366640090942,-2.026750087738037,2.3810875415802,5,13.143750190734863,-35.04375076293945,0.31753963232040405,0,2.887362480163574,54,2023-06-08 07:29:04,-23.587501525878906
c32bdcc96f9e1fb1,-0.935686469078064,0.9294764399528503,1.3818750381469727,-0.15386250615119934,5,13.912500381469727,-35.34375,-0.013965013436973095,1,-0.38499999046325684,,2023-06-08 07:29:04,-23.64375114440918
c32bdcc96f9e1fb1,-0.5884731411933899,0.6353852152824402,-0.4071374833583832,0.9124500155448914,5,14.812500953674316,-34.6875,-0.05180668458342552,2,0.9814749956130981,51,2023-06-08 07:29:04,-24.787500381469727
c32bdcc96f9e1fb1,-0.4873223900794983,0.5686957240104675,-0.2644124925136566,0.03657500073313713,5,,,0.22770772874355316,3,0.648312509059906,30,2023-06-08 07:29:04,
c32bdcc96f9e1fb1,-0.662718653678894,0.5982624292373657,-0.0611874982714653,-1.1734249591827393,5,15.05625057220459,-34.6875,-0.02202587015926838,4,0.18645000457763672,18,2023-06-08 07:29:04,-24.95625114440918
c32bdcc96f9e1fb1,-1.444422960281372,1.018803596496582,0.9220749735832214,2.4534125328063965,5,15.000000953674316,-36.30000305175781,0.5109848976135254,5,-2.2133374214172363,28,2023-06-08 07:29:04,-23.8125
c32bdcc96f9e1fb1,-0.6445626020431519,0.605604350566864,0.6719624996185303,1.2157750129699707,5,11.34375,-40.087501525878906,0.34028440713882446,0,-3.297800064086914,,2023-06-08 07:29:05,-23.700000762939453
c32bdcc96f9e1fb1,-0.6541531085968018,0.8949999213218689,3.762549877166748,-1.0456874370574951,5,5.587500095367432,-37.38750076293945,0.3038805425167084,1,-4.038374900817871,40,2023-06-08 07:29:05,-25.856250762939453
c32bdcc96f9e1fb1,-0.2443189173936844,0.6868859529495239,0.851812481880188,2.701324939727783,5,,,0.25135496258735657,2,-0.047712501138448715,71,2023-06-08 07:29:05,
c32bdcc96f9e1fb1,0.23371896147727966,0.6707642674446106,-1.159537434577942,0.7166500091552734,5,0.1875,-30.11250114440918,0.5291256308555603,3,0.5324000120162964,110,2023-06-08 07:29:05,-27.48750114440918
c32bdcc96f9e1fb1,0.659246563911438,-0.2510490417480469,0.35282498598098755,-0.22302499413490295,5,-5.100000381469727,-22.80000114440918,0.46702495217323303,4,-0.2700499892234802,150,2023-06-08 07:29:05,-29.156251907348633
c32bdcc96f9e1fb1,0.28144168853759766,-0.18243233859539032,0.507099986076355,0.035475000739097595,5,-11.700000762939453,-15.90000057220459,0.700545072555542,5,-0.12856249511241913,,2023-06-08 07:29:05,-30.656251907348633
c32bdcc96f9e1fb1,0.32335203886032104,0.018247822299599648,1.9586875438690186,0.0929500013589859,5,-18,-8.943750381469727,0.3024427592754364,6,-0.45416250824928284,167,2023-06-08 07:29:05,-31.687501907348633
c32bdcc96f9e1fb1,0.3732161223888397,-0.3863704800605774,-0.0728750005364418,2.361837387084961,5,,,1.992010474205017,0,0.6089875102043152,173,2023-06-08 07:29:06,
c32bdcc96f9e1fb1,0.15540474653244019,0.14133267104625702,3.266587495803833,-2.025787591934204,5,-25.443750381469727,-2.512500047683716,0.31192609667778015,1,-1.77058744430542,169,2023-06-08 07:29:06,-32.400001525878906
c32bdcc96f9e1fb1,-0.13960425555706024,0.1898660659790039,0.14313749969005585,0.16967499256134033,5,-31.856250762939453,4.743750095367432,2.5051369667053223,2,0.5153499841690063,200,2023-06-08 07:29:06,-34.80000305175781
c32bdcc96f9e1fb1,0.22688175737857819,0.0014225041959434748,-3.5485999584198,-3.862649917602539,5,-35.400001525878906,11.8125,0.1730407476425171,3,2.5606625080108643,,2023-06-08 07:29:06,-36.11250305175781
c32bdcc96f9e1fb1,0.15223853290081024,0.45367178320884705,-3.6529624462127686,0.675125002861023,5,-33.900001525878906,12.187500953674316,-0.6673073768615723,4,1.642300009727478,220,2023-06-08 07:29:06,-36.54375076293945
c32bdcc96f9e1fb1,0.07230298221111298,0.2749103903770447,3.121799945831299,-3.835012435913086,5,,,0.09341110289096832,5,5.038137435913086,259,2023-06-08 07:29:06,
c32bdcc96f9e1fb1,-1.9043201208114624,0.18232527375221252,-1.4510375261306763,-2.6356000900268555,5,-27.95625114440918,7.912500381469727,-1.3088109493255615,0,0.8579999804496765,247,2023-06-08 07:29:07,-36.60000228881836
c32bdcc96f9e1fb1,-0.8782816529273987,0.14959238469600677,-0.23993749916553497,0.5666375160217285,5,-21.356250762939453,2.8125,1.3220570087432861,1,-0.3955875039100647,212,2023-06-08 07:29:07,-35.04375076293945
c32bdcc96f9e1fb1,-0.6839185953140259,0.4507196843624115,3.4273250102996826,1.8788000345230103,5,-13.200000762939453,-1.6125000715255737,-0.019777396693825722,2,0.031075000762939453,,2023-06-08 07:29:07,-31.443750381469727
c32bdcc96f9e1fb1,-0.13368479907512665,0.9121310710906982,-0.05692499876022339,1.2860374450683594,5,-8.043750762939453,-8.887500762939453,3.083927869796753,3,-2.929574966430664,168,2023-06-08 07:29:07,-30.000001907348633
c32bdcc96f9e1fb1,-0.7962964177131653,0.3029627799987793,1.976699948310852,-2.093987464904785,5,,,0.4761106073856354,4,0.029012499377131462,136,2023-06-08 07:29:07,
c32bdcc96f9e1fb1,-0.9518082141876221,0.8493267297744751,-2.6291375160217285,0.8199124932289124,5,-1.256250023841858,-15.656250953674316,0.3959609270095825,5,-2.447499990463257,130,2023-06-08 07:29:07,-28.80000114440918
c32bdcc96f9e1fb1,-0.15489999949932098,0.3256922662258148,6.573050022125244,-2.695275068283081,5,3.356250047683716,-23.512500762939453,-0.16172188520431519,0,3.7782249450683594,97,2023-06-08 07:29:08,-25.387500762939453
c32bdcc96f9e1fb1,-0.9256983995437622,2.330566644668579,-3.5178000926971436,2.9056499004364014,5,8.700000762939453,-29.887500762939453,-0.25891104340553284,1,-1.3140875101089478,,2023-06-08 07:29:08,-22.912500381469727
c32bdcc96f9e1fb1,-0.46213027834892273,0.43072810769081116,-0.6561499834060669,-0.6231499910354614,5,12.90000057220459,-33.35625076293945,-0.7109461426734924,2,2.1063625812530518,75,2023-06-08 07:29:08,-19.14375114440918
c32bdcc96f9e1fb1,-0.6821901798248291,1.9270647764205933,-1.0296000242233276,-0.09212499856948853,5,,,-0.6851422190666199,3,-2.8348374366760254,51,2023-06-08 07:29:08,
c32bdcc96f9e1fb1,-0.6968740820884705,0.2629797160625458,1.892687439918518,-1.9141374826431274,5,11.756250381469727,-36.056251525878906,-0.04599430039525032,4,0.341825008392334,62,2023-06-08 07:29:08,-16.743751525878906
c32bdcc96f9e1fb1,-1.0148266553878784,0.6658695936203003,-0.0611874982714653,2.2841498851776123,5,11.043750762939453,-37.5,-0.36056655645370483,5,0.25244998931884766,76,2023-06-08 07:29:08,-15.956250190734863
c32bdcc96f9e1fb1,-0.6541531085968018,1.189289927482605,0.3133625090122223,1.103987455368042,5,8.58750057220459,-40.087501525878906,0.05771084129810333,0,-0.07644999772310257,,2023-06-08 07:29:09,-17.700000762939453
c32bdcc96f9e1fb1,-0.22259895503520966,0.3496606945991516,0.8369625210762024,-0.6242499947547913,5,8.58750057220459,-40.20000076293945,-0.1778436005115509,1,0.7122499942779541,85,2023-06-08 07:29:09,-17.287500381469727
c32bdcc96f9e1fb1,-0.48487505316734314,0.6917806267738342,-0.2569875121116638,0.22288750112056732,5,,,-0.32293903827667236,2,-1.2704999446868896,77,2023-06-08 07:29:09,
c32bdcc96f9e1fb1,-1.1933739185333252,1.5261023044586182,-1.0318000316619873,1.6009124517440796,5,7.687500476837158,-40.38750076293945,0.5662484765052795,3,-0.4222624897956848,78,2023-06-08 07:29:09,-17.34375
c32bdcc96f9e1fb1,-0.4404103457927704,0.2318834811449051,0.5517874956130981,-0.8647375106811523,5,6.956250190734863,-40.556251525878906,-0.011318850331008434,4,-1.442787528038025,79,2023-06-08 07:29:09,-18.48750114440918
c32bdcc96f9e1fb1,-0.047217957675457,0.6424212455749512,0.29534998536109924,-2.837862491607666,5,5.34375,-40.743751525878906,-0.35903698205947876,5,0.2513499855995178,,2023-06-08 07:29:09,-18.712501525878906
c32bdcc96f9e1fb1,-0.7152289748191833,1.6642839908599854,0.4123624861240387,2.35661244392395,5,2.043750047683716,-40.14375305175781,0.6350792646408081,6,-0.653124988079071,93,2023-06-08 07:29:09,-20.943750381469727
c32bdcc96f9e1fb1,0.06841786205768585,0.50690096616745,-1.313812494277954,-2.437737464904785,5,,,-0.2188362181186676,0,2.473487377166748,114,2023-06-08 07:29:10,
c32bdcc96f9e1fb1,-0.5862399339675903,1.6496917009353638,-0.1985500007867813,0.30057498812675476,5,0.7875000238418579,-39.48750305175781,0.3500736951828003,1,-0.9341750144958496,133,2023-06-08 07:29:10,-22.443750381469727
c32bdcc96f9e1fb1,0.32335203886032104,0.43052929639816284,-0.9359624981880188,-2.26847505569458,5,-2.4562501907348633,-39.60000228881836,-0.0264157485216856,2,1.2740750312805176,151,2023-06-08 07:29:10,-23.887500762939453
c32bdcc96f9e1fb1,-0.3813687860965729,1.8381354808807373,0.6847500205039978,3.375074863433838,5,-5.512500286102295,-39.712501525878906,0.2728760540485382,3,-1.0617749691009521,,2023-06-08 07:29:10,-24.95625114440918
c32bdcc96f9e1fb1,-0.16866616904735565,0.8246394395828247,-4.11688756942749,-1.052150011062622,5,-9.05625057220459,-40.5,0.15857097506523132,4,0.7473124861717224,156,2023-06-08 07:29:10,-25.087501525878906
c32bdcc96f9e1fb1,-0.21577703952789307,1.9505131244659424,-0.5688375234603882,0.5399624705314636,5,,,1.014306664466858,5,-0.49252501130104065,151,2023-06-08 07:29:10,
c32bdcc96f9e1fb1,0.047217957675457,0.28174760937690735,-2.097012519836426,-2.5994374752044678,5,-12.543750762939453,-40.743751525878906,0.2382006198167801,0,3.116299867630005,144,2023-06-08 07:29:11,-25.387500762939453
c32bdcc96f9e1fb1,-0.6077458262443542,1.6779429912567139,-1.7649500370025635,2.590637445449829,5,-12.24375057220459,-40.14375305175781,0.25992056727409363,1,0.3152875006198883,152,2023-06-08 07:29:11,-27.056251525878906
c32bdcc96f9e1fb1,0.19781985878944397,0.7679533958435059,-1.5010875463485718,2.067037582397461,5,-12.487500190734863,-40.087501525878906,0.5598242282867432,2,0.1471250057220459,,2023-06-08 07:29:11,-28.256250381469727
c32bdcc96f9e1fb1,-0.6245710849761963,0.5887790322303772,2.6578750610351562,-2.6324374675750732,5,-10.5,-41.64375305175781,0.11461099982261658,3,0.0034374999813735485,168,2023-06-08 07:29:11,-27.48750114440918
c32bdcc96f9e1fb1,-0.34059032797813416,1.108222484588623,-0.195250004529953,-0.026124998927116394,5,,,0.3568955957889557,4,-0.5839625000953674,166,2023-06-08 07:29:11,
c32bdcc96f9e1fb1,-0.07780944555997849,0.31203317642211914,3.0952625274658203,-3.368887424468994,5,-9.412500381469727,-43.20000076293945,-0.051592543721199036,5,3.0449373722076416,130,2023-06-08 07:29:11,-26.512500762939453
c32bdcc96f9e1fb1,-0.5642140507698059,2.0782785415649414,-0.830637514591217,1.7510625123977661,5,-6.356250286102295,-44.400001525878906,0.06802017241716385,0,-0.8809624910354614,114,2023-06-08 07:29:12,-25.500001907348633
c32bdcc96f9e1fb1,-0.1256239414215088,0.5851081013679504,-2.7398250102996826,0.9688249826431274,5,-3.356250047683716,-45.78750228881836,-0.1067642942070961,1,5.9523749351501465,,2023-06-08 07:29:12,-24.11250114440918
c32bdcc96f9e1fb1,-2.251640558242798,0.8109803199768066,0.5847874879837036,1.0806125402450562,5,,,-0.3507772982120514,2,-0.744700014591217,101,2023-06-08 07:29:12,
c32bdcc96f9e1fb1,-0.31172725558280945,0.4317529499530792,0.08992499858140945,-0.5530250072479248,5,1.3875000476837158,-45.41250228881836,0.0892200767993927,3,-1.0565500259399414,95,2023-06-08 07:29:12,-24.48750114440918
c32bdcc96f9e1fb1,-0.10197672247886658,0.43072810769081116,4.054049968719482,-5.404712677001953,5,6.487500190734863,-45.60000228881836,-0.12195295840501785,4,1.8221499919891357,74,2023-06-08 07:29:12,-23.8125
c32bdcc96f9e1fb1,-0.9941162467002869,2.397653579711914,-2.6845500469207764,1.7850250005722046,5,8.456250190734863,-45.60000228881836,1.0622434616088867,5,-3.117949962615967,85,2023-06-08 07:29:12,-23.15625
c32bdcc96f9e1fb1,-0.5165831446647644,0.5177150368690491,1.138087511062622,-1.3011624813079834,5,10.612500190734863,-46.743751525878906,-0.8208767175674438,0,4.84660005569458,,2023-06-08 07:29:13,-21.95625114440918
c32bdcc96f9e1fb1,-1.4815456867218018,1.2999393939971924,-2.0002124309539795,2.3384625911712646,5,,,-0.7028853297233582,1,0.08002500236034393,77,2023-06-08 07:29:13,
c32bdcc96f9e1fb1,-0.3127520680427551,0.1660047024488449,1.211650013923645,-1.9705125093460083,5,12.24375057220459,-46.25625228881836,0.13541322946548462,2,-0.07961250096559525,98,2023-06-08 07:29:13,-21.712501525878906
c32bdcc96f9e1fb1,-1.0275681018829346,0.5914404988288879,1.0040249824523926,2.71521258354187,5,15.71250057220459,-44.8125,-0.32875141501426697,3,0.41208750009536743,89,2023-06-08 07:29:13,-20.8125
c32bdcc96f9e1fb1,-0.4230802655220032,1.1526873111724854,0.9593374729156494,-0.506137490272522,5,17.45625114440918,-43.85625076293945,1.162583589553833,4,0.7823749780654907,76,2023-06-08 07:29:13,-20.64375114440918
c32bdcc96f9e1fb1,-0.8577853441238403,0.7938491106033325,-2.338599920272827,-0.16458749771118164,5,19.6875,-43.01250076293945,-0.08626799285411835,5,-3.5605623722076416,,2023-06-08 07:29:13,-20.043750762939453
c32bdcc96f9e1fb1,-1.219483733177185,1.9131916761398315,0.9242749810218811,0.8390250205993652,5,,,0.35955703258514404,6,-3.2307000160217285,40,2023-06-08 07:29:13,
c32bdcc96f9e1fb1,-0.9708667397499084,0.35261276364326477,0.6656374931335449,-1.5299625396728516,5,15.487500190734863,-45.48750305175781,-0.033237650990486145,0,-2.6399998664855957,57,2023-06-08 07:29:14,-19.6875
c32bdcc96f9e1fb1,-0.7022734880447388,0.22311900556087494,-0.40383750200271606,-0.1251250058412552,5,9.112500190734863,-45.78750228881836,0.017941907048225403,1,0.4386250078678131,93,2023-06-08 07:29:14,-21.056251525878906
c32bdcc96f9e1fb1,-0.5699194073677063,-0.046912044286727905,1.7436374425888062,-0.23045000433921814,5,6.900000095367432,-47.70000076293945,-0.07188999652862549,2,6.356762409210205,115,2023-06-08 07:29:14,-20.587501525878906
c32bdcc96f9e1fb1,-1.6595882177352905,2.0072145462036133,-1.5446749925613403,1.98618745803833,5,9.65625,-43.91250228881836,0.03161630034446716,3,3.5824248790740967,,2023-06-08 07:29:14,-21.95625114440918
c32bdcc96f9e1fb1,-0.7649860382080078,1.2010217905044556,-0.980650007724762,-1.8576250076293945,5,,,0.11971978843212128,4,-0.2157374918460846,82,2023-06-08 07:29:14,
c32bdcc96f9e1fb1,-1.7406556606292725,1.1184247732162476,5.132187366485596,0.2835249900817871,5,11.34375,-40.98750305175781,-0.5571780800819397,5,-5.460262298583984,58,2023-06-08 07:29:14,-22.6875
c32bdcc96f9e1fb1,-1.4285153150558472,0.6707642674446106,-0.32725000381469727,-0.2858625054359436,5,8.58750057220459,-41.94375228881836,0.5940867066383362,0,-3.6627249717712402,47,2023-06-08 07:29:15,-25.256250381469727
c32bdcc96f9e1fb1,-1.9338867664337158,0.303268700838089,-3.067625045776367,3.9709999561309814,5,5.212500095367432,-43.743751525878906,-0.09942232817411423,1,0.12264999747276306,,2023-06-08 07:29:15,-25.912500381469727
c32bdcc96f9e1fb1,-0.3623102903366089,0.8317825794219971,3.0388875007629395,-1.1457874774932861,5,1.443750023841858,-45.60000228881836,0.35252100229263306,2,0.6983624696731567,,2023-06-08 07:29:15,-25.856250762939453
c32bdcc96f9e1fb1,-1.5088791847229004,0.6380313634872437,-0.9200124740600586,1.0848749876022339,5,,,-0.5822630524635315,3,2.264899969100952,,2023-06-08 07:29:15,
c32bdcc96f9e1fb1,-0.6221237778663635,1.1380033493041992,1.474412441253662,-1.5182750225067139,5,6.412500381469727,-43.556251525878906,1.4724754095077515,4,-2.5209250450134277,,2023-06-08 07:29:15,-25.200000762939453
c32bdcc96f9e1fb1,-0.3210117518901825,0.5884731411933899,-1.9288499355316162,-3.0559375286102295,5,12.656250953674316,-43.38750076293945,-0.34221166372299194,5,3.1044750213623047,,2023-06-08 07:29:15,-24.600000381469727
c32bdcc96f9e1fb1,-1.2187649011611938,1.3650991916656494,0.3932499885559082,0.3643749952316284,5,15.187500953674316,-42.056251525878906,1.285454273223877,0,-2.6922500133514404,,2023-06-08 07:29:16,-24.243751525878906
c32bdcc96f9e1fb1,-0.2670636773109436,0.726746678352356,-1.0253374576568604,-1.4096499681472778,5,12.656250953674316,-46.087501525878906,-0.28827887773513794,1,2.520237445831299,,2023-06-08 07:29:16,-23.043750762939453
c32bdcc96f9e1fb1,-1.3460254669189453,0.8935773372650146,-1.2563375234603882,1.7681125402450562,5,,,-0.13265998661518097,2,-2.001587390899658,,2023-06-08 07:29:16,
c32bdcc96f9e1fb1,-0.1844666749238968,0.43654051423072815,1.8033125400543213,-0.8254125118255615,5,9.356250762939453,-50.212501525878906,-0.27674588561058044,3,-0.8255500197410583,,2023-06-08 07:29:16,-22.256250381469727
c32bdcc96f9e1fb1,-0.9645496010780334,1.3055375814437866,4.371262550354004,3.6474623680114746,5,7.500000476837158,-49.85625076293945,0.28725406527519226,4,-3.7415125370025635,,2023-06-08 07:29:16,-23.100000381469727
c32bdcc96f9e1fb1,-0.4160442352294922,1.4286223649978638,-0.455949991941452,0.0015124999918043613,5,2.6437501907348633,-42.54375076293945,0.35374465584754944,5,0.010862499475479126,,2023-06-08 07:29:16,-25.087501525878906
c32bdcc96f9e1fb1,0.2723712921142578,0.2900072932243347,0.02186249941587448,-1.9045125246047974,5,-0.30000001192092896,-33.65625,0.15031127631664276,0,-2.0153374671936035,,2023-06-08 07:29:17,-29.156251907348633
c32bdcc96f9e1fb1,0.12654168903827667,-0.18630217015743256,-2.065112590789795,1.1668249368667603,5,,,0.35353052616119385,1,-0.8340749740600586,,2023-06-08 07:29:17,
c32bdcc96f9e1fb1,0.3578133285045624,-0.2141404151916504,2.22475004196167,-0.6615124940872192,5,-7.143750190734863,-27.656251907348633,1.2466031312942505,2,1.206012487411499,,2023-06-08 07:29:17,-33.11250305175781
c32bdcc96f9e1fb1,0.11043526977300644,0.03874411806464195,1.3585000038146973,1.714900016784668,5,-12.356250762939453,-19.912500381469727,0.8702207803726196,3,0.862262487411499,,2023-06-08 07:29:17,-35.8125
c32bdcc96f9e1fb1,0.2799121141433716,0.3134556710720062,1.630887508392334,-0.905162513256073,5,-18.30000114440918,-11.21250057220459,0.8047549724578857,4,-1.4183125495910645,,2023-06-08 07:29:17,-38.45625305175781
c32bdcc96f9e1fb1,0.02080221101641655,-0.22056461870670319,0.04729999974370003,-0.36465001106262207,5,-23.8125,-1.256250023841858,1.7611517906188965,5,0.4632374942302704,,2023-06-08 07:29:17,-40.61250305175781
c32bdcc96f9e1fb1,0.4042206406593323,-0.06791310012340546,-0.5113624930381775,0.5985375046730042,5,,,0.12317662686109543,6,0.4035624861717224,,2023-06-08 07:29:17,
c32bdcc96f9e1fb1,0.6626116037368774,-0.33436495065689087,-0.3623124957084656,0.6984999775886536,5,-28.61250114440918,9.05625057220459,1.2565912008285522,0,0.7026249766349792,,2023-06-08 07:29:18,-41.8125
c32bdcc96f9e1fb1,0.528315007686615,-0.03170807659626007,0.08786249905824661,1.1082500219345093,5,-32.212501525878906,18.412500381469727,0.6816854476928711,1,0.17159999907016754,,2023-06-08 07:29:18,-40.80000305175781
c32bdcc96f9e1fb1,0.5251487493515015,-0.29306644201278687,0.5039374828338623,-0.41029998660087585,5,-32.212501525878906,20.943750381469727,0.8248535394668579,2,-0.12526249885559082,,2023-06-08 07:29:18,-38.8125
c32bdcc96f9e1fb1,0.6826949119567871,-0.17651288211345673,-0.037812501192092896,-0.16664999723434448,5,-33.35625076293945,22.61250114440918,0.8500304222106934,3,-0.035887498408555984,,2023-06-08 07:29:18,-36.54375076293945
c32bdcc96f9e1fb1,0.627232551574707,-0.08279585838317871,-0.25066250562667847,-0.0644875019788742,5,,,0.6238674521446228,4,-0.0625625029206276,,2023-06-08 07:29:18,
c32bdcc96f9e1fb1,0.6503750085830688,-0.1538751870393753,-0.016499999910593033,-0.25712499022483826,5,-34.3125,25.443750381469727,0.6216189861297607,5,-0.1849374920129776,,2023-06-08 07:29:18,-34.5
c32bdcc96f9e1fb1,0.708804726600647,-0.18538440763950348,0.432574987411499,-1.6651250123977661,5,-35.587501525878906,26.812501907348633,0.8985791206359863,0,-0.18383750319480896,,2023-06-08 07:29:19,-32.8125
c32bdcc96f9e1fb1,0.5300434231758118,-0.1726430505514145,0.2686749994754791,-0.09116250276565552,5,-36,27.243751525878906,1.2404848337173462,1,0.5537124872207642,,2023-06-08 07:29:19,-31.98750114440918
c32bdcc96f9e1fb1,0.6233474612236023,-0.07912488281726837,0.3123999834060669,0.7198125123977661,5,-36.54375076293945,27.412500381469727,0.6944267749786377,2,0.6536750197410583,,2023-06-08 07:29:19,-31.14375114440918
c32bdcc96f9e1fb1,0.5757318139076233,-0.15795914828777313,0.4017750024795532,-0.13791249692440033,5,,,0.7991567254066467,3,0.6291999816894531,124,2023-06-08 07:29:19,
c32bdcc96f9e1fb1,0.33028098940849304,-0.2071043699979782,,,5,-36.78750228881836,27.356250762939453,0.7232898473739624,4,,117,2023-06-08 07:29:19,-30.412500381469727
c32bdcc96f9e1fb1,,,,,3,-84,49.91250228881836,,0,,,2023-06-17 09:23:39,11.643750190734863
c32bdcc96f9e1fb1,,,,,3,-83.51250457763672,49.556251525878906,,2,,,2023-06-17 09:23:39,11.043750762939453
c32bdcc96f9e1fb1,,,,,3,-82.91250610351562,49.25625228881836,,3,,,2023-06-17 09:23:39,10.3125
c32bdcc96f9e1fb1,,,,,3,-82.85625457763672,48.95625305175781,,4,,,2023-06-17 09:23:39,9.787500381469727
c32bdcc96f9e1fb1,,,0.1143999993801117,-0.27623748779296875,1,-32.51250076293945,2.2125000953674316,,3,0.043175000697374344,273,2023-06-15 07:19:43,-18.84375
c32bdcc96f9e1fb1,,,,,1,-32.400001525878906,1.7437500953674316,,4,,313,2023-06-15 07:19:43,-18.356250762939453
c32bdcc96f9e1fb1,,,,,1,-32.587501525878906,1.3875000476837158,,0,,316,2023-06-15 07:19:44,-17.756250381469727
c32bdcc96f9e1fb1,,,,,1,-32.51250076293945,1.0875000953674316,,1,,,2023-06-15 07:19:44,-16.98750114440918
c32bdcc96f9e1fb1,,,,,1,-32.51250076293945,1.0875000953674316,,2,,305,2023-06-15 07:19:44,-16.387500762939453
c32bdcc96f9e1fb1,,,,,1,-32.45625305175781,1.3875000476837158,,4,,305,2023-06-15 07:19:44,-16.387500762939453
c32bdcc96f9e1fb1,,,,,1,-32.64375305175781,1.912500023841858,,5,,,2023-06-15 07:19:44,-16.556251525878906
c32bdcc96f9e1fb1,,,,,1,-32.8125,2.34375,,1,,269,2023-06-15 07:19:45,-16.443750381469727
c32bdcc96f9e1fb1,,,,,1,-32.70000076293945,2.8125,,2,,270,2023-06-15 07:19:45,-16.387500762939453
c32bdcc96f9e1fb1,,,,,1,-32.88750076293945,2.700000047683716,,3,,,2023-06-15 07:19:45,-15.90000057220459
c32bdcc96f9e1fb1,,,,,1,-32.64375305175781,2.4562501907348633,,4,,301,2023-06-15 07:19:45,-15.600000381469727
c32bdcc96f9e1fb1,,,,,1,-32.64375305175781,2.4562501907348633,,6,,343,2023-06-15 07:19:45,-15.71250057220459
c32bdcc96f9e1fb1,,,,,1,-32.51250076293945,2.6437501907348633,,0,,348,2023-06-15 07:19:46,-15.90000057220459
c32bdcc96f9e1fb1,,,,,1,-32.70000076293945,2.9437501430511475,,1,,,2023-06-15 07:19:46,-16.14375114440918
c32bdcc96f9e1fb1,,,,,1,-32.64375305175781,3.4125001430511475,,2,,350,2023-06-15 07:19:46,-16.256250381469727
c32bdcc96f9e1fb1,,,,,1,-32.75625228881836,4.087500095367432,,4,,350,2023-06-15 07:19:46,-16.80000114440918
c32bdcc96f9e1fb1,,,,,6,-17.15625,-9.112500190734863,,1,,,2023-06-06 07:21:05,-29.587501525878906
c32bdcc96f9e1fb1,,,,,6,-17.043750762939453,-8.887500762939453,,3,,113,2023-06-06 07:21:05,-29.64375114440918
c32bdcc96f9e1fb1,,,,,6,-17.400001525878906,-8.287500381469727,,4,,114,2023-06-06 07:21:05,-29.64375114440918
c32bdcc96f9e1fb1,,,,,6,-17.45625114440918,-8.043750762939453,,5,,113,2023-06-06 07:21:05,-29.887500762939453
c32bdcc96f9e1fb1,,,,,6,-0.11250000447034836,-4.856250286102295,,0,,,2023-06-06 07:27:37,-33.35625076293945
c32bdcc96f9e1fb1,,,,,6,-0.1875,-5.100000381469727,,1,,,2023-06-06 07:27:37,-33.60000228881836
c32bdcc96f9e1fb1,,,,,6,-0.24375000596046448,-5.587500095367432,,2,,,2023-06-06 07:27:37,-33.54375076293945
c32bdcc96f9e1fb1,,,,,6,-0.05625000223517418,-5.887500286102295,,4,,,2023-06-06 07:27:37,-33.30000305175781
c32bdcc96f9e1fb1,,,,,6,-11.456250190734863,-10.6875,,0,,,2023-06-06 07:21:11,-33.1875
c32bdcc96f9e1fb1,,,,,6,-11.700000762939453,-10.987500190734863,,1,,,2023-06-06 07:21:11,-33
c32bdcc96f9e1fb1,,,,,6,-11.58750057220459,-11.043750762939453,,2,,,2023-06-06 07:21:11,-33
c32bdcc96f9e1fb1,,,,,6,-11.456250190734863,-11.043750762939453,,3,,,2023-06-06 07:21:11,-32.88750076293945
c32bdcc96f9e1fb1,,,,,1,-37.85625076293945,-10.856250762939453,,1,,908,2023-06-08 07:24:57,-10.800000190734863
c32bdcc96f9e1fb1,,,,,1,-37.6875,-11.100000381469727,,1,,,2023-06-08 07:24:58,-11.100000381469727
c32bdcc96f9e1fb1,,,,,1,-37.91250228881836,-9.84375,,2,,1268,2023-06-08 07:24:58,-11.15625
c32bdcc96f9e1fb1,,,,,1,-38.34375,-8.34375,,3,,1357,2023-06-08 07:24:58,-11.34375
c32bdcc96f9e1fb1,,,,,1,-38.51250076293945,-7.143750190734863,,4,,1363,2023-06-08 07:24:58,-12.05625057220459
c32bdcc96f9e1fb1,,,,,1,-38.28750228881836,-6.300000190734863,,6,,1331,2023-06-08 07:24:58,-13.74375057220459
c32bdcc96f9e1fb1,,,,,1,-37.80000305175781,-4.6875,,0,,1399,2023-06-08 07:24:59,-15.90000057220459
c32bdcc96f9e1fb1,,,,,1,-37.38750076293945,-3.4125001430511475,,1,,1573,2023-06-08 07:24:59,-18.11250114440918
c32bdcc96f9e1fb1,,,,,1,-37.3125,-1.3875000476837158,,2,,1653,2023-06-08 07:24:59,-19.200000762939453
c32bdcc96f9e1fb1,,,,,1,-37.6875,0.11250000447034836,,4,,1613,2023-06-08 07:24:59,-19.200000762939453
c32bdcc96f9e1fb1,,,,,1,-38.15625,-0.4125000238418579,,5,,1466,2023-06-08 07:24:59,-19.556251525878906
c32bdcc96f9e1fb1,,,,,1,-38.51250076293945,-1.6125000715255737,,0,,1287,2023-06-08 07:25:00,-19.256250381469727
c32bdcc96f9e1fb1,,,,,1,-38.75625228881836,-2.34375,,1,,1186,2023-06-08 07:25:00,-19.743751525878906
c32bdcc96f9e1fb1,,,,,1,-39.95625305175781,-5.756250381469727,,0,,667,2023-06-08 07:25:01,-16.912500381469727
c32bdcc96f9e1fb1,,,,,1,-39.78750228881836,-7.443750381469727,,2,,526,2023-06-08 07:25:01,-16.556251525878906
c32bdcc96f9e1fb1,,,,,1,-39.11250305175781,-6.712500095367432,,3,,427,2023-06-08 07:25:01,-17.043750762939453
c32bdcc96f9e1fb1,,,,,1,-38.51250076293945,-5.587500095367432,,4,,380,2023-06-08 07:25:01,-18.1875
c32bdcc96f9e1fb1,,,,,1,-37.38750076293945,-5.100000381469727,,1,,415,2023-06-08 07:25:02,-18.712501525878906
c32bdcc96f9e1fb1,,,,,1,-36.78750228881836,-6.956250190734863,,2,,433,2023-06-08 07:25:02,-18.356250762939453
c32bdcc96f9e1fb1,,,,,1,-35.75625228881836,-8.643750190734863,,3,,492,2023-06-08 07:25:02,-18.543750762939453
c32bdcc96f9e1fb1,,,,,1,-35.28750228881836,-10.143750190734863,,4,,542,2023-06-08 07:25:02,-18.48750114440918
c32bdcc96f9e1fb1,,,,,1,-35.15625,-11.58750057220459,,6,,661,2023-06-08 07:25:02,-18.412500381469727
c32bdcc96f9e1fb1,,,,,1,-35.64375305175781,-13.856250762939453,,0,,764,2023-06-08 07:25:03,-17.45625114440918
c32bdcc96f9e1fb1,,,,,1,-44.88750076293945,4.012500286102295,,0,,232,2023-06-08 07:28:31,-14.812500953674316
c32bdcc96f9e1fb1,,,,,1,,,,0,,53,,
c32bdcc96f9e1fb1,,,,,1,,,,5,,329,2023-06-15 07:19:43,
c32bdcc96f9e1fb1,,,,,1,,,,3,,299,2023-06-15 07:19:44,
c32bdcc96f9e1fb1,,,,,1,,,,0,,287,2023-06-15 07:19:45,
c32bdcc96f9e1fb1,,,,,1,,,,5,,330,2023-06-15 07:19:45,
c32bdcc96f9e1fb1,,,,,1,,,,3,,352,2023-06-15 07:19:46,
c32bdcc96f9e1fb1,,,,,6,,,,0,,1156,,
c32bdcc96f9e1fb1,,,,,6,,,,2,,109,2023-06-06 07:21:05,
c32bdcc96f9e1fb1,,,,,6,,,,1,,111,2023-06-06 07:21:06,
c32bdcc96f9e1fb1,,,,,6,,,,2,,109,2023-06-06 07:21:06,
c32bdcc96f9e1fb1,,,,,6,,,,3,,113,2023-06-06 07:21:06,
c32bdcc96f9e1fb1,,,,,6,,,,4,,127,2023-06-06 07:21:06,
c32bdcc96f9e1fb1,,,,,6,,,,0,,150,2023-06-06 07:21:07,
c32bdcc96f9e1fb1,,,,,6,,,,1,,168,2023-06-06 07:21:07,
c32bdcc96f9e1fb1,,,,,5,,,,0,,119,,
c32bdcc96f9e1fb1,,,,,1,,,,0,,1068,2023-06-08 07:24:58,
c32bdcc96f9e1fb1,,,,,1,,,,1,,253,2023-06-08 07:25:03,
c32bdcc96f9e1fb1,,,,,1,,,,1,,240,2023-06-08 07:28:31,
