deviceId,Ay,Ax,Gy,Gx,activity,My,Mx,Az,counter,Gz,Lilluminance,timestamp,Mz
73d32f5bb75976e4,0.552964985370636,0.12846601009368896,-0.40775224566459656,-0.4699077308177948,1,-17.899999618530273,-12.787500381469727,0.8004419803619385,0,0.15149445831775665,149.84625244140625,2023-06-08 20:23:18,-30.512500762939453
73d32f5bb75976e4,0.5461329817771912,0.08259399980306625,-0.623845636844635,-0.8588758707046509,1,-16.725000381469727,-14.287500381469727,0.5232580304145813,1,0.35277441143989563,171.55624389648438,2023-06-08 20:23:18,-31.875
73d32f5bb75976e4,0.5934690237045288,0.3134180009365082,0.2087630331516266,-0.45020735263824463,1,-14.162500381469727,-18.36250114440918,0.9800260066986084,2,-0.9778417944908142,152.55999755859375,2023-06-08 20:23:18,-34.88750076293945
73d32f5bb75976e4,0.28944501280784607,0.46616196632385254,0.31551164388656616,0.301003634929657,1,-12.71250057220459,-19.225000381469727,0.3500180244445801,0,-0.24006985127925873,138.08624267578125,2023-06-08 20:23:19,-35.78750228881836
73d32f5bb75976e4,0.658860981464386,0.6555060148239136,0.4324922561645508,-0.16997312009334564,1,-11.537500381469727,-19.462499618530273,0.9258579611778259,1,0.2029598206281662,126.77999877929688,2023-06-08 20:23:19,-36.900001525878906
73d32f5bb75976e4,0.3118929862976074,0.16945800185203552,1.9900447130203247,-0.7457131743431091,1,-10.112500190734863,-19.850000381469727,0.5247220396995544,2,0.5749764442443848,439.802490234375,2023-06-08 20:23:19,-38.01250076293945
73d32f5bb75976e4,0.34312498569488525,-0.05550999939441681,0.33979353308677673,-0.948520302772522,1,-24.375,-29.287500381469727,0.7599380016326904,0,0.22449280321598053,421.71124267578125,2023-06-08 20:23:31,-37.525001525878906
73d32f5bb75976e4,0.37094101309776306,0.10748200118541718,1.1493420600891113,-0.04260781779885292,1,-23.850000381469727,-27.80000114440918,1.0366339683532715,0,-0.015729768201708794,342.5612487792969,2023-06-08 20:23:32,-38.087501525878906
73d32f5bb75976e4,0.24064499139785767,0.14847400784492493,0.2565632164478302,0.2525925934314728,1,-22.774999618530273,-27.11250114440918,0.7545700073242188,1,0.3633118271827698,232.16249084472656,2023-06-08 20:23:32,-38.0625
73d32f5bb75976e4,0.2904210090637207,0.043554000556468964,-0.08582650125026703,0.011148282326757908,1,-20.212499618530273,-26.337499618530273,1.0029619932174683,2,0.7565560340881348,212.26124572753906,2023-06-08 20:23:32,-38.97500228881836
73d32f5bb75976e4,0.30994102358818054,0.04794600233435631,0.09086613357067108,-0.09880737960338593,1,-15.824999809265137,-24.075000762939453,0.8726660013198853,0,0.342542439699173,215.427490234375,2023-06-08 20:23:33,-41.38750076293945
73d32f5bb75976e4,0.41632500290870667,0.16213800013065338,0.034208428114652634,-0.04505127668380737,1,-11.25,-22.05000114440918,0.9819779396057129,1,-0.004886918235570192,182.8625030517578,2023-06-08 20:23:33,-44.962501525878906
73d32f5bb75976e4,0.6056689620018005,-0.007197999861091375,-0.16218459606170654,0.20051635801792145,1,-8.33750057220459,-20.0625,1.0088180303573608,2,-0.09193515032529831,162.50999450683594,2023-06-08 20:23:33,-49.79999923706055
73d32f5bb75976e4,0.32799699902534485,0.3173219859600067,1.7110322713851929,0.9048434495925903,1,-8.300000190734863,-13.100000381469727,0.7121139764785767,0,-0.09468404203653336,247.58248901367188,2023-06-08 20:23:34,-50.97500228881836
73d32f5bb75976e4,0.7022929787635803,-0.11065400391817093,0.9972367286682129,0.32162031531333923,1,,,1.00832998752594,1,-0.03283398225903511,277.8849792480469,2023-06-08 20:23:34,
73d32f5bb75976e4,0.5646770000457764,0.14652200043201447,-0.047952886670827866,-0.5300779342651367,1,-29.024999618530273,-13.137499809265137,0.6213459968566895,0,-0.35277441143989563,158.44000244140625,2023-06-08 20:22:38,-22.48750114440918
73d32f5bb75976e4,0.6125010251998901,0.22411400079727173,0.3559814393520355,-0.5048797130584717,1,-27,-13.324999809265137,0.7101619839668274,0,-1.0326669216156006,166.12875366210938,2023-06-08 20:22:39,-24.225000381469727
73d32f5bb75976e4,0.4153490364551544,0.13041800260543823,-0.1977674663066864,0.30375251173973083,1,-24.912500381469727,-13.199999809265137,1.2845379114151,1,-0.1951712965965271,84.26499938964844,2023-06-08 20:22:39,-25.274999618530273
73d32f5bb75976e4,0.44609302282333374,0.11675400286912918,0.36285367608070374,0.5360338687896729,1,-23.225000381469727,-13.375,0.7462739944458008,2,-0.24495677649974823,42,2023-06-08 20:22:39,-25.712499618530273
73d32f5bb75976e4,0.3504450023174286,0.021105999127030373,-0.4718930423259735,-0.20463970303535461,1,-22.537500381469727,-13.074999809265137,0.6999140381813049,0,-0.7531962990760803,48.53499984741211,2023-06-08 20:22:40,-25.3125
73d32f5bb75976e4,0.5588210225105286,-0.02379000000655651,,,1,-20.475000381469727,-12.8125,0.6779539585113525,1,,64.36499786376953,2023-06-08 20:22:40,-25.637500762939453
73d32f5bb75976e4,0.4661009907722473,-0.10040599852800369,-0.4712821841239929,0.08659008145332336,1,-15.625,-11.887499809265137,1.140089988708496,2,0.1130099818110466,124.06624603271484,2023-06-08 20:22:40,-26.25
73d32f5bb75976e4,0.43779700994491577,-0.11309400200843811,0.3254382014274597,-0.08674279600381851,1,-13.02500057220459,-11.787500381469727,0.6408659815788269,3,0.18035782873630524,171.55624389648438,2023-06-08 20:22:40,-26.287500381469727
73d32f5bb75976e4,0.47293299436569214,-0.07307799905538559,-0.021991131827235222,-0.20906847715377808,1,-12.1875,-11.612500190734863,1.1737619638442993,0,0.6380482912063599,157.08248901367188,2023-06-08 20:22:41,-26.287500381469727
73d32f5bb75976e4,0.4631730318069458,-0.12919799983501434,-0.2971857190132141,-0.5383245944976807,1,-10.637499809265137,-12.0625,0.5174019932746887,1,-1.141248106956482,155.7262420654297,2023-06-08 20:22:41,-27.80000114440918
73d32f5bb75976e4,0.8179489970207214,0.17726600170135498,-0.5929969549179077,0.5969675779342651,1,-8.675000190734863,-13,1.0068659782409668,2,0.3533852696418762,165.67623901367188,2023-06-08 20:22:41,-29.774999618530273
73d32f5bb75976e4,0.4173009693622589,-0.038429997861385345,0.4172206521034241,0.45738500356674194,1,-7.612500190734863,-14.137499809265137,0.7379779815673828,0,0.7609847784042358,156.62998962402344,2023-06-08 20:22:42,-31.05000114440918
73d32f5bb75976e4,0.6237249970436096,-0.17799799144268036,0.2838993966579437,0.10567960888147354,1,-6.962500095367432,-14.83750057220459,1.5241460800170898,1,0.08093958348035812,117.73374938964844,2023-06-08 20:22:42,-32.26250076293945
73d32f5bb75976e4,0.4241330325603485,0.030865998938679695,-0.09056070446968079,-0.011606430634856224,1,-5.550000190734863,-14.324999809265137,0.6720980405807495,2,-0.4685332775115967,107.78374481201172,2023-06-08 20:22:42,-32.712501525878906
73d32f5bb75976e4,0.2787089943885803,0.20410600304603577,0.047952886670827866,0.15470150113105774,1,-4.612500190734863,-14.287500381469727,0.42761000990867615,0,-0.07116574794054031,159.79624938964844,2023-06-08 20:22:43,-33.150001525878906
73d32f5bb75976e4,0.7506049871444702,-0.02281400002539158,0.21700970828533173,0.05085449293255806,1,-4.987500190734863,-14.287500381469727,0.9541620016098022,1,0.5595521330833435,238.083740234375,2023-06-08 20:22:43,-33.57500076293945
73d32f5bb75976e4,0.29481300711631775,-0.07795799523591995,0.1588248461484909,-0.32330018281936646,1,-6.525000095367432,-13.199999809265137,0.5022739768028259,2,0.2802342176437378,229.49124145507812,2023-06-08 20:22:43,-32.86249923706055
73d32f5bb75976e4,0.644709050655365,0.10943399369716644,-0.3095557391643524,-0.16249002516269684,1,-6.325000286102295,-13.199999809265137,0.9209779500961304,0,-0.4581485986709595,219.9499969482422,2023-06-08 20:22:44,-33.01250076293945
73d32f5bb75976e4,0.3445890247821808,0.29438599944114685,0.7513636946678162,0.13301581144332886,1,-5.450000286102295,-13.862500190734863,0.6452580094337463,1,0.5580250024795532,,2023-06-08 20:22:44,-33.837501525878906
73d32f5bb75976e4,0.5924929976463318,-0.02769399993121624,-0.6082686185836792,-0.3588830530643463,1,-5.550000190734863,-12.8125,1.0395619869232178,2,0.646905779838562,210,2023-06-08 20:22:44,-32.775001525878906
73d32f5bb75976e4,0.35190898180007935,-0.013054000213742256,0.10674861818552017,0.006108647678047419,1,-5.4375,-12.21250057220459,0.5818179845809937,0,-0.8724676370620728,229.44874572753906,2023-06-08 20:22:45,-32.47500228881836
73d32f5bb75976e4,0.2655330002307892,0.2114259898662567,-0.5117519497871399,0.5855138897895813,1,-4.712500095367432,-11.5,1.1996259689331055,1,-0.23273947834968567,186.02874755859375,2023-06-08 20:22:45,-32.32500076293945
73d32f5bb75976e4,0.5480850338935852,0.04745800048112869,-0.47097674012184143,0.18402300775051117,1,-4.450000286102295,-10.987500190734863,1.0049140453338623,2,-0.6065887212753296,169.74624633789062,2023-06-08 20:22:45,-32.48749923706055
73d32f5bb75976e4,0.29481300711631775,0.0718580037355423,-0.4251618981361389,0.1663079410791397,1,-2.325000047683716,-12.387499809265137,0.7916579842567444,0,-0.04428769648075104,167.48500061035156,2023-06-08 20:22:46,-34.61249923706055
73d32f5bb75976e4,0.4148609936237335,-0.0701499953866005,-0.23457208275794983,-0.09575305134057999,1,0.2750000059604645,-14.125,0.8341139554977417,1,0.001679878099821508,163.86749267578125,2023-06-08 20:22:46,-36.57500076293945
73d32f5bb75976e4,0.48171699047088623,0.31244200468063354,0.3228420317173004,0.17516547441482544,1,1.1875,-15.225000381469727,0.7677460312843323,0,0.258395791053772,161.60499572753906,2023-06-08 20:22:47,-37.5
73d32f5bb75976e4,0.5641889572143555,0.287553995847702,0.7272345423698425,0.16814053058624268,1,2.4125001430511475,-16.1875,0.8619300127029419,1,0.615293562412262,173.364990234375,2023-06-08 20:22:47,-38.375
73d32f5bb75976e4,0.3743569850921631,-0.032085999846458435,0.4897608458995819,0.012675444595515728,1,0.625,-15.637499809265137,0.6223220229148865,2,0.4263836145401001,139.896240234375,2023-06-08 20:22:47,-37.5625
73d32f5bb75976e4,0.6359249949455261,0.24900199472904205,0.7319687008857727,-0.059864748269319534,5,-10.262499809265137,-13.6875,0.7589620351791382,0,-0.40744680166244507,20.74250030517578,2023-06-08 20:21:32,-52.95000076293945
73d32f5bb75976e4,0.6622770428657532,0.09137800335884094,-0.2260199636220932,-1.1264346837997437,5,-6.175000190734863,-11.600000381469727,0.5901139974594116,1,-0.7116574645042419,40.19124984741211,2023-06-08 20:21:32,-51.85000228881836
73d32f5bb75976e4,0.5061169862747192,-0.2365580052137375,0.004428769461810589,-0.3929387629032135,5,-1.9375,-13.21250057220459,0.8736419677734375,2,-0.05406153202056885,34.76374816894531,2023-06-08 20:21:32,-52.35000228881836
73d32f5bb75976e4,0.6320210099220276,0.11529000103473663,-0.1490510106086731,-0.43692103028297424,5,-0.16250000894069672,-13.725000381469727,0.6208580136299133,0,0.7334958910942078,30.239999771118164,2023-06-08 20:21:33,-52.36249923706055
73d32f5bb75976e4,0.20111700892448425,0.21045000851154327,-0.6430879235267639,-0.9411898851394653,5,6.349999904632568,-13.46250057220459,1.3021059036254883,1,-0.7967203855514526,31.14499855041504,2023-06-08 20:21:33,-51.36249923706055
73d32f5bb75976e4,0.46463698148727417,-0.08967000246047974,-0.41874781250953674,-0.004276053514331579,5,14.112500190734863,-17.662500381469727,0.7965379953384399,2,-0.3075704276561737,39.28624725341797,2023-06-08 20:21:33,-51.04999923706055
73d32f5bb75976e4,-0.04190700128674507,0.05575399845838547,-0.07024945318698883,-0.8772017955780029,5,17.337499618530273,-20.55000114440918,0.9424499869346619,0,-1.0690133571624756,42,2023-06-08 20:21:34,-50.4375
73d32f5bb75976e4,-0.18147499859333038,0.41833797097206116,-0.5619956254959106,0.9995275139808655,5,23.30000114440918,-24.837499618530273,1.0800659656524658,1,0.36911505460739136,44.26124954223633,2023-06-08 20:21:34,-48.20000076293945
73d32f5bb75976e4,-0.05117899924516678,0.2143539935350418,-0.0204639695584774,0.054214250296354294,5,26.524999618530273,-30.762500762939453,0.6838099956512451,2,-0.32849252223968506,43.80875015258789,2023-06-08 20:21:34,-47.837501525878906
73d32f5bb75976e4,-0.22881101071834564,0.5740099549293518,0.07315105944871902,-0.3627009689807892,5,27.75,-34.61249923706055,0.8077619671821594,0,-0.27427828311920166,,2023-06-08 20:21:35,-48.087501525878906
73d32f5bb75976e4,-0.04434699937701225,0.5198419690132141,0.1182023361325264,1.1284199953079224,5,28.287500381469727,-37.5,0.699425995349884,1,0.24984370172023773,46.974998474121094,2023-06-08 20:21:35,-48.17499923706055
73d32f5bb75976e4,-0.07801900058984756,0.7965379953384399,0.12431098520755768,-1.166751742362976,5,24.450000762939453,-37.23749923706055,0.8770579695701599,2,-0.5083922147750854,46.724998474121094,2023-06-08 20:21:35,-50.67499923706055
73d32f5bb75976e4,-0.1331629902124405,0.9395220279693604,0.05497783049941063,-0.7235693335533142,5,23.450000762939453,-36.88750076293945,0.7755540013313293,0,-0.2565632164478302,50.34375,2023-06-08 20:21:36,-51.36249923706055
73d32f5bb75976e4,-0.034098997712135315,0.5740099549293518,0.04428769648075104,0.30314165353775024,5,21.274999618530273,-33.962501525878906,0.967337965965271,1,0.5076286196708679,59.38999938964844,2023-06-08 20:21:36,-52.45000076293945
73d32f5bb75976e4,0.04642099887132645,0.23777800798416138,0.24174973368644714,0.03741546720266342,5,19.912500381469727,-32.82500076293945,0.15433000028133392,2,-0.8541416525840759,68.88749694824219,2023-06-08 20:21:36,-53.13750076293945
73d32f5bb75976e4,-0.4420669972896576,0.7984899878501892,-0.36544984579086304,-0.3068068325519562,5,20.975000381469727,-33.650001525878906,1.4294739961624146,0,-0.869566023349762,69.33999633789062,2023-06-08 20:21:37,-52.525001525878906
73d32f5bb75976e4,-0.03556299954652786,0.3919859826564789,0.191964253783226,0.7985529899597168,5,22.42500114440918,-34.025001525878906,0.4749460220336914,1,0.31520622968673706,78.8375015258789,2023-06-08 20:21:37,-51.36249923706055
73d32f5bb75976e4,0.023973001167178154,0.7838500142097473,0.13545925915241241,-0.18280129134655,5,22.48750114440918,-34.275001525878906,0.7623779773712158,2,-0.3970620930194855,81.09874725341797,2023-06-08 20:21:37,-50.82500076293945
73d32f5bb75976e4,-0.45036301016807556,0.9302500486373901,0.699287474155426,-0.08781181275844574,5,23.887500762939453,-34.67499923706055,1.2518420219421387,0,-0.1948658674955368,82.00374603271484,2023-06-08 20:21:38,-49.875
73d32f5bb75976e4,0.1054690033197403,0.26754599809646606,0.014813470654189587,0.3607156574726105,5,25.837499618530273,-34.73749923706055,0.3114660084247589,1,0.8539889454841614,87.4312515258789,2023-06-08 20:21:38,-48.087501525878906
73d32f5bb75976e4,-0.4845229685306549,0.4622580111026764,-0.4451677203178406,-0.4773908257484436,5,26.4375,-32.91250228881836,1.3806740045547485,2,0.4958694875240326,84.71749877929688,2023-06-08 20:21:38,-47.38750076293945
73d32f5bb75976e4,0.8037970066070557,0.1840979903936386,0.8475748896598816,-0.994640588760376,1,-17.61250114440918,-14.350000381469727,0.5408260226249695,0,0.007024944759905338,27.07499885559082,2023-06-08 20:04:56,-40.51250076293945
73d32f5bb75976e4,0.7701250314712524,-0.01891000010073185,0.4552469849586487,0.0409279391169548,1,-15.15000057220459,-11.125,0.6067059636116028,0,-0.13133592903614044,,2023-06-08 20:04:57,-38.60000228881836
73d32f5bb75976e4,0.6852129697799683,0.019153999164700508,0.3113883137702942,-0.5207622051239014,1,-14.475000381469727,-9.887499809265137,0.7467619776725769,1,-0.6230821013450623,18.48124885559082,2023-06-08 20:04:57,-37.60000228881836
73d32f5bb75976e4,0.5841970443725586,-0.16628599166870117,-1.1097885370254517,0.06307178735733032,1,-11.112500190734863,-9.387499809265137,1.0693299770355225,2,-0.16798780858516693,14.862499237060547,2023-06-08 20:04:57,-37.79999923706055
73d32f5bb75976e4,0.503188967704773,-0.05697400122880936,-0.2124282270669937,0.966235339641571,1,-10.08750057220459,-10,0.755545973777771,3,0.24801109731197357,18.93375015258789,2023-06-08 20:04:57,-38.61249923706055
73d32f5bb75976e4,0.790132999420166,-0.18385399878025055,0.44990190863609314,0.6533198952674866,1,-8.40000057220459,-10.02500057220459,1.098122000694275,0,0.1253799945116043,27.52750015258789,2023-06-08 20:04:58,-39.16250228881836
73d32f5bb75976e4,0.39241302013397217,-0.01744600012898445,0.337808221578598,-0.5279398560523987,1,-8.65000057220459,-10.475000381469727,0.6062179803848267,1,-0.07498364895582199,,2023-06-08 20:04:58,-39.32500076293945
73d32f5bb75976e4,0.7437729835510254,0.07673799991607666,0.0539088174700737,0.4218021333217621,1,-8.25,-12.5,0.7101619839668274,2,-0.4557051360607147,,2023-06-08 20:04:58,-40.875
73d32f5bb75976e4,0.5832210183143616,-0.09503799676895142,0.13041962683200836,0.03711003437638283,1,-9.175000190734863,-13.662500381469727,0.7072340250015259,0,0.03237583488225937,26.622499465942383,2023-06-08 20:04:59,-41.4375
73d32f5bb75976e4,0.7857410311698914,-0.17848600447177887,0.38011062145233154,0.4992292523384094,1,-11.199999809265137,-13.762499809265137,1.0073540210723877,1,0.31459537148475647,25.717498779296875,2023-06-08 20:04:59,-40.13750076293945
73d32f5bb75976e4,0.5329570174217224,-0.1667739897966385,-0.2539670467376709,0.4263836145401001,1,-12.125,-13.574999809265137,0.5603460073471069,2,0.5850557684898376,21.19499969482422,2023-06-08 20:04:59,-39.125
73d32f5bb75976e4,0.9150609970092773,-0.1521340012550354,-0.27916520833969116,0.42302384972572327,1,-12.537500381469727,-14.287500381469727,0.6847860217094421,3,-0.1571449637413025,13.50624942779541,2023-06-08 20:04:59,-38.712501525878906
73d32f5bb75976e4,0.6583729982376099,-0.0735659971833229,0.2530507445335388,-0.41325002908706665,1,-13.324999809265137,-14.83750057220459,0.5906019806861877,0,-0.04046979174017906,,2023-06-08 20:05:00,-38.72500228881836
73d32f5bb75976e4,1.0209569931030273,-0.22874999046325684,0.3266599476337433,-0.0013744457392022014,1,-17.524999618530273,-54.1875,0.5525379776954651,1,0.07971785217523575,8.983749389648438,2023-06-08 20:05:00,-20.087499618530273
73d32f5bb75976e4,0.5690690279006958,-0.279990017414093,0.27840161323547363,-0.6446150541305542,1,-17.337499618530273,-55.38750076293945,1.0288259983062744,0,-0.13133592903614044,5.364999771118164,2023-06-08 20:21:14,-21.3125
73d32f5bb75976e4,0.8199010491371155,-0.2126460075378418,0.07712167501449585,-0.6801979541778564,1,-17.137500762939453,-55.4375,0.6145139932632446,1,-0.37980517745018005,6.269999980926514,2023-06-08 20:21:14,-22.475000381469727
73d32f5bb75976e4,0.49830901622772217,-0.007197999861091375,-0.2643517255783081,0.32299473881721497,1,-17.125,-55.57500076293945,1.0595699548721313,2,-0.5244274139404297,9.434999465942383,2023-06-08 20:21:14,-24.61250114440918
73d32f5bb75976e4,0.7833009958267212,-0.1706780046224594,-0.6267472505569458,0.3805687427520752,1,-18.137500762939453,-55.900001525878906,0.986858069896698,0,0.13912445306777954,11.244999885559082,2023-06-08 20:21:15,-24.8125
73d32f5bb75976e4,0.3904609978199005,-0.18043801188468933,0.22663083672523499,0.02916879393160343,1,-18.875,-56.36249923706055,0.5832819938659668,1,-0.12767073512077332,,2023-06-08 20:21:15,-25.399999618530273
73d32f5bb75976e4,0.7227890491485596,-0.08625400066375732,-0.18524473905563354,0.1821904182434082,1,-20.475000381469727,-56.42499923706055,0.7945860028266907,2,-0.20158538222312927,12.148749351501465,2023-06-08 20:21:15,-27.125
73d32f5bb75976e4,0.3894850015640259,0.06014599651098251,0.41645705699920654,0.14462223649024963,1,-21.975000381469727,-57.16250228881836,0.7916579842567444,0,0.3454440236091614,,2023-06-08 20:21:16,-28.25
73d32f5bb75976e4,0.6754530072212219,-0.1638460010290146,,,1,-22.512500762939453,-57.28750228881836,1.048833966255188,1,,11.69749927520752,2023-06-08 20:21:16,-29.137500762939453
73d32f5bb75976e4,0.2601650059223175,-0.04428600147366524,-0.2370155304670334,-0.07376192510128021,1,-22.4375,-58.650001525878906,0.7267540097236633,2,0.23075416684150696,10.792499542236328,2023-06-08 20:21:16,-31.5625
73d32f5bb75976e4,0.5778530240058899,0.12553799152374268,-0.04520399495959282,-0.46608981490135193,1,-22.587499618530273,-59.712501525878906,1.1669299602508545,3,0.42332929372787476,11.244999885559082,2023-06-08 20:21:16,-33.86249923706055
73d32f5bb75976e4,0.45487701892852783,-0.1277339905500412,0.22586725652217865,-0.41645705699920654,1,-21.92500114440918,-60.712501525878906,0.7365139722824097,0,0.3477347791194916,12.148749351501465,2023-06-08 20:21:17,-34.98749923706055
73d32f5bb75976e4,0.5798050165176392,0.10943399369716644,-0.5532907843589783,0.2965748608112335,1,-20.125,-62.11249923706055,1.2210980653762817,1,0.06612611562013626,11.69749927520752,2023-06-08 20:21:17,-37.54999923706055
73d32f5bb75976e4,0.2899329960346222,0.06014599651098251,0.13423752784729004,-0.047952886670827866,1,-19.23750114440918,-64.1500015258789,0.7701860070228577,2,-0.2182314395904541,17.125,2023-06-08 20:21:17,-37.78750228881836
73d32f5bb75976e4,0.23771700263023376,-0.041846003383398056,0.10247256606817245,-0.13561198115348816,1,-18.887500762939453,-64.80000305175781,0.8531460165977478,0,0.1438586562871933,18.93375015258789,2023-06-08 20:21:18,-37.900001525878906
73d32f5bb75976e4,0.4695170223712921,0.287553995847702,0.3153589367866516,0.055741410702466965,1,-16.30000114440918,-67,0.6789299845695496,1,-0.008704823441803455,13.958749771118164,2023-06-08 20:21:18,-37.86249923706055
73d32f5bb75976e4,0.20404501259326935,-0.13798199594020844,0.23762640357017517,0.33017241954803467,1,-14.625,-68.48750305175781,1.0337059497833252,2,0.17806708812713623,12.601249694824219,2023-06-08 20:21:18,-37.5
73d32f5bb75976e4,0.5778530240058899,0.3592900037765503,0.3594939112663269,1.078329086303711,1,-13.9375,-69.2249984741211,1.1849859952926636,0,0.8258891701698303,,2023-06-08 20:21:19,-37.04999923706055
73d32f5bb75976e4,0.26065298914909363,0.1684820055961609,-0.2893971800804138,0.4508182108402252,1,-11.362500190734863,-70.23750305175781,0.7887300252914429,1,0.7974839806556702,13.053750038146973,2023-06-08 20:21:19,-36.587501525878906
73d32f5bb75976e4,0.7642689943313599,0.4051620066165924,0.7984002828598022,-0.6374374032020569,1,-9.199999809265137,-70.4749984741211,0.6779539585113525,2,-0.11514800786972046,,2023-06-08 20:21:19,-36.76250076293945
73d32f5bb75976e4,0.3577650189399719,0.2475380003452301,0.15378521382808685,-0.8286380767822266,1,-5.0625,-69.5625,0.8873060345649719,0,-0.277332603931427,14.411250114440918,2023-06-08 20:21:20,-38.07500076293945
73d32f5bb75976e4,0.6022530198097229,0.3783220052719116,-0.3756818473339081,-0.2536616027355194,1,-3.450000047683716,-69.1500015258789,0.8838900327682495,1,-0.347582072019577,,2023-06-08 20:21:20,-38.1875
73d32f5bb75976e4,0.07472499459981918,0.17580199241638184,0.03543015569448471,-0.523969292640686,1,-0.3375000059604645,-67.98750305175781,1.2079219818115234,2,-0.24251331388950348,18.48124885559082,2023-06-08 20:21:20,-38.67499923706055
73d32f5bb75976e4,0.34556499123573303,0.32854601740837097,-0.3150535225868225,-0.5123628377914429,1,2.049999952316284,-66.55000305175781,0.8204500079154968,3,-0.06612611562013626,23.908748626708984,2023-06-08 20:21:20,-39.45000076293945
73d32f5bb75976e4,0.14694900810718536,0.05185000225901604,-0.8813251852989197,0.24205516278743744,1,2.5375001430511475,-66.05000305175781,0.8443620204925537,0,-0.12644900381565094,29.78874969482422,2023-06-08 20:21:21,-39.375
73d32f5bb75976e4,0.459757000207901,0.48226600885391235,-0.5444332361221313,-0.05238165333867073,1,0.699999988079071,-66.9375,0.6852740049362183,1,-0.9104939699172974,36.5724983215332,2023-06-08 20:21:21,-36.57500076293945
73d32f5bb75976e4,0.06984499841928482,0.48226600885391235,0.8161153197288513,0.3110828995704651,1,-2.2750000953674316,-67.8125,0.569130003452301,2,-0.11942406743764877,,2023-06-08 20:21:21,-33.88750076293945
73d32f5bb75976e4,0.6725249886512756,0.5071539878845215,,,1,-3.9125001430511475,-68.30000305175781,0.9561139345169067,0,,33.40625,2023-06-08 20:21:22,-32.85000228881836
73d32f5bb75976e4,0.22844499349594116,0.27047398686408997,0.29214608669281006,0.021380268037319183,1,-6.0625,-67.6624984741211,0.7121139764785767,1,-0.5503891706466675,19.837499618530273,2023-06-08 20:21:22,-33.36249923706055
73d32f5bb75976e4,0.2626050114631653,-0.03257400169968605,-0.3173442482948303,-0.19471314549446106,1,-9.77500057220459,-66.4625015258789,2.0780258178710938,2,-0.6731730103492737,17.125,2023-06-08 20:21:22,-34.26250076293945
73d32f5bb75976e4,0.21819700300693512,0.08552199602127075,,,1,-10.975000381469727,-65.45000457763672,0.9922260046005249,0,,16.67249870300293,2023-06-08 20:21:23,-35.11249923706055
73d32f5bb75976e4,0.36752501130104065,0.258762001991272,0.07192932814359665,0.6453786492347717,1,-14.225000381469727,-62.38750076293945,1.2157299518585205,1,-0.7854194045066833,16.219999313354492,2023-06-08 20:21:23,-36.462501525878906
73d32f5bb75976e4,0.19867698848247528,0.15872199833393097,-0.07574722915887833,-0.014508038759231567,1,-19.450000762939453,-58.47500228881836,0.9444020390510559,2,-1.1856884956359863,,2023-06-08 20:21:23,-35.67499923706055
73d32f5bb75976e4,0.27919700741767883,0.26949799060821533,-0.2503018379211426,0.49189886450767517,1,-26.462499618530273,-52.712501525878906,1.293321967124939,0,-0.24801109731197357,32.502498626708984,2023-06-08 20:21:24,-32.375
73d32f5bb75976e4,0.6295810341835022,-0.1584780067205429,-0.1360701322555542,0.009010255336761475,1,-29.887500762939453,-49.38750076293945,1.1020259857177734,1,-1.0398445129394531,50.34375,2023-06-08 20:21:24,-30.462499618530273
73d32f5bb75976e4,0.5236850380897522,0.2324099987745285,-0.11117739230394363,0.09896009415388107,1,-36.13750076293945,-41.60000228881836,0.8580260276794434,2,-0.826958179473877,67.98249816894531,2023-06-08 20:21:24,-26.23750114440918
73d32f5bb75976e4,0.5558930039405823,-0.1760459989309311,-0.2735147178173065,0.46135562658309937,1,-40.3125,-33.23749923706055,0.7082099914550781,0,-0.4630354940891266,82.00374603271484,2023-06-08 20:21:25,-22.225000381469727
73d32f5bb75976e4,0.4987969994544983,0.0538019984960556,-0.521831214427948,-0.13698641955852509,1,-41.60000228881836,-29.5,0.7677460312843323,1,-0.5369501113891602,81.5512466430664,2023-06-08 20:21:25,-20.012500762939453
73d32f5bb75976e4,0.6554449796676636,-0.22386999428272247,-0.841160774230957,0.15347976982593536,1,-41.45000076293945,-21.700000762939453,0.6686819791793823,2,-0.9466876983642578,75.67124938964844,2023-06-08 20:21:25,-18.350000381469727
73d32f5bb75976e4,0.4778129756450653,-0.08283799886703491,-0.17394374310970306,-0.1792888194322586,1,-37.13750076293945,-12.862500190734863,0.9795380234718323,0,-1.091004490852356,61.651248931884766,2023-06-08 20:21:26,-19.287500381469727
73d32f5bb75976e4,0.50416499376297,-0.23167799413204193,-1.2997674942016602,0.4021017551422119,1,-34.087501525878906,-9.199999809265137,0.8980420231819153,1,-0.9279035925865173,59.38999938964844,2023-06-08 20:21:26,-20.73750114440918
73d32f5bb75976e4,0.4412129819393158,-0.021838000044226646,-0.6455313563346863,0.235793799161911,1,-26.575000762939453,-3.674999952316284,0.5540019869804382,2,-0.8978185057640076,46.724998474121094,2023-06-08 20:21:26,-26.25
73d32f5bb75976e4,0.6866769790649414,-0.254613995552063,-0.07406735420227051,0.19822561740875244,1,-22.837499618530273,-1.8625000715255737,0.8111780285835266,0,-0.323452889919281,31.14499855041504,2023-06-08 20:21:27,-29.92500114440918
73d32f5bb75976e4,0.5475969910621643,-0.1282220035791397,-0.5241219997406006,0.05849030241370201,1,-19.4375,-0.48750001192092896,0.6681939959526062,1,-0.31031930446624756,28.88374900817871,2023-06-08 20:21:27,-33.20000076293945
73d32f5bb75976e4,0.585660994052887,-0.07454200088977814,-0.2935205399990082,-0.5899426341056824,1,-13.725000381469727,-0.762499988079071,0.7516419887542725,2,-0.31642794609069824,20.28999900817871,2023-06-08 20:21:27,-39.9375
73d32f5bb75976e4,0.5344210267066956,0.1962980031967163,0.18127411603927612,0.23747368156909943,1,-9.125,-4.025000095367432,0.723825991153717,0,-0.374765545129776,20.28999900817871,2023-06-08 20:21:28,-46.35000228881836
73d32f5bb75976e4,0.5719969868659973,-0.003782000159844756,0.4079049527645111,-0.13240493834018707,1,-33.587501525878906,-32.91250228881836,0.6457460522651672,0,0.4098902642726898,468.7487487792969,2023-06-08 20:39:20,-24.075000762939453
73d32f5bb75976e4,0.6242129802703857,-0.05404600128531456,0.11713331937789917,0.16310089826583862,1,-32.73749923706055,-33.13750076293945,0.6730740070343018,1,-0.06154462695121765,478.69873046875,2023-06-08 20:39:20,-25.25
73d32f5bb75976e4,0.530517041683197,0.10797000676393509,0.5019781589508057,1.0992511510849,1,-31.950000762939453,-33.17499923706055,1.0693299770355225,2,0.06047561392188072,416.28375244140625,2023-06-08 20:39:20,-26.262500762939453
73d32f5bb75976e4,0.3748449981212616,0.07332199811935425,0.39675667881965637,-0.45448338985443115,1,-32.29999923706055,-32.28750228881836,0.7760419845581055,0,-0.1545487940311432,310.4499816894531,2023-06-08 20:39:21,-25.4375
73d32f5bb75976e4,0.7618290185928345,-0.167262002825737,0.1496618688106537,-0.38667741417884827,1,-31.912500381469727,-32.087501525878906,0.5813300013542175,1,0.18723005056381226,225.37750244140625,2023-06-08 20:39:21,-25.662500381469727
73d32f5bb75976e4,0.43730902671813965,-0.1126059964299202,-0.06551524996757507,-0.1562286615371704,1,-31.200000762939453,-32.587501525878906,0.6838099956512451,0,-0.46608981490135193,213.16624450683594,2023-06-08 20:39:22,-25.662500381469727
73d32f5bb75976e4,0.6695969700813293,0.20556999742984772,0.2955058515071869,-0.4786125421524048,1,-30.48750114440918,-31.912500381469727,0.9790500402450562,1,0.21868959069252014,199.5974884033203,2023-06-08 20:39:22,-25.725000381469727
73d32f5bb75976e4,0.45243701338768005,-0.11846199631690979,,,1,-29.587499618530273,-32.28750228881836,0.8853539824485779,2,,167.48500061035156,2023-06-08 20:39:22,-26.149999618530273
73d32f5bb75976e4,0.7154690027236938,-0.11358200013637543,0.2657261788845062,0.16875138878822327,1,-27.274999618530273,-33.73749923706055,1.173274040222168,0,0.6398808360099792,130.84999084472656,2023-06-08 20:39:23,-27.274999618530273
73d32f5bb75976e4,0.3636209964752197,-0.13603000342845917,0.2519817352294922,-0.05283980444073677,1,-9.02500057220459,-1.4250000715255737,0.7960500121116638,1,0.09758564829826355,0.8424999713897705,2023-06-08 20:39:23,-31.399999618530273
73d32f5bb75976e4,0.6081089973449707,0.018665999174118042,-0.24342961609363556,-0.05955931544303894,1,-9.375,-1.337499976158142,0.8282579779624939,0,-0.1207985132932663,,2023-06-08 20:40:34,-31.100000381469727
73d32f5bb75976e4,0.651540994644165,0.08454599976539612,-0.6557633280754089,-0.12018764764070511,1,-8.887499809265137,-1.837499976158142,0.814594030380249,1,-0.20463970303535461,8.53125,2023-06-08 20:40:34,-32.125
73d32f5bb75976e4,0.6852129697799683,0.17921799421310425,0.42959064245224,-0.2551887631416321,1,-8.350000381469727,-2.125,0.7062579989433289,0,0.17165300250053406,9.887499809265137,2023-06-08 20:40:35,-32.712501525878906
73d32f5bb75976e4,0.6632530093193054,0.057218004018068314,0.5965094566345215,-0.03634645417332649,1,-7.9375,-2.075000047683716,0.8175219297409058,1,0.17547090351581573,8.078749656677246,2023-06-08 20:40:35,-32.875
73d32f5bb75976e4,0.553941011428833,0.032329998910427094,,,1,,,1.0132100582122803,2,,5.364999771118164,2023-06-08 20:40:35,
73d32f5bb75976e4,0.6686210036277771,0.17629000544548035,-0.3549124300479889,-0.21838416159152985,2,-11.425000190734863,-42.47500228881836,0.7745779752731323,0,0.04627300798892975,453.82373046875,2023-06-08 20:23:39,-28.037500381469727
73d32f5bb75976e4,0.6232370138168335,0.12846601009368896,0.12935061752796173,-0.20173808932304382,2,-11.125,-42.962501525878906,0.7516419887542725,1,-0.12018764764070511,417.6412353515625,2023-06-08 20:23:39,-28.137500762939453
73d32f5bb75976e4,0.6578850150108337,0.27291399240493774,0.16081015765666962,-0.0038179049734026194,2,-10.875,-43.462501525878906,0.8897460103034973,2,0.11545344442129135,457.4412536621094,2023-06-08 20:23:39,-28.17500114440918
73d32f5bb75976e4,0.5378369688987732,0.22411400079727173,0.38179048895835876,0.08949168771505356,2,-10.40000057220459,-44.10000228881836,0.6969860196113586,3,0.05864302068948746,463.77374267578125,2023-06-08 20:23:39,-28.600000381469727
73d32f5bb75976e4,0.5007489919662476,0.2416819930076599,-0.6736311316490173,-0.4604393243789673,2,-10.387499809265137,-44.16250228881836,0.829721987247467,0,0.2525925934314728,393.66998291015625,2023-06-08 20:23:40,-30
73d32f5bb75976e4,0.6042050123214722,0.20996199548244476,-1.3379465341567993,-0.4445568323135376,2,-10.237500190734863,-44.91250228881836,0.9912500381469727,1,0.7629700899124146,347.0849914550781,2023-06-08 20:23:40,-31.0625
73d32f5bb75976e4,0.6290929913520813,0.17336200177669525,-0.664926290512085,1.036637544631958,2,-9.074999809265137,-48.212501525878906,0.8502179980278015,2,-2.444528102874756,552.8737182617188,2023-06-08 20:23:40,-32.01250076293945
73d32f5bb75976e4,0.5934690237045288,0.47250598669052124,0.2234237939119339,0.716086208820343,2,-12.52500057220459,-49.38750076293945,0.9922260046005249,0,-1.6203187704086304,528.4500122070312,2023-06-08 20:23:41,-30.6875
73d32f5bb75976e4,0.6227489709854126,0.168969988822937,-0.1637117564678192,-0.5933024287223816,2,-15.162500381469727,-48.32500076293945,0.5432659983634949,1,-1.1624757051467896,510.3587341308594,2023-06-08 20:23:41,-29.787500381469727
73d32f5bb75976e4,0.6998530030250549,-0.8314300179481506,-1.6919426918029785,-0.07880155742168427,2,-19.98750114440918,-45.32500076293945,0.20703399181365967,2,-1.1181880235671997,496.3387451171875,2023-06-08 20:23:41,-28.212499618530273
73d32f5bb75976e4,0.42510899901390076,-0.1614059954881668,-0.030695954337716103,0.11743875592947006,2,-26.887500762939453,-39.36249923706055,0.5300899744033813,0,-0.37690356373786926,443.4212341308594,2023-06-08 20:23:42,-27.36250114440918
73d32f5bb75976e4,0.48171699047088623,-0.2965819835662842,-0.2864955961704254,0.7082977294921875,2,-31.48750114440918,-34.900001525878906,0.8912099599838257,1,-0.164322629570961,351.1549987792969,2023-06-08 20:23:42,-27.274999618530273
73d32f5bb75976e4,0.37289300560951233,-0.49812600016593933,-0.05283980444073677,0.1818849891424179,2,-37.92499923706055,-27.575000762939453,1.181082010269165,2,-0.2809978127479553,290.09625244140625,2023-06-08 20:23:42,-26.67500114440918
73d32f5bb75976e4,0.5495490431785583,-0.11358200013637543,0.48792824149131775,0.9414953589439392,2,-43.5,-26.162500381469727,0.9629459977149963,0,0.8504765033721924,99.64249420166016,2023-06-08 20:23:43,-24.075000762939453
73d32f5bb75976e4,0.6798450350761414,-0.13261400163173676,-0.4644099473953247,0.006414080038666725,2,-46.36249923706055,-26.787500381469727,0.5793780088424683,1,-0.31261005997657776,67.52999877929688,2023-06-08 20:23:43,-21.700000762939453
73d32f5bb75976e4,0.8242930173873901,-0.033549997955560684,0.27000224590301514,0.1715002804994583,2,1.287500023841858,-9.925000190734863,0.3651460111141205,2,0.10247256606817245,546.9937133789062,2023-06-08 20:23:43,-69.0999984741211
73d32f5bb75976e4,0.42852503061294556,-0.005733999889343977,-0.39400777220726013,0.7793107628822327,2,-0.1875,-9.350000381469727,1.0742100477218628,0,0.07483093440532684,608.5050048828125,2023-06-08 20:37:35,-67.3125
73d32f5bb75976e4,0.2782209813594818,0.07917799800634384,0.16478078067302704,0.0334448479115963,2,-6.237500190734863,-9.75,0.7574979662895203,0,0.12461641430854797,493.1724853515625,2023-06-08 20:37:36,-63.462501525878906
73d32f5bb75976e4,0.6329969763755798,0.015738001093268394,0.7716749310493469,0.052076224237680435,2,-9.925000190734863,-9.262499809265137,0.8653460741043091,1,0.9666935205459595,936.4112548828125,2023-06-08 20:37:36,-59.837501525878906
73d32f5bb75976e4,0.5153890252113342,-0.06624600291252136,,,2,-10.762499809265137,-9.137499809265137,0.6364740133285522,2,,1139.4862060546875,2023-06-08 20:37:36,-58.587501525878906
73d32f5bb75976e4,0.7218129634857178,0.03672200068831444,0.18173226714134216,-0.04993819445371628,5,-23.274999618530273,-22.5625,0.7448099851608276,0,0.08918625861406326,119.9949951171875,2023-06-08 20:22:18,-28.625
73d32f5bb75976e4,0.4334050118923187,0.12700200080871582,0.013286309316754341,-0.0766635313630104,5,-23.23750114440918,-21.137500762939453,0.9478180408477783,0,0.1568395346403122,228.99624633789062,2023-06-08 20:22:19,-29.80000114440918
73d32f5bb75976e4,0.493429034948349,0.00939400028437376,0.33658650517463684,-0.23747368156909943,5,-22.887500762939453,-19.450000762939453,1.0624979734420776,1,0.42531460523605347,230.80499267578125,2023-06-08 20:22:19,-30.450000762939453
73d32f5bb75976e4,0.39534100890159607,-0.0340379998087883,0.05971203371882439,0.01908952370285988,5,-23.11250114440918,-18.86250114440918,0.9068260192871094,2,0.6429351568222046,130.84999084472656,2023-06-08 20:22:19,-30.575000762939453
73d32f5bb75976e4,0.4031490087509155,-0.26193398237228394,-0.16004657745361328,-0.47433650493621826,5,-23.899999618530273,-17.61250114440918,0.9897859692573547,0,0.04780016839504242,116.82999420166016,2023-06-08 20:22:20,-31.537500381469727
73d32f5bb75976e4,0.36118099093437195,-0.049653999507427216,0.1766926348209381,0.44150251150131226,5,-25.149999618530273,-16.337499618530273,0.8233780264854431,1,0.37064221501350403,186.4812469482422,2023-06-08 20:22:20,-32.63750076293945
73d32f5bb75976e4,0.28017300367355347,0.14603400230407715,0.26129740476608276,0.2585485279560089,5,-26.55000114440918,-16.30000114440918,0.9717299938201904,2,-0.1747073233127594,175.62625122070312,2023-06-08 20:22:20,-32.29999923706055
73d32f5bb75976e4,0.3484930098056793,0.04306600242853165,0.27458372712135315,-0.13255766034126282,5,-29.162500381469727,-16.962499618530273,0.9029219746589661,0,-0.1207985132932663,243.05874633789062,2023-06-08 20:22:21,-31.075000762939453
73d32f5bb75976e4,0.18794099986553192,-0.0462380014359951,0.13240493834018707,0.25610506534576416,5,-30.350000381469727,-18.787500381469727,0.8028820157051086,1,0.4378373324871063,248.4862518310547,2023-06-08 20:22:21,-30.17500114440918
73d32f5bb75976e4,0.28602898120880127,-0.01256600022315979,0.03222311660647392,0.024740023538470268,5,-30.875,-20.25,1.0664019584655762,2,0.13255766034126282,234.0137481689453,2023-06-08 20:22:21,-29.30000114440918
73d32f5bb75976e4,0.3968050181865692,-0.002317999955266714,-0.007024944759905338,-0.20922118425369263,5,-30.825000762939453,-23.5,0.9346420764923096,0,0.09086613357067108,216.33248901367188,2023-06-08 20:22:22,-27.337499618530273
73d32f5bb75976e4,0.39485299587249756,-0.03306199982762337,0.11178825795650482,-0.09636391699314117,5,-29.75,-25.024999618530273,0.9483060240745544,1,-0.39996370673179626,181.958740234375,2023-06-08 20:22:22,-27.11250114440918
73d32f5bb75976e4,0.43730902671813965,0.002073999959975481,-0.522442102432251,0.9935715794563293,5,-27.774999618530273,-26.475000381469727,1.2123140096664429,2,-0.27855435013771057,178.79249572753906,2023-06-08 20:22:22,-25.75
73d32f5bb75976e4,0.5495490431785583,-0.07795799523591995,-0.3156643807888031,0.1776089370250702,5,-26.462499618530273,-25.86250114440918,1.035170078277588,3,0.23105959594249725,162.50999450683594,2023-06-08 20:22:22,-22.5
73d32f5bb75976e4,0.5588210225105286,-0.06575799733400345,-0.03894263133406639,0.5122101306915283,5,-24.98750114440918,-24.17500114440918,0.5803539752960205,0,-0.09407317638397217,137.63499450683594,2023-06-08 20:22:23,-18.73750114440918
73d32f5bb75976e4,0.7203489542007446,0.0386740006506443,-0.8240565657615662,0.35537058115005493,5,-24.23750114440918,-22.86250114440918,0.8184980154037476,1,-0.030695954337716103,148.03749084472656,2023-06-08 20:22:23,-16.625
73d32f5bb75976e4,0.7154690027236938,-0.05550999939441681,-0.18203771114349365,0.17745621502399445,5,-23.100000381469727,-20.86250114440918,0.6315940022468567,2,0.020769402384757996,145.32374572753906,2023-06-08 20:22:23,-12.162500381469727
73d32f5bb75976e4,0.8511329889297485,0.07088200002908707,-0.30634868144989014,0.23915356397628784,5,-21.75,-20.6875,0.5242339968681335,0,-0.2574795186519623,138.99124145507812,2023-06-08 20:22:24,-9.512499809265137
73d32f5bb75976e4,0.8721170425415039,0.04550600051879883,-0.11698060482740402,0.10705405473709106,5,-21,-20.512500762939453,0.5105699896812439,1,-0.07620538026094437,,2023-06-08 20:22:24,-8.612500190734863
73d32f5bb75976e4,0.9155490398406982,0.09479400515556335,0.09162971377372742,0.02871064469218254,5,-19.575000762939453,-20,0.3505060076713562,2,0.07009673118591309,,2023-06-08 20:22:24,-7.775000095367432
73d32f5bb75976e4,0.8745569586753845,0.05624200031161308,0.06856957077980042,-0.07498364895582199,5,-18.637500762939453,-19.67500114440918,0.4773860275745392,0,-0.1288924664258957,188.2899932861328,2023-06-08 20:22:25,-7.825000286102295
73d32f5bb75976e4,0.8618689775466919,0.05185000225901604,0.6268999576568604,-0.47723811864852905,5,-18.0625,-19.225000381469727,0.4564020037651062,1,-0.34636032581329346,199.5974884033203,2023-06-08 20:22:25,-8.237500190734863
73d32f5bb75976e4,0.8833409547805786,-0.03550200164318085,0.39889469742774963,-0.061391908675432205,5,-16.950000762939453,-18,0.5510740280151367,2,-0.09926552325487137,185.5762481689453,2023-06-08 20:22:25,-9.037500381469727
73d32f5bb75976e4,0.8467410206794739,-0.04770199954509735,-0.13301581144332886,0.08017600327730179,5,-15.96250057220459,-17.1875,0.4983699917793274,0,0.0435241162776947,157.9875030517578,2023-06-08 20:22:26,-9.762499809265137
73d32f5bb75976e4,0.797452986240387,-0.12236599624156952,,,5,-15.550000190734863,-16.899999618530273,0.5671780109405518,1,,148.48875427246094,2023-06-08 20:22:26,-10.262499809265137
73d32f5bb75976e4,0.823805034160614,-0.020374000072479248,0.04474584385752678,-0.08063415437936783,5,-14.875,-16.287500381469727,0.553026020526886,2,0.056810423731803894,134.92124938964844,2023-06-08 20:22:26,-11.199999809265137
73d32f5bb75976e4,0.790132999420166,-0.010614000260829926,0.0030543238390237093,-0.13255766034126282,5,-14.387499809265137,-16.25,0.6872259974479675,0,-0.11911863088607788,126.77999877929688,2023-06-08 20:22:27,-11.949999809265137
73d32f5bb75976e4,0.8194130659103394,-0.05697400122880936,0.08888082206249237,0.03711003437638283,5,-14.27500057220459,-16.48750114440918,0.53643399477005,1,0.1802051067352295,124.51874542236328,2023-06-08 20:22:27,-12.449999809265137
73d32f5bb75976e4,0.7852529883384705,-0.06819799542427063,0.06200277432799339,-0.04810560122132301,5,-14.25,-16.725000381469727,0.608657956123352,2,0.060781046748161316,120.89999389648438,2023-06-08 20:22:27,-12.925000190734863
73d32f5bb75976e4,0.8077009916305542,-0.020862000063061714,0.04306596517562866,-0.04841103404760361,5,-14.02500057220459,-16.9375,0.5896260142326355,3,0.028863361105322838,113.66374969482422,2023-06-08 20:22:27,-13.287500381469727
73d32f5bb75976e4,0.780860960483551,-0.10284599661827087,0.03909534588456154,-0.035735588520765305,5,-13.574999809265137,-17.25,0.5744979977607727,0,0.013897174037992954,233.56124877929688,2023-06-08 20:22:28,-13.137499809265137
73d32f5bb75976e4,0.7998929619789124,-0.03159800171852112,-0.12782345712184906,0.06856957077980042,5,-13.362500190734863,-17.462499618530273,0.6935700178146362,1,-0.016035201027989388,268.8399963378906,2023-06-08 20:22:28,-13.037500381469727
73d32f5bb75976e4,0.7715889811515808,-0.05990200117230415,-0.22647811472415924,0.1945604383945465,5,-12.850000381469727,-17.637500762939453,0.6442819833755493,2,-0.2608392536640167,256.62750244140625,2023-06-08 20:22:28,-12.975000381469727
73d32f5bb75976e4,0.7998929619789124,0.04306600242853165,-0.002443459117785096,-0.017104214057326317,5,-12.27500057220459,-17.73750114440918,0.6716099977493286,0,-0.056810423731803894,198.69248962402344,2023-06-08 20:22:29,-12.787500381469727
73d32f5bb75976e4,0.838932991027832,-0.010614000260829926,0.12385283410549164,-0.09376774728298187,5,-12.27500057220459,-18.0625,0.5320420265197754,1,0.1948658674955368,166.5812530517578,2023-06-08 20:22:29,-13.012499809265137
73d32f5bb75976e4,0.7867169976234436,-0.07893399894237518,0.08872810751199722,0.00045814859913662076,5,-12.625,-18.0625,0.5920659899711609,0,-0.08491020649671555,126.77999877929688,2023-06-08 20:22:30,-13.175000190734863
73d32f5bb75976e4,0.7930610179901123,-0.024277999997138977,-0.01908952370285988,0.22617268562316895,5,-13.15000057220459,-18.287500381469727,0.5813300013542175,1,0.16707152128219604,108.23624420166016,2023-06-08 20:22:30,-12.675000190734863
73d32f5bb75976e4,0.7725650072097778,-0.10870199650526047,0.12996147572994232,0.11743875592947006,5,-13.375,-18.55000114440918,0.5930420160293579,2,-0.06337722390890121,100.09500122070312,2023-06-08 20:22:30,-12.362500190734863
73d32f5bb75976e4,0.8081889748573303,-0.08381400257349014,0.29764387011528015,-0.01740964688360691,5,-13.287500381469727,-18.774999618530273,0.5535140037536621,3,-0.07330377399921417,82.45624542236328,2023-06-08 20:22:30,-11.412500381469727
73d32f5bb75976e4,0.8125810027122498,-0.24680599570274353,-0.10338886082172394,0.3124573230743408,5,-13.112500190734863,-18.912500381469727,0.6437940001487732,0,0.21975859999656677,79.74250030517578,2023-06-08 20:22:31,-10.725000381469727
73d32f5bb75976e4,0.8252689838409424,-0.12382999807596207,-0.08750637620687485,0.011759147047996521,5,-12.725000381469727,-19.75,0.48519399762153625,1,0.052687086164951324,74.76750183105469,2023-06-08 20:22:31,-9.574999809265137
73d32f5bb75976e4,0.8530849814414978,-0.19312599301338196,-0.036193739622831345,-0.05238165333867073,5,-12.324999809265137,-20.55000114440918,0.5169140100479126,2,0.03695731982588768,74.31499481201172,2023-06-08 20:22:31,-9.21250057220459
73d32f5bb75976e4,0.8325890302658081,-0.11943800002336502,-0.08414662629365921,0.047494735568761826,5,-12.262499809265137,-20.86250114440918,0.40906599164009094,0,-0.0032070400193333626,,2023-06-08 20:22:32,-9.237500190734863
73d32f5bb75976e4,0.8716290593147278,-0.1218779981136322,-0.018631376326084137,0.1279761642217636,5,-12.362500190734863,-21,0.45103397965431213,1,-0.08521563559770584,,2023-06-08 20:22:32,-9.375
73d32f5bb75976e4,0.8408850431442261,-0.06478200107812881,0.07651081681251526,-0.018173227086663246,5,-12.637499809265137,-20.92500114440918,0.4290739893913269,2,0.03497200831770897,,2023-06-08 20:22:32,-9.762499809265137
73d32f5bb75976e4,0.8579650521278381,-0.09796600043773651,0.04627300798892975,-0.005955931730568409,5,-13.21250057220459,-20.412500381469727,0.48177802562713623,0,0.04917461425065994,,2023-06-08 20:22:33,-9.737500190734863
73d32f5bb75976e4,0.878948986530304,-0.14432600140571594,0.04520399495959282,-0.04413498193025589,5,-13.58750057220459,-20.274999618530273,0.527649998664856,1,0.06887500733137131,,2023-06-08 20:22:33,-9.58750057220459
73d32f5bb75976e4,0.8911489844322205,-0.09211000055074692,0.04214967042207718,-0.06826414167881012,5,-14.362500190734863,-20.3125,0.49690601229667664,2,-0.01588248461484909,,2023-06-08 20:22:33,-9.5
73d32f5bb75976e4,0.8848050236701965,-0.05160599946975708,0.07910698652267456,0.05283980444073677,5,-15.287500381469727,-20.3125,0.5779139995574951,0,-0.04001164436340332,,2023-06-08 20:22:34,-9.33750057220459
73d32f5bb75976e4,0.8223409652709961,-0.055998001247644424,0.043829549103975296,0.035124726593494415,5,-15.77500057220459,-20.450000762939453,0.6545300483703613,1,-0.027030766010284424,,2023-06-08 20:22:34,-9.08750057220459
73d32f5bb75976e4,0.838932991027832,-0.1516459882259369,0.08414662629365921,0.05833758786320686,5,-16.712499618530273,-21.524999618530273,0.5003219842910767,2,0.13209950923919678,,2023-06-08 20:22:34,-8.52500057220459
73d32f5bb75976e4,0.8296610116958618,-0.11992600560188293,-0.2153298407793045,-0.6310232877731323,5,-17.212499618530273,-23.1875,0.5076420307159424,0,0.26022839546203613,150.75125122070312,2023-06-08 20:22:35,-8.637499809265137
73d32f5bb75976e4,0.8647969961166382,-0.1789740025997162,0.31810784339904785,-0.4292852282524109,5,-17.149999618530273,-24.30000114440918,0.5500980019569397,1,-0.17104214429855347,167.03250122070312,2023-06-08 20:22:35,-8.96250057220459
73d32f5bb75976e4,0.7384049892425537,-0.09015800058841705,-0.10323614627122879,-0.40088000893592834,5,,,0.6418420076370239,2,0.19104796648025513,,2023-06-08 20:22:35,
73d32f5bb75976e4,0.5929810404777527,0.1933699995279312,-0.5519163012504578,-1.0569487810134888,1,7.5625,-35.85000228881836,0.8077619671821594,0,-1.1194096803665161,239.89373779296875,2023-06-08 20:21:49,-40.47500228881836
73d32f5bb75976e4,0.6544690132141113,0.123586006462574,-0.6331613659858704,-0.9227112531661987,1,9.75,-37.79999923706055,0.863394021987915,1,-0.901789128780365,194.1699981689453,2023-06-08 20:21:49,-39.625
73d32f5bb75976e4,0.5129489898681641,0.30316999554634094,0.4663952589035034,0.3303251266479492,1,13.9375,-41.28750228881836,0.7189459800720215,0,0.86544269323349,369.2462463378906,2023-06-08 20:21:50,-33.875
73d32f5bb75976e4,0.3358049988746643,0.012809999287128448,0.4260781705379486,0.4657844007015228,1,15.02500057220459,-41.462501525878906,0.9156100153923035,1,0.39889469742774963,428.0437316894531,2023-06-08 20:21:50,-31.73750114440918
73d32f5bb75976e4,0.2113649845123291,0.07283399999141693,-0.32681265473365784,-0.37064221501350403,1,15.3125,-41.25,1.2757539749145508,2,0.2591593861579895,348.4412536621094,2023-06-08 20:21:50,-31.587499618530273
73d32f5bb75976e4,0.3265329897403717,0.05917000025510788,-0.9364557266235352,-0.07864884287118912,1,17.387500762939453,-43.837501525878906,0.764818012714386,0,-0.5494728684425354,501.7662353515625,2023-06-08 20:21:51,-30.512500762939453
73d32f5bb75976e4,0.043981000781059265,0.2563219964504242,,,1,17.17500114440918,-45.20000076293945,0.6828340291976929,1,,587.2474975585938,2023-06-08 20:21:51,-30.262500762939453
73d32f5bb75976e4,0.46073296666145325,0.007441999856382608,0.7699950337409973,0.5514581799507141,1,15.5,-46.86249923706055,0.8687619566917419,2,0.6800451874732971,477.79498291015625,2023-06-08 20:21:51,-32.72500228881836
73d32f5bb75976e4,0.26406899094581604,0.03135399892926216,0.08323032408952713,0.34086254239082336,1,14.625,-47.212501525878906,0.7277299761772156,3,0.6365211009979248,456.0849914550781,2023-06-08 20:21:51,-35.025001525878906
73d32f5bb75976e4,0.3777729868888855,0.12748999893665314,-0.20509785413742065,-0.15867212414741516,1,14.612500190734863,-48.32500076293945,0.74822598695755,0,-0.250149130821228,553.7787475585938,2023-06-08 20:21:52,-36.375
73d32f5bb75976e4,0.1840369999408722,0.4139459729194641,0.13683371245861053,-0.15286891162395477,1,14.412500381469727,-48.51250076293945,0.7916579842567444,1,0.10735948383808136,589.9612426757812,2023-06-08 20:21:52,-36.337501525878906
73d32f5bb75976e4,0.4412129819393158,-0.028181998059153557,1.193018913269043,0.9964731931686401,1,14.71250057220459,-46.10000228881836,0.8497300148010254,2,0.988990068435669,639.7124633789062,2023-06-08 20:21:52,-35.8125
73d32f5bb75976e4,0.16500499844551086,0.028425998985767365,-0.1340848207473755,-0.04199695214629173,1,12.65000057220459,-40.35000228881836,1.1171540021896362,0,-0.3107774555683136,586.3424682617188,2023-06-08 20:21:53,-36.212501525878906
73d32f5bb75976e4,0.642756998538971,0.2114259898662567,-0.12415826320648193,-0.6304124593734741,1,10.362500190734863,-37.337501525878906,0.862417995929718,1,-0.8558215498924255,602.1724853515625,2023-06-08 20:21:53,-35.63750076293945
73d32f5bb75976e4,0.35874101519584656,0.15774600207805634,-0.40637779235839844,-0.29596397280693054,1,9.27500057220459,-36.1875,0.44273802638053894,2,-0.1337793916463852,656.4462280273438,2023-06-08 20:21:53,-35.48749923706055
73d32f5bb75976e4,0.7745169997215271,0.07625000178813934,-0.34636032581329346,-0.8762855529785156,1,5.474999904632568,-32.36249923706055,1.0502979755401611,0,0.23686282336711884,515.7862548828125,2023-06-08 20:21:54,-35.73749923706055
73d32f5bb75976e4,0.22893300652503967,0.044530000537633896,-0.3468184769153595,0.2759581506252289,1,3.9000000953674316,-31.25,0.6720980405807495,1,-0.3116937577724457,579.5587158203125,2023-06-08 20:21:54,-35.712501525878906
73d32f5bb75976e4,0.742309033870697,0.11821800470352173,-0.09941824525594711,-0.23487751185894012,1,3.2250001430511475,-31.30000114440918,0.848266065120697,2,-0.8335250020027161,618.907470703125,2023-06-08 20:21:54,-35.625
73d32f5bb75976e4,0.25528499484062195,0.26071399450302124,-0.3251327872276306,0.4021017551422119,1,2.112499952316284,-31.262500762939453,1.0854339599609375,3,0.5351175665855408,537.4962158203125,2023-06-08 20:21:54,-35.625
73d32f5bb75976e4,0.6798450350761414,-0.11504600197076797,-0.653167188167572,-0.37919431924819946,1,0.07500000298023224,-29.6875,0.9190260171890259,0,0.2704603672027588,466.48748779296875,2023-06-08 20:21:55,-35.95000076293945
73d32f5bb75976e4,0.33726900815963745,0.1172420009970665,-0.37751442193984985,0.07620538026094437,1,-0.21250000596046448,-29.087499618530273,0.6184179782867432,1,0.13194678723812103,460.1549987792969,2023-06-08 20:21:55,-36.150001525878906
73d32f5bb75976e4,0.6056689620018005,-0.20435000956058502,-0.27427828311920166,-0.669965922832489,1,0.4749999940395355,-30.149999618530273,0.8126420378684998,2,-0.6947059631347656,468.7487487792969,2023-06-08 20:21:55,-36.9375
73d32f5bb75976e4,0.17769300937652588,0.5544899702072144,0.04413498193025589,0.6574432253837585,1,1.3000000715255737,-30.86250114440918,0.6794180274009705,0,1.0923789739608765,480.0562438964844,2023-06-08 20:21:56,-37.375
73d32f5bb75976e4,0.7881810069084167,0.025985999032855034,-0.37461283802986145,0.18005239963531494,1,1.3250000476837158,-30.950000762939453,1.1615619659423828,1,0.7713695168495178,440.2550048828125,2023-06-08 20:21:56,-37.60000228881836
73d32f5bb75976e4,0.23088498413562775,-0.1823900043964386,-1.4605777263641357,-0.6881392002105713,1,1.8000000715255737,-33.5625,0.6960099935531616,2,0.05696314200758934,359.7487487792969,2023-06-08 20:21:56,-37.95000076293945
73d32f5bb75976e4,0.7115649580955505,0.49690601229667664,0.4595230221748352,-0.5583304166793823,1,2.112499952316284,-36.07500076293945,0.6789299845695496,0,-0.41218101978302,347.0849914550781,2023-06-08 20:21:57,-37.85000228881836
73d32f5bb75976e4,0.24894098937511444,0.2807220220565796,-0.25793763995170593,0.2683223485946655,1,2.75,-37.150001525878906,0.6628260016441345,1,-0.02153298258781433,371.5074768066406,2023-06-08 20:21:57,-37.400001525878906
73d32f5bb75976e4,0.4953809678554535,0.5330179929733276,0.3065013885498047,0.09178243577480316,1,3.6875,-39.26250076293945,1.1600980758666992,2,0.4153880476951599,435.73248291015625,2023-06-08 20:21:57,-36.5
73d32f5bb75976e4,0.10693300515413284,0.12309800833463669,0.18142683804035187,-0.1262962967157364,1,6.224999904632568,-41.23749923706055,0.7038179636001587,0,-0.7383828163146973,475.9849853515625,2023-06-08 20:21:58,-35.22500228881836
73d32f5bb75976e4,-0.016042999923229218,0.5613219738006592,0.20738859474658966,-0.42302384972572327,1,6.900000095367432,-41.462501525878906,1.262578010559082,1,0.3042106628417969,,2023-06-08 20:21:58,-34.76250076293945
73d32f5bb75976e4,0.0903410017490387,0.05233800411224365,-0.8914044499397278,1.0506874322891235,1,8.162500381469727,-42.775001525878906,0.6140260100364685,2,0.4566214084625244,521.2137451171875,2023-06-08 20:21:58,-33.86249923706055
73d32f5bb75976e4,0.03714900091290474,0.17238600552082062,0.28328853845596313,1.6171118021011353,1,5.75,-43.900001525878906,1.8384180068969727,0,1.027169108390808,490.0062255859375,2023-06-08 20:21:59,-34.07500076293945
73d32f5bb75976e4,0.34019702672958374,0.3475779891014099,-0.383928507566452,-0.3572031855583191,1,3.9125001430511475,-44.0625,0.9424499869346619,1,-1.4117084741592407,415.3800048828125,2023-06-08 20:21:59,-34.3125
73d32f5bb75976e4,0.7266929745674133,0.8565619587898254,-1.1082614660263062,-0.9896009564399719,1,-0.05000000074505806,-44.85000228881836,0.9307380318641663,2,-0.592233419418335,293.7149963378906,2023-06-08 20:21:59,-35.087501525878906
73d32f5bb75976e4,0.4924529790878296,0.02647400088608265,-0.22953243553638458,-0.04260781779885292,1,-1.5625,-45.462501525878906,0.48226600885391235,3,0.016340631991624832,371.0562438964844,2023-06-08 20:21:59,-35.41250228881836
73d32f5bb75976e4,0.3567889928817749,0.22460201382637024,-0.23884813487529755,-0.022449281066656113,1,-4.462500095367432,-46.16250228881836,0.9478180408477783,0,0.42821621894836426,464.6787414550781,2023-06-08 20:22:00,-36.53750228881836
73d32f5bb75976e4,0.3987570106983185,0.08210600167512894,0.05085449293255806,0.22907429933547974,1,-4.800000190734863,-46.29999923706055,0.5608339905738831,1,-0.4566214084625244,,2023-06-08 20:22:00,-37.11249923706055
73d32f5bb75976e4,0.15231700241565704,0.46616196632385254,-0.3081812858581543,-0.6073523163795471,1,-3.799999952316284,-47.28750228881836,1.146921992301941,2,-0.31031930446624756,365.6287536621094,2023-06-08 20:22:00,-38.04999923706055
73d32f5bb75976e4,0.27968502044677734,0.041113998740911484,0.2124282270669937,0.3675878942012787,1,-1.6750000715255737,-48.07500076293945,0.5266739726066589,0,0.5241219997406006,410.40374755859375,2023-06-08 20:22:01,-38.98749923706055
73d32f5bb75976e4,0.13328500092029572,0.20898599922657013,-0.05085449293255806,-0.4838049113750458,1,-0.6625000238418579,-47.875,1.1522899866104126,1,0.4581485986709595,486.8399963378906,2023-06-08 20:22:01,-39.587501525878906
73d32f5bb75976e4,0.16402900218963623,0.014274000190198421,-0.050090912729501724,0.6082686185836792,1,1.6750000715255737,-47.6875,0.6930819749832153,2,-0.2608392536640167,532.0687255859375,2023-06-08 20:22:01,-40.32500076293945
73d32f5bb75976e4,0.3958289921283722,0.5837700366973877,-0.33750277757644653,0.2935205399990082,1,2.2875001430511475,-48.25,1.292833924293518,0,-0.5784889459609985,390.0512390136719,2023-06-08 20:22:02,-40.72500228881836
73d32f5bb75976e4,0.3626450002193451,0.12407399713993073,0.06475166976451874,-0.16768237948417664,1,2,-48.48749923706055,0.9146339893341064,1,-0.8045089244842529,371.5074768066406,2023-06-08 20:22:02,-41.3125
73d32f5bb75976e4,0.586637020111084,0.34611400961875916,0.1467602699995041,-0.125074565410614,1,-0.32500001788139343,-49.01250076293945,1.0786020755767822,2,-0.30482152104377747,433.01873779296875,2023-06-08 20:22:02,-42.98749923706055
73d32f5bb75976e4,0.378260999917984,0.21972200274467468,0.12644900381565094,0.4442514181137085,1,-5.1875,-49.775001525878906,0.7755540013313293,0,0.3139844834804535,529.8074951171875,2023-06-08 20:22:03,-42.875
73d32f5bb75976e4,0.6159169673919678,0.2655940055847168,-0.13622283935546875,0.1081230640411377,1,-7.537499904632568,-50.45000076293945,0.6257379651069641,1,-0.5296197533607483,518.5,2023-06-08 20:22:03,-42.025001525878906
73d32f5bb75976e4,0.5690690279006958,0.23338600993156433,-0.028405211865901947,-0.3634645342826843,1,-11.662500381469727,-50.4375,0.6555060148239136,2,-0.07757982611656189,482.7699890136719,2023-06-08 20:22:03,-39.9375
73d32f5bb75976e4,0.5231969952583313,0.032329998910427094,0.4361574649810791,-0.03436114266514778,1,-12.52500057220459,-50.125,0.5959699749946594,3,1.0483967065811157,420.8062438964844,2023-06-08 20:22:03,-36.587501525878906
73d32f5bb75976e4,0.6549569964408875,0.06746599823236465,0.6001746654510498,-0.6594285368919373,1,-10.987500190734863,-49.88750076293945,0.7736020088195801,0,0.7141009569168091,413.5699768066406,2023-06-08 20:22:04,-35.10000228881836
73d32f5bb75976e4,0.5480850338935852,0.1992259919643402,0.8122974634170532,-0.7982475757598877,1,-6.162499904632568,-48.60000228881836,0.7365139722824097,1,-0.21578797698020935,,2023-06-08 20:22:04,-35.3125
73d32f5bb75976e4,0.3382450044155121,0.3592900037765503,-0.2536616027355194,-0.26969680190086365,1,-1.149999976158142,-46.76250076293945,1.0215060710906982,2,-1.3371829986572266,345.2749938964844,2023-06-08 20:22:04,-37.01250076293945
73d32f5bb75976e4,-0.024826999753713608,0.10894599556922913,0.3601047992706299,0.4091266989707947,1,0.9625000357627869,-46.45000076293945,1.075186014175415,0,-0.7666352987289429,323.5662536621094,2023-06-08 20:22:05,-37.78750228881836
73d32f5bb75976e4,0.13035699725151062,0.03477000072598457,1.107956051826477,0.6024653911590576,1,1.9875000715255737,-44.28750228881836,1.171321988105774,1,-0.28588470816612244,291.90625,2023-06-08 20:22:05,-39.875
73d32f5bb75976e4,-0.09802700579166412,-0.18043801188468933,-0.8720094561576843,-0.5025889873504639,1,1.3625000715255737,-43.5625,0.839970052242279,2,-0.6023126840591431,297.333740234375,2023-06-08 20:22:05,-40.5
73d32f5bb75976e4,0.20697298645973206,-0.2185019999742508,0.13545925915241241,0.4211912751197815,1,-1.912500023841858,-43.375,0.5793780088424683,0,-0.805425226688385,427.59124755859375,2023-06-08 20:22:06,-39.650001525878906
73d32f5bb75976e4,-0.032634999603033066,-0.07795799523591995,-0.4903717041015625,0.1980729103088379,1,-4.212500095367432,-43.53750228881836,1.4855940341949463,1,-0.4214966893196106,460.1549987792969,2023-06-08 20:22:06,-38.837501525878906
73d32f5bb75976e4,0.06740500032901764,-0.23558200895786285,-0.27916520833969116,0.3433060050010681,1,-6.587500095367432,-43.53750228881836,0.7174820303916931,2,0.2889390289783478,794.8462524414062,2023-06-08 20:22:06,-37.98749923706055
73d32f5bb75976e4,0.4534130096435547,-0.3756380081176758,-0.13179408013820648,-0.5041161775588989,1,-10.574999809265137,-44.07500076293945,1.2557460069656372,0,-0.347582072019577,822.4349975585938,2023-06-08 20:22:07,-36
73d32f5bb75976e4,0.3592289984226227,-0.049653999507427216,0.18402300775051117,0.4124864339828491,1,-11.96250057220459,-45.20000076293945,0.6311060190200806,1,-0.6693550944328308,761.376220703125,2023-06-08 20:22:07,-34.85000228881836
73d32f5bb75976e4,0.472445011138916,-0.08283799886703491,-0.430659681558609,0.049480047076940536,1,-15.762499809265137,-45.82500076293945,1.1186180114746094,2,-0.7024945020675659,400.0012512207031,2023-06-08 20:22:07,-32.47500228881836
73d32f5bb75976e4,0.24894098937511444,-0.09552599489688873,-0.01740964688360691,0.3666715919971466,1,-17.825000762939453,-46.67499923706055,0.6716099977493286,3,0.6081159114837646,337.13372802734375,2023-06-08 20:22:07,-30.325000762939453
73d32f5bb75976e4,0.16207700967788696,-0.2126460075378418,-0.7539598345756531,-1.008843183517456,1,-18.537500381469727,-47.17499923706055,1.1752259731292725,0,-0.30115634202957153,293.2624816894531,2023-06-08 20:22:08,-29.3125
73d32f5bb75976e4,0.21575698256492615,-0.05941400304436684,-0.08918625861406326,0.2280052751302719,1,-19.950000762939453,-48.087501525878906,0.5779139995574951,1,-0.22357651591300964,146.67999267578125,2023-06-08 20:22:08,-27.774999618530273
73d32f5bb75976e4,0.259676992893219,0.0899140015244484,-0.34086254239082336,-0.14767655730247498,1,-21.212499618530273,-48.025001525878906,1.5690419673919678,2,-0.4045451879501343,78.8375015258789,2023-06-08 20:22:08,-26.9375
73d32f5bb75976e4,0.1298689991235733,0.16116200387477875,0.6782126426696777,0.3249800503253937,1,-23.462499618530273,-48.04999923706055,0.707722008228302,0,0.5674933791160583,44.463748931884766,2023-06-08 20:22:09,-25.662500381469727
73d32f5bb75976e4,0.5393010377883911,-0.18775799870491028,,,1,-24.350000381469727,-48.22500228881836,1.4934020042419434,1,,42.904998779296875,2023-06-08 20:22:09,-25.30000114440918
73d32f5bb75976e4,0.14548499882221222,0.048434000462293625,-0.5073232054710388,0.2415970265865326,1,-25.450000762939453,-48.375,0.7980020046234131,2,-0.526565432548523,95.1199951171875,2023-06-08 20:22:09,-26.23750114440918
73d32f5bb75976e4,0.2547970116138458,0.2802340090274811,0.43340855836868286,0.8046616315841675,1,-27.125,-47.54999923706055,1.4919379949569702,0,0.8419243693351746,159.34375,2023-06-08 20:22:10,-27.55000114440918
73d32f5bb75976e4,0.5680930018424988,-0.011101999320089817,0.6827940940856934,0.4176788032054901,1,-27.67500114440918,-48.04999923706055,0.9160979986190796,1,0.695164144039154,221.75999450683594,2023-06-08 20:22:10,-28.037500381469727
73d32f5bb75976e4,0.251380980014801,-0.005245999898761511,-0.2605338394641876,-0.49831295013427734,1,-27.80000114440918,-50.20000076293945,1.179129958152771,2,0.10842850059270859,266.1262512207031,2023-06-08 20:22:10,-29.36250114440918
73d32f5bb75976e4,0.39778101444244385,0.2114259898662567,0.33505934476852417,0.25442516803741455,1,-27.100000381469727,-51.66250228881836,0.8511939644813538,0,-0.15485422313213348,184.22000122070312,2023-06-08 20:22:11,-31.762500762939453
73d32f5bb75976e4,0.1386529952287674,0.13676200807094574,0.24297146499156952,0.06872228533029556,1,-27.350000381469727,-52.36249923706055,0.8682739734649658,1,0.4563159942626953,170.6512451171875,2023-06-08 20:22:11,-32.01250076293945
73d32f5bb75976e4,0.5168529748916626,0.030378000810742378,0.1000291109085083,-0.1049160286784172,1,-26.575000762939453,-54.525001525878906,0.96001797914505,2,0.013286309316754341,159.79624938964844,2023-06-08 20:22:11,-33.13750076293945
73d32f5bb75976e4,0.2577250003814697,-0.0067100003361701965,0.11621702462434769,0.1052214577794075,1,-25.325000762939453,-55.38750076293945,0.8658340573310852,3,-0.8552106618881226,307.28375244140625,2023-06-08 20:22:11,-35.41250228881836
73d32f5bb75976e4,0.47293299436569214,0.20069000124931335,-0.27840161323547363,-0.21380266547203064,1,-26.087499618530273,-54.4375,1.0556659698486328,0,-0.586888313293457,347.5362548828125,2023-06-08 20:22:12,-37.10000228881836
73d32f5bb75976e4,0.23186099529266357,0.029401998966932297,,,1,-26.462499618530273,-53.900001525878906,0.7008900046348572,1,,,2023-06-08 20:22:12,-37.70000076293945
73d32f5bb75976e4,0.4992849826812744,0.28852999210357666,-0.20341797173023224,-0.04764745384454727,1,-27.950000762939453,-51.462501525878906,1.2357380390167236,2,-0.614682674407959,,2023-06-08 20:22:12,-38.875
73d32f5bb75976e4,0.10058899968862534,0.1382260024547577,0.05589412897825241,0.23105959594249725,1,-28.42500114440918,-49.79999923706055,0.7814099788665771,0,-0.921336829662323,,2023-06-08 20:22:13,-39.60000228881836
73d32f5bb75976e4,0.5383250117301941,0.1416420042514801,0.799163818359375,0.0308486707508564,1,-29.6875,-44.47500228881836,0.9648980498313904,1,-0.9850194454193115,,2023-06-08 20:22:13,-40.28750228881836
73d32f5bb75976e4,0.1962369978427887,0.2202100157737732,-0.7383828163146973,-0.3488037884235382,1,-30.137500762939453,-41.11249923706055,0.6291540265083313,2,-0.24801109731197357,,2023-06-08 20:22:13,-39.95000076293945
73d32f5bb75976e4,0.4626849889755249,-0.16482199728488922,0.2782489061355591,0.7887791395187378,1,-30.137500762939453,-35.525001525878906,0.9585539698600769,0,-0.08597921580076218,,2023-06-08 20:22:14,-39.125
73d32f5bb75976e4,0.25870099663734436,0.2865779995918274,0.21975859999656677,0.4182896614074707,1,-30.125,-33,0.9912500381469727,1,-0.4085158109664917,,2023-06-08 20:22:14,-38.212501525878906
73d32f5bb75976e4,0.4695170223712921,0.049897998571395874,-0.3698786199092865,-0.11468986421823502,1,-30.575000762939453,-27.75,0.74139404296875,2,-0.16187916696071625,,2023-06-08 20:22:14,-35.150001525878906
73d32f5bb75976e4,0.5998129844665527,-0.17116598784923553,-0.3072649836540222,-0.34574946761131287,1,-30.48750114440918,-23.537500381469727,1.0068659782409668,0,-0.31184646487236023,159.34375,2023-06-08 20:22:15,-32.10000228881836
73d32f5bb75976e4,0.6857009530067444,-0.09699000418186188,-0.49312058091163635,0.04841103404760361,1,-29.962499618530273,-22.537500381469727,0.7853140234947205,1,-0.06902772188186646,198.69248962402344,2023-06-08 20:22:15,-31.412500381469727
73d32f5bb75976e4,0.40656501054763794,-0.29609400033950806,0.38438665866851807,0.20158538222312927,1,-29.825000762939453,-21.399999618530273,1.3269939422607422,2,0.03481929376721382,195.97874450683594,2023-06-08 20:22:15,-30.48750114440918
73d32f5bb75976e4,0.46756502985954285,0.053314000368118286,,,5,-12.725000381469727,-10.199999809265137,0.9966180324554443,0,,102.35624694824219,2023-06-08 20:22:50,-37.150001525878906
73d32f5bb75976e4,0.48220497369766235,0.09040199965238571,0.6073523163795471,-0.8084795475006104,5,-12.412500381469727,-10.362500190734863,0.805321991443634,1,0.6356047987937927,107.33124542236328,2023-06-08 20:22:50,-37.13750076293945
73d32f5bb75976e4,0.5412530303001404,-0.09601400047540665,-0.00045814859913662076,-0.021991131827235222,5,-11.762499809265137,-11.0625,0.7121139764785767,2,0.08139773458242416,116.37749481201172,2023-06-08 20:22:50,-36.150001525878906
73d32f5bb75976e4,0.31286898255348206,0.22508999705314636,0.03711003437638283,-0.006108647678047419,5,-10.96250057220459,-11.58750057220459,1.2425700426101685,0,-0.02672533318400383,105.06999969482422,2023-06-08 20:22:51,-35.72500228881836
73d32f5bb75976e4,0.08399700373411179,0.12700200080871582,0.13194678723812103,0.28176137804985046,5,-9.350000381469727,-12.58750057220459,1.0844579935073853,1,0.3032943606376648,87.4312515258789,2023-06-08 20:22:51,-34.625
73d32f5bb75976e4,0.19379699230194092,-0.09406200051307678,0.10919208079576492,-0.1256854236125946,5,-7.5625,-13.925000190734863,1.0908020734786987,2,-0.09101885557174683,74.76750183105469,2023-06-08 20:22:51,-32.962501525878906
73d32f5bb75976e4,0.24942901730537415,0.03818599879741669,-0.2571740746498108,0.0977383628487587,5,-6.900000095367432,-14.537500381469727,0.9517219662666321,0,0.29077163338661194,72.5062484741211,2023-06-08 20:22:52,-32.23749923706055
73d32f5bb75976e4,0.25870099663734436,-0.01647000014781952,0.09330959618091583,0.19364413619041443,5,-5.775000095367432,-15.662500381469727,0.9175620675086975,1,-0.3387245237827301,63.459999084472656,2023-06-08 20:22:52,-31.75
73d32f5bb75976e4,0.19526100158691406,0.1928820013999939,0.10125083476305008,0.0487164668738842,5,-5.700000286102295,-16.11250114440918,1.048833966255188,2,-0.03558287397027016,57.57999801635742,2023-06-08 20:22:52,-31.387500762939453
73d32f5bb75976e4,0.30066901445388794,0.07088200002908707,0.08582650125026703,0.559399425983429,5,-5.700000286102295,-15.975000381469727,0.9170739650726318,0,-0.3023780584335327,55.318748474121094,2023-06-08 20:22:53,-31.1875
73d32f5bb75976e4,0.2782209813594818,0.0035379999317228794,0.045967575162649155,0.16829325258731842,5,-6.450000286102295,-15.925000190734863,1.0581059455871582,1,-0.1928805559873581,60.29374694824219,2023-06-08 20:22:53,-31.012500762939453
73d32f5bb75976e4,0.4153490364551544,0.10309000313282013,-0.4355465769767761,0.058795735239982605,5,-6.862500190734863,-15.83750057220459,0.7877539992332458,2,-0.08414662629365921,61.19874954223633,2023-06-08 20:22:53,-30.67500114440918
73d32f5bb75976e4,0.5988369584083557,0.11626599729061127,-0.2176205813884735,0.13301581144332886,5,-7.625,-15.987500190734863,0.7877539992332458,3,0.189673513174057,72.05374908447266,2023-06-08 20:22:53,-29.875
73d32f5bb75976e4,0.5768769979476929,0.09674600511789322,0.07070759683847427,0.014813470654189587,5,-8.074999809265137,-16.350000381469727,0.7374899983406067,0,0.18356487154960632,,2023-06-08 20:22:54,-29.625
73d32f5bb75976e4,0.6090850234031677,0.19532199203968048,0.044898562133312225,-0.08078686892986298,5,-9.4375,-17.825000762939453,0.8565619587898254,1,0.11255183815956116,71.60124969482422,2023-06-08 20:22:54,-29.80000114440918
73d32f5bb75976e4,0.5739490389823914,0.22508999705314636,0.040775224566459656,-0.34865108132362366,5,-10.3125,-19.98750114440918,0.7272419929504395,2,0.09941824525594711,75.67124938964844,2023-06-08 20:22:54,-30.412500381469727
73d32f5bb75976e4,0.634460985660553,0.24802599847316742,0.3271180987358093,-0.813060998916626,5,-10.512499809265137,-21.23750114440918,0.7282180190086365,0,-0.0513126403093338,82.90874481201172,2023-06-08 20:22:55,-31.037500381469727
73d32f5bb75976e4,0.6203089952468872,0.3051219880580902,0.026878049597144127,-0.43722647428512573,5,-10.100000381469727,-23.087499618530273,0.7291939854621887,1,0.10598503798246384,113.21125030517578,2023-06-08 20:22:55,-32.54999923706055
73d32f5bb75976e4,0.3836289942264557,0.23582600057125092,0.09453132748603821,-0.19165882468223572,5,-10.08750057220459,-23.774999618530273,0.9468419551849365,2,0.08552107214927673,115.0199966430664,2023-06-08 20:22:55,-34.337501525878906
73d32f5bb75976e4,0.30310899019241333,0.19971399009227753,,,5,-9.96250057220459,-23.762500762939453,0.7726259827613831,0,,,2023-06-08 20:22:56,-35.32500076293945
73d32f5bb75976e4,0.20306900143623352,0.26120197772979736,-0.17531819641590118,0.28954991698265076,5,-9.0625,-22.287500381469727,0.8995059728622437,1,0.20861032605171204,103.7137451171875,2023-06-08 20:22:56,-37
73d32f5bb75976e4,0.3636209964752197,0.05575399845838547,-0.12324196845293045,-0.04276053607463837,5,-9.3125,-20.42500114440918,1.1444820165634155,2,0.30115634202957153,,2023-06-08 20:22:56,-38.13750076293945
73d32f5bb75976e4,0.26992499828338623,0.138714000582695,0.40546149015426636,-0.05299251899123192,5,-9.737500190734863,-19.087499618530273,1.1137380599975586,0,-0.4978547990322113,101.45124816894531,2023-06-08 20:22:57,-38.26250076293945
73d32f5bb75976e4,0.25821301341056824,0.17287400364875793,-0.2107483446598053,0.18890993297100067,5,-9.800000190734863,-16.274999618530273,0.8687619566917419,1,-0.2857320010662079,80.64624786376953,2023-06-08 20:22:57,-37.97500228881836
73d32f5bb75976e4,0.4153490364551544,-0.04379799962043762,,,5,-9.90000057220459,-15.15000057220459,0.9751459956169128,2,,78.38499450683594,2023-06-08 20:22:57,-37.70000076293945
73d32f5bb75976e4,0.40022099018096924,-0.002317999955266714,0.1980729103088379,0.19211697578430176,5,-9.912500381469727,-13.887499809265137,0.7350500226020813,3,-0.0665842592716217,66.17375183105469,2023-06-08 20:22:57,-37.22500228881836
73d32f5bb75976e4,0.5759010314941406,0.029889998957514763,0.056810423731803894,-0.14737112820148468,5,-9.5625,-13.25,0.9331780076026917,0,-0.039706211537122726,59.38999938964844,2023-06-08 20:22:58,-36.900001525878906
73d32f5bb75976e4,0.5812689661979675,-0.0491660013794899,0.1571449637413025,-0.4708240330219269,5,-8.699999809265137,-12.050000190734863,0.7643299698829651,1,-0.10384701192378998,,2023-06-08 20:22:58,-35.95000076293945
73d32f5bb75976e4,0.5407649874687195,0.030865998938679695,1.00762140750885,-0.388662725687027,5,-7.400000095367432,-12.83750057220459,0.8497300148010254,2,0.2438877671957016,72.05374908447266,2023-06-08 20:22:58,-35.9375
73d32f5bb75976e4,0.838932991027832,-0.03745400160551071,2.050520420074463,0.314748078584671,5,-6.349999904632568,-12.912500381469727,0.37929800152778625,0,-0.40515607595443726,66.17375183105469,2023-06-08 20:22:59,-35.28750228881836
73d32f5bb75976e4,0.017629001289606094,0.2143539935350418,2.576627731323242,1.4663809537887573,5,-3.7125000953674316,-11.737500190734863,1.0849459171295166,1,-0.7220421433448792,28.88374900817871,2023-06-08 20:22:59,-29.5625
73d32f5bb75976e4,0.1811089962720871,-0.4727500379085541,2.2620322704315186,3.635409116744995,5,2.799999952316284,-13.737500190734863,0.9356180429458618,2,-1.1673625707626343,22.55124855041504,2023-06-08 20:22:59,-22.9375
73d32f5bb75976e4,-0.1365790069103241,-1.087141990661621,0.5308414697647095,0.141262486577034,5,5.737500190734863,-14.8125,-0.25071001052856445,0,-0.04214967042207718,17.576250076293945,2023-06-08 20:23:00,-20.3125
73d32f5bb75976e4,-0.4181550145149231,-0.9280539751052856,-5.595521450042725,-6.640253067016602,5,11.33750057220459,-15.5,-0.6250060200691223,1,0.57008957862854,,2023-06-08 20:23:00,-14.050000190734863
73d32f5bb75976e4,-0.4908669888973236,-0.7221180200576782,-1.5222749710083008,-0.5300779342651367,5,13.262499809265137,-14.8125,-0.5849899649620056,2,0.9395100474357605,29.78874969482422,2023-06-08 20:23:00,-10.199999809265137
73d32f5bb75976e4,-0.2732190191745758,-0.9910060167312622,-0.29184064269065857,0.3611738085746765,5,9.050000190734863,-13.425000190734863,0.6076819896697998,0,0.16264274716377258,47.87999725341797,2023-06-08 20:23:01,-14.975000381469727
73d32f5bb75976e4,0.06984499841928482,-0.42004600167274475,-0.3295615613460541,0.43631017208099365,5,5.487500190734863,-11.787500381469727,0.8668100237846375,1,-0.15821397304534912,45.82124710083008,2023-06-08 20:23:01,-17.012500762939453
73d32f5bb75976e4,0.16842100024223328,-0.22923800349235535,0.1899789422750473,0.9688315391540527,5,-0.9125000238418579,-9.3125,0.9365940093994141,2,-0.1637117564678192,46.27375030517578,2023-06-08 20:23:01,-21.8125
73d32f5bb75976e4,0.14987699687480927,-0.028669999912381172,0.02977965772151947,0.9410371780395508,5,-7.724999904632568,-7.1875,0.8829140663146973,0,-0.11468986421823502,43.35625076293945,2023-06-08 20:23:02,-26.899999618530273
73d32f5bb75976e4,0.3958289921283722,-0.08332599699497223,,,5,-9.449999809265137,-7,0.9702660441398621,1,,40.64374923706055,2023-06-08 20:23:02,-28.225000381469727
73d32f5bb75976e4,0.7754930257797241,-0.21947799623012543,0.013744457624852657,0.10201441496610641,5,-10.725000381469727,-6.525000095367432,0.5910899639129639,2,-0.043371398001909256,38.83374786376953,2023-06-08 20:23:02,-28.337499618530273
73d32f5bb75976e4,0.7652449607849121,-0.1555500030517578,-0.0025961752980947495,0.22067490220069885,5,-12.71250057220459,-4.775000095367432,0.5749860405921936,3,-0.20479241013526917,33.40625,2023-06-08 20:23:02,-27.075000762939453
73d32f5bb75976e4,0.7335250377655029,-0.1614059954881668,0.014202605932950974,-0.23258677124977112,5,-13.75,-3.625,0.5559539794921875,0,0.024281874299049377,32.502498626708984,2023-06-08 20:23:03,-25.899999618530273
73d32f5bb75976e4,0.9009089469909668,-0.28438201546669006,-0.01740964688360691,-0.02916879393160343,5,-15.9375,-1.225000023841858,0.48128998279571533,1,-0.06062832847237587,,2023-06-08 20:23:03,-23.100000381469727
73d32f5bb75976e4,0.8223409652709961,-0.24778199195861816,-0.036651886999607086,0.01435532234609127,5,-17.100000381469727,0.2874999940395355,0.5442420244216919,2,-0.03527744114398956,32.04999923706055,2023-06-08 20:23:03,-21.075000762939453
73d32f5bb75976e4,0.8042849898338318,-0.22972598671913147,0.04001164436340332,0.23777911067008972,5,-17.4375,0.6000000238418579,0.5954819917678833,0,0.025350889191031456,34.311248779296875,2023-06-08 20:23:04,-20.36250114440918
73d32f5bb75976e4,0.8360049724578857,-0.26339802145957947,0.034208428114652634,0.03955349326133728,5,-17.75,0.22500000894069672,0.5227700471878052,1,0.0818558782339096,37.02499771118164,2023-06-08 20:23:04,-18.899999618530273
73d32f5bb75976e4,0.8028210401535034,-0.23314201831817627,-0.0720820426940918,-0.18005239963531494,5,-17.475000381469727,-1.6125000715255737,0.45542603731155396,2,0.050090912729501724,42,2023-06-08 20:23:04,-18.950000762939453
73d32f5bb75976e4,0.8189250230789185,-0.2638860046863556,-0.3610210716724396,-0.23258677124977112,5,-17.162500381469727,-2.9625000953674316,0.6130499839782715,0,-0.13103049993515015,48.33250045776367,2023-06-08 20:23:05,-19.762500762939453
73d32f5bb75976e4,0.8364930152893066,-0.26827800273895264,0.22983787953853607,-0.06108647957444191,5,-16.700000762939453,-5.662499904632568,0.6423299908638,1,0.18142683804035187,48.53499984741211,2023-06-08 20:23:05,-21.212499618530273
73d32f5bb75976e4,0.6852129697799683,-0.07746999710798264,-0.14523309469223022,-0.23747368156909943,5,-16.412500381469727,-7.5625,0.6032900214195251,2,-0.0435241162776947,49.43874740600586,2023-06-08 20:23:05,-22.875
73d32f5bb75976e4,0.7686610221862793,-0.10430999845266342,0.0870482325553894,0.47174033522605896,5,-16.212499618530273,-8.0625,0.6437940001487732,0,-0.16997312009334564,54.41374969482422,2023-06-08 20:23:06,-23.700000762939453
73d32f5bb75976e4,0.6510529518127441,-0.05404600128531456,0.0925460159778595,-0.06414080411195755,5,-15.887499809265137,-8.15000057220459,0.7999539971351624,1,0.07773254066705704,53.96249771118164,2023-06-08 20:23:06,-23.850000381469727
73d32f5bb75976e4,0.7784209847450256,-0.12626999616622925,-0.049021899700164795,-0.02977965772151947,5,-15.83750057220459,-7.875,0.6838099956512451,2,-0.044440411031246185,,2023-06-08 20:23:06,-23.1875
73d32f5bb75976e4,0.7266929745674133,-0.12578199803829193,-0.8005383014678955,-1.5202897787094116,5,-15.15000057220459,-7.337500095367432,0.7130900025367737,3,-0.15012001991271973,53.057498931884766,2023-06-08 20:23:06,-23.0625
73d32f5bb75976e4,0.7325490117073059,-0.08820600062608719,0.947909414768219,-0.15592323243618011,5,-14.15000057220459,-7.212500095367432,0.5901139974594116,0,0.4289797842502594,63.912498474121094,2023-06-08 20:23:07,-23.637500762939453
73d32f5bb75976e4,0.644709050655365,-0.11504600197076797,2.41154146194458,1.2000439167022705,5,-13.925000190734863,-6.762500286102295,0.6960099935531616,1,0.46654796600341797,42.45249938964844,2023-06-08 20:23:07,-22.700000762939453
73d32f5bb75976e4,0.4900130033493042,-0.17214199900627136,1.114675521850586,3.752084255218506,5,-11.58750057220459,-6.587500095367432,0.6964979767799377,2,-1.728136420249939,24.813749313354492,2023-06-08 20:23:07,-16.48750114440918
73d32f5bb75976e4,0.4900130033493042,-0.6157340407371521,-3.902815103530884,-5.540237903594971,5,-3.8125,-7.4375,0.28560200333595276,0,0.7721330523490906,19.837499618530273,2023-06-08 20:23:08,-11.15000057220459
73d32f5bb75976e4,-0.15853899717330933,-1.2291500568389893,,,5,-1.1875,-6.862500190734863,-0.9036539793014526,1,,22.55124855041504,2023-06-08 20:23:08,-9
73d32f5bb75976e4,-0.22832299768924713,-0.7050380110740662,0.2680169343948364,1.406821608543396,5,1.125,-5.537499904632568,0.5008100271224976,2,0.3159697949886322,24.813749313354492,2023-06-08 20:23:08,-1.712499976158142
73d32f5bb75976e4,-0.08338699489831924,-0.6533100008964539,-3.1538949012756348,-4.54071044921875,5,8.199999809265137,-5.900000095367432,0.5012980103492737,0,-0.30222535133361816,23.908748626708984,2023-06-08 20:23:09,3.625
73d32f5bb75976e4,-0.04629899933934212,-0.6577020287513733,-0.597273051738739,-0.32910341024398804,5,5.025000095367432,-2.137500047683716,-0.9763659834861755,1,0.4033234715461731,25.264999389648438,2023-06-08 20:23:09,0.9375
73d32f5bb75976e4,0.5793169736862183,0.23094601929187775,0.11346813291311264,-0.3756818473339081,5,-15.46250057220459,-2.875,0.7282180190086365,0,-0.3448331654071808,10.792499542236328,2023-06-08 20:40:38,-27.4375
73d32f5bb75976e4,0.5339329838752747,0.2568099796772003,0.19761475920677185,-0.08277218043804169,5,-12.90000057220459,-1.149999976158142,0.8048340082168579,0,-0.013286309316754341,,2023-06-08 20:40:39,-26.950000762939453
73d32f5bb75976e4,0.5554049611091614,-0.254613995552063,-0.49113526940345764,-0.7907644510269165,5,-12.074999809265137,-0.7250000238418579,0.9941779971122742,1,0.4379900395870209,,2023-06-08 20:40:39,-26.887500762939453
73d32f5bb75976e4,0.39143699407577515,-0.06185400113463402,-0.2663370370864868,0.3298669755458832,5,-11.90000057220459,-1,1.1044660806655884,2,-0.7990111112594604,,2023-06-08 20:40:39,-27.48750114440918
73d32f5bb75976e4,0.166469007730484,0.35782599449157715,-0.19624030590057373,-0.3393353819847107,5,-10.287500381469727,-0.987500011920929,0.7653059959411621,0,-0.9233221411705017,11.244999885559082,2023-06-08 20:40:40,-28.537500381469727
73d32f5bb75976e4,0.3514209985733032,0.059658002108335495,0.1802051067352295,0.643393337726593,5,-8.199999809265137,-1.399999976158142,0.764818012714386,1,0.44959646463394165,10.792499542236328,2023-06-08 20:40:40,-30.212499618530273
73d32f5bb75976e4,0.3997330069541931,0.14847400784492493,0.35063639283180237,-0.5215258002281189,5,-8.824999809265137,-2.25,1.2757539749145508,2,0.12400554865598679,,2023-06-08 20:40:40,-31.42500114440918
73d32f5bb75976e4,0.35581299662590027,0.007441999856382608,0.03558287397027016,1.1418589353561401,5,-9.074999809265137,-2.1500000953674316,0.5378980040550232,0,0.09361502528190613,,2023-06-08 20:40:41,-31.42500114440918
73d32f5bb75976e4,0.33043697476387024,0.03916200250387192,-0.5247328281402588,-0.6603448390960693,5,-9.8125,-1.524999976158142,1.244521975517273,1,-0.7652608752250671,,2023-06-08 20:40:41,-30.587499618530273
73d32f5bb75976e4,0.527588963508606,0.023057999089360237,-0.4575377106666565,-0.11499529331922531,5,-10.050000190734863,-1.3000000715255737,0.601826012134552,2,-0.21258094906806946,,2023-06-08 20:40:41,-30.450000762939453
73d32f5bb75976e4,0.6476370096206665,-0.04867799952626228,0.2706131041049957,0.40255987644195557,5,-10.037500381469727,-0.8125,1.2372019290924072,0,0.22159120440483093,9.887499809265137,2023-06-08 20:40:42,-30.1875
73d32f5bb75976e4,0.30115699768066406,0.04062599688768387,-0.07834340631961823,-0.18325942754745483,5,-9.75,-0.574999988079071,0.8360660076141357,1,0.503810703754425,10.34000015258789,2023-06-08 20:40:42,-30.225000381469727
73d32f5bb75976e4,0.5900529623031616,-0.16091801226139069,0.15775582194328308,0.00045814859913662076,5,-9.77500057220459,-0.6625000238418579,0.8765699863433838,2,0.48563748598098755,,2023-06-08 20:40:42,-30.6875
73d32f5bb75976e4,0.5554049611091614,0.04501799866557121,-0.25992295145988464,0.5326740741729736,5,-10.050000190734863,-1.100000023841858,1.2596499919891357,0,-0.0922405794262886,,2023-06-08 20:40:43,-31.25
73d32f5bb75976e4,0.3572770059108734,0.15286600589752197,-0.6047561168670654,-0.5117519497871399,5,-10.387499809265137,-1.7625000476837158,0.43346598744392395,1,-0.3591884970664978,,2023-06-08 20:40:43,-32.13750076293945
73d32f5bb75976e4,0.4778129756450653,0.02745000086724758,0.22510367631912231,0.5963567495346069,5,-10.350000381469727,-2.4125001430511475,0.8277699947357178,2,0.45020735263824463,,2023-06-08 20:40:43,-32.900001525878906
73d32f5bb75976e4,0.34946900606155396,0.050873998552560806,0.7499892115592957,-0.3214675784111023,5,-10.862500190734863,-3.487499952316284,1.205482006072998,3,0.43004879355430603,11.244999885559082,2023-06-08 20:40:43,-34.01250076293945
73d32f5bb75976e4,0.329461008310318,-0.013541999273002148,-0.989906370639801,0.47357290983200073,5,-10.90000057220459,-3.4750001430511475,0.6940580010414124,0,-0.5045742988586426,11.69749927520752,2023-06-08 20:40:44,-34
73d32f5bb75976e4,0.37679699063301086,0.1748259961605072,-0.6843212842941284,-0.7658717036247253,5,-9.550000190734863,-3.549999952316284,1.3348020315170288,1,-1.6071852445602417,,2023-06-08 20:40:44,-34.650001525878906
73d32f5bb75976e4,0.30994102358818054,0.1474979966878891,0.5940660238265991,0.7405208349227905,5,-8.27500057220459,-3.487499952316284,0.6062179803848267,2,0.6782126426696777,12.148749351501465,2023-06-08 20:40:44,-34.775001525878906
73d32f5bb75976e4,0.39778101444244385,0.04501799866557121,0.494647741317749,-0.3428478538990021,5,-8.15000057220459,-3.075000047683716,1.5827059745788574,0,0.6933315396308899,,2023-06-08 20:40:45,-34.36249923706055
73d32f5bb75976e4,0.3958289921283722,-0.07307799905538559,-0.08231402933597565,-0.06337722390890121,5,-8.0625,-3.1625001430511475,0.6003620028495789,1,-0.2779434621334076,,2023-06-08 20:40:45,-34.51250076293945
73d32f5bb75976e4,0.35190898180007935,0.29145798087120056,-0.4725039005279541,0.23762640357017517,5,-7.125,-3.674999952316284,1.3289459943771362,2,-1.0566433668136597,13.053750038146973,2023-06-08 20:40:45,-35.67499923706055
73d32f5bb75976e4,0.07082100212574005,0.3021939992904663,-0.06795870512723923,-0.4967857897281647,5,-5.762500286102295,-4.099999904632568,0.7828739881515503,0,-0.36621344089508057,,2023-06-08 20:40:46,-36.125
73d32f5bb75976e4,0.40119701623916626,-0.13261400163173676,0.25411975383758545,0.5400044918060303,5,-5.25,-4.287499904632568,1.154729962348938,1,1.2047780752182007,14.411250114440918,2023-06-08 20:40:46,-36.400001525878906
73d32f5bb75976e4,0.1415809988975525,-0.0003659999929368496,0.476779967546463,0.2464839369058609,5,-4.724999904632568,-4.849999904632568,0.8292340040206909,2,1.0177006721496582,,2023-06-08 20:40:46,-37.275001525878906
73d32f5bb75976e4,0.2504050135612488,-0.019886000081896782,-0.13652828335762024,0.23961171507835388,5,-5.075000286102295,-5.300000190734863,0.8526580333709717,0,-0.3321577310562134,,2023-06-08 20:40:47,-37.60000228881836
73d32f5bb75976e4,0.2972530126571655,0.4237059950828552,-0.7087558507919312,-1.0499238967895508,5,-5.900000095367432,-6.050000190734863,1.442162036895752,1,-1.5036436319351196,15.767499923706055,2023-06-08 20:40:47,-38.087501525878906
73d32f5bb75976e4,0.23381300270557404,0.14213000237941742,-0.11239911615848541,-0.41095927357673645,5,-6.112500190734863,-6.462500095367432,0.5281379818916321,0,-0.7790052890777588,15.767499923706055,2023-06-08 20:40:48,-38.41250228881836
73d32f5bb75976e4,0.6051809787750244,-0.17555800080299377,0.651639997959137,0.7432697415351868,5,-5.900000095367432,-6.662499904632568,1.0795780420303345,1,1.0251837968826294,17.576250076293945,2023-06-08 20:40:48,-38.51250076293945
73d32f5bb75976e4,0.30359700322151184,-0.08820600062608719,0.4030180275440216,-0.49510589241981506,5,-5.412499904632568,-5.550000190734863,0.8272820115089417,2,0.3202458620071411,16.67249870300293,2023-06-08 20:40:48,-37.4375
73d32f5bb75976e4,0.41583701968193054,-0.17409400641918182,-0.03588830679655075,-0.22876885533332825,5,-5.075000286102295,-4.950000286102295,0.8360660076141357,3,-0.08521563559770584,,2023-06-08 20:40:48,-36.900001525878906
73d32f5bb75976e4,0.3026210069656372,-0.067221999168396,-0.4770853817462921,-0.5436696410179138,5,-5.325000286102295,-4.025000095367432,0.9121939539909363,0,-1.0169371366500854,16.219999313354492,2023-06-08 20:40:49,-36
73d32f5bb75976e4,0.24845300614833832,0.12993000447750092,-0.008552107028663158,0.21227550506591797,5,-6.050000190734863,-3.9000000953674316,0.5305780172348022,1,0.2386954128742218,,2023-06-08 20:40:49,-35.88750076293945
73d32f5bb75976e4,0.628117024898529,-0.09113399684429169,0.8407026529312134,0.07040216773748398,5,-6.087500095367432,-4.550000190734863,1.219633936882019,2,0.7405208349227905,,2023-06-08 20:40:49,-36.53750228881836
73d32f5bb75976e4,0.2269809991121292,-0.053557999432086945,0.212733656167984,-0.04886918142437935,5,-6.237500190734863,-5.224999904632568,0.733098030090332,0,-0.2211330533027649,,2023-06-08 20:40:50,-37.23749923706055
73d32f5bb75976e4,0.426084965467453,0.24558599293231964,-0.7000510096549988,-0.0665842592716217,5,-6.400000095367432,-5.5625,1.4406979084014893,1,-0.7614429593086243,,2023-06-08 20:40:50,-37.54999923706055
73d32f5bb75976e4,0.22502900660037994,0.1538419872522354,-0.008552107028663158,-0.19685117900371552,5,-6.887500286102295,-5.262500286102295,0.6716099977493286,0,-0.11804962158203125,15.767499923706055,2023-06-08 20:40:51,-37.35000228881836
73d32f5bb75976e4,0.5544289946556091,0.05819400027394295,-0.263435423374176,0.3347539007663727,5,-6.575000286102295,-5.4375,1.006377935409546,1,0.4335612654685974,14.862499237060547,2023-06-08 20:40:51,-37.63750076293945
73d32f5bb75976e4,0.22844499349594116,0.11480199545621872,1.0261001586914062,-0.05955931544303894,5,-6.587500095367432,-5.425000190734863,0.8424099683761597,2,0.6795870661735535,13.958749771118164,2023-06-08 20:40:51,-37.66250228881836
73d32f5bb75976e4,0.36996498703956604,0.04013799875974655,0.3454440236091614,-0.4780016839504242,5,-6.724999904632568,-5.349999904632568,0.7501780390739441,0,0.10186170041561127,,2023-06-08 20:40:52,-37.63750076293945
73d32f5bb75976e4,0.3328770101070404,0.04745800048112869,-0.2585485279560089,0.06719512492418289,5,-7.0625,-4.625,1.3816499710083008,1,-0.7281508445739746,14.411250114440918,2023-06-08 20:40:52,-36.962501525878906
73d32f5bb75976e4,0.10302900522947311,0.23924200236797333,-0.23518294095993042,-0.3387245237827301,5,-7.025000095367432,-4.0625,0.7067460417747498,2,-0.7715222239494324,,2023-06-08 20:40:52,-36.54999923706055
73d32f5bb75976e4,0.4051010012626648,-0.04672599956393242,0.47326749563217163,0.18570289015769958,5,-6.512500286102295,-2.049999952316284,0.8585140109062195,3,0.029626941308379173,,2023-06-08 20:40:52,-34.67499923706055
73d32f5bb75976e4,0.3572770059108734,-0.19263799488544464,-0.3035998046398163,-0.15760311484336853,5,-5.700000286102295,-1.2625000476837158,1.407513976097107,0,0.6351466774940491,8.53125,2023-06-08 20:40:53,-34.17499923706055
73d32f5bb75976e4,0.37874898314476013,-0.18971000611782074,0.028557928279042244,-0.06597339361906052,5,,,0.6003620028495789,1,0.46547895669937134,5.81749963760376,2023-06-08 20:40:53,
73d32f5bb75976e4,0.40070900321006775,0.3114660084247589,0.3900371491909027,-0.07192932814359665,1,-37.5,-17.61250114440918,0.6359860301017761,0,-0.06811141967773438,352.5124816894531,2023-06-08 20:37:39,-36.400001525878906
73d32f5bb75976e4,0.5397890210151672,0.2294819951057434,0.11438442766666412,-0.22556181252002716,1,-36.88750076293945,-19.137500762939453,0.675025999546051,1,0.86544269323349,710.7212524414062,2023-06-08 20:37:39,-38.88750076293945
73d32f5bb75976e4,0.1811089962720871,0.21581801772117615,0.02764163166284561,0.07651081681251526,1,-34.35000228881836,-22.05000114440918,1.219633936882019,0,0.4572322964668274,807.0574951171875,2023-06-08 20:37:40,-42.78750228881836
73d32f5bb75976e4,0.22600500285625458,0.24363400042057037,-0.35796675086021423,1.1763728857040405,1,-34.20000076293945,-23.5,1.1064180135726929,1,-0.24740023910999298,753.6875,2023-06-08 20:37:40,-43.51250076293945
73d32f5bb75976e4,-0.053130995482206345,0.15140199661254883,0.2052505612373352,0.6714931130409241,1,-35.337501525878906,-22.98750114440918,0.9839299917221069,2,-0.2880227565765381,512.1687622070312,2023-06-08 20:37:40,-43.57500076293945
73d32f5bb75976e4,0.2777329981327057,0.044530000537633896,-0.2706131041049957,0.3269653618335724,1,-36.6875,-21.637500762939453,0.8638820052146912,0,-0.6482802629470825,357.9387512207031,2023-06-08 20:37:41,-41.95000076293945
73d32f5bb75976e4,0.36508500576019287,-0.311710000038147,0.010995565913617611,-0.41095927357673645,1,-38.775001525878906,-17.012500762939453,1.2781939506530762,1,-0.03741546720266342,403.6199951171875,2023-06-08 20:37:41,-38.150001525878906
73d32f5bb75976e4,0.6554449796676636,-0.1370059996843338,-0.4935787320137024,0.5597048401832581,1,-40.53750228881836,-14.46250057220459,0.6311060190200806,0,0.10965022444725037,443.4212341308594,2023-06-08 20:37:42,-35.78750228881836
73d32f5bb75976e4,0.4421890079975128,-0.008174000307917595,-0.03222311660647392,-0.08552107214927673,1,-41.650001525878906,-11.362500190734863,1.1347219944000244,1,-0.4413498044013977,419.9024963378906,2023-06-08 20:37:42,-33.625
73d32f5bb75976e4,0.36118099093437195,-0.052094001322984695,-0.1893680840730667,-0.011606430634856224,1,-41.11249923706055,-7.637500286102295,0.6013380289077759,2,-0.19960007071495056,355.677490234375,2023-06-08 20:37:42,-32.212501525878906
73d32f5bb75976e4,0.8506450057029724,-0.10528600215911865,0.08643736690282822,0.03375028073787689,1,-40.28750228881836,-6.175000190734863,0.8794980049133301,3,0.4825831651687622,322.6612548828125,2023-06-08 20:37:42,-31.92500114440918
73d32f5bb75976e4,0.36069297790527344,-0.16775000095367432,0.21868959069252014,-0.5545125007629395,1,-40.087501525878906,-6.075000286102295,0.7023540139198303,0,-0.24297146499156952,342.1099853515625,2023-06-08 20:37:43,-31.962499618530273
73d32f5bb75976e4,0.8443009853363037,-0.14969399571418762,0.2467893660068512,-0.12873975932598114,1,-39.35000228881836,-5.25,0.7130900025367737,1,-0.6169734001159668,402.7149963378906,2023-06-08 20:37:43,-31.36250114440918
73d32f5bb75976e4,0.3143330216407776,0.0991860032081604,0.14523309469223022,-0.37369653582572937,1,-38.3125,-4.487500190734863,0.5325300097465515,2,-0.535728394985199,382.36248779296875,2023-06-08 20:37:43,-30.73750114440918
73d32f5bb75976e4,0.9053009748458862,-0.06234200298786163,-0.0772743970155716,-0.10308343172073364,1,-38,-4.25,0.8087379932403564,0,0.5917752385139465,375.1262512207031,2023-06-08 20:37:44,-30.25
73d32f5bb75976e4,0.3567889928817749,-0.2668139934539795,-0.07238747924566269,0.305585116147995,1,-38.125,-4.9375,0.7614020109176636,1,0.5619956254959106,334.41998291015625,2023-06-08 20:37:44,-30.1875
73d32f5bb75976e4,0.7218129634857178,-0.07210200279951096,-0.15073087811470032,0.8859066367149353,1,-37.837501525878906,-5.1875,0.7399299740791321,2,0.08078686892986298,308.6399841308594,2023-06-08 20:37:44,-30.1875
73d32f5bb75976e4,0.426084965467453,-0.07161400467157364,-0.4017963111400604,-0.2176205813884735,1,-37.07500076293945,-5.5,1.2479380369186401,3,-0.21441353857517242,379.64874267578125,2023-06-08 20:37:44,-30.11250114440918
73d32f5bb75976e4,0.6315329670906067,0.04306600242853165,0.40408703684806824,-0.04993819445371628,1,-36.61249923706055,-6.075000286102295,0.780921995639801,0,0.47922343015670776,401.8112487792969,2023-06-08 20:37:45,-30.0625
73d32f5bb75976e4,0.3236050009727478,-0.02379000000655651,0.5503891706466675,-0.6717985272407532,1,-36.54999923706055,-6.375,0.6925939917564392,1,0.026419902220368385,368.7937316894531,2023-06-08 20:37:45,-29.92500114440918
73d32f5bb75976e4,0.7759810090065002,-0.041846003383398056,-0.2632827162742615,0.5151117444038391,1,-35.9375,-5.837500095367432,0.8160579800605774,2,-0.04657844081521034,292.3587341308594,2023-06-08 20:37:45,-28.73750114440918
73d32f5bb75976e4,0.23186099529266357,0.1592099964618683,-0.3069595396518707,-0.009315688163042068,1,-34.23749923706055,-5.425000190734863,0.9566020369529724,0,0.014049889519810677,310.4499816894531,2023-06-08 20:37:46,-28.75
73d32f5bb75976e4,0.7510930299758911,-0.13895800709724426,0.10018182545900345,-0.07880155742168427,1,-33.47500228881836,-4.724999904632568,1.0254100561141968,1,0.9582940936088562,270.1962585449219,2023-06-08 20:37:46,-27.75
73d32f5bb75976e4,0.32262900471687317,-0.24387799203395844,-0.22357651591300964,0.36422812938690186,1,-33.95000076293945,-5.450000286102295,0.6071940064430237,0,0.3529271185398102,294.6199951171875,2023-06-08 20:37:47,-27.25
73d32f5bb75976e4,0.6320210099220276,0.17580199241638184,-0.007177661173045635,-0.45738500356674194,1,-34.11249923706055,-4.862500190734863,1.2250020503997803,1,0.022754713892936707,278.3374938964844,2023-06-08 20:37:47,-27.3125
73d32f5bb75976e4,0.378260999917984,-0.04282199963927269,-0.3912588953971863,0.35216355323791504,1,-36.17499923706055,-4.912499904632568,0.5881620049476624,2,0.002443459117785096,306.3787536621094,2023-06-08 20:37:47,-26.86250114440918
73d32f5bb75976e4,0.39826899766921997,0.19092999398708344,0.264046311378479,-0.013439024798572063,1,-37.837501525878906,-5.9375,1.23866605758667,0,0.4932733178138733,310.4499816894531,2023-06-08 20:37:48,-26.712499618530273
73d32f5bb75976e4,0.505141019821167,0.1084580048918724,0.2562577724456787,0.43081238865852356,1,-40.28750228881836,-7.987500190734863,0.6862499713897705,1,-0.09987638890743256,320.85247802734375,2023-06-08 20:37:48,-27.200000762939453
73d32f5bb75976e4,0.5759010314941406,0.3924739956855774,0.24556763470172882,-0.17302745580673218,1,-40.79999923706055,-7.837500095367432,1.3328500986099243,2,-0.8611665964126587,273.36248779296875,2023-06-08 20:37:48,-27.325000762939453
73d32f5bb75976e4,0.24747700989246368,0.07527399808168411,-0.3433060050010681,0.38209593296051025,1,-41.78750228881836,-8.162500381469727,0.5320420265197754,3,0.08002328872680664,249.39125061035156,2023-06-08 20:37:48,-27.837499618530273
73d32f5bb75976e4,0.6466609835624695,0.025498000904917717,-0.29565855860710144,-0.07559451460838318,1,-43.17499923706055,-8.887499809265137,1.1230100393295288,0,0.6528617143630981,219.04624938964844,2023-06-08 20:37:49,-28.200000762939453
73d32f5bb75976e4,0.3382450044155121,-0.23753401637077332,-0.05940660089254379,-0.3523162603378296,1,-43.587501525878906,-9.52500057220459,0.5647379755973816,1,0.2525925934314728,227.18624877929688,2023-06-08 20:37:49,-29.23750114440918
73d32f5bb75976e4,0.659837007522583,0.009881999343633652,0.16814053058624268,-0.5331322550773621,1,-44.4375,-9.574999809265137,1.1518020629882812,2,-0.560315728187561,217.68875122070312,2023-06-08 20:37:49,-30.274999618530273
73d32f5bb75976e4,0.3089649975299835,0.14261800050735474,-0.13881902396678925,0.33017241954803467,1,-45.4375,-11.162500381469727,0.5613219738006592,0,0.18814635276794434,232.61373901367188,2023-06-08 20:37:50,-32.462501525878906
73d32f5bb75976e4,0.6442210078239441,0.04257800057530403,-0.033139415085315704,-0.02779434807598591,1,-46.45000076293945,-14.5625,1.1508259773254395,1,0.7724385261535645,272.4574890136719,2023-06-08 20:37:50,-35.03750228881836
73d32f5bb75976e4,0.34995701909065247,-0.08967000246047974,0.022754713892936707,0.6560688018798828,1,-46.775001525878906,-16.600000381469727,0.7189459800720215,2,-0.35185810923576355,362.0099792480469,2023-06-08 20:37:50,-36.45000076293945
73d32f5bb75976e4,0.47976499795913696,0.3344019949436188,0.1285870373249054,-0.01511890348047018,1,-46.625,-16.55000114440918,1.2454979419708252,0,-0.3946186602115631,335.3249816894531,2023-06-08 20:37:51,-37.10000228881836
73d32f5bb75976e4,0.5680930018424988,0.06161000207066536,-0.27458372712135315,0.24862197041511536,1,-46.82500076293945,-16.575000762939453,0.8180100321769714,1,-0.3065013885498047,313.16375732421875,2023-06-08 20:37:51,-36.41250228881836
73d32f5bb75976e4,0.2650449872016907,-0.024765999987721443,-0.11255183815956116,0.01435532234609127,1,-46.73749923706055,-17.725000381469727,0.9736820459365845,2,0.32849252223968506,333.5162353515625,2023-06-08 20:37:51,-35.63750076293945
73d32f5bb75976e4,0.4958690106868744,0.02013000100851059,0.16126830875873566,0.8529199361801147,1,-46.26250076293945,-17.537500381469727,0.7736020088195801,0,0.04459312930703163,299.1424865722656,2023-06-08 20:37:52,-32.962501525878906
73d32f5bb75976e4,0.3275090157985687,0.10162600129842758,0.05222893878817558,-0.883768618106842,1,-45.25,-17.825000762939453,1.162537932395935,1,-0.11407899856567383,316.78125,2023-06-08 20:37:52,-32.875
73d32f5bb75976e4,0.5841970443725586,0.027938000857830048,-0.4430296719074249,0.7657189965248108,1,-42.962501525878906,-19.350000381469727,0.6813700199127197,2,0.030543239787220955,325.375,2023-06-08 20:37:52,-32.212501525878906
73d32f5bb75976e4,0.7115649580955505,-0.12236599624156952,0.11178825795650482,-0.37843072414398193,1,-39.462501525878906,-21.17500114440918,1.278681993484497,0,0.25320345163345337,326.2799987792969,2023-06-08 20:37:53,-34.07500076293945
73d32f5bb75976e4,0.44365301728248596,-0.031109999865293503,-0.1692095398902893,1.1224640607833862,1,-36.07500076293945,-19.649999618530273,0.7877539992332458,1,-0.3165806829929352,249.84375,2023-06-08 20:37:53,-35.29999923706055
73d32f5bb75976e4,0.11962100118398666,0.11675400286912918,-0.25809037685394287,-0.15347976982593536,1,-32.66250228881836,-17.337499618530273,1.3796979188919067,0,-0.2643517255783081,262.05499267578125,2023-06-08 20:37:54,-36.92499923706055
73d32f5bb75976e4,0.6652050018310547,-0.0003659999929368496,0.0746782198548317,-0.17852523922920227,1,-31.1875,-15.512499809265137,0.8448500037193298,1,0.4734202027320862,246.22499084472656,2023-06-08 20:37:54,-36.60000228881836
73d32f5bb75976e4,0.20453299582004547,-0.1760459989309311,-0.210442915558815,0.7547234296798706,1,-31.6875,-13.65000057220459,0.5837700366973877,2,0.5566505193710327,263.4125061035156,2023-06-08 20:37:54,-34.4375
73d32f5bb75976e4,0.6871650218963623,-0.02769399993121624,0.057268574833869934,0.08979712426662445,1,-32.32500076293945,-12.58750057220459,1.3470020294189453,0,-0.07223475724458694,214.52249145507812,2023-06-08 20:37:55,-32.150001525878906
73d32f5bb75976e4,0.5017249584197998,-0.04526200145483017,0.4192059636116028,-0.1536324918270111,1,-34.150001525878906,-12.162500381469727,0.829721987247467,1,-0.14660754799842834,200.95375061035156,2023-06-08 20:37:55,-29.325000762939453
73d32f5bb75976e4,0.5334450006484985,0.061122000217437744,0.06230820715427399,-0.18035782873630524,1,-36.10000228881836,-13.012499809265137,1.1244739294052124,2,0.20219624042510986,213.61874389648438,2023-06-08 20:37:55,-28.125
73d32f5bb75976e4,0.6198210120201111,0.03916200250387192,0.10873392969369888,-0.5013672709465027,1,-36.97500228881836,-12.574999809265137,0.7618899941444397,0,-1.0024291276931763,190.09999084472656,2023-06-08 20:37:56,-26.825000762939453
73d32f5bb75976e4,0.30310899019241333,0.1836100071668625,-0.10613775253295898,0.07040216773748398,1,-36.79999923706055,-12.5625,0.5252100229263306,1,-0.16676609218120575,192.3612518310547,2023-06-08 20:37:56,-26.662500381469727
73d32f5bb75976e4,0.7920849919319153,-0.07161400467157364,-0.09101885557174683,-0.03543015569448471,1,-37,-11.96250057220459,1.024433970451355,0,0.5242747068405151,208.64373779296875,2023-06-08 20:37:57,-26.80000114440918
73d32f5bb75976e4,0.3172609806060791,-0.10821399837732315,-0.3756818473339081,0.6137663722038269,1,-38.587501525878906,-12.824999809265137,0.7365139722824097,1,0.22663083672523499,220.40249633789062,2023-06-08 20:37:57,-27.537500381469727
73d32f5bb75976e4,0.4861089885234833,0.025498000904917717,0.4868592321872711,-0.4237874448299408,1,-41.1875,-11.699999809265137,1.3045459985733032,2,-0.8235984444618225,214.52249145507812,2023-06-08 20:37:57,-28.875
73d32f5bb75976e4,0.4846450090408325,0.062098003923892975,-0.06582067906856537,-0.014813470654189587,1,-45.85000228881836,-12.375,0.8350900411605835,0,0.19089524447917938,232.65625,2023-06-08 20:37:58,-30.6875
73d32f5bb75976e4,0.29822900891304016,0.057218004018068314,,,1,-47.837501525878906,-14.037500381469727,1.164489984512329,1,,237.17999267578125,2023-06-08 20:37:58,-33.01250076293945
73d32f5bb75976e4,0.38509300351142883,0.02891400083899498,-0.05085449293255806,0.7640390992164612,1,-50.42499923706055,-15.550000190734863,0.838018000125885,2,-0.04780016839504242,212.7137451171875,2023-06-08 20:37:58,-37.875
73d32f5bb75976e4,0.4324289858341217,-0.005733999889343977,-0.2753472924232483,-0.1314886510372162,1,-51.97500228881836,-16.55000114440918,1.423129916191101,0,-0.21502439677715302,194.62249755859375,2023-06-08 20:37:59,-40.76250076293945
73d32f5bb75976e4,0.5724849700927734,-0.1160220056772232,0.5456549525260925,0.2597702443599701,1,-28.100000381469727,-26.100000381469727,0.6584339737892151,1,-0.4584540128707886,446.1349792480469,2023-06-08 20:37:59,-16.5
73d32f5bb75976e4,0.5002610087394714,0.29975399374961853,1.1846195459365845,0.21441353857517242,1,-28.149999618530273,-24.80000114440918,0.6481860280036926,0,-0.08765909820795059,512.1687622070312,2023-06-08 20:38:58,-16.05000114440918
73d32f5bb75976e4,0.8047730326652527,-0.20435000956058502,0.7211259007453918,0.06627883017063141,1,-28.325000762939453,-23.524999618530273,0.7345620393753052,1,-0.19929464161396027,542.9237670898438,2023-06-08 20:38:58,-15.949999809265137
73d32f5bb75976e4,0.6378769874572754,-0.409309983253479,-0.5522217750549316,-0.27259841561317444,1,-28.575000762939453,-22.0625,0.8277699947357178,2,0.06673697382211685,669.563720703125,2023-06-08 20:38:58,-16.774999618530273
73d32f5bb75976e4,0.5749250054359436,-0.4405420124530792,0.291229784488678,0.22235478460788727,1,-29.274999618530273,-21.975000381469727,0.5466820001602173,3,0.17165300250053406,632.4762573242188,2023-06-08 20:38:58,-17.899999618530273
73d32f5bb75976e4,0.6788690090179443,-0.18971000611782074,0.185092031955719,0.5054906010627747,1,-29.67500114440918,-21.649999618530273,1.034682035446167,0,-0.6565269231796265,,2023-06-08 20:38:59,-17.712499618530273
73d32f5bb75976e4,0.5656530261039734,-0.09357400238513947,-0.3326158821582794,-0.28496840596199036,1,-30.67500114440918,-20.450000762939453,0.7345620393753052,1,0.45310893654823303,582.2724609375,2023-06-08 20:38:59,-18.649999618530273
73d32f5bb75976e4,0.8360049724578857,-0.3312299847602844,,,1,,,0.5740099549293518,2,,527.09375,2023-06-08 20:38:59,
73d32f5bb75976e4,0.3680129945278168,0.17043399810791016,0.30054548382759094,-0.643393337726593,3,-33.57500076293945,-12.3125,0.8184980154037476,0,-0.736244797706604,314.9725036621094,2023-06-08 16:36:59,-46.92499923706055
73d32f5bb75976e4,0.4626849889755249,0.15530599653720856,-1.0175479650497437,-1.8489350080490112,3,,,0.854610025882721,1,-0.35246896743774414,370.6037292480469,2023-06-08 16:36:59,
73d32f5bb75976e4,0.3211649954319,-0.03794199973344803,-0.023365577682852745,0.6114756464958191,3,-34.66250228881836,-12.074999809265137,0.9336659908294678,0,-0.1945604383945465,281.95623779296875,2023-06-08 16:37:00,-46.41250228881836
73d32f5bb75976e4,0.2928610146045685,-0.024277999997138977,-0.16386447846889496,0.24556763470172882,3,-37.48749923706055,-11.65000057220459,0.8541219830513,1,-0.14080433547496796,237.63124084472656,2023-06-08 16:37:00,-45.60000228881836
73d32f5bb75976e4,0.603717029094696,0.0010979999788105488,-0.06963858753442764,0.1230892539024353,3,-38.54999923706055,-11.612500190734863,0.9297619462013245,2,-0.24281874299049377,220.40249633789062,2023-06-08 16:37:00,-44.88750076293945
73d32f5bb75976e4,0.5622369647026062,0.02647400088608265,-0.4277580678462982,-0.3782780170440674,3,-41.97500228881836,-10.9375,1.0420019626617432,0,-0.1902843713760376,178.79249572753906,2023-06-08 16:37:01,-42.82500076293945
73d32f5bb75976e4,0.530517041683197,-0.1370059996843338,0.22159120440483093,0.16646064817905426,3,-45.88750076293945,-9.75,0.9053620100021362,1,0.4560105502605438,265.6737365722656,2023-06-08 16:37:01,-41.48749923706055
73d32f5bb75976e4,0.39241302013397217,-0.15018200874328613,0.1101083755493164,0.6227766275405884,3,-46.38750076293945,-9.350000381469727,1.3445619344711304,2,0.360868364572525,270.1962585449219,2023-06-08 16:37:01,-41.087501525878906
73d32f5bb75976e4,0.1869650036096573,-0.14188599586486816,0.4831940531730652,0.1980729103088379,3,-46.712501525878906,-8.925000190734863,0.9629459977149963,3,0.5441278219223022,248.4862518310547,2023-06-08 16:37:01,-40.72500228881836
73d32f5bb75976e4,0.4021730124950409,-0.10187000036239624,-0.32131487131118774,0.22983787953853607,3,-46.73749923706055,-8.112500190734863,0.9292739629745483,0,-0.06017018109560013,247.12998962402344,2023-06-08 16:37:02,-40.25
73d32f5bb75976e4,0.5593090057373047,-0.1311500072479248,0.08200860023498535,0.013286309316754341,3,,,0.9575780034065247,1,-0.2153298407793045,,2023-06-08 16:37:02,
73d32f5bb75976e4,0.7715889811515808,0.20069000124931335,0.3738492429256439,-0.2257145345211029,6,-48.5625,52.11249923706055,0.5993859767913818,0,-0.16554436087608337,84.26499938964844,2023-06-08 16:21:02,-11.600000381469727
73d32f5bb75976e4,0.7681730389595032,0.15286600589752197,-0.03894263133406639,-0.753654420375824,6,-46.6875,53.9375,0.5866979956626892,0,-0.35414886474609375,83.8125,2023-06-08 16:21:03,-10.1875
73d32f5bb75976e4,0.7398689985275269,0.03916200250387192,0.6684387922286987,0.45280352234840393,6,-45.73749923706055,56.63750076293945,0.6921060085296631,1,0.45097091794013977,118.63874816894531,2023-06-08 16:21:03,-10.350000381469727
73d32f5bb75976e4,0.5798050165176392,-0.11211799830198288,,,6,-45.91250228881836,57.95000076293945,0.8834020495414734,2,,81.5512466430664,2023-06-08 16:21:03,-9.012499809265137
73d32f5bb75976e4,0.5402770042419434,-0.08820600062608719,0.4845684766769409,0.16768237948417664,6,-48.35000228881836,57.92499923706055,0.7399299740791321,0,0.5882627964019775,47.17749786376953,2023-06-08 16:21:04,-4.712500095367432
73d32f5bb75976e4,0.6739889979362488,-0.0974779948592186,,,6,-49.837501525878906,56.625,0.6247619986534119,1,,44.713748931884766,2023-06-08 16:21:04,-2.2250001430511475
73d32f5bb75976e4,0.5983489751815796,-0.09503799676895142,0.33368489146232605,-0.06368265300989151,6,-45.88750076293945,23.3125,0.8316740393638611,2,0.39446592330932617,47.87999725341797,2023-06-08 16:21:04,49.92499923706055
73d32f5bb75976e4,0.9087169766426086,-0.020862000063061714,0.07589995115995407,0.014202605932950974,6,-46.23749923706055,23.037500381469727,0.41492199897766113,0,-0.06643154472112656,47.87999725341797,2023-06-08 16:21:40,49.29999923706055
73d32f5bb75976e4,0.9209169745445251,-0.015982000157237053,0.12873975932598114,0.021991131827235222,6,-45.51250076293945,23.30000114440918,0.40955397486686707,0,-0.13469567894935608,49.89125061035156,2023-06-08 16:21:41,48.51250076293945
73d32f5bb75976e4,0.9092049598693848,-0.04428600147366524,0.012980876490473747,0.039858926087617874,6,-45.025001525878906,23.575000762939453,0.344650000333786,1,-0.05558869615197182,,2023-06-08 16:21:41,47.86249923706055
73d32f5bb75976e4,0.9350689649581909,-0.09503799676895142,0.13164135813713074,0.05971203371882439,6,-43.60000228881836,24.212499618530273,0.3710019886493683,2,-0.20219624042510986,51.248748779296875,2023-06-08 16:21:41,46.375
73d32f5bb75976e4,0.9379969835281372,-0.13456600904464722,0.03695731982588768,-0.2231183648109436,6,-42.47500228881836,24.537500381469727,0.33928200602531433,0,0.035124726593494415,,2023-06-08 16:21:42,45.0625
73d32f5bb75976e4,0.9428769946098328,-0.2307019978761673,-0.023976443335413933,-0.16798780858516693,6,-41.375,25.05000114440918,0.23338600993156433,1,0.15531237423419952,48.98749923706055,2023-06-08 16:21:42,43.11249923706055
73d32f5bb75976e4,0.9214049577713013,-0.16335800290107727,-0.07498364895582199,-0.06276635825634003,6,-37.22500228881836,26.075000762939453,0.33391401171684265,2,-0.029932374134659767,45.36874771118164,2023-06-08 16:21:42,35.07500076293945
73d32f5bb75976e4,0.9077410101890564,-0.10040599852800369,0.1282816082239151,0.15515965223312378,6,-32.775001525878906,26.787500381469727,0.4656739830970764,0,-0.016646064817905426,44.9162483215332,2023-06-08 16:21:43,26.80000114440918
73d32f5bb75976e4,0.5451570153236389,-0.6991819739341736,-0.7860302329063416,0.722347617149353,1,17.11250114440918,14.037500381469727,0.9712420105934143,0,0.04108065739274025,216.33248901367188,2023-06-08 16:19:31,-35.650001525878906
73d32f5bb75976e4,0.17378899455070496,-0.25412601232528687,0.8112284541130066,0.47693267464637756,1,19.55000114440918,9.537500381469727,0.6467220187187195,0,0.8962913751602173,382.36248779296875,2023-06-08 16:19:32,-34.01250076293945
73d32f5bb75976e4,-0.17952300608158112,-0.12529399991035461,0.32391104102134705,-0.2182314395904541,1,19.125,8.612500190734863,1.1693700551986694,1,-1.0045671463012695,411.76123046875,2023-06-08 16:19:32,-34.04999923706055
73d32f5bb75976e4,0.3045729994773865,0.22752998769283295,0.7368556261062622,0.13775001466274261,1,18.975000381469727,7.925000190734863,0.7496899962425232,2,-0.6661480665206909,297.333740234375,2023-06-08 16:19:32,-33.82500076293945
73d32f5bb75976e4,0.0005489999894052744,0.13676200807094574,1.1459823846817017,-0.19165882468223572,1,20.3125,6.512500286102295,1.1044660806655884,0,-0.12476912885904312,189.1949920654297,2023-06-08 16:19:33,-32.1875
73d32f5bb75976e4,0.2972530126571655,-0.34440597891807556,-1.3544399738311768,-0.25702136754989624,1,19.387500762939453,6.537499904632568,0.9961300492286682,1,0.31902414560317993,190.09999084472656,2023-06-08 16:19:33,-32
73d32f5bb75976e4,0.16451700031757355,-0.46152597665786743,-0.7060069441795349,1.4275909662246704,1,19.825000762939453,7.662499904632568,0.8599779605865479,2,0.568562388420105,338.03875732421875,2023-06-08 16:19:33,-30.11250114440918
73d32f5bb75976e4,0.03080500103533268,-0.26925399899482727,0.7895427346229553,-0.028557928279042244,1,19.350000381469727,8.162500381469727,0.8638820052146912,0,0.3623955249786377,414.927490234375,2023-06-08 16:19:34,-28.98750114440918
73d32f5bb75976e4,0.20453299582004547,0.27925798296928406,0.09896009415388107,0.1536324918270111,1,19.6875,8.52500057220459,0.8780339360237122,1,0.16264274716377258,447.9437255859375,2023-06-08 16:19:34,-28.075000762939453
73d32f5bb75976e4,0.1815970093011856,0.030378000810742378,0.5642863512039185,-0.16539163887500763,1,20.200000762939453,8.324999809265137,1.1947460174560547,2,0.20112723112106323,529.8074951171875,2023-06-08 16:19:34,-27.037500381469727
73d32f5bb75976e4,-0.0033550001680850983,-0.13017401099205017,-0.21212279796600342,-0.2831358313560486,1,19.625,10.387499809265137,0.9063379764556885,0,0.20402882993221283,670.4674682617188,2023-06-08 16:19:35,-26.787500381469727
73d32f5bb75976e4,0.08399700373411179,-0.2365580052137375,-0.24174973368644714,0.623845636844635,1,18.375,11.600000381469727,1.0678659677505493,1,0.7948877811431885,787.6087036132812,2023-06-08 16:19:35,-27.36250114440918
73d32f5bb75976e4,0.08546099811792374,-0.03501399978995323,,,1,,,0.8755940198898315,2,,897.9662475585938,2023-06-08 16:19:35,
73d32f5bb75976e4,0.5105089545249939,-0.1643339991569519,,,1,,,0.9961300492286682,3,,1375.5787353515625,2023-06-08 16:19:35,
73d32f5bb75976e4,0.28554099798202515,-0.0340379998087883,,,1,,,0.8975539803504944,0,,1700.3187255859375,2023-06-08 16:19:36,
73d32f5bb75976e4,0.48269301652908325,0.21386601030826569,,,1,,,1.0712820291519165,1,,1737.857421875,2023-06-08 16:19:36,
73d32f5bb75976e4,-0.07850699871778488,0.027938000857830048,,,1,,,0.8575380444526672,2,,1521.666259765625,2023-06-08 16:19:36,
73d32f5bb75976e4,0.0010369999799877405,0.0040259999223053455,,,1,,,1.3884819746017456,0,,1162.552490234375,2023-06-08 16:19:37,
73d32f5bb75976e4,0.285053014755249,-0.04867799952626228,,,1,,,1.0595699548721313,1,,873.9949951171875,2023-06-08 16:19:37,
73d32f5bb75976e4,0.39094898104667664,-0.13456600904464722,,,1,,,0.8438740372657776,2,,726.5512084960938,2023-06-08 16:19:37,
73d32f5bb75976e4,0.636413037776947,-0.0462380014359951,,,1,,,0.9078019857406616,3,,712.0774536132812,2023-06-08 16:19:37,
73d32f5bb75976e4,0.5100209712982178,-0.09601400047540665,,,1,,,0.7243140339851379,0,,70.2437515258789,2023-06-08 16:19:38,
73d32f5bb75976e4,0.6232370138168335,-0.12968599796295166,,,1,,,0.7384659647941589,0,,58.9375,2023-06-08 16:20:56,
73d32f5bb75976e4,0.7735409736633301,-0.015494000166654587,,,1,,,0.5662019848823547,1,,58.4849967956543,2023-06-08 16:20:56,
73d32f5bb75976e4,0.7623170018196106,-0.2365580052137375,,,1,,,0.5871859788894653,0,,57.127498626708984,2023-06-08 16:20:57,
73d32f5bb75976e4,0.8203890323638916,-0.29023799300193787,-0.03527744114398956,-0.3695732057094574,1,-31.86250114440918,52.66250228881836,0.593529999256134,1,0.31551164388656616,55.318748474121094,2023-06-08 16:20:57,-1.2000000476837158
73d32f5bb75976e4,0.7876930236816406,-0.23460599780082703,,,1,-32.29999923706055,52.60000228881836,0.6325699687004089,2,,,2023-06-08 16:20:57,-1.5750000476837158
73d32f5bb75976e4,0.6530050039291382,-0.20190998911857605,-0.3433060050010681,-0.9497420191764832,5,-17.100000381469727,-13.8125,0.831186056137085,0,0.1253799945116043,19285.123046875,2023-06-08 16:18:03,-24.475000381469727
73d32f5bb75976e4,0.5924929976463318,-0.2121579945087433,-0.9347758293151855,-0.5430588126182556,5,-13.600000381469727,-14.625,0.747249960899353,0,-0.41935867071151733,20006.515625,2023-06-08 16:18:04,-25.67500114440918
73d32f5bb75976e4,0.2879810035228729,-0.11553400754928589,0.8894191384315491,-0.5479456782341003,5,-8.625,-16.662500381469727,1.0088180303573608,1,-0.3484983444213867,22267.9375,2023-06-08 16:18:04,-25.825000762939453
73d32f5bb75976e4,0.0815570056438446,0.062098003923892975,-0.41034841537475586,0.54962557554245,5,-6.575000286102295,-17,0.8658340573310852,2,-0.31001389026641846,23492.720703125,2023-06-08 16:18:04,-26.162500381469727
73d32f5bb75976e4,-0.18977099657058716,-0.07746999710798264,-0.2464839369058609,0.09056070446968079,5,-6.137500286102295,-17.262500762939453,1.6061300039291382,3,0.39599308371543884,22162.5546875,2023-06-08 16:18:04,-26.17500114440918
73d32f5bb75976e4,0.05325299873948097,0.02403400093317032,0.855057954788208,-0.22983787953853607,5,-1.4875000715255737,-19.149999618530273,0.8277699947357178,0,-0.490677148103714,20202.353515625,2023-06-08 16:18:05,-25.9375
73d32f5bb75976e4,-0.22588300704956055,0.30658599734306335,0.49739664793014526,-0.36712974309921265,5,-0.5625,-20.137500762939453,1.2840499877929688,1,0.18402300775051117,19680.87109375,2023-06-08 16:18:05,-24.912500381469727
73d32f5bb75976e4,-0.09217099845409393,0.3314739763736725,0.3019199073314667,-0.028557928279042244,5,-0.3125,-20.350000381469727,1.4514340162277222,2,0.5097666382789612,19010.1328125,2023-06-08 16:18:05,-24.512500762939453
73d32f5bb75976e4,0.14450900256633759,0.022082000970840454,-0.1536324918270111,0.7386882305145264,5,0.32500001788139343,-21.48750114440918,0.6574580073356628,0,-0.40225446224212646,17475.08203125,2023-06-08 16:18:06,-23.23750114440918
73d32f5bb75976e4,0.061549004167318344,-0.032085999846458435,0.14217877388000488,0.735023021697998,5,-0.699999988079071,-21.662500381469727,0.6379380226135254,1,0.6036871075630188,16661.421875,2023-06-08 16:18:06,-22.8125
73d32f5bb75976e4,0.16110099852085114,0.16360200941562653,-0.42684176564216614,-0.3445277214050293,5,-1.399999976158142,-21.637500762939453,0.7208979725837708,2,0.14309507608413696,14927.818359375,2023-06-08 16:18:06,-22.75
73d32f5bb75976e4,0.11522899568080902,0.07966600358486176,0.09789107739925385,-0.37430739402770996,5,-2.4750001430511475,-21.42500114440918,1.3787219524383545,0,-0.6710349321365356,13825.1494140625,2023-06-08 16:18:07,-22.712499618530273
73d32f5bb75976e4,0.1996529996395111,0.13334600627422333,-0.6982184648513794,0.4153880476951599,5,-4.1875,-21.825000762939453,1.0273619890213013,1,0.7037162184715271,12319.4951171875,2023-06-08 16:18:07,-22.125
73d32f5bb75976e4,0.2264929860830307,0.015738001093268394,-0.27137666940689087,0.09804379940032959,5,-4.4375,-22.037500381469727,0.7457860112190247,2,-0.5717694163322449,12225.8720703125,2023-06-08 16:18:07,-21.912500381469727
73d32f5bb75976e4,0.017629001289606094,0.40955397486686707,0.0847574844956398,-0.6357575058937073,5,-4.862500190734863,-22.450000762939453,1.018090009689331,0,-0.06566796451807022,12066.6689453125,2023-06-08 16:18:08,-21.387500762939453
73d32f5bb75976e4,0.21331699192523956,0.09235399961471558,-0.6181951761245728,0.2678641974925995,5,-4.787499904632568,-23.11250114440918,1.0854339599609375,1,0.11331541836261749,11356.583984375,2023-06-08 16:18:08,-20.4375
73d32f5bb75976e4,0.14011700451374054,0.24021799862384796,0.8907935619354248,-0.6537780165672302,5,-4.450000286102295,-23.262500762939453,1.0502979755401611,2,-0.458301305770874,11205.0673828125,2023-06-08 16:18:08,-20.412500381469727
73d32f5bb75976e4,0.06496500223875046,0.06405000388622284,0.637742817401886,-0.25671592354774475,5,-4.825000286102295,-23,1.023945927619934,3,0.4631882309913635,,2023-06-08 16:18:08,-20.725000381469727
73d32f5bb75976e4,-0.12389099597930908,0.1865379959344864,-0.2666424810886383,-0.32162031531333923,5,-4.412499904632568,-22.9375,1.4699779748916626,0,-0.02779434807598591,10515.333984375,2023-06-08 16:18:09,-21.212499618530273
73d32f5bb75976e4,0.1508530080318451,0.21581801772117615,-0.2816086709499359,-0.46028661727905273,5,-4.25,-22.912500381469727,1.246962070465088,1,-0.8585704565048218,10362.4619140625,2023-06-08 16:18:09,-21.462499618530273
73d32f5bb75976e4,0.16793300211429596,-0.01891000010073185,-0.11102467030286789,0.3032943606376648,5,-5.150000095367432,-22.42500114440918,0.6838099956512451,2,0.8071050643920898,10080.2373046875,2023-06-08 16:18:09,-22.125
73d32f5bb75976e4,0.14304499328136444,-0.03745400160551071,-0.07254019379615784,0.21517711877822876,5,-4.700000286102295,-22.98750114440918,1.4807140827178955,0,-0.37171122431755066,8944.099609375,2023-06-08 16:18:10,-21.4375
73d32f5bb75976e4,0.029829001054167747,0.47543400526046753,0.24052800238132477,-0.7463240623474121,5,-4.737500190734863,-23.6875,1.4772980213165283,1,-0.15088360011577606,8663.68359375,2023-06-08 16:18:10,-20.087499618530273
73d32f5bb75976e4,0.30066901445388794,0.022082000970840454,0.2283107042312622,0.7156280875205994,5,-4.487500190734863,-23.725000381469727,1.1903539896011353,0,0.7423534393310547,8415.3798828125,2023-06-08 16:18:11,-19.575000762939453
73d32f5bb75976e4,0.1962369978427887,0.09040199965238571,0.5968148708343506,-0.20372340083122253,5,-2.262500047683716,-24.087499618530273,0.813618004322052,1,-0.06673697382211685,7159.38720703125,2023-06-08 16:18:11,-18.524999618530273
73d32f5bb75976e4,0.09278099983930588,0.033305998891592026,-0.27000224590301514,0.31291547417640686,5,-1.649999976158142,-24.137500762939453,1.132282018661499,2,-0.4030180275440216,7018.27490234375,2023-06-08 16:18:11,-17.86250114440918
73d32f5bb75976e4,0.17964500188827515,0.007930000312626362,0.19013166427612305,0.7819069027900696,5,-0.75,-23.337499618530273,0.7653059959411621,3,0.19440771639347076,6376.93603515625,2023-06-08 16:18:11,-17.162500381469727
73d32f5bb75976e4,0.22161300480365753,0.07136999815702438,-0.09147699922323227,-0.16279546916484833,5,-0.10000000149011612,-22.575000762939453,0.9761219620704651,0,-0.30573782324790955,5134.9638671875,2023-06-08 16:18:12,-15.612500190734863
73d32f5bb75976e4,0.44316497445106506,0.08259399980306625,0.2707658112049103,-0.41447174549102783,5,-0.6500000357627869,-22.200000762939453,1.1966979503631592,1,0.057726722210645676,4997.46875,2023-06-08 16:18:12,-14.324999809265137
73d32f5bb75976e4,0.3416610062122345,-0.1038220003247261,0.16829325258731842,0.43569931387901306,5,-2.4375,-21.55000114440918,0.7584739923477173,2,0.4692968726158142,4069.8349609375,2023-06-08 16:18:12,-11.662500381469727
73d32f5bb75976e4,0.4861089885234833,0.007930000312626362,0.04245510324835777,0.2231183648109436,5,-3.137500047683716,-21.399999618530273,1.0659140348434448,0,0.277332603931427,3565.0849609375,2023-06-08 16:18:13,-10.425000190734863
73d32f5bb75976e4,0.4661009907722473,0.1474979966878891,-0.2701549530029297,0.3344484567642212,5,-5.512500286102295,-21.725000381469727,0.8995059728622437,1,-0.019700389355421066,2381.909912109375,2023-06-08 16:18:13,-7.849999904632568
73d32f5bb75976e4,0.41242098808288574,-0.0701499953866005,0.38102689385414124,0.22617268562316895,5,-6.612500190734863,-22.100000381469727,0.593529999256134,2,0.33719736337661743,2040.888671875,2023-06-08 16:18:13,-7.175000190734863
73d32f5bb75976e4,0.49196499586105347,0.26754599809646606,-0.0461202897131443,0.20723587274551392,5,-7.849999904632568,-23.637500762939453,1.32601797580719,3,0.1922696828842163,913.34375,2023-06-08 16:18:13,-6.974999904632568
73d32f5bb75976e4,0.5314930081367493,0.14603400230407715,0.5520690679550171,-0.06307178735733032,5,-8.324999809265137,-26.0625,0.919514000415802,0,0.21868959069252014,452.0149841308594,2023-06-08 16:18:14,-7.849999904632568
73d32f5bb75976e4,0.628117024898529,0.2621780037879944,0.5012145638465881,-0.7115047574043274,1,-27.262500762939453,-7.575000286102295,0.7535939812660217,0,-0.18127411603927612,273.36248779296875,2023-06-08 16:18:19,12.262499809265137
73d32f5bb75976e4,0.6217730045318604,0.19141800701618195,0.34437501430511475,-0.10201441496610641,1,-27.86250114440918,-8.300000190734863,0.6989380121231079,1,0.43569931387901306,238.98873901367188,2023-06-08 16:18:19,8.375
73d32f5bb75976e4,0.4114450216293335,-0.12968599796295166,0.20143266022205353,-0.568562388420105,1,-27.4375,-9.33750057220459,0.9312260150909424,0,1.214093804359436,234.0137481689453,2023-06-08 16:18:20,6.712500095367432
73d32f5bb75976e4,0.39094898104667664,-0.1667739897966385,-0.24816381931304932,-1.124754786491394,1,-23.962499618530273,-12.65000057220459,0.9121939539909363,1,0.7136427760124207,226.28250122070312,2023-06-08 16:18:20,2.9375
73d32f5bb75976e4,0.24406100809574127,-0.26925399899482727,-0.32971426844596863,0.6609556674957275,1,-21.212499618530273,-14.800000190734863,0.9858819842338562,2,0.0616973415017128,193.26499938964844,2023-06-08 16:18:20,-0.512499988079071
73d32f5bb75976e4,-0.1277949959039688,0.13090600073337555,-0.31031930446624756,0.2574795186519623,1,-18.325000762939453,-16.700000762939453,1.2884420156478882,0,0.5383245944976807,194.62249755859375,2023-06-08 16:18:21,-3.5250000953674316
73d32f5bb75976e4,0.050324998795986176,0.0040259999223053455,0.28038692474365234,0.6505709886550903,1,-11.3125,-20.412500381469727,0.7316340208053589,1,1.1698060035705566,230.3524932861328,2023-06-08 16:18:21,-7.8125
73d32f5bb75976e4,-0.20489898324012756,-0.0032939999364316463,0.2606865465641022,0.09605848789215088,1,-3.7750000953674316,-22.375,1.2474499940872192,2,-0.43753188848495483,238.98873901367188,2023-06-08 16:18:21,-11.850000381469727
73d32f5bb75976e4,0.22454100847244263,0.30024200677871704,-0.47693267464637756,-0.21227550506591797,1,-0.8375000357627869,-22.274999618530273,0.8980420231819153,3,-0.7040216326713562,187.38624572753906,2023-06-08 16:18:21,-12.925000190734863
73d32f5bb75976e4,0.03373299911618233,0.08601000159978867,,,1,0.38750001788139343,-21.700000762939453,0.9961300492286682,0,,174.72125244140625,2023-06-08 16:18:22,-13.350000381469727
73d32f5bb75976e4,0.2635810077190399,0.1143139973282814,0.13469567894935608,0.2678641974925995,1,1.475000023841858,-20.712499618530273,1.032729983329773,1,0.5804742574691772,173.364990234375,2023-06-08 16:18:22,-13.675000190734863
73d32f5bb75976e4,-0.0609389990568161,-0.09991800040006638,0.2683223485946655,0.2689332067966461,1,2.049999952316284,-19.625,1.0956820249557495,2,-0.5186241865158081,181.50624084472656,2023-06-08 16:18:22,-14.487500190734863
73d32f5bb75976e4,0.20160500705242157,0.2294819951057434,-0.5722275972366333,0.15821397304534912,1,1.875,-19.17500114440918,0.8785220384597778,0,-0.5641336441040039,149.3937530517578,2023-06-08 16:18:23,-14.3125
73d32f5bb75976e4,-0.12535500526428223,-0.03013399988412857,0.2438877671957016,0.9989166259765625,1,-0.38750001788139343,-18.30000114440918,1.050786018371582,1,0.8512400984764099,135.37374877929688,2023-06-08 16:18:23,-13.425000190734863
73d32f5bb75976e4,0.2660210132598877,0.06063399836421013,0.47174033522605896,-0.602007269859314,1,-2.1625001430511475,-16.3125,1.2679460048675537,2,-0.11835505068302155,163.4149932861328,2023-06-08 16:18:23,-14.800000190734863
73d32f5bb75976e4,0.12547700107097626,-0.013054000213742256,0.41095927357673645,0.04062250629067421,1,-2.7125000953674316,-15.08750057220459,0.8092259764671326,0,-0.295811265707016,143.5137481689453,2023-06-08 16:18:24,-15.850000381469727
73d32f5bb75976e4,0.2562609910964966,0.010858000256121159,-0.45478883385658264,0.6962331533432007,1,-4.650000095367432,-12.4375,1.170833945274353,1,0.4425715208053589,161.15374755859375,2023-06-08 16:18:24,-17.8125
73d32f5bb75976e4,0.1567090004682541,-0.22923800349235535,0.5299251675605774,-0.2600756883621216,1,-7,-11.58750057220459,0.7067460417747498,2,-0.1156061589717865,210.45249938964844,2023-06-08 16:18:24,-18.61250114440918
73d32f5bb75976e4,0.23430101573467255,-0.03257400169968605,-0.6965385675430298,-0.20433427393436432,1,-7.962500095367432,-11.574999809265137,0.6437940001487732,0,0.05497783049941063,229.44874572753906,2023-06-08 16:18:25,-19.200000762939453
73d32f5bb75976e4,0.43730902671813965,0.024522000923752785,-0.36880961060523987,1.4401136636734009,1,-9.9375,-12.600000381469727,0.7506660223007202,1,0.3068068325519562,211.3562469482422,2023-06-08 16:18:25,-18.200000762939453
73d32f5bb75976e4,0.2926170229911804,0.20264200866222382,-0.5241219997406006,-0.16844595968723297,1,,,0.6677060127258301,0,0.4595230221748352,452.0149841308594,2023-06-08 16:19:01,
73d32f5bb75976e4,0.5109969973564148,0.1631140112876892,0.06475166976451874,0.4094321131706238,1,13.46250057220459,-11.850000381469727,0.8902339935302734,1,0.04413498193025589,458.7987365722656,2023-06-08 16:19:01,-28.875
73d32f5bb75976e4,0.45780500769615173,0.28047800064086914,4.362796306610107,-2.7792820930480957,1,,,0.784093976020813,2,0.652556300163269,477.79498291015625,2023-06-08 16:19:01,
73d32f5bb75976e4,0.16329699754714966,0.22045400738716125,-0.29443681240081787,0.14798198640346527,1,14.08750057220459,-10.33750057220459,0.7204099893569946,3,-0.9735657572746277,463.32122802734375,2023-06-08 16:19:01,-29.05000114440918
73d32f5bb75976e4,0.10498099774122238,0.001585999969393015,-0.3799578845500946,0.7930551767349243,1,16.8125,-8.08750057220459,1.1039780378341675,4,-1.00288724899292,429.3999938964844,2023-06-08 16:19:01,-28.36250114440918
73d32f5bb75976e4,0.12157300114631653,-0.010858000256121159,-0.45310893654823303,1.1253656148910522,1,16.587499618530273,-7.5625,0.9231740236282349,5,0.14462223649024963,362.4624938964844,2023-06-08 16:19:01,-28.8125
73d32f5bb75976e4,0.2479649931192398,0.04648200049996376,0.20479241013526917,0.1611155867576599,1,16.137500762939453,-6.8125,0.7750659584999084,0,0.25381430983543396,324.9224853515625,2023-06-08 16:19:02,-29.575000762939453
73d32f5bb75976e4,0.38216498494148254,-0.12431800365447998,,,1,16.912500381469727,-4.9375,0.8302099704742432,1,,,2023-06-08 16:19:02,-30.125
73d32f5bb75976e4,0.6310449838638306,-0.15408600866794586,,,1,,,0.9575780034065247,0,,,2023-06-08 16:19:03,
73d32f5bb75976e4,0.3865569829940796,-0.11748600006103516,,,1,,,0.5852340459823608,1,,,2023-06-08 16:19:03,
73d32f5bb75976e4,0.32262900471687317,-0.2819420099258423,,,1,,,1.138625979423523,2,,,2023-06-08 16:19:03,
73d32f5bb75976e4,0.5680930018424988,-0.07600600272417068,,,1,,,0.986858069896698,0,,,2023-06-08 16:19:04,
73d32f5bb75976e4,0.2421090006828308,0.04745800048112869,,,1,,,0.7374899983406067,1,,,2023-06-08 16:19:04,
73d32f5bb75976e4,0.4900130033493042,-0.04818999767303467,,,1,,,1.0249220132827759,2,,,2023-06-08 16:19:04,
73d32f5bb75976e4,0.23820500075817108,0.010858000256121159,,,1,,,0.7721379995346069,0,,,2023-06-08 16:19:05,
73d32f5bb75976e4,0.3353169858455658,0.08649799972772598,,,1,,,1.1513140201568604,1,,243.9637451171875,2023-06-08 16:19:05,
73d32f5bb75976e4,0.38558098673820496,-0.03891799971461296,,,1,,,0.9068260192871094,2,,248.4862518310547,2023-06-08 16:19:05,
73d32f5bb75976e4,0.15914899110794067,-0.06868600100278854,,,1,,,0.877545952796936,0,,273.81500244140625,2023-06-08 16:19:06,
73d32f5bb75976e4,0.4143730103969574,0.022082000970840454,0.21395538747310638,0.20509785413742065,1,,,1.1420419216156006,1,-0.28954991698265076,254.81874084472656,2023-06-08 16:19:06,
73d32f5bb75976e4,0.24552500247955322,0.2236260026693344,0.20677772164344788,-0.21807873249053955,1,21.287500381469727,-8.237500190734863,0.7921459674835205,2,0.15073087811470032,232.65625,2023-06-08 16:19:06,-19.875
73d32f5bb75976e4,0.5724849700927734,-0.03794199973344803,0.14813470840454102,-0.0001527161948615685,1,21.4375,-7.112500190734863,0.942937970161438,0,0.24083344638347626,227.18624877929688,2023-06-08 16:19:07,-19.962499618530273
73d32f5bb75976e4,0.7061970233917236,-0.45030200481414795,-1.0541999340057373,-1.4898991584777832,1,-38.20000076293945,15.362500190734863,0.6374500393867493,0,0.3733910918235779,2794.393798828125,2023-06-08 16:17:34,-5.287499904632568
73d32f5bb75976e4,0.6408050060272217,-0.15994200110435486,-0.10430516302585602,0.07574722915887833,1,-37.07500076293945,12.237500190734863,0.4749460220336914,0,0.7809906005859375,4614.83740234375,2023-06-08 16:17:35,-11.487500190734863
73d32f5bb75976e4,0.5022130012512207,-0.3634380102157593,0.7887791395187378,-0.791528046131134,1,-35.67499923706055,8.725000381469727,0.9243940114974976,1,0.6659952998161316,7347.0849609375,2023-06-08 16:17:35,-14.887499809265137
73d32f5bb75976e4,0.3714289963245392,-0.03159800171852112,,,1,-34.23749923706055,7.012500286102295,0.904386043548584,2,,7984.353515625,2023-06-08 16:17:35,-16.6875
73d32f5bb75976e4,-0.26785099506378174,0.25534600019454956,-0.9465349912643433,0.4108065664768219,1,-30.4375,2.200000047683716,0.8394820690155029,3,0.9007201194763184,8278.7900390625,2023-06-08 16:17:35,-21.262500762939453
73d32f5bb75976e4,0.3016450107097626,-0.23265400528907776,0.9598212838172913,0.13912445306777954,1,-25.8125,-5.362500190734863,1.1664420366287231,0,0.8492547869682312,7916.96240234375,2023-06-08 16:17:36,-23.375
73d32f5bb75976e4,0.08399700373411179,-0.019886000081896782,0.10965022444725037,0.2652680277824402,1,-20.3125,-10.65000057220459,0.7736020088195801,1,-0.620333194732666,8353.8681640625,2023-06-08 16:17:36,-25.17500114440918
73d32f5bb75976e4,0.035196997225284576,-0.08283799886703491,0.499381959438324,0.3364337682723999,1,-17.375,-14.40000057220459,1.154729962348938,0,0.39599308371543884,7418.09375,2023-06-08 16:17:37,-24.375
73d32f5bb75976e4,0.426084965467453,-0.1126059964299202,0.2211330533027649,0.017562363296747208,1,-16.012500762939453,-16.975000381469727,1.2108500003814697,1,0.5117519497871399,7321.3046875,2023-06-08 16:17:37,-23.662500381469727
73d32f5bb75976e4,0.22893300652503967,-0.011101999320089817,0.10247256606817245,-0.281914085149765,1,-15.225000381469727,-17.125,0.739441990852356,2,-0.04718930274248123,,2023-06-08 16:17:37,-24.0625
73d32f5bb75976e4,0.3055489957332611,0.13773800432682037,-0.9558506608009338,0.020922118797898293,1,-14.862500190734863,-17.100000381469727,1.2738020420074463,0,-0.013439024798572063,6928.27001953125,2023-06-08 16:17:38,-24.125
73d32f5bb75976e4,0.3299489915370941,-0.01256600022315979,0.24465134739875793,0.14492766559123993,1,-14.4375,-18.325000762939453,0.7179700136184692,1,0.516791582107544,6240.798828125,2023-06-08 16:17:38,-23.462499618530273
73d32f5bb75976e4,0.20697298645973206,-0.14090999960899353,0.4043924808502197,-0.14172062277793884,1,-13.912500381469727,-18.462499618530273,0.8043460249900818,2,0.3678933084011078,,2023-06-08 16:17:38,-23.8125
73d32f5bb75976e4,0.3875329792499542,0.08796200156211853,0.3367392122745514,0.09789107739925385,1,-12.362500190734863,-18.6875,0.852169930934906,0,-0.3591884970664978,6319.947265625,2023-06-08 16:17:39,-24.225000381469727
73d32f5bb75976e4,0.0874129980802536,0.12846601009368896,-0.164322629570961,0.02107483521103859,1,-11.96250057220459,-18.975000381469727,0.9024339914321899,1,0.18387030065059662,5801.1787109375,2023-06-08 16:17:39,-23.98750114440918
73d32f5bb75976e4,0.47293299436569214,-0.0823500007390976,0.4514290690422058,0.1805105358362198,1,-11.5625,-18.9375,1.179618000984192,2,0.3046688139438629,5666.85009765625,2023-06-08 16:17:39,-24.274999618530273
73d32f5bb75976e4,0.07277300208806992,-0.021838000044226646,-0.7690787315368652,-0.29993459582328796,1,-10.699999809265137,-19.037500381469727,0.8350900411605835,0,-0.24281874299049377,5440.70849609375,2023-06-08 16:17:40,-24.649999618530273
73d32f5bb75976e4,0.48171699047088623,0.10601799935102463,0.7003564834594727,-0.6293434500694275,1,-10.52500057220459,-18.80000114440918,1.130329966545105,1,-0.8462004065513611,6098.32861328125,2023-06-08 16:17:40,-24.787500381469727
73d32f5bb75976e4,0.1567090004682541,-0.10235799849033356,-0.33017241954803467,-0.009621120058000088,1,-10.662500381469727,-18.625,0.7897059917449951,2,0.35735589265823364,6566.4423828125,2023-06-08 16:17:40,-24.662500381469727
73d32f5bb75976e4,0.3597170114517212,-0.1492059975862503,0.011453714221715927,-0.7964149713516235,1,-10.762499809265137,-18.61250114440918,1.2698980569839478,3,-0.6209440231323242,6018.72607421875,2023-06-08 16:17:40,-24.75
73d32f5bb75976e4,0.21087700128555298,0.053314000368118286,0.19990549981594086,0.11468986421823502,1,-10.762499809265137,-18.399999618530273,0.7121139764785767,0,-0.4358520209789276,7084.30859375,2023-06-08 16:17:41,-24.712499618530273
73d32f5bb75976e4,0.07667700201272964,0.023057999089360237,-0.30054548382759094,0.10720676928758621,1,-11.02500057220459,-17.950000762939453,0.9078019857406616,1,0.19624030590057373,,2023-06-08 16:17:41,-24.975000381469727
73d32f5bb75976e4,0.35874101519584656,-0.07405400276184082,0.3633118271827698,0.6059778332710266,1,-12.050000190734863,-17.912500381469727,1.3162580728530884,2,0.27397283911705017,6222.2548828125,2023-06-08 16:17:41,-24.8125
73d32f5bb75976e4,0.036660999059677124,-0.03306199982762337,-0.08643736690282822,-0.9027054309844971,1,-12.737500190734863,-17.1875,0.9404979944229126,0,-0.7440332770347595,7619.8125,2023-06-08 16:17:42,-25.274999618530273
73d32f5bb75976e4,0.3377569913864136,0.14700999855995178,0.07422006875276566,0.2003636509180069,1,-12.987500190734863,-16.61250114440918,1.0698180198669434,1,-0.2741255760192871,,2023-06-08 16:17:42,-25.575000762939453
73d32f5bb75976e4,0.23039700090885162,-0.06917399913072586,-0.2490801066160202,0.04505127668380737,1,-13.71250057220459,-16.274999618530273,0.6076819896697998,2,0.13500112295150757,7693.9873046875,2023-06-08 16:17:42,-25.524999618530273
73d32f5bb75976e4,0.34263700246810913,-0.044773999601602554,-0.05894844979047775,-0.07192932814359665,1,-13.574999809265137,-16.012500762939453,1.351881980895996,0,0.2620609998703003,8216.375,2023-06-08 16:17:43,-25.825000762939453
73d32f5bb75976e4,0.22454100847244263,0.01769000105559826,-0.03405570983886719,0.23945899307727814,1,-13.012499809265137,-15.875,0.9522100687026978,1,-0.5703949928283691,8814.7470703125,2023-06-08 16:17:43,-25.98750114440918
73d32f5bb75976e4,-0.01311499997973442,-0.028181998059153557,-0.5131264328956604,0.12034036219120026,1,-13.512499809265137,-15.5625,1.2796579599380493,2,-0.23594652116298676,8644.6875,2023-06-08 16:17:43,-25.450000762939453
73d32f5bb75976e4,0.31335699558258057,-0.029158001765608788,-0.8810197114944458,1.2070688009262085,1,-14.83750057220459,-16.087499618530273,1.018578052520752,0,0.32162031531333923,6544.7333984375,2023-06-08 16:17:44,-23.61250114440918
73d32f5bb75976e4,0.1571969985961914,-0.05404600128531456,0.15958842635154724,0.2367101013660431,1,-15.800000190734863,-16.387500762939453,0.9131700396537781,1,0.1314886510372162,5424.87744140625,2023-06-08 16:17:44,-22.350000381469727
73d32f5bb75976e4,0.46073296666145325,0.22216199338436127,0.021838415414094925,-0.2461785078048706,1,-17.725000381469727,-16.774999618530273,0.9292739629745483,2,-0.31230461597442627,7826.505859375,2023-06-08 16:17:44,-20.36250114440918
73d32f5bb75976e4,0.2909089922904968,0.20264200866222382,0.6097957491874695,-0.3828594982624054,1,-19.012500762939453,-16.975000381469727,0.8184980154037476,0,0.13209950923919678,10425.330078125,2023-06-08 16:17:45,-19.375
73d32f5bb75976e4,0.4924529790878296,-0.05941400304436684,0.3970620930194855,0.04520399495959282,1,-18.92500114440918,-17,0.9966180324554443,1,0.633619487285614,10686.75,2023-06-08 16:17:45,-19.662500381469727
73d32f5bb75976e4,0.13328500092029572,-0.047213997691869736,-0.5568032264709473,-0.17577634751796722,1,-17.475000381469727,-17.262500762939453,0.6320819854736328,2,-0.45769044756889343,11315.4248046875,2023-06-08 16:17:45,-20.725000381469727
73d32f5bb75976e4,0.2357649952173233,0.13676200807094574,-0.33826637268066406,0.17302745580673218,1,-16.587499618530273,-16.825000762939453,1.221585988998413,0,-0.17608177661895752,11575.94140625,2023-06-08 16:17:46,-21.875
73d32f5bb75976e4,0.3567889928817749,0.12456199526786804,0.5395463109016418,0.6012436747550964,1,-14.77500057220459,-18.350000381469727,1.2093859910964966,1,1.2579232454299927,9882.5888671875,2023-06-08 16:17:46,-21.73750114440918
73d32f5bb75976e4,0.02348499931395054,0.05233800411224365,0.24816381931304932,-0.4978547990322113,1,-13.324999809265137,-19.387500762939453,0.8224020600318909,2,0.3825540542602539,11016.0126953125,2023-06-08 16:17:46,-21.537500381469727
73d32f5bb75976e4,0.2601650059223175,0.47348201274871826,-0.04566214233636856,0.27320927381515503,1,-11.537500381469727,-20.137500762939453,1.0854339599609375,0,0.005955931730568409,14703.484375,2023-06-08 16:17:47,-21.6875
73d32f5bb75976e4,0.10156500339508057,0.02647400088608265,-0.10934479534626007,-0.0769689604640007,1,-10.574999809265137,-20.475000381469727,0.7467619776725769,1,0.3802633285522461,14482.7705078125,2023-06-08 16:17:47,-21.962499618530273
73d32f5bb75976e4,0.3289729952812195,0.1714099943637848,0.6817250847816467,0.09728021919727325,1,-8.237500190734863,-20.412500381469727,1.2484259605407715,2,0.3455967605113983,16394.123046875,2023-06-08 16:17:47,-23.762500762939453
73d32f5bb75976e4,0.05618100240826607,-0.06380599737167358,0.23365578055381775,0.11423171311616898,1,-7.012500286102295,-18.950000762939453,0.5637620091438293,3,-0.5812378525733948,16858.619140625,2023-06-08 16:17:47,-25.825000762939453
73d32f5bb75976e4,0.00884500052779913,0.12261000275611877,-0.12232567369937897,-0.21899501979351044,1,-8.137499809265137,-17.774999618530273,1.0434660911560059,0,-0.03176496922969818,17121.84765625,2023-06-08 16:17:48,-26.36250114440918
73d32f5bb75976e4,0.44902101159095764,-0.10723799467086792,0.20952661335468292,0.567951500415802,1,-8.725000381469727,-17.23750114440918,1.1766899824142456,1,0.314748078584671,17461.96484375,2023-06-08 16:17:48,-26.662500381469727
73d32f5bb75976e4,0.03812500089406967,-0.054534003138542175,-0.5621483325958252,-0.3917170464992523,1,-9.262499809265137,-16.450000762939453,1.0054019689559937,2,-0.05238165333867073,18530.712890625,2023-06-08 16:17:48,-27.1875
73d32f5bb75976e4,0.3450770080089569,-0.04770199954509735,-0.8086322546005249,-0.05849030241370201,1,-10.487500190734863,-16.100000381469727,1.1693700551986694,0,-0.4770853817462921,18998.375,2023-06-08 16:17:49,-26.962499618530273
73d32f5bb75976e4,0.1689089983701706,-0.05892600119113922,-0.36483898758888245,0.07223475724458694,1,-10.83750057220459,-16.399999618530273,0.6262259483337402,1,0.05436696484684944,,2023-06-08 16:17:49,-26.600000381469727
73d32f5bb75976e4,0.4748849868774414,-0.1706780046224594,0.33047783374786377,0.4017963111400604,1,-11.237500190734863,-16.600000381469727,1.138625979423523,2,0.7539598345756531,17964,2023-06-08 16:17:49,-26.61250114440918
73d32f5bb75976e4,0.10937299579381943,-0.03745400160551071,-0.26740604639053345,-0.17394374310970306,1,-10.52500057220459,-17,0.6555060148239136,0,-0.6908880472183228,20196.021484375,2023-06-08 16:17:50,-26.337499618530273
73d32f5bb75976e4,0.006893000099807978,-0.017934000119566917,-0.2741255760192871,0.39309149980545044,1,-10.725000381469727,-16.899999618530273,1.0624979734420776,1,0.2952004075050354,20459.705078125,2023-06-08 16:17:50,-26.162500381469727
73d32f5bb75976e4,0.28261297941207886,0.0035379999317228794,0.4712821841239929,0.9002619981765747,1,-11.012499809265137,-17.42500114440918,1.23866605758667,2,0.44150251150131226,18830.576171875,2023-06-08 16:17:50,-25.649999618530273
73d32f5bb75976e4,0.015189000405371189,-0.07405400276184082,-0.17577634751796722,-0.9527963399887085,1,-9.850000381469727,-17.1875,1.081041932106018,0,-0.3484983444213867,20916.962890625,2023-06-08 16:17:51,-26.11250114440918
73d32f5bb75976e4,0.36752501130104065,0.00012199999764561653,0.2315177470445633,-0.425467312335968,1,-9.475000381469727,-17.037500381469727,0.944890022277832,1,-0.5560396909713745,21921.486328125,2023-06-08 16:17:51,-26.137500762939453
73d32f5bb75976e4,0.12157300114631653,-0.032085999846458435,-0.3090975880622864,0.2182314395904541,1,-9.675000190734863,-17.725000381469727,1.0629860162734985,2,0.4738783538341522,19389.1484375,2023-06-08 16:17:51,-25.3125
73d32f5bb75976e4,0.33043697476387024,-0.09308599680662155,0.034666575491428375,0.7107411623001099,1,-10.287500381469727,-18.162500381469727,1.1332579851150513,0,0.19608759880065918,18608.505859375,2023-06-08 16:17:52,-24.75
73d32f5bb75976e4,0.25235700607299805,0.06746599823236465,-0.2412915825843811,0.43753188848495483,1,-10.925000190734863,-18.399999618530273,0.8238660097122192,1,-0.5325213670730591,17106.46875,2023-06-08 16:17:52,-23.837499618530273
73d32f5bb75976e4,0.4055890142917633,0.16506600379943848,-0.43172869086265564,-0.250149130821228,1,-12.237500190734863,-18.61250114440918,0.8292340040206909,2,-0.08277218043804169,14837.361328125,2023-06-08 16:17:52,-22.412500381469727
73d32f5bb75976e4,0.5168529748916626,-0.031109999865293503,0.0850629210472107,-0.013744457624852657,1,-14.787500381469727,-19.325000762939453,0.5579060316085815,0,0.36025750637054443,16837.8125,2023-06-08 16:17:53,-20.075000762939453
73d32f5bb75976e4,0.3392210006713867,-0.04574999958276749,-0.1672242283821106,0.39538222551345825,1,-15.612500190734863,-19.48750114440918,0.9351300597190857,1,0.3958403766155243,16044.0546875,2023-06-08 16:17:53,-19.287500381469727
73d32f5bb75976e4,0.6071329712867737,0.005489999894052744,-0.3254382014274597,-0.41187557578086853,1,-16.212499618530273,-19.662500381469727,0.8438740372657776,2,-0.27488914132118225,,2023-06-08 16:17:53,-18.375
73d32f5bb75976e4,0.31238099932670593,0.2753539979457855,0.27488914132118225,0.10079269111156464,1,-17.05000114440918,-19.67500114440918,1.2289060354232788,3,-0.17256930470466614,16414.927734375,2023-06-08 16:17:53,-16.73750114440918
73d32f5bb75976e4,0.4334050118923187,0.0747859999537468,0.3042106628417969,-0.11102467030286789,1,-16.399999618530273,-19.4375,0.5671780109405518,0,0.3825540542602539,18120.4921875,2023-06-08 16:17:54,-16.774999618530273
73d32f5bb75976e4,0.25186899304389954,-0.08576600253582001,,,1,-15.787500381469727,-19.399999618530273,1.007841944694519,1,,,2023-06-08 16:17:54,-16.975000381469727
73d32f5bb75976e4,0.5466209650039673,0.024522000923752785,,,1,,,0.7574979662895203,2,,,2023-06-08 16:17:54,
73d32f5bb75976e4,0.40412500500679016,-0.02769399993121624,,,1,,,0.8848659992218018,0,,17276.529296875,2023-06-08 16:17:55,
73d32f5bb75976e4,0.7364529967308044,0.09381800144910812,,,1,,,1.0688420534133911,1,,,2023-06-08 16:17:55,
73d32f5bb75976e4,0.3592289984226227,0.058681998401880264,,,1,,,0.6516019701957703,2,,,2023-06-08 16:17:55,
73d32f5bb75976e4,0.6900930404663086,0.02891400083899498,,,1,,,0.9190260171890259,0,,,2023-06-08 16:17:56,
73d32f5bb75976e4,0.2577250003814697,-0.004269999917596579,,,1,,,0.6511139869689941,1,,,2023-06-08 16:17:56,
73d32f5bb75976e4,0.23430101573467255,-0.1579899936914444,,,1,,,1.5339059829711914,2,,,2023-06-08 16:17:56,
73d32f5bb75976e4,0.6691089868545532,0.11333800852298737,,,1,,,0.6974740028381348,0,,,2023-06-08 16:17:57,
73d32f5bb75976e4,0.3323889970779419,0.15286600589752197,,,1,,,0.6745380163192749,1,,,2023-06-08 16:17:57,
73d32f5bb75976e4,0.8423489928245544,0.06844200193881989,,,1,,,1.034193992614746,2,,,2023-06-08 16:17:57,
73d32f5bb75976e4,0.365572988986969,-0.0032939999364316463,,,1,,,0.7921459674835205,0,,16184.263671875,2023-06-08 16:17:58,
73d32f5bb75976e4,0.781836986541748,0.004513999912887812,-0.393244206905365,-0.09346231073141098,1,,,0.863394021987915,1,-0.5855138897895813,15798.01171875,2023-06-08 16:17:58,
73d32f5bb75976e4,0.505141019821167,0.08601000159978867,0.14401137828826904,0.31352636218070984,1,-19.05000114440918,-17.850000381469727,0.8848659992218018,2,0.383470356464386,16690.369140625,2023-06-08 16:17:58,-16.762500762939453
73d32f5bb75976e4,0.4231570065021515,0.045993998646736145,0.30573782324790955,-0.4182896614074707,1,-19.850000381469727,-17.6875,0.8497300148010254,0,0.1107192412018776,16578.654296875,2023-06-08 16:17:59,-16.5
73d32f5bb75976e4,0.4636610150337219,0.034282002598047256,,,1,,,0.6184179782867432,1,,,2023-06-08 16:17:59,
73d32f5bb75976e4,0.18354900181293488,-0.5537580251693726,-0.7406735420227051,-0.716086208820343,5,21.475000381469727,2.25,0.9800260066986084,0,-0.10674861818552017,131.302490234375,2023-06-08 16:19:10,-17.087499618530273
73d32f5bb75976e4,0.26162901520729065,-0.4912939965724945,-0.500298261642456,-0.233503058552742,5,22.700000762939453,-1.850000023841858,0.7574979662895203,1,0.03497200831770897,174.26998901367188,2023-06-08 16:19:10,-13.33750057220459
73d32f5bb75976e4,0.013237000443041325,-0.12626999616622925,-0.26511532068252563,1.188590168952942,5,22.837499618530273,-7.300000190734863,0.6960099935531616,0,0.38240134716033936,236.7274932861328,2023-06-08 16:19:11,-8.387499809265137
73d32f5bb75976e4,-0.04678700119256973,0.3226899802684784,-0.5517635941505432,0.027947064489126205,5,24.149999618530273,-9.25,1.0942180156707764,1,0.27137666940689087,239.89373779296875,2023-06-08 16:19:11,-8.287500381469727
73d32f5bb75976e4,0.19867698848247528,0.20947401225566864,-0.8744529485702515,-0.8721621632575989,5,25.950000762939453,-13.074999809265137,0.854610025882721,2,-0.08765909820795059,267.93499755859375,2023-06-08 16:19:11,-7.175000190734863
73d32f5bb75976e4,0.3240930140018463,0.26071399450302124,0.31062474846839905,-1.2344050407409668,5,28.450000762939453,-14.600000381469727,0.6257379651069641,0,0.5140427350997925,290.5487365722656,2023-06-08 16:19:12,-5.700000286102295
73d32f5bb75976e4,0.01958100125193596,0.21533000469207764,-0.5635227560997009,0.3814850449562073,5,29.899999618530273,-13.83750057220459,0.6872259974479675,1,0.2652680277824402,286.0262451171875,2023-06-08 16:19:12,-6.125
73d32f5bb75976e4,-0.31079497933387756,0.6969860196113586,0.33307403326034546,0.3969093859195709,5,31.537500381469727,-12.875,1.2084100246429443,2,-0.2597702443599701,258.88873291015625,2023-06-08 16:19:12,-6.037499904632568
73d32f5bb75976e4,0.008356999605894089,0.34269800782203674,1.413846492767334,0.7646499872207642,5,32.16250228881836,-12.662500381469727,0.8375300168991089,0,0.06902772188186646,247.58248901367188,2023-06-08 16:19:13,-4.775000095367432
73d32f5bb75976e4,0.1205969974398613,0.438834011554718,0.2606865465641022,0.716697096824646,5,31.787500381469727,-10.52500057220459,0.822890043258667,1,0.38072147965431213,193.26499938964844,2023-06-08 16:19:13,-6.950000286102295
73d32f5bb75976e4,0.19867698848247528,0.42809799313545227,-0.25442516803741455,-0.4036289155483246,5,29.8125,-8.762499809265137,0.9492819905281067,0,-0.028099779039621353,201.85874938964844,2023-06-08 16:19:14,-10.949999809265137
73d32f5bb75976e4,0.3109169900417328,-0.030621998012065887,0.2666424810886383,0.10369429737329483,5,29.075000762939453,-7.724999904632568,1.0498099327087402,1,0.19593487679958344,207.73873901367188,2023-06-08 16:19:14,-12.75
73d32f5bb75976e4,0.20306900143623352,0.06795399636030197,-0.043982263654470444,-1.0288490056991577,5,27.61250114440918,-5.150000095367432,0.5164260268211365,2,-0.4883863925933838,217.68875122070312,2023-06-08 16:19:14,-16.350000381469727
73d32f5bb75976e4,0.27919700741767883,0.45835399627685547,0.043371398001909256,0.14752385020256042,5,26.325000762939453,-4.8125,0.9956420660018921,3,-0.29184064269065857,234.0137481689453,2023-06-08 16:19:14,-17.075000762939453
73d32f5bb75976e4,0.47976499795913696,0.14847400784492493,1.4118611812591553,0.0001527161948615685,5,26.05000114440918,-5.512500286102295,0.9922260046005249,0,-0.38331764936447144,264.76873779296875,2023-06-08 16:19:15,-16.25
73d32f5bb75976e4,-0.23466700315475464,0.9644099473953247,0.2805396616458893,-0.22724169492721558,5,27.575000762939453,-5.862500190734863,0.44273802638053894,1,-0.16447533667087555,242.6074981689453,2023-06-08 16:19:15,-13.9375
73d32f5bb75976e4,-0.04629899933934212,0.39491400122642517,0.24953825771808624,1.1021528244018555,5,29.325000762939453,-6.8125,1.1688820123672485,0,0.07101303339004517,197.33624267578125,2023-06-08 16:19:16,-12.08750057220459
73d32f5bb75976e4,-0.21124298870563507,0.6628260016441345,-0.6229293346405029,0.5384773015975952,5,29.73750114440918,-7,1.099586009979248,1,0.0717766135931015,192.81375122070312,2023-06-08 16:19:16,-12.08750057220459
73d32f5bb75976e4,-0.04483500123023987,0.6320819854736328,-0.539851725101471,0.14569124579429626,5,30.825000762939453,-8.40000057220459,1.0576180219650269,2,0.0795651376247406,213.16624450683594,2023-06-08 16:19:16,-11.137499809265137
73d32f5bb75976e4,0.13767699897289276,0.26949799060821533,-0.30314165353775024,-0.12705987691879272,5,31.36250114440918,-10.225000381469727,0.6711220145225525,0,-0.14889828860759735,210,2023-06-08 16:19:17,-10.8125
73d32f5bb75976e4,-0.10388299822807312,0.6345219612121582,0.0038179049734026194,0.5308414697647095,5,30.912500381469727,-11,0.822890043258667,1,0.0821613147854805,194.1699981689453,2023-06-08 16:19:17,-11.83750057220459
73d32f5bb75976e4,0.13230900466442108,0.9019460082054138,0.03634645417332649,0.20509785413742065,5,29.850000381469727,-11.612500190734863,1.073722004890442,2,-0.05696314200758934,173.364990234375,2023-06-08 16:19:17,-14.050000190734863
73d32f5bb75976e4,-0.08875499665737152,0.5720579624176025,0.07422006875276566,-0.187382772564888,5,28.6875,-11.675000190734863,0.7082099914550781,0,0.4405862092971802,168.38999938964844,2023-06-08 16:19:18,-15.800000190734863
73d32f5bb75976e4,0.34654098749160767,0.4315139651298523,-0.21548254787921906,-0.23243404924869537,5,26.037500381469727,-10.3125,0.7570099830627441,1,0.020769402384757996,174.26998901367188,2023-06-08 16:19:18,-18.625
73d32f5bb75976e4,0.3060370087623596,0.45737797021865845,-0.24022257328033447,-0.3578140437602997,5,23.48750114440918,-10.350000381469727,0.6984500288963318,2,-0.43279770016670227,175.62625122070312,2023-06-08 16:19:18,-19.337499618530273
73d32f5bb75976e4,0.21819700300693512,0.36368200182914734,0.08750637620687485,0.8272636532783508,5,21.774999618530273,-10.949999809265137,0.47592198848724365,0,0.3381136655807495,172.91249084472656,2023-06-08 16:19:19,-18.9375
73d32f5bb75976e4,0.16744500398635864,0.6862499713897705,,,5,21.1875,-11.08750057220459,0.6613619923591614,1,,166.12875366210938,2023-06-08 16:19:19,-18.8125
73d32f5bb75976e4,0.10351699590682983,1.023945927619934,-0.2845102846622467,-0.06704241037368774,5,20.100000381469727,-12.975000381469727,0.8458260297775269,2,-0.6044507026672363,154.8212432861328,2023-06-08 16:19:19,-18.125
73d32f5bb75976e4,0.21868500113487244,0.41248202323913574,0.3715584874153137,-0.6169734001159668,5,20.149999618530273,-13.9375,0.5261859893798828,0,0.2087630331516266,145.7762451171875,2023-06-08 16:19:20,-17.55000114440918
73d32f5bb75976e4,0.1962369978427887,0.6652660369873047,0.4272999167442322,0.8242093324661255,5,20,-13.83750057220459,1.1147140264511108,1,0.2822195291519165,136.27749633789062,2023-06-08 16:19:20,-18.587499618530273
73d32f5bb75976e4,0.19086900353431702,0.46616196632385254,,,5,19.8125,-13.4375,0.6320819854736328,2,,129.49374389648438,2023-06-08 16:19:20,-19.36250114440918
73d32f5bb75976e4,0.25821301341056824,0.7740899920463562,-0.17333288490772247,-0.04550942778587341,5,20.274999618530273,-12.925000190734863,0.8682739734649658,3,-0.43661558628082275,113.21125030517578,2023-06-08 16:19:20,-19.200000762939453
73d32f5bb75976e4,0.2655330002307892,0.389057993888855,0.12935061752796173,0,5,20.98750114440918,-11.050000190734863,0.7096740007400513,0,0.383928507566452,110.94999694824219,2023-06-08 16:19:21,-19.600000381469727
73d32f5bb75976e4,0.24942901730537415,0.5906019806861877,0.2646571695804596,0.3484983444213867,5,21.1875,-9.912500381469727,0.6623380184173584,1,0.21212279796600342,,2023-06-08 16:19:21,-20.0625
73d32f5bb75976e4,0.24991700053215027,0.7872660160064697,-0.1418733447790146,-0.064598947763443,5,21.825000762939453,-8.699999809265137,0.969290018081665,2,-0.5180133581161499,103.7137451171875,2023-06-08 16:19:21,-19.48750114440918
73d32f5bb75976e4,0.24064499139785767,0.4651859998703003,,,5,21.762500762939453,-8.375,0.5881620049476624,0,,101.90374755859375,2023-06-08 16:19:22,-19.087499618530273
73d32f5bb75976e4,0.15231700241565704,0.7667700052261353,-0.2519817352294922,0.7012727856636047,5,20.649999618530273,-7.5625,1.2103619575500488,1,0.28435754776000977,,2023-06-08 16:19:22,-19.4375
73d32f5bb75976e4,0.15817299485206604,0.3812499940395355,-0.3969093859195709,-0.13775001466274261,5,19.899999618530273,-7.849999904632568,0.6872259974479675,2,-0.4828886091709137,95.57249450683594,2023-06-08 16:19:22,-18.5
73d32f5bb75976e4,0.25186899304389954,0.45201000571250916,0.10995566099882126,-0.4995346665382385,5,19.712499618530273,-8.637499809265137,0.6535540223121643,0,0.10965022444725037,,2023-06-08 16:19:23,-17.262500762939453
73d32f5bb75976e4,0.26162901520729065,0.6808820366859436,-0.33460119366645813,-0.005803215317428112,5,20.11250114440918,-8.1875,1.0273619890213013,1,-0.72173672914505,,2023-06-08 16:19:23,-17.600000381469727
73d32f5bb75976e4,0.31628498435020447,-0.0076859998516738415,,,5,20.462499618530273,-8.225000381469727,0.7496899962425232,2,,,2023-06-08 16:19:23,-17.86250114440918
73d32f5bb75976e4,0.3299489915370941,-0.018422000110149384,-0.125074565410614,0.6472112536430359,5,21.075000762939453,-7.300000190734863,0.7960500121116638,0,0.19135339558124542,,2023-06-08 16:19:24,-19.412500381469727
73d32f5bb75976e4,0.48562100529670715,-0.10040599852800369,0.45509424805641174,0.25213444232940674,5,20.887500762939453,-4.4375,0.9566020369529724,1,0.22266021370887756,,2023-06-08 16:19:24,-22.837499618530273
73d32f5bb75976e4,0.45487701892852783,-0.05062999948859215,-0.07254019379615784,0.20693044364452362,5,19.587499618530273,-3.5625,0.7267540097236633,2,0.07162389904260635,,2023-06-08 16:19:24,-24.787500381469727
73d32f5bb75976e4,0.5534529685974121,-0.23753401637077332,-0.15012001991271973,0.13332124054431915,5,18.55000114440918,-3.1625001430511475,0.9224420189857483,0,0.047036588191986084,,2023-06-08 16:19:25,-26.3125
73d32f5bb75976e4,0.5505250096321106,-0.23167799413204193,,,5,18.462499618530273,-3.299999952316284,1.2098740339279175,1,,,2023-06-08 16:19:25,-26.712499618530273
73d32f5bb75976e4,0.40607699751853943,-0.015494000166654587,-0.18387030065059662,-0.08353576064109802,5,,,0.6872259974479675,2,-0.2889390289783478,,2023-06-08 16:19:25,
73d32f5bb75976e4,0.5300289988517761,-0.22826199233531952,-0.008246674202382565,0.030695954337716103,5,-15.25,31.325000762939453,0.8497300148010254,0,0.6123919486999512,47.87999725341797,2023-06-08 16:39:47,-26.5
73d32f5bb75976e4,0.43438097834587097,-0.24485398828983307,0.07788526266813278,-0.7707586288452148,5,-14.375,30.399999618530273,0.8936499953269958,0,-0.1766926348209381,44.01124954223633,2023-06-08 16:39:48,-26.600000381469727
73d32f5bb75976e4,0.03958899900317192,-0.04379799962043762,-0.7231112122535706,0.09987638890743256,5,-13.199999809265137,29.537500381469727,0.6520899534225464,1,-0.24144430458545685,46.522499084472656,2023-06-08 16:39:48,-26.25
73d32f5bb75976e4,0.15622100234031677,-0.23216600716114044,0.06887500733137131,-0.04474584385752678,5,-11.925000190734863,27.274999618530273,0.8687619566917419,2,0.3214675784111023,46.522499084472656,2023-06-08 16:39:48,-27.162500381469727
73d32f5bb75976e4,0.2538210153579712,0.05038600042462349,0.44501498341560364,0.4189005196094513,5,-11.287500381469727,26.399999618530273,0.9361060261726379,0,0.6458367705345154,44.713748931884766,2023-06-08 16:39:49,-27.5
73d32f5bb75976e4,0.07570099830627441,0.13773800432682037,-0.1156061589717865,-0.012675444595515728,5,-8.875,23.762500762939453,1.2342740297317505,1,-0.2522871494293213,37.477500915527344,2023-06-08 16:39:49,-28.287500381469727
73d32f5bb75976e4,0.1083969920873642,0.0386740006506443,,,5,-8.350000381469727,22.6875,1.4202020168304443,2,,34.311248779296875,2023-06-08 16:39:49,-28.899999618530273
73d32f5bb75976e4,0.20990100502967834,-0.2731580138206482,0.23686282336711884,0.41523534059524536,5,-7.325000286102295,20.67500114440918,0.9575780034065247,3,0.40973755717277527,32.502498626708984,2023-06-08 16:39:49,-30.225000381469727
73d32f5bb75976e4,0.017629001289606094,0.03135399892926216,0.14217877388000488,0.3759872615337372,5,-7.3125,20.387500762939453,1.188889980316162,0,0.2582430839538574,33.40625,2023-06-08 16:39:50,-30.825000762939453
73d32f5bb75976e4,0.18550099432468414,-0.038429997861385345,-0.07131846249103546,-0.5140427350997925,5,-7.375,19.950000762939453,0.8438740372657776,1,-0.4465421438217163,31.59749984741211,2023-06-08 16:39:50,-31.625
73d32f5bb75976e4,0.20306900143623352,-0.12334199994802475,0.4812087416648865,0.04016435891389847,5,-6.6875,18.087499618530273,0.658922016620636,2,-0.013897174037992954,30.6924991607666,2023-06-08 16:39:50,-32.29999923706055
73d32f5bb75976e4,0.37338098883628845,0.04892200231552124,0.011148282326757908,-0.191964253783226,5,-6.737500190734863,17.725000381469727,1.1030019521713257,0,0.19074252247810364,,2023-06-08 16:39:51,-33.0625
73d32f5bb75976e4,0.3201889991760254,-0.19654199481010437,-0.7006618976593018,-0.4402807950973511,5,-7.487500190734863,18.100000381469727,0.9727059602737427,1,-0.4150826036930084,33.85874938964844,2023-06-08 16:39:51,-34.125
73d32f5bb75976e4,0.3841170072555542,-0.013541999273002148,,,5,-7.349999904632568,17.774999618530273,0.8492420315742493,2,,38.381248474121094,2023-06-08 16:39:51,-34.17499923706055
73d32f5bb75976e4,0.35532501339912415,-0.07795799523591995,0.25610506534576416,0.15577052533626556,5,-6.875,17.725000381469727,1.1439939737319946,3,-0.27855435013771057,40.64374923706055,2023-06-08 16:39:51,-33.16250228881836
73d32f5bb75976e4,0.5310050249099731,-0.29316601157188416,-0.1496618688106537,-0.660802960395813,1,48.35000228881836,-17.86250114440918,0.8868179321289062,0,0.231212317943573,6305.92724609375,2023-06-08 16:48:41,-6.612500190734863
73d32f5bb75976e4,0.10790900886058807,-0.22923800349235535,-1.3584105968475342,-0.28756460547447205,1,54.41250228881836,-18.1875,1.0629860162734985,0,0.919198751449585,6540.2099609375,2023-06-08 16:48:42,-6.537499904632568
73d32f5bb75976e4,-0.12584300339221954,0.039650000631809235,0.22449280321598053,1.0089958906173706,1,58.35000228881836,-18.5625,0.820937991142273,1,-0.40347617864608765,8196.0224609375,2023-06-08 16:48:42,-6.637500286102295
73d32f5bb75976e4,-0.2820030152797699,0.14603400230407715,-0.3860665261745453,0.0435241162776947,1,59.375,-19.774999618530273,1.3450499773025513,2,-0.6209440231323242,8172.05126953125,2023-06-08 16:48:42,-7.375
73d32f5bb75976e4,0.2811489999294281,-0.027205999940633774,0.8872811198234558,0.23961171507835388,1,62.275001525878906,-21.725000381469727,1.1234979629516602,0,0.7417425513267517,8016.91845703125,2023-06-08 16:48:43,-8.77500057220459
73d32f5bb75976e4,0.20892499387264252,-0.040869999676942825,-0.41783151030540466,0.7061597108840942,1,61.57500076293945,-24.087499618530273,0.9400100111961365,1,-1.2556325197219849,9164.814453125,2023-06-08 16:48:43,-10.574999809265137
73d32f5bb75976e4,0.23722898960113525,0.1626259982585907,0.4864010810852051,-0.5878046154975891,1,54.212501525878906,-27,1.4387459754943848,2,0.34315329790115356,9054.91015625,2023-06-08 16:48:43,-10.612500190734863
73d32f5bb75976e4,0.39241302013397217,0.10797000676393509,-0.168904110789299,0.24144430458545685,1,47.962501525878906,-29.11250114440918,0.6769779920578003,0,0.48181959986686707,8793.94140625,2023-06-08 16:48:44,-9.912500381469727
73d32f5bb75976e4,0.41632500290870667,-0.17409400641918182,0.27168211340904236,-0.02153298258781433,1,19.1875,10.512499809265137,0.789218008518219,1,0.6417134404182434,843.6925048828125,2023-06-08 16:48:44,-15.425000190734863
73d32f5bb75976e4,0.7037569880485535,-0.09211000055074692,0.20021092891693115,0.3162752389907837,1,18.575000762939453,7.387500286102295,0.7296819686889648,0,0.6101012229919434,898.8712158203125,2023-06-08 16:55:00,-15.725000381469727
73d32f5bb75976e4,0.7281569838523865,0.1592099964618683,0.6611084342002869,-0.13530655205249786,1,18.524999618530273,6.987500190734863,0.6638020277023315,0,0.09941824525594711,918.771240234375,2023-06-08 16:55:01,-15.800000190734863
73d32f5bb75976e4,0.7242529988288879,0.17433799803256989,-0.22785256803035736,-0.37400195002555847,1,18.6875,7.375,0.6540420055389404,1,-0.11606431007385254,968.9749755859375,2023-06-08 16:55:01,-15.824999809265137
73d32f5bb75976e4,0.7745169997215271,0.07429800182580948,0.1594357043504715,0.011759147047996521,1,19.337499618530273,7.487500190734863,0.5296019911766052,2,-0.22434009611606598,,2023-06-08 16:55:01,-16.412500381469727
73d32f5bb75976e4,0.6569089889526367,0.07966600358486176,,,1,19.850000381469727,7.700000286102295,0.8038580417633057,0,,,2023-06-08 16:55:02,-16.875
73d32f5bb75976e4,0.36703699827194214,0.13676200807094574,-0.13240493834018707,0.04474584385752678,1,-15.375,14.175000190734863,0.740418016910553,0,-0.15347976982593536,89.69249725341797,2023-06-08 16:39:56,-45.16250228881836
73d32f5bb75976e4,0.5236850380897522,-0.10138200223445892,0.3689623177051544,-0.9613484740257263,1,-13.875,15.012499809265137,1.1698579788208008,1,-0.5374082922935486,67.52999877929688,2023-06-08 16:39:56,-44.3125
73d32f5bb75976e4,0.13816499710083008,0.04062599688768387,-0.46166107058525085,-0.9326378107070923,1,-11.46250057220459,14.949999809265137,0.7301700115203857,0,-0.38041603565216064,101,2023-06-08 16:39:57,-42.54999923706055
73d32f5bb75976e4,0.12889300286769867,-0.11943800002336502,-0.19135339558124542,0.22907429933547974,1,-8.08750057220459,14.9375,1.0878740549087524,1,0.4880809485912323,189.64749145507812,2023-06-08 16:39:57,-39.5625
73d32f5bb75976e4,-0.08094699680805206,-0.20288600027561188,0.21288637816905975,0.4326449930667877,1,-5.512500286102295,17.387500762939453,0.8814499974250793,2,-0.24297146499156952,272.0050048828125,2023-06-08 16:39:57,-37.60000228881836
73d32f5bb75976e4,-0.033610999584198,0.13041800260543823,0.3280344009399414,0.008246674202382565,1,-3.7125000953674316,18.262500762939453,1.2069460153579712,0,-0.2383899837732315,295.0724792480469,2023-06-08 16:39:58,-36.13750076293945
73d32f5bb75976e4,0.03324500098824501,-0.06380599737167358,0.1461493968963623,0.2525925934314728,1,-1.600000023841858,19.524999618530273,0.9395220279693604,1,0.6504182815551758,284.2174987792969,2023-06-08 16:39:58,-34.025001525878906
73d32f5bb75976e4,0.3289729952812195,-0.17262999713420868,-0.2756527364253998,-0.6068941354751587,1,-3.424999952316284,22.8125,1.2567219734191895,2,-0.1467602699995041,387.3374938964844,2023-06-08 16:39:58,-34.82500076293945
73d32f5bb75976e4,-0.06435500085353851,-0.10235799849033356,,,1,-4.450000286102295,24.149999618530273,0.6125620007514954,0,,414.927490234375,2023-06-08 16:39:59,-34.88750076293945
73d32f5bb75976e4,0.16110099852085114,0.06697800010442734,-0.5174024701118469,0.9712749719619751,1,-5.3125,25.17500114440918,1.2576979398727417,1,-0.4240928590297699,416.28375244140625,2023-06-08 16:39:59,-34.41250228881836
73d32f5bb75976e4,0.1176690086722374,-0.167262002825737,0.033139415085315704,-0.29856017231941223,1,-7.599999904632568,25.375,0.8448500037193298,2,0.6818777918815613,378.7449951171875,2023-06-08 16:39:59,-35.47500228881836
73d32f5bb75976e4,0.07618900388479233,-0.007197999861091375,,,1,-8.600000381469727,25.475000381469727,1.3216259479522705,0,,,2023-06-08 16:40:00,-35.98749923706055
73d32f5bb75976e4,0.03470899909734726,-0.08430200070142746,0.06750056147575378,0.2530507445335388,1,-8.787500381469727,25.225000381469727,0.7204099893569946,1,-0.6417134404182434,343.46624755859375,2023-06-08 16:40:00,-35.79999923706055
73d32f5bb75976e4,0.014212999492883682,0.10650599747896194,0.018173227086663246,0.37659814953804016,1,-9.050000190734863,24.412500381469727,1.4382580518722534,2,0.3430005609989166,305.9262390136719,2023-06-08 16:40:00,-36.5
73d32f5bb75976e4,0.2904210090637207,-0.06038999930024147,0.1853974610567093,0.49403688311576843,1,-9.15000057220459,23.975000381469727,0.7960500121116638,3,0.7533490061759949,300.95123291015625,2023-06-08 16:40:00,-36.85000228881836
73d32f5bb75976e4,0.06789299845695496,-0.2999979853630066,0.0007635809597559273,0.01954767294228077,1,-9.4375,25.037500381469727,1.6671299934387207,0,-0.22876885533332825,291.4537353515625,2023-06-08 16:40:01,-36.5
73d32f5bb75976e4,0.26992499828338623,0.049897998571395874,-0.05329795181751251,0.1418733447790146,1,-9.637499809265137,25.98750114440918,0.7038179636001587,1,-0.4546361267566681,268.3874816894531,2023-06-08 16:40:01,-36.10000228881836
73d32f5bb75976e4,0.11620499938726425,0.16360200941562653,-0.14248420298099518,-0.35094180703163147,1,-9.77500057220459,25.92500114440918,0.6535540223121643,2,-0.035735588520765305,263.4125061035156,2023-06-08 16:40:01,-36.275001525878906
73d32f5bb75976e4,0.40705299377441406,-0.15067000687122345,-0.1769980639219284,0.2585485279560089,1,-9.725000381469727,26.387500762939453,1.1269140243530273,0,0.6763800382614136,274.2662353515625,2023-06-08 16:40:02,-36.51250076293945
73d32f5bb75976e4,0.006893000099807978,-0.04574999958276749,-0.3646862804889679,0.5001455545425415,1,-10.412500381469727,27.287500381469727,0.960506021976471,1,0.026878049597144127,271.10125732421875,2023-06-08 16:40:02,-36.95000076293945
73d32f5bb75976e4,0.24015699326992035,0.16799400746822357,-0.2551887631416321,0.726470947265625,1,-11.33750057220459,28.149999618530273,0.9702660441398621,2,-0.03023780696094036,241.70249938964844,2023-06-08 16:40:02,-38.03750228881836
73d32f5bb75976e4,0.2626050114631653,0.1357859969139099,,,1,-12.574999809265137,28.912500381469727,0.8267940282821655,0,,216.78375244140625,2023-06-08 16:40:03,-38.837501525878906
73d32f5bb75976e4,0.4661009907722473,0.07283399999141693,0.35506516695022583,0.015271619893610477,1,-15.9375,31.48750114440918,0.6813700199127197,1,0.2744309902191162,209.09500122070312,2023-06-08 16:40:03,-39.61249923706055
73d32f5bb75976e4,0.40607699751853943,-0.013541999273002148,0.05711585655808449,0.08872810751199722,1,-20.05000114440918,34.60000228881836,0.9004820585250854,2,-0.17837251722812653,210.90499877929688,2023-06-08 16:40:03,-39.57500076293945
73d32f5bb75976e4,0.6544690132141113,0.059658002108335495,0.1185077652335167,0.03497200831770897,1,-21.600000381469727,35.8125,1.075186014175415,0,-0.4589121639728546,199.5974884033203,2023-06-08 16:40:04,-39.04999923706055
73d32f5bb75976e4,0.3353169858455658,0.13041800260543823,0.26160284876823425,-0.15561780333518982,1,-23.725000381469727,37.6875,0.9941779971122742,1,0.3243691921234131,178.33999633789062,2023-06-08 16:40:04,-37.462501525878906
73d32f5bb75976e4,0.5671170353889465,-0.16335800290107727,0.14508038759231567,-0.0847574844956398,1,-24.98750114440918,39.10000228881836,0.8980420231819153,2,0.31031930446624756,184.67250061035156,2023-06-08 16:40:04,-35.17499923706055
73d32f5bb75976e4,0.2992050051689148,-0.0018300000810995698,0.06414080411195755,0.21945317089557648,1,-25.825000762939453,39.375,0.7818979620933533,3,-0.014966187067329884,186.02874755859375,2023-06-08 16:40:04,-34.125
73d32f5bb75976e4,0.5412530303001404,-0.0701499953866005,-0.09682206809520721,0.1640172004699707,1,-28.662500381469727,39.76250076293945,0.9419620037078857,0,-0.24755294620990753,167.9375,2023-06-08 16:40:05,-31.975000381469727
73d32f5bb75976e4,0.32262900471687317,0.13481000065803528,-0.3026835024356842,-0.7990111112594604,1,-31.337499618530273,39.212501525878906,0.8131300210952759,1,-0.402407169342041,144.87124633789062,2023-06-08 16:40:05,-30.86250114440918
73d32f5bb75976e4,0.4573169946670532,-0.06770999729633331,0.07299833744764328,-0.39629852771759033,1,-34.66250228881836,38.48749923706055,0.8433859348297119,2,-0.5891790986061096,119.09124755859375,2023-06-08 16:40:05,-29.9375
73d32f5bb75976e4,0.45829299092292786,-0.397597998380661,-1.3351976871490479,-1.1592686176300049,1,-52.36249923706055,9.074999809265137,0.6974740028381348,0,-0.02977965772151947,235.82249450683594,2023-06-08 16:37:05,-53.6875
73d32f5bb75976e4,0.6852129697799683,-0.540582001209259,0.8237511515617371,0.49480047821998596,1,-44.82500076293945,4.637500286102295,0.756521999835968,0,0.7102830410003662,390.5037536621094,2023-06-08 16:37:06,-54.88750076293945
73d32f5bb75976e4,0.08009299635887146,-0.26291000843048096,-0.550541877746582,-0.01847865991294384,1,-42.76250076293945,4.300000190734863,0.7848260402679443,1,-0.614682674407959,374.22125244140625,2023-06-08 16:37:06,-55.525001525878906
73d32f5bb75976e4,0.23674100637435913,-0.06575799733400345,,,1,-41.97500228881836,3.674999952316284,1.311866044998169,2,,385.07623291015625,2023-06-08 16:37:06,-56.16250228881836
73d32f5bb75976e4,-0.03800300136208534,-0.04867799952626228,0.8761327862739563,0.0461202897131443,1,-38.51250076293945,2.137500047683716,0.9375699758529663,0,-0.009010255336761475,382.81500244140625,2023-06-08 16:37:07,-59.11249923706055
73d32f5bb75976e4,0.14060500264167786,-0.1667739897966385,0.5627591609954834,0.42042768001556396,1,-38.962501525878906,1.524999976158142,1.1698579788208008,1,0.12553271651268005,368.3424987792969,2023-06-08 16:37:07,-62.03750228881836
73d32f5bb75976e4,0.19867698848247528,-0.031109999865293503,0.47922343015670776,0.001221729558892548,1,-41.66250228881836,2.7750000953674316,0.7731139659881592,2,0.10094540566205978,358.84375,2023-06-08 16:37:07,-62.837501525878906
73d32f5bb75976e4,0.49196499586105347,-0.15262199938297272,-0.49312058091163635,0.38270679116249084,1,-47.82500076293945,3.1500000953674316,0.8258179426193237,3,-0.3915643095970154,409.9524841308594,2023-06-08 16:37:07,-63.337501525878906
73d32f5bb75976e4,0.27334100008010864,-0.01891000010073185,0.11514800786972046,0.4529562294483185,1,-53.53750228881836,3.9375,0.96001797914505,0,-0.14508038759231567,379.19622802734375,2023-06-08 16:37:08,-62.82500076293945
73d32f5bb75976e4,0.5973730087280273,-0.036965999752283096,0.4692968726158142,0.029474224895238876,1,-56.60000228881836,3.4125001430511475,1.016626000404358,1,0.4894554018974304,371.9599914550781,2023-06-08 16:37:08,-61.67499923706055
73d32f5bb75976e4,0.36410900950431824,-0.30536597967147827,-0.1617264449596405,-0.30772313475608826,1,-58.01250076293945,3.262500047683716,0.9414740204811096,2,0.25182899832725525,367.4375,2023-06-08 16:37:08,-60.025001525878906
73d32f5bb75976e4,0.6896049976348877,-0.14237399399280548,0.1259908676147461,0.1253799945116043,1,-57.5,1.3000000715255737,0.7438340187072754,0,-0.3043633699417114,346.17999267578125,2023-06-08 16:37:09,-58.73749923706055
73d32f5bb75976e4,0.3270210027694702,0.04257800057530403,-0.39568766951560974,0.060933761298656464,1,-56.95000076293945,0.5625,0.6189060211181641,1,-0.0015271619195118546,324.4700012207031,2023-06-08 16:37:09,-57.88750076293945
73d32f5bb75976e4,0.5495490431785583,-0.06380599737167358,0.3370446562767029,0.3016144931316376,1,-55.0625,-2.4125001430511475,0.846314013004303,2,-0.006414080038666725,314.0675048828125,2023-06-08 16:37:09,-54.775001525878906
73d32f5bb75976e4,0.41339701414108276,0.013786000199615955,-0.3741546869277954,0.36193737387657166,1,-52.63750076293945,-4.912499904632568,0.8834020495414734,0,0.09437860548496246,389.5987548828125,2023-06-08 16:37:10,-52.462501525878906
73d32f5bb75976e4,0.7506049871444702,-0.12675799429416656,,,1,-52,-6.412499904632568,0.8819379806518555,1,,418.54498291015625,2023-06-08 16:37:10,-50.82500076293945
73d32f5bb75976e4,0.6120129823684692,0.011346000246703625,-0.3121519088745117,-0.024281874299049377,1,-51.28750228881836,-8.4375,1.0146739482879639,2,-0.17073670029640198,444.7774963378906,2023-06-08 16:37:10,-48.10000228881836
73d32f5bb75976e4,0.6320210099220276,-0.008174000307917595,-0.39370235800743103,0.3520108163356781,1,-51.57500076293945,-10.02500057220459,0.7818979620933533,0,-0.3491092324256897,365.1762390136719,2023-06-08 16:37:11,-44.63750076293945
73d32f5bb75976e4,0.5197809934616089,0.13627399504184723,0.13729186356067657,-0.39110618829727173,1,-51.47500228881836,-10.625,0.8580260276794434,1,-0.35964664816856384,356.5824890136719,2023-06-08 16:37:11,-42.79999923706055
73d32f5bb75976e4,0.46414899826049805,0.010858000256121159,-0.041844237595796585,-0.12064579129219055,1,-51.400001525878906,-12.574999809265137,0.7291939854621887,2,0.09239330142736435,300.0474853515625,2023-06-08 16:37:11,-37.462501525878906
73d32f5bb75976e4,0.8525969982147217,-0.0945499986410141,0.09850194305181503,-0.08674279600381851,1,-50.11249923706055,-14.46250057220459,0.8014180064201355,0,0.2360992431640625,351.1549987792969,2023-06-08 16:37:12,-31.92500114440918
73d32f5bb75976e4,0.6066449880599976,-0.044773999601602554,-0.2606865465641022,0.056810423731803894,1,-48.97500228881836,-15.487500190734863,0.7418820261955261,1,-0.03588830679655075,,2023-06-08 16:37:12,-29.387500762939453
73d32f5bb75976e4,0.806236982345581,-0.055998001247644424,-0.09636391699314117,-0.19822561740875244,1,-45.66250228881836,-17.30000114440918,0.7662819623947144,2,0.2528980076313019,344.82373046875,2023-06-08 16:37:12,-26.1875
73d32f5bb75976e4,0.4509730041027069,0.03477000072598457,-0.6626355648040771,0.1585194170475006,1,-63.41250228881836,16.950000762939453,0.5344820022583008,0,-0.24113887548446655,808.8662109375,2023-06-08 16:37:13,-28.0625
73d32f5bb75976e4,0.6769169569015503,-0.10284599661827087,-0.19242240488529205,0.28787001967430115,1,-63.375,17.337499618530273,0.8409460186958313,0,-0.5919279456138611,691.7249755859375,2023-06-08 16:39:33,-28.125
73d32f5bb75976e4,0.5241730213165283,0.028425998985767365,-0.45616328716278076,0.36743515729904175,1,-63.97500228881836,18.625,1.032241940498352,1,-0.15409064292907715,570.0599975585938,2023-06-08 16:39:33,-27.137500762939453
73d32f5bb75976e4,0.6774049997329712,-0.0852779969573021,0.5713112950325012,-0.14110976457595825,1,-64.25,19.337499618530273,0.6037780046463013,2,0.45219266414642334,501.3137512207031,2023-06-08 16:39:33,-26.61250114440918
73d32f5bb75976e4,0.48854899406433105,-0.08576600253582001,0.13820815086364746,-0.5852084755897522,1,-64.2249984741211,19.48750114440918,0.7452980279922485,0,0.21746785938739777,447.0387268066406,2023-06-08 16:39:34,-26.649999618530273
73d32f5bb75976e4,0.6559330224990845,-0.10772600024938583,-0.2208276242017746,-0.37629270553588867,1,-63.837501525878906,20.100000381469727,0.8194739818572998,1,0.22006404399871826,333.5162353515625,2023-06-08 16:39:34,-27.137500762939453
73d32f5bb75976e4,0.3660610020160675,0.06990600377321243,-0.13041962683200836,-0.8510873317718506,1,-62.775001525878906,20.48750114440918,0.9736820459365845,2,-0.29153522849082947,305.4750061035156,2023-06-08 16:39:34,-28.637500762939453
73d32f5bb75976e4,0.8091650009155273,-0.13749399781227112,0.5830704569816589,0.38560840487480164,1,-61.86249923706055,20.48750114440918,0.7018659710884094,0,0.721431314945221,345.2749938964844,2023-06-08 16:39:35,-29.950000762939453
73d32f5bb75976e4,0.3807010054588318,-0.32586199045181274,1.20981764793396,-0.2669478952884674,1,-60.73749923706055,20.73750114440918,1.0014979839324951,1,-0.20402882993221283,379.64874267578125,2023-06-08 16:39:35,-31.587499618530273
73d32f5bb75976e4,0.6085969805717468,-0.12529399991035461,-1.1183407306671143,0.24022257328033447,1,-59.22500228881836,23.125,0.9575780034065247,2,0.4124864339828491,401.3587341308594,2023-06-08 16:39:35,-32.66250228881836
73d32f5bb75976e4,0.32799699902534485,-0.21947799623012543,,,1,-58.625,23.86250114440918,0.5613219738006592,0,,421.25872802734375,2023-06-08 16:39:36,-33.32500076293945
73d32f5bb75976e4,0.6520289778709412,-0.15701399743556976,-1.4118611812591553,1.1429280042648315,1,-59.03750228881836,22.23750114440918,0.9575780034065247,1,0.7654135823249817,,2023-06-08 16:39:36,-32.76250076293945
73d32f5bb75976e4,0.40119701623916626,-0.029158001765608788,-0.10125083476305008,0.5894845128059387,1,-59.57500076293945,20.962499618530273,0.9648980498313904,2,0.4894554018974304,412.6662292480469,2023-06-08 16:39:36,-31.4375
73d32f5bb75976e4,0.6051809787750244,0.44615399837493896,-0.06994401663541794,1.1148282289505005,1,-59.150001525878906,18.475000381469727,0.8302099704742432,3,0.4689914286136627,361.10498046875,2023-06-08 16:39:36,-28.274999618530273
73d32f5bb75976e4,0.34361299872398376,0.4837300181388855,0.13530655205249786,0.23503021895885468,1,-58.20000076293945,16.962499618530273,0.5374099612236023,0,-0.007635809946805239,309.0924987792969,2023-06-08 16:39:37,-25.287500381469727
73d32f5bb75976e4,1.1068450212478638,0.36368200182914734,-1.5746567249298096,-1.5441133975982666,1,-55.9375,13.90000057220459,0.44908201694488525,1,0.07116574794054031,152.1074981689453,2023-06-08 16:39:37,-18.600000381469727
73d32f5bb75976e4,0.528564989566803,0.34220999479293823,0.5319104790687561,-0.44089165329933167,1,-53.625,13.037500381469727,0.23582600057125092,2,0.7538071274757385,167.48500061035156,2023-06-08 16:39:37,-15.637499809265137
73d32f5bb75976e4,0.3597170114517212,1.0200419425964355,0.4673115611076355,-0.7579304575920105,1,-51.875,12.350000381469727,0.48470598459243774,0,0.10751219838857651,210.90499877929688,2023-06-08 16:39:38,-15.65000057220459
73d32f5bb75976e4,0.47293299436569214,0.8609539270401001,0.9616538882255554,-1.8849760293960571,1,-47.76250076293945,11.375,0.4115059971809387,1,-1.5065453052520752,476.4375,2023-06-08 16:39:38,-19.162500381469727
73d32f5bb75976e4,0.24357299506664276,0.6711220145225525,0.18524473905563354,1.7722713947296143,1,-44.5,12.987500190734863,0.34220999479293823,2,-0.9770781993865967,840.978759765625,2023-06-08 16:39:38,-27.75
73d32f5bb75976e4,-0.016042999923229218,0.39784201979637146,-0.7690787315368652,0.551152765750885,1,-43.16250228881836,15.4375,0.9068260192871094,0,-0.7038689255714417,,2023-06-08 16:39:39,-31.200000762939453
73d32f5bb75976e4,0.06838100403547287,0.04745800048112869,-0.28237223625183105,-0.10277800261974335,1,-39.88750076293945,20.837499618530273,0.9268340468406677,1,-0.45066550374031067,735.5962524414062,2023-06-08 16:39:39,-35.900001525878906
73d32f5bb75976e4,0.46170899271965027,0.1113860011100769,-0.3223838806152344,-0.16814053058624268,1,-36.88750076293945,27,0.862417995929718,2,-0.5797106623649597,652.8287353515625,2023-06-08 16:39:39,-38.86249923706055
73d32f5bb75976e4,0.6964370012283325,-0.010614000260829926,,,1,-35.82500076293945,28.9375,0.8956020474433899,0,,608.5050048828125,2023-06-08 16:39:40,-39.17499923706055
73d32f5bb75976e4,0.6886290311813354,-0.2526620030403137,-0.31673339009284973,-0.24526220560073853,1,-35.20000076293945,29.537500381469727,0.919514000415802,1,-0.25152358412742615,579.1062622070312,2023-06-08 16:39:40,-39.10000228881836
73d32f5bb75976e4,0.4992849826812744,-0.07259000092744827,-0.010995565913617611,0.1340848207473755,1,-32.10000228881836,26.67500114440918,0.6296420097351074,2,-0.4172206521034241,561.9199829101562,2023-06-08 16:39:40,-40.03750228881836
73d32f5bb75976e4,0.6232370138168335,0.08747399598360062,-0.5160280466079712,0.6204859018325806,1,-28.912500381469727,22.762500762939453,0.9585539698600769,3,0.31291547417640686,656.4462280273438,2023-06-08 16:39:40,-41.125
73d32f5bb75976e4,0.5954210162162781,-0.06283000111579895,0.33017241954803467,-0.058795735239982605,1,-27.912500381469727,20.98750114440918,0.8155699968338013,0,0.3066541254520416,716.6012573242188,2023-06-08 16:39:41,-41.5625
73d32f5bb75976e4,0.7208369970321655,-0.08186200261116028,0.19104796648025513,-0.13683371245861053,1,-26.67500114440918,18.55000114440918,0.731145977973938,1,0.08368847519159317,682.6787109375,2023-06-08 16:39:41,-42.41250228881836
73d32f5bb75976e4,0.522221028804779,-0.04135800153017044,-0.013897174037992954,0.10995566099882126,1,-26.350000381469727,18.399999618530273,0.6340339779853821,2,-0.1363755613565445,648.3062133789062,2023-06-08 16:39:41,-42.79999923706055
73d32f5bb75976e4,0.503188967704773,0.07332199811935425,0.2162461280822754,-0.2626718580722809,1,-26.600000381469727,19.387500762939453,0.9487940073013306,0,0.09178243577480316,634.2849731445312,2023-06-08 16:39:42,-42.837501525878906
73d32f5bb75976e4,0.5832210183143616,-0.004269999917596579,0.4776962697505951,-0.13332124054431915,1,-26.637500762939453,23.387500762939453,0.5369219779968262,1,0.3981311321258545,321.7562561035156,2023-06-08 16:39:42,-42.03750228881836
73d32f5bb75976e4,0.6339730024337769,-0.23314201831817627,0.02718348242342472,0.09666935354471207,1,-27.412500381469727,28.17500114440918,1.1610740423202515,2,0.1510363221168518,59.38999938964844,2023-06-08 16:39:42,-39.51250076293945
73d32f5bb75976e4,0.7759810090065002,-0.1399340033531189,,,1,-27.850000381469727,30.11250114440918,0.7965379953384399,0,,53.5099983215332,2023-06-08 16:39:43,-37.92499923706055
73d32f5bb75976e4,0.5510129928588867,0.11382599174976349,-0.5662716627120972,0.16844595968723297,1,-28.262500762939453,32.962501525878906,0.9307380318641663,1,0.11209368705749512,54.41374969482422,2023-06-08 16:39:43,-34.75
73d32f5bb75976e4,0.6276290416717529,-0.38686200976371765,0.22968515753746033,0.1750127524137497,1,-28.42500114440918,33.875,0.8175219297409058,2,0.49861836433410645,55.318748474121094,2023-06-08 16:39:43,-33.125
73d32f5bb75976e4,0.5480850338935852,0.07039399445056915,0.36132651567459106,0.7936660647392273,2,-74.45000457763672,2.862499952316284,0.8365539908409119,0,-0.022449281066656113,840.5262451171875,2023-06-08 16:22:32,-136.0500030517578
73d32f5bb75976e4,0.5183169841766357,-0.036965999752283096,-0.476321816444397,0.26221370697021484,2,-69.23750305175781,10.71250057220459,0.8067860007286072,0,0.1931859850883484,849.1199951171875,2023-06-08 16:22:33,-146.5749969482422
73d32f5bb75976e4,0.06984499841928482,-0.1643339991569519,-0.39507678151130676,-0.41706791520118713,2,-80.95000457763672,17.637500762939453,1.0024739503860474,1,0.5233584046363831,754.1399536132812,2023-06-08 16:22:33,-156.8000030517578
73d32f5bb75976e4,0.19379699230194092,-0.17262999713420868,0.15729768574237823,0.4805978536605835,2,-84.625,13.8125,0.8804739713668823,2,0.5184714794158936,685.3924560546875,2023-06-08 16:22:33,-162.3249969482422
73d32f5bb75976e4,0.5846850275993347,0.26120197772979736,0.3756818473339081,0.2075413018465042,2,-84.88750457763672,17.637500762939453,1.1274019479751587,0,-0.18142683804035187,884.3974609375,2023-06-08 16:22:34,-168.85000610351562
73d32f5bb75976e4,0.1235249936580658,0.01769000105559826,-0.443945974111557,1.2680025100708008,2,-91.11250305175781,21.712499618530273,0.9912500381469727,1,-0.34926193952560425,912.8924560546875,2023-06-08 16:22:34,-167.33750915527344
73d32f5bb75976e4,0.2743169963359833,-0.31414997577667236,0.35766133666038513,-0.23854269087314606,2,-97.1875,21.387500762939453,1.1210579872131348,2,-0.04657844081521034,812.9375,2023-06-08 16:22:34,-154.1374969482422
73d32f5bb75976e4,0.7305970191955566,0.00939400028437376,-0.8358157277107239,0.3770562708377838,2,-99.07500457763672,22.67500114440918,0.6140260100364685,0,0.10277800261974335,812.4849853515625,2023-06-08 16:22:35,-148.1125030517578
73d32f5bb75976e4,0.6017650365829468,-0.0974779948592186,0.03405570983886719,-0.10384701192378998,2,-5.462500095367432,88.70000457763672,1.0146739482879639,1,0.06994401663541794,197.33624267578125,2023-06-08 16:22:35,-51.17499923706055
73d32f5bb75976e4,0.6949729919433594,-0.029158001765608788,0.09392046183347702,-0.060781046748161316,2,-7.0625,88.7125015258789,0.7345620393753052,0,0.05818486958742142,207.28623962402344,2023-06-08 16:36:24,-50.60000228881836
73d32f5bb75976e4,0.7223010063171387,-0.008174000307917595,0.035124726593494415,-0.04245510324835777,2,-7.450000286102295,89.80000305175781,0.6955220103263855,1,-0.04581485688686371,215.427490234375,2023-06-08 16:36:24,-51.32500076293945
73d32f5bb75976e4,0.6847249865531921,0.04696999862790108,-0.09361502528190613,0.20173808932304382,2,-5.737500190734863,89.51250457763672,0.7384659647941589,2,0.0102319847792387,,2023-06-08 16:36:24,-51.32500076293945
73d32f5bb75976e4,0.7608529925346375,0.007441999856382608,0.11178825795650482,0.1357647031545639,2,-5.775000095367432,88.9625015258789,0.7677460312843323,0,-0.02779434807598591,208.64373779296875,2023-06-08 16:36:25,-50.17499923706055
73d32f5bb75976e4,0.775005042552948,0.016713999211788177,-0.2689332067966461,-0.20998476445674896,2,-7.724999904632568,88.5999984741211,0.6369619965553284,1,0.09575305134057999,209.09500122070312,2023-06-08 16:36:25,-45.70000076293945
73d32f5bb75976e4,0.7266929745674133,0.026961999014019966,-0.0818558782339096,-0.2110537886619568,2,-12.512499809265137,85.76250457763672,0.601826012134552,2,0.2606865465641022,228.58624267578125,2023-06-08 16:36:25,-43.150001525878906
73d32f5bb75976e4,0.7345010042190552,-0.009150000289082527,0.28848087787628174,-0.20112723112106323,2,-19.899999618530273,79.7249984741211,0.8121539950370789,0,0.1386663019657135,230.39498901367188,2023-06-08 16:36:26,-41.150001525878906
73d32f5bb75976e4,0.6988770365715027,0.07820200175046921,0.3588830530643463,0.1337793916463852,2,-24.100000381469727,76.875,0.7448099851608276,1,0.18096868693828583,,2023-06-08 16:36:26,-39.900001525878906
73d32f5bb75976e4,0.7501170039176941,-0.029645999893546104,-0.33047783374786377,-0.11316270381212234,2,-31.837499618530273,70.4749984741211,0.6491619944572449,2,-0.14798198640346527,224.92498779296875,2023-06-08 16:36:26,-38.54999923706055
73d32f5bb75976e4,0.7266929745674133,0.06453800201416016,-0.36942046880722046,0.1107192412018776,2,-34.775001525878906,66.7249984741211,0.5544899702072144,0,-0.24495677649974823,229.89999389648438,2023-06-08 16:36:27,-38.625
73d32f5bb75976e4,0.7369409799575806,0.0006099999882280827,-0.49831295013427734,-0.13072505593299866,2,-37.587501525878906,59.61249923706055,0.7374899983406067,1,-0.8486438989639282,238.083740234375,2023-06-08 16:36:27,-37.3125
73d32f5bb75976e4,0.733036994934082,0.019642001017928123,-0.7707586288452148,-0.23732095956802368,2,-36.72500228881836,53.28750228881836,0.7326100468635559,2,-0.09544762223958969,250.29624938964844,2023-06-08 16:36:27,-35.97500228881836
73d32f5bb75976e4,0.7315730452537537,-0.04038200154900551,-0.6640099883079529,-0.48563748598098755,2,-36.212501525878906,49.88750076293945,0.8028820157051086,0,-0.1029307171702385,249.39125061035156,2023-06-08 16:36:28,-36.525001525878906
73d32f5bb75976e4,0.7037569880485535,-0.03647800162434578,0.23594652116298676,0.29153522849082947,2,-32.73749923706055,42.962501525878906,0.5627859830856323,1,-0.2788597643375397,230.39498901367188,2023-06-08 16:36:28,-39.4375
73d32f5bb75976e4,0.6256769895553589,0.28804197907447815,-0.06322450190782547,-0.10842850059270859,2,-27.98750114440918,37.650001525878906,0.6745380163192749,2,-0.12812888622283936,255.72373962402344,2023-06-08 16:36:28,-41.900001525878906
73d32f5bb75976e4,0.6432449817657471,0.019642001017928123,,,2,-25.012500762939453,35.5625,0.7287060022354126,0,,258.4362487792969,2023-06-08 16:36:29,-43.125
73d32f5bb75976e4,0.6286050081253052,0.03769800066947937,0.26542073488235474,0.1510363221168518,2,-20.524999618530273,32.04999923706055,0.8033699989318848,1,0.17302745580673218,273.81500244140625,2023-06-08 16:36:29,-45.5625
73d32f5bb75976e4,0.6144530177116394,0.017201999202370644,-0.0873536616563797,0.01802051067352295,2,-17.98750114440918,30.950000762939453,0.7531059980392456,2,0.3035998046398163,281.0512390136719,2023-06-08 16:36:29,-46.28750228881836
73d32f5bb75976e4,0.6813089847564697,0.03135399892926216,0.04474584385752678,-0.053603384643793106,2,-14.637499809265137,30.887500762939453,0.7409060001373291,3,-0.11056652665138245,261.6025085449219,2023-06-08 16:36:29,-47.51250076293945
73d32f5bb75976e4,0.6700850129127502,0.10309000313282013,0.06215549260377884,-0.03894263133406639,2,-12.925000190734863,31.600000381469727,0.7692100405693054,0,-0.2984074354171753,257.9849853515625,2023-06-08 16:36:30,-47.79999923706055
73d32f5bb75976e4,0.5846850275993347,0.12212200462818146,0.11927134543657303,-0.04932733252644539,2,-10.1875,34.3125,0.6706339716911316,1,-0.06001746281981468,,2023-06-08 16:36:30,-47.35000228881836
73d32f5bb75976e4,0.6139649748802185,0.018665999174118042,0.15470150113105774,-0.0850629210472107,2,-9.762499809265137,38.57500076293945,0.7711619734764099,2,0.02916879393160343,,2023-06-08 16:36:30,-44.462501525878906
73d32f5bb75976e4,0.578341007232666,-0.052094001322984695,-0.03329212963581085,-0.00946840364485979,2,-10.375,40.775001525878906,0.7428579926490784,0,-0.05177079141139984,,2023-06-08 16:36:31,-41.95000076293945
73d32f5bb75976e4,0.5710209608078003,-0.014030001126229763,-0.06795870512723923,-0.11667517572641373,2,-9.412500381469727,42.95000076293945,0.8170339465141296,1,-0.10903936624526978,,2023-06-08 16:36:31,-36.22500228881836
73d32f5bb75976e4,0.5690690279006958,-0.007197999861091375,0.05803215503692627,0.06414080411195755,2,-9.412500381469727,42.5625,0.879010021686554,2,0.024281874299049377,260.2462463378906,2023-06-08 16:36:31,-30.575000762939453
73d32f5bb75976e4,0.5793169736862183,-0.058437999337911606,0.10888664424419403,0.1776089370250702,2,-9.9375,42.38750076293945,0.8648579716682434,0,0.09239330142736435,267.48248291015625,2023-06-08 16:36:32,-27.887500762939453
73d32f5bb75976e4,0.6076209545135498,-0.07502999901771545,0.16936226189136505,-0.04764745384454727,2,-10.237500190734863,40.48749923706055,0.7843379974365234,1,0.16905683279037476,270.1962585449219,2023-06-08 16:36:32,-23.625
73d32f5bb75976e4,0.6276290416717529,-0.0462380014359951,-0.1464548259973526,-0.08674279600381851,2,-10.77500057220459,27.80000114440918,0.7082099914550781,2,-0.1256854236125946,267.0299987792969,2023-06-08 16:36:32,-22.137500762939453
73d32f5bb75976e4,0.6085969805717468,0.04550600051879883,-0.04321868345141411,0.08155044913291931,2,-17.80000114440918,22.662500381469727,0.8048340082168579,0,-0.09865466505289078,,2023-06-08 16:36:33,-20.450000762939453
73d32f5bb75976e4,0.6134769916534424,0.030378000810742378,-0.08399390429258347,-0.0062613640911877155,2,-32.29999923706055,19.662500381469727,0.7980020046234131,1,-0.10140355676412582,270.64874267578125,2023-06-08 16:36:33,-19.412500381469727
73d32f5bb75976e4,0.6022530198097229,0.06551399827003479,-0.03451386094093323,-0.10338886082172394,2,-39.66250228881836,19.3125,0.8092259764671326,2,-0.03817904740571976,276.97998046875,2023-06-08 16:36:33,-18.5
73d32f5bb75976e4,0.6305570006370544,-0.02379000000655651,-0.09147699922323227,0.10461059212684631,2,-55.42499923706055,21.412500381469727,0.7335860133171082,3,0.06551524996757507,268.3874816894531,2023-06-08 16:36:33,-15.612500190734863
73d32f5bb75976e4,0.6544690132141113,-0.04574999958276749,0.09422589093446732,0.162031888961792,2,-63.66250228881836,25.524999618530273,0.8067860007286072,0,0.14141519367694855,263.8637390136719,2023-06-08 16:36:34,-12.925000190734863
73d32f5bb75976e4,0.6159169673919678,0.0035379999317228794,0.14691297709941864,0.016187917441129684,2,-72.7125015258789,41.275001525878906,0.6847860217094421,1,-0.011300998739898205,,2023-06-08 16:36:34,-7.700000286102295
73d32f5bb75976e4,0.6486129760742188,-0.07795799523591995,-0.09162971377372742,0.03634645417332649,2,-75.3375015258789,44.26250076293945,0.7921459674835205,2,0.006414080038666725,266.1262512207031,2023-06-08 16:36:34,-5.050000190734863
73d32f5bb75976e4,0.6325089931488037,-0.07600600272417068,0.10323614627122879,0.16157373785972595,2,-81.0625,48.337501525878906,0.7848260402679443,3,-0.1490510106086731,259.7937316894531,2023-06-08 16:36:34,0.5875000357627869
73d32f5bb75976e4,0.6456850171089172,-0.034525997936725616,-0.18432845175266266,0.01282816007733345,2,-84.55000305175781,51.26250076293945,0.7643299698829651,0,-0.20509785413742065,274.2662353515625,2023-06-08 16:36:35,4
73d32f5bb75976e4,0.6720370054244995,-0.06770999729633331,-0.0818558782339096,0.045967575162649155,2,-85.4749984741211,54.212501525878906,0.7804340124130249,1,-0.20922118425369263,298.23748779296875,2023-06-08 16:36:35,3.9375
73d32f5bb75976e4,0.6681329607963562,-0.03940599784255028,-0.08597921580076218,-0.035124726593494415,2,-83.8125,55.54999923706055,0.7443220019340515,0,-0.08918625861406326,,2023-06-08 16:36:36,3.5625
73d32f5bb75976e4,0.6817970275878906,-0.05697400122880936,-0.4702131748199463,0.31719154119491577,2,-75.63750457763672,59.97500228881836,0.6838099956512451,1,-0.5462658405303955,340.29998779296875,2023-06-08 16:36:36,2.6000001430511475
73d32f5bb75976e4,0.6783810257911682,-0.03647800162434578,-1.3761255741119385,0.09422589093446732,2,-56.41250228881836,66.38750457763672,0.8072739839553833,2,-1.1366666555404663,376.03125,2023-06-08 16:36:36,-4.075000286102295
73d32f5bb75976e4,0.6300690174102783,0.021105999127030373,-1.441640853881836,-0.08597921580076218,2,-44.25,65.4625015258789,0.7545700073242188,0,-1.2429571151733398,424.42498779296875,2023-06-08 16:36:37,-9.675000190734863
73d32f5bb75976e4,0.643733024597168,-0.15067000687122345,-1.3449715375900269,-0.33948808908462524,2,-23.887500762939453,58.57500076293945,0.7775059938430786,1,-1.509141445159912,430.7574768066406,2023-06-08 16:36:37,-21.05000114440918
73d32f5bb75976e4,0.6325089931488037,-0.06380599737167358,-0.6563742160797119,-0.06337722390890121,2,-7.224999904632568,48.23749923706055,0.7716500163078308,2,-1.317788004875183,441.1600036621094,2023-06-08 16:36:37,-32.92499923706055
73d32f5bb75976e4,0.5568690299987793,0.0010979999788105488,-1.1643083095550537,-0.07742711156606674,2,0.21250000596046448,40.67499923706055,0.8428979516029358,3,-1.0384701490402222,507.6449890136719,2023-06-08 16:36:37,-38.41250228881836
73d32f5bb75976e4,0.6120129823684692,0.016713999211788177,-0.2864955961704254,-0.27107125520706177,2,7.387500286102295,19.200000762939453,0.7457860112190247,0,-0.6692023873329163,614.385009765625,2023-06-08 16:36:38,-42.70000076293945
73d32f5bb75976e4,0.45878103375434875,-0.08625400066375732,-0.07681624591350555,-0.29245150089263916,2,7.950000286102295,10.850000381469727,0.9141460061073303,1,-0.30283620953559875,671.8250122070312,2023-06-08 16:36:38,-41.462501525878906
73d32f5bb75976e4,0.36752501130104065,-0.03745400160551071,-0.24984370172023773,0.06673697382211685,2,10.25,-1.8625000715255737,0.9487940073013306,2,-0.3955349326133728,660.0650024414062,2023-06-08 16:36:38,-36.337501525878906
73d32f5bb75976e4,0.47634902596473694,0.15628200769424438,-0.34116798639297485,-0.17562362551689148,2,11.037500381469727,-7.412499904632568,0.9727059602737427,0,-0.2747364342212677,631.5712280273438,2023-06-08 16:36:39,-32.962501525878906
73d32f5bb75976e4,0.4202290177345276,0.08454599976539612,-0.17913609743118286,-0.11835505068302155,2,10.6875,-16.1875,0.9038979411125183,1,-0.1957821547985077,557.8487548828125,2023-06-08 16:36:39,-24.42500114440918
73d32f5bb75976e4,0.4875729978084564,0.1084580048918724,0.20922118425369263,-0.14950916171073914,2,7.974999904632568,-18.92500114440918,0.7760419845581055,2,-0.09621120244264603,550.6124877929688,2023-06-08 16:36:39,-14.550000190734863
73d32f5bb75976e4,0.41925299167633057,0.16701799631118774,0.018325943499803543,0.14370593428611755,2,6.400000095367432,-18.537500381469727,0.7936100363731384,0,0.26648977398872375,544.7324829101562,2023-06-08 16:36:40,-9.762499809265137
73d32f5bb75976e4,0.5495490431785583,0.19239400327205658,0.29153522849082947,0.5467239618301392,2,4.862500190734863,-15.362500190734863,0.9707540273666382,1,0.6165152788162231,544.2799682617188,2023-06-08 16:36:40,-2.5
73d32f5bb75976e4,0.4621970057487488,0.02647400088608265,0.18096868693828583,0.16936226189136505,2,5.125,-12.912500381469727,1.0825060606002808,2,0.19440771639347076,567.3474731445312,2023-06-08 16:36:40,-0.75
73d32f5bb75976e4,0.520268976688385,-0.008174000307917595,,,2,5.825000286102295,-10.33750057220459,0.860465943813324,0,,513.072509765625,2023-06-08 16:36:41,-0.36250001192092896
73d32f5bb75976e4,0.5719969868659973,0.11382599174976349,0.18921536207199097,0.012522728182375431,2,7.3125,-6.050000190734863,0.8004419803619385,1,0.25992295145988464,436.63623046875,2023-06-08 16:36:41,-3.9125001430511475
73d32f5bb75976e4,0.5500370264053345,0.08893799781799316,0.3530798554420471,0.08674279600381851,2,8.225000381469727,-4.5625,0.7409060001373291,2,0.2507599890232086,430.30499267578125,2023-06-08 16:36:41,-7.8125
73d32f5bb75976e4,0.6012769937515259,0.11333800852298737,0.5131264328956604,-0.0062613640911877155,2,9.225000381469727,-1.8000000715255737,0.7262660264968872,3,0.2883281707763672,414.4749755859375,2023-06-08 16:36:41,-16.575000762939453
73d32f5bb75976e4,0.6735010147094727,0.09674600511789322,-0.05085449293255806,0.07315105944871902,2,8.9375,-0.45000001788139343,0.7487139701843262,0,0.20723587274551392,423.0687255859375,2023-06-08 16:36:42,-20.274999618530273
73d32f5bb75976e4,0.5968849658966064,0.029889998957514763,-0.20158538222312927,0.2367101013660431,2,7.162499904632568,2.6000001430511475,0.8424099683761597,1,0.15592323243618011,437.0887451171875,2023-06-08 16:36:42,-25.637500762939453
73d32f5bb75976e4,0.7027809619903564,0.0010979999788105488,0.029626941308379173,0.11606431007385254,2,4.462500095367432,6.525000095367432,0.8424099683761597,2,-0.09330959618091583,453.82373046875,2023-06-08 16:36:42,-27.17500114440918
73d32f5bb75976e4,0.6764289736747742,0.022082000970840454,0.12400554865598679,-0.08872810751199722,2,3.262500047683716,8.625,0.756521999835968,0,0.11927134543657303,443.8737487792969,2023-06-08 16:36:43,-26.387500762939453
73d32f5bb75976e4,0.6388530135154724,0.034282002598047256,0.004886918235570192,0.03634645417332649,2,1.662500023841858,11.65000057220459,0.732122004032135,1,0.12751802802085876,424.87750244140625,2023-06-08 16:36:43,-23.80000114440918
73d32f5bb75976e4,0.6764289736747742,0.13627399504184723,-0.13759729266166687,-0.24297146499156952,2,1.1750000715255737,12.71250057220459,0.7140659689903259,2,0.1418733447790146,447.4912414550781,2023-06-08 16:36:43,-21.762500762939453
73d32f5bb75976e4,0.6900930404663086,0.07332199811935425,-0.13332124054431915,0.10873392969369888,2,1.100000023841858,13.100000381469727,0.7350500226020813,0,0.2724456787109375,460.60748291015625,2023-06-08 16:36:44,-20.587499618530273
73d32f5bb75976e4,0.6349490284919739,0.13041800260543823,-0.08292489498853683,-0.053603384643793106,2,1.350000023841858,13.512499809265137,0.7672579884529114,1,-0.3646862804889679,452.0149841308594,2023-06-08 16:36:44,-19.825000762939453
73d32f5bb75976e4,0.5754129886627197,0.244609996676445,0.004276053514331579,-0.16859868168830872,2,1.4375,13.350000381469727,0.8224020600318909,2,-0.14523309469223022,470.5574951171875,2023-06-08 16:36:44,-20.48750114440918
73d32f5bb75976e4,0.643733024597168,0.1294419914484024,0.13393209874629974,-0.028863361105322838,2,0.675000011920929,13.225000381469727,0.7789700031280518,0,-0.05528326332569122,481.864990234375,2023-06-08 16:36:45,-20.350000381469727
73d32f5bb75976e4,0.5934690237045288,0.1474979966878891,0.09086613357067108,0.19730933010578156,2,-1.537500023841858,13.037500381469727,0.7169939875602722,1,-0.010079269297420979,487.7449951171875,2023-06-08 16:36:45,-19.537500381469727
73d32f5bb75976e4,0.5968849658966064,0.20361800491809845,0.06062832847237587,-0.030085090547800064,2,-3.25,12.300000190734863,0.7316340208053589,2,0.025350889191031456,480.50872802734375,2023-06-08 16:36:45,-19.875
73d32f5bb75976e4,0.6115249991416931,0.13968999683856964,0.06276635825634003,-0.09086613357067108,2,-4.150000095367432,12.012499809265137,0.7194340229034424,3,0.051618073135614395,485.4837341308594,2023-06-08 16:36:45,-19.725000381469727
73d32f5bb75976e4,0.611037015914917,0.0962579995393753,-0.06414080411195755,-0.05604684352874756,2,-5.474999904632568,11.975000381469727,0.7960500121116638,0,-0.11178825795650482,504.0274963378906,2023-06-08 16:36:46,-19.55000114440918
73d32f5bb75976e4,0.6061570048332214,0.10943399369716644,-0.05696314200758934,-0.06933315098285675,2,-5.349999904632568,11.762499809265137,0.7994660139083862,1,-0.14217877388000488,,2023-06-08 16:36:46,-20.387500762939453
73d32f5bb75976e4,0.6046929955482483,0.14115400612354279,-0.02519817277789116,-0.06352993845939636,2,-4.425000190734863,10.83750057220459,0.8306980729103088,2,0.04780016839504242,,2023-06-08 16:36:46,-22.825000762939453
73d32f5bb75976e4,0.5871250033378601,0.08649799972772598,0.1467602699995041,0.2237292230129242,2,-3.6875,10.3125,0.7921459674835205,0,0.054214250296354294,,2023-06-08 16:36:47,-24
73d32f5bb75976e4,0.6261650323867798,0.11577799916267395,0.010079269297420979,0.0922405794262886,2,-1.375,9.100000381469727,0.789218008518219,1,-0.1744018942117691,518.0474853515625,2023-06-08 16:36:47,-28.024999618530273
73d32f5bb75976e4,0.5466209650039673,0.1289539933204651,-0.007177661173045635,0.1614210158586502,2,2.4375,7.599999904632568,0.6784420013427734,2,-0.06337722390890121,531.1637573242188,2023-06-08 16:36:47,-33.16250228881836
73d32f5bb75976e4,0.5197809934616089,0.03525800257921219,-0.05711585655808449,-0.06307178735733032,2,6.349999904632568,6.462500095367432,0.7960500121116638,0,0.033139415085315704,504.47998046875,2023-06-08 16:36:48,-37.525001525878906
73d32f5bb75976e4,0.5622369647026062,0.06356199830770493,0.0308486707508564,-0.015271619893610477,2,8.0625,6.150000095367432,0.8511939644813538,1,-0.1357647031545639,489.5537414550781,2023-06-08 16:36:48,-39.025001525878906
73d32f5bb75976e4,0.6017650365829468,0.007930000312626362,-0.05177079141139984,-0.015577051788568497,2,10.800000190734863,5.512500286102295,0.7374899983406067,2,-0.11499529331922531,483.6737365722656,2023-06-08 16:36:48,-40.025001525878906
73d32f5bb75976e4,0.6100610494613647,0.05282599851489067,0.02932151034474373,-0.07712167501449585,2,11.574999809265137,4.875,0.797514021396637,0,0.05146535858511925,477.3424987792969,2023-06-08 16:36:49,-39.82500076293945
73d32f5bb75976e4,0.643733024597168,0.012809999287128448,-0.007024944759905338,0.004123337101191282,2,11.96250057220459,3.825000047683716,0.7867780327796936,1,-0.07086031138896942,,2023-06-08 16:36:49,-38.85000228881836
73d32f5bb75976e4,0.6290929913520813,0.06746599823236465,0.4341721534729004,0.11866047978401184,2,11.362500190734863,2.0250000953674316,0.7550579905509949,2,0.17715078592300415,,2023-06-08 16:36:49,-37.78750228881836
73d32f5bb75976e4,0.603717029094696,0.045993998646736145,0.09666935354471207,-0.037720900028944016,2,10.949999809265137,1.350000023841858,0.7667700052261353,3,0.10674861818552017,468.7487487792969,2023-06-08 16:36:49,-37.712501525878906
73d32f5bb75976e4,0.667156994342804,-0.06478200107812881,0.13393209874629974,-0.22846342623233795,2,10.487500190734863,0.737500011920929,0.860465943813324,0,-0.07116574794054031,497.24249267578125,2023-06-08 16:36:50,-37.72500228881836
73d32f5bb75976e4,0.6222609877586365,-0.04428600147366524,-0.05803215503692627,0.2292270064353943,2,10.387499809265137,0.762499988079071,0.7496899962425232,1,-0.019853105768561363,,2023-06-08 16:36:50,-38.10000228881836
73d32f5bb75976e4,0.5583330392837524,-0.20776599645614624,0.0539088174700737,-0.0896444097161293,2,10.662500381469727,2.4000000953674316,0.8321620225906372,2,0.028863361105322838,510.3587341308594,2023-06-08 16:36:50,-38.962501525878906
73d32f5bb75976e4,0.6276290416717529,-0.14383800327777863,0.12156209349632263,-0.06750056147575378,2,10.925000190734863,3.799999952316284,0.7028419971466064,0,0.05742128938436508,530.260009765625,2023-06-08 16:36:51,-39.51250076293945
73d32f5bb75976e4,0.602741003036499,-0.07746999710798264,0.039248060435056686,0.047952886670827866,2,11.350000381469727,7.175000190734863,0.7994660139083862,1,0.025045456364750862,543.376220703125,2023-06-08 16:36:51,-41.087501525878906
73d32f5bb75976e4,0.6046929955482483,-0.1306620091199875,0.0896444097161293,0.0032070400193333626,2,11.137499809265137,10.324999809265137,0.8253299593925476,2,-0.003512472379952669,,2023-06-08 16:36:51,-43.38750076293945
73d32f5bb75976e4,0.6085969805717468,-0.10870199650526047,0.12278381735086441,0.004581485874950886,2,10.975000381469727,11.975000381469727,0.7926340103149414,0,0.09758564829826355,,2023-06-08 16:36:52,-44.337501525878906
73d32f5bb75976e4,0.6144530177116394,-0.14530199766159058,0.1533270627260208,0.04520399495959282,2,9.787500381469727,14.537500381469727,0.8106899857521057,1,0.10399972647428513,,2023-06-08 16:36:52,-46.79999923706055
73d32f5bb75976e4,0.6247009634971619,-0.15067000687122345,-0.2861901521682739,0.21670427918434143,2,8.387499809265137,17.6875,0.7965379953384399,2,-0.07574722915887833,,2023-06-08 16:36:52,-49.5625
73d32f5bb75976e4,0.6481249928474426,-0.18971000611782074,-0.28954991698265076,0.14996729791164398,2,7.474999904632568,18.875,0.7848260402679443,0,-0.02412915788590908,,2023-06-08 16:36:53,-51.0625
73d32f5bb75976e4,0.6778929829597473,-0.15115800499916077,-0.052687086164951324,0.0668896958231926,2,5.275000095367432,20.162500381469727,0.813618004322052,1,0.1026252806186676,,2023-06-08 16:36:53,-54.375
73d32f5bb75976e4,0.636413037776947,-0.167262002825737,-0.5925388336181641,-0.009315688163042068,2,3.0375001430511475,20.3125,0.6359860301017761,2,-0.18555018305778503,,2023-06-08 16:36:53,-57.375
73d32f5bb75976e4,0.6617890000343323,-0.055021997541189194,-0.18310672044754028,0.23014330863952637,2,1.899999976158142,19.149999618530273,0.6594099998474121,3,0.008552107028663158,,2023-06-08 16:36:53,-58.70000076293945
73d32f5bb75976e4,0.7876930236816406,0.05575399845838547,0.502894401550293,-0.004734201822429895,2,-0.3375000059604645,17.0625,0.8868179321289062,0,0.16997312009334564,,2023-06-08 16:36:54,-61.04999923706055
73d32f5bb75976e4,0.7135170102119446,-0.014518000185489655,0.3263545036315918,-0.01282816007733345,2,-1.25,17.587499618530273,0.7257780432701111,1,0.41263917088508606,,2023-06-08 16:36:54,-61.67499923706055
73d32f5bb75976e4,0.8003810048103333,-0.05794999748468399,0.4130973219871521,-0.07910698652267456,2,-2.7750000953674316,22.037500381469727,0.6745380163192749,2,0.26480987668037415,,2023-06-08 16:36:54,-61.60000228881836
73d32f5bb75976e4,0.6647170186042786,-0.14725399017333984,-0.4195113778114319,-0.2585485279560089,2,-4.512500286102295,28.30000114440918,0.700402021408081,0,0.11377356201410294,,2023-06-08 16:36:55,-60.10000228881836
73d32f5bb75976e4,0.7037569880485535,-0.10040599852800369,,,2,-5.387500286102295,31.600000381469727,0.6681939959526062,1,,,2023-06-08 16:36:55,-59.20000076293945
73d32f5bb75976e4,0.6935089826583862,-0.12285400182008743,0.00946840364485979,0.000305432389723137,2,-6.825000286102295,34.5,0.9307380318641663,2,-0.27168211340904236,348.89373779296875,2023-06-08 16:36:55,-58.36249923706055
73d32f5bb75976e4,0.5412530303001404,-0.28047800064086914,-1.2005020380020142,-1.8034255504608154,3,-16.600000381469727,-5.125,0.820937991142273,0,-0.2228129357099533,70.2437515258789,2023-06-08 16:41:58,68.5250015258789
73d32f5bb75976e4,0.5358849763870239,-0.21898998320102692,0.6226239204406738,-0.004276053514331579,3,-15.6875,-6.775000095367432,0.7653059959411621,1,-0.008857538923621178,73.86249542236328,2023-06-08 16:41:58,67.4749984741211
73d32f5bb75976e4,0.3592289984226227,-0.13895800709724426,0.6612611413002014,-1.1479676961898804,3,-14.112500190734863,-7.9375,0.9985699653625488,2,0.42943793535232544,55.77124786376953,2023-06-08 16:41:58,66.13750457763672
73d32f5bb75976e4,0.22551698982715607,0.04257800057530403,0.5482511520385742,1.085659384727478,3,-12.83750057220459,-8.737500190734863,1.0605460405349731,0,-0.31383177638053894,72.9574966430664,2023-06-08 16:41:59,65.9000015258789
73d32f5bb75976e4,0.066429004073143,0.14603400230407715,0.3923279047012329,0.1792888194322586,3,-12.787500381469727,-8.800000190734863,1.1781539916992188,1,-0.2851211428642273,91.95375061035156,2023-06-08 16:41:59,66.4124984741211
73d32f5bb75976e4,0.4953809678554535,0.06795399636030197,-0.2926042377948761,0.04459312930703163,3,-12.412500381469727,-9.725000381469727,1.0356580018997192,2,-0.2023489624261856,132.20750427246094,2023-06-08 16:41:59,68.17500305175781
73d32f5bb75976e4,0.5402770042419434,-0.2243579924106598,0.04566214233636856,-0.04810560122132301,3,-8.225000381469727,-11.21250057220459,0.9546499848365784,0,0.03741546720266342,23.00374984741211,2023-06-08 16:42:00,88.0625
73d32f5bb75976e4,0.8086769580841064,0.010858000256121159,0.1302669197320938,-0.28008151054382324,3,-8.21250057220459,-11.375,0.5432659983634949,0,0.09987638890743256,,2023-06-08 16:42:28,87.7249984741211
73d32f5bb75976e4,0.8018450140953064,-0.020862000063061714,0.02367101050913334,-0.592233419418335,3,-8.58750057220459,-11.65000057220459,0.6047540307044983,1,-0.15592323243618011,27.978750228881836,2023-06-08 16:42:28,86.86250305175781
73d32f5bb75976e4,0.7823249697685242,0.021105999127030373,0.19960007071495056,-0.27626359462738037,3,-9.137499809265137,-11.824999809265137,0.6115860342979431,0,-0.1418733447790146,30.239999771118164,2023-06-08 16:42:29,85.9000015258789
73d32f5bb75976e4,0.6774049997329712,-0.05111800134181976,-0.35414886474609375,-0.021838415414094925,3,-9.725000381469727,-11.912500381469727,0.7130900025367737,1,-0.2519817352294922,33.40625,2023-06-08 16:42:29,84.9625015258789
73d32f5bb75976e4,0.7203489542007446,-0.055021997541189194,0.010995565913617611,-0.15897755324840546,3,-10.137499809265137,-11.637499809265137,0.6662420034408569,2,-0.23197589814662933,,2023-06-08 16:42:29,84.73750305175781
73d32f5bb75976e4,0.7198609709739685,-0.04330999776721001,0.295811265707016,-0.21777328848838806,3,-10.737500190734863,-11.475000381469727,0.6540420055389404,3,-0.3539961278438568,32.95375061035156,2023-06-08 16:42:29,84.1875
73d32f5bb75976e4,0.6056689620018005,-0.04867799952626228,-0.10445787757635117,-0.6727148294448853,3,-12.162500381469727,-10.637499809265137,0.6711220145225525,0,-0.4427242577075958,35.66749954223633,2023-06-08 16:42:30,81.95000457763672
73d32f5bb75976e4,0.49196499586105347,-0.21654999256134033,-0.21975859999656677,-0.4143190383911133,3,-12.862500190734863,-9.862500190734863,0.49739399552345276,1,0.8671225309371948,,2023-06-08 16:42:30,79.13750457763672
73d32f5bb75976e4,0.41632500290870667,-0.2243579924106598,-0.8643736839294434,0.600785493850708,3,-12.925000190734863,-10.300000190734863,1.1147140264511108,2,0.22464552521705627,32.95375061035156,2023-06-08 16:42:30,76.625
73d32f5bb75976e4,0.50416499376297,-0.07307799905538559,-0.8868229389190674,0.6921098232269287,3,-12.725000381469727,-10.699999809265137,0.97856205701828,0,0.5919279456138611,27.07499885559082,2023-06-08 16:42:31,76.61250305175781
73d32f5bb75976e4,0.27382898330688477,0.32756999135017395,-2.190866470336914,1.8406883478164673,3,-10.71250057220459,-11.4375,0.4905620217323303,1,3.548513412475586,21.647499084472656,2023-06-08 16:42:31,77.86250305175781
73d32f5bb75976e4,0.7964770197868347,0.09479400515556335,0.23014330863952637,-0.44211336970329285,3,11.550000190734863,-27.850000381469727,0.4476180076599121,0,-0.28787001967430115,29.33624839782715,2023-06-08 16:42:59,99.80000305175781
73d32f5bb75976e4,0.8984690308570862,-0.07063800096511841,-0.056657709181308746,0.04718930274248123,3,10.9375,-28.087499618530273,0.43053799867630005,1,0.005803215317428112,32.04999923706055,2023-06-08 16:42:59,99.55000305175781
73d32f5bb75976e4,0.8633330464363098,0.025985999032855034,0.07345648854970932,0.14248420298099518,3,10.83750057220459,-28.23750114440918,0.5920659899711609,2,0.019700389355421066,,2023-06-08 16:42:59,99.7125015258789
73d32f5bb75976e4,0.8316129446029663,0.002561999950557947,0.5525271892547607,-0.9639446139335632,3,9.46250057220459,-28.4375,0.6062179803848267,0,-0.485484778881073,33.40625,2023-06-08 16:43:00,98.01250457763672
73d32f5bb75976e4,0.7354769706726074,-0.21362201869487762,0.8381064534187317,-2.0474660396575928,3,8.96250057220459,-29.274999618530273,0.5105699896812439,1,1.3984222412109375,38.381248474121094,2023-06-08 16:43:00,95.98750305175781
73d32f5bb75976e4,0.6290929913520813,-0.5293580293655396,-0.4848739206790924,-0.8232930302619934,3,8.125,-30.36250114440918,0.9361060261726379,2,0.2029598206281662,37.93000030517578,2023-06-08 16:43:00,93.7125015258789
73d32f5bb75976e4,0.3992449939250946,0.04941000044345856,-0.3445277214050293,0.5384773015975952,3,6.425000190734863,-31.712499618530273,1.3421220779418945,3,-0.26878049969673157,34.76374816894531,2023-06-08 16:43:00,91.5250015258789
73d32f5bb75976e4,0.3592289984226227,0.12846601009368896,-0.5652026534080505,0.25243985652923584,3,5.625,-32.22500228881836,0.8443620204925537,0,-0.3436114490032196,33.85874938964844,2023-06-08 16:43:01,90.6500015258789
73d32f5bb75976e4,0.5066050291061401,0.24070601165294647,0.04917461425065994,-0.4682278633117676,3,3.7750000953674316,-32.53750228881836,0.7545700073242188,1,-0.1695149689912796,,2023-06-08 16:43:01,89.32500457763672
73d32f5bb75976e4,0.545644998550415,0.17043399810791016,-1.8364121913909912,1.004414439201355,3,3.75,-30.512500762939453,0.7999539971351624,2,0.27000224590301514,24.361249923706055,2023-06-08 16:43:01,93.38750457763672
73d32f5bb75976e4,0.4563409686088562,0.21825800836086273,-2.525925874710083,2.0552544593811035,3,,,0.814594030380249,0,0.8029817342758179,43.35625076293945,2023-06-08 16:43:02,
73d32f5bb75976e4,0.4051010012626648,-0.04672599956393242,0.8724676370620728,-0.10965022444725037,3,-4.287499904632568,33.63750076293945,0.9424499869346619,0,0.43753188848495483,49.89125061035156,2023-06-08 16:43:49,-38.212501525878906
73d32f5bb75976e4,0.4075410068035126,-0.026718001812696457,1.2180644273757935,0.1516471803188324,3,-4.612500190734863,39,0.8990179896354675,0,0.4995346665382385,71.60124969482422,2023-06-08 16:43:50,-37.462501525878906
73d32f5bb75976e4,0.5027009844779968,-0.3463580012321472,0.018173227086663246,0.09361502528190613,3,-4.862500190734863,42.150001525878906,0.9117059707641602,1,-0.011148282326757908,80.64624786376953,2023-06-08 16:43:50,-36.91250228881836
73d32f5bb75976e4,0.5217330455780029,-0.48934200406074524,0.42424559593200684,-0.011148282326757908,3,-4.8125,43.91250228881836,0.7667700052261353,0,0.11133010685443878,81.09874725341797,2023-06-08 16:43:51,-36.712501525878906
73d32f5bb75976e4,0.5417410135269165,-0.5166699886322021,-0.1415679156780243,-0.01893680728971958,3,-4.712500095367432,48.53750228881836,0.6325699687004089,1,0.03649916872382164,81.09874725341797,2023-06-08 16:43:51,-36.01250076293945
73d32f5bb75976e4,0.521245002746582,-0.4937340021133423,-0.27519458532333374,0.2715294063091278,3,-4.587500095367432,49.087501525878906,0.6013380289077759,2,-0.1669187992811203,78.8375015258789,2023-06-08 16:43:51,-36.16250228881836
73d32f5bb75976e4,0.5744370222091675,-0.42590200901031494,-0.2805396616458893,0.4405862092971802,3,-3.700000047683716,46.712501525878906,0.6418420076370239,0,-0.16966769099235535,84.26499938964844,2023-06-08 16:43:52,-36.23749923706055
73d32f5bb75976e4,0.5432050228118896,-0.5093500018119812,0.05696314200758934,0.17333288490772247,3,-3.6875,45.17499923706055,0.5622979998588562,1,0.28038692474365234,79.74250030517578,2023-06-08 16:43:52,-36.45000076293945
73d32f5bb75976e4,0.3445890247821808,-0.41370198130607605,0.18661919236183167,0.10018182545900345,3,-4.175000190734863,41.75,0.8394820690155029,0,0.2626718580722809,82.00374603271484,2023-06-08 16:43:53,-37.5
73d32f5bb75976e4,0.5149010419845581,-0.38344600796699524,-0.023518294095993042,-0.15012001991271973,3,-4.712500095367432,38.88750076293945,0.8370420336723328,1,0.008246674202382565,81.5512466430664,2023-06-08 16:43:53,-38.48749923706055
73d32f5bb75976e4,0.6071329712867737,-0.33171799778938293,-0.1513417512178421,-0.036804601550102234,3,-5.675000190734863,37.900001525878906,0.7008900046348572,2,0.08750637620687485,68.43499755859375,2023-06-08 16:43:53,-39.525001525878906
73d32f5bb75976e4,0.5622369647026062,-0.3512380123138428,0.4017963111400604,0.2637408673763275,3,-6.737500190734863,38.375,0.7423700094223022,0,0.08933897316455841,63.912498474121094,2023-06-08 16:43:54,-40.5625
73d32f5bb75976e4,0.5817570090293884,-0.25071001052856445,-0.8419243693351746,-1.406821608543396,3,-6.349999904632568,38.25,0.8238660097122192,1,0.4042397737503052,56.67625045776367,2023-06-08 16:43:54,-40.32500076293945
73d32f5bb75976e4,0.5934690237045288,-0.21996599435806274,-0.06994401663541794,-0.6922625303268433,3,-3.875,36.650001525878906,0.6330580115318298,2,0.13332124054431915,46.724998474121094,2023-06-08 16:43:54,-38.212501525878906
73d32f5bb75976e4,0.03958899900317192,-0.07259000092744827,-0.07055488228797913,0.46883872151374817,3,-0.800000011920929,35.47500228881836,1.0376099348068237,0,-0.637742817401886,50.79624938964844,2023-06-08 16:43:55,-35.88750076293945
73d32f5bb75976e4,0.16744500398635864,-0.19361400604248047,-0.040317077189683914,0.6149880886077881,3,1.712499976158142,33.78750228881836,1.0517619848251343,1,0.25549420714378357,53.057498931884766,2023-06-08 16:43:55,-34.35000228881836
73d32f5bb75976e4,0.1298689991235733,-0.36539000272750854,0.6560688018798828,0.8552106618881226,3,3.0375001430511475,31.762500762939453,1.490473985671997,0,-0.34238970279693604,47.42749786376953,2023-06-08 16:43:56,-33.625
73d32f5bb75976e4,0.3211649954319,-0.2941420078277588,0.5696313977241516,0.5728384256362915,3,-0.32500001788139343,31.0625,1.2250020503997803,1,0.12660172581672668,,2023-06-08 16:43:56,-35.5625
73d32f5bb75976e4,0.5744370222091675,-0.16628599166870117,-0.10797034949064255,-0.27840161323547363,3,-4.512500286102295,30.162500381469727,0.6467220187187195,2,-0.29886558651924133,,2023-06-08 16:43:56,-37.67499923706055
73d32f5bb75976e4,0.6944850087165833,-0.16335800290107727,0.14049890637397766,-0.19532401859760284,3,-8.375,29.225000381469727,0.700402021408081,0,0.5774199366569519,,2023-06-08 16:43:57,-38.9375
73d32f5bb75976e4,0.7349889874458313,-0.027205999940633774,0.35048365592956543,0.4686860144138336,3,-11.4375,28.975000381469727,0.3988180160522461,1,0.3257436454296112,,2023-06-08 16:43:57,-40
73d32f5bb75976e4,0.6329969763755798,-0.11699799448251724,-0.40576693415641785,0.22495095431804657,3,43.9375,-30.899999618530273,0.788241982460022,2,-0.07910698652267456,,2023-06-08 16:43:57,-5.075000286102295
73d32f5bb75976e4,0.3260449767112732,0.029401998966932297,-0.04046979174017906,0.30863943696022034,3,42.54999923706055,-31.92500114440918,0.7901939749717712,0,0.20906847715377808,,2023-06-08 16:48:36,-2.487499952316284
73d32f5bb75976e4,0.7676849961280823,0.03769800066947937,0.3182605504989624,-0.022754713892936707,3,42.36249923706055,-32.212501525878906,0.9038979411125183,1,0.18585561215877533,,2023-06-08 16:48:36,-2.3500001430511475
73d32f5bb75976e4,0.49098896980285645,0.03672200068831444,-0.29672756791114807,-0.13545925915241241,3,43.32500076293945,-33.462501525878906,0.7248020172119141,0,0.2813032269477844,,2023-06-08 16:48:37,-2.700000047683716
73d32f5bb75976e4,0.9199410080909729,0.018665999174118042,0.19761475920677185,-0.37140578031539917,3,43.82500076293945,-34.29999923706055,0.7467619776725769,1,-0.23228132724761963,,2023-06-08 16:48:37,-3.137500047683716
73d32f5bb75976e4,0.5012369751930237,0.16116200387477875,0.19379685819149017,-0.08032871782779694,3,,,0.5515620112419128,2,-0.12431098520755768,,2023-06-08 16:48:37,
73d32f5bb75976e4,0.459757000207901,-0.2907260060310364,0.258395791053772,-1.2527309656143188,5,-58.13750076293945,28.450000762939453,0.7609140276908875,0,-0.6429351568222046,76.12374877929688,2023-06-08 16:40:08,-25.712499618530273
73d32f5bb75976e4,0.2840770184993744,-0.12724599242210388,-0.41187557578086853,0.5933024287223816,5,-51.900001525878906,29.450000762939453,0.8443620204925537,1,1.1180353164672852,118.18624877929688,2023-06-08 16:40:08,-32.625
73d32f5bb75976e4,-0.05215499922633171,-0.22386999428272247,,,5,-51.38750076293945,28.975000381469727,1.320162057876587,0,,128.5887451171875,2023-06-08 16:40:09,-33.8125
73d32f5bb75976e4,-0.008723000064492226,-0.3190299868583679,-0.2205221801996231,0.03329212963581085,5,-52.41250228881836,26.200000762939453,1.2245140075683594,1,-0.7040216326713562,203.66749572753906,2023-06-08 16:40:09,-34.275001525878906
73d32f5bb75976e4,-0.11608300358057022,-0.10089399665594101,0.2412915825843811,-0.08659008145332336,5,-51.13750076293945,24.55000114440918,1.0576180219650269,2,0.3016144931316376,235.82249450683594,2023-06-08 16:40:09,-35.54999923706055
73d32f5bb75976e4,0.021533001214265823,0.041113998740911484,0.2211330533027649,0.8576541543006897,5,-50.4375,23.850000381469727,0.7111380100250244,3,1.0674861669540405,252.5574951171875,2023-06-08 16:40:09,-35.5
73d32f5bb75976e4,-0.014090999029576778,-0.38393399119377136,-0.43401941657066345,-0.6633991599082947,5,-52.0625,21.662500381469727,1.3577380180358887,0,-0.25702136754989624,324.0174865722656,2023-06-08 16:40:10,-31.30000114440918
73d32f5bb75976e4,0.006404999643564224,-0.1492059975862503,-0.4364628791809082,0.2658788859844208,5,-51.875,20.962499618530273,0.6154900193214417,1,-0.2809978127479553,315.42498779296875,2023-06-08 16:40:10,-29.399999618530273
73d32f5bb75976e4,0.03568499907851219,-0.1160220056772232,-0.6714931130409241,0.23365578055381775,5,-49.35000228881836,21.950000762939453,1.2006020545959473,2,0.09147699922323227,328.0887451171875,2023-06-08 16:40:10,-25.649999618530273
73d32f5bb75976e4,0.12596499919891357,-0.04672599956393242,0.17058399319648743,1.4314088821411133,5,-48.41250228881836,21.98750114440918,0.7252900004386902,0,1.3242021799087524,311.3537292480469,2023-06-08 16:40:11,-20.825000762939453
73d32f5bb75976e4,-0.29273900389671326,0.05136200040578842,-0.27229297161102295,-0.1611155867576599,5,-47.4375,21.0625,1.2181700468063354,1,1.1403318643569946,355.677490234375,2023-06-08 16:40:11,-18.762500762939453
73d32f5bb75976e4,0.0630130022764206,-0.19654199481010437,-0.9268345832824707,1.0358740091323853,5,-44.79999923706055,18.037500381469727,0.47592198848724365,2,0.934012234210968,248.4862518310547,2023-06-08 16:40:11,-17.649999618530273
73d32f5bb75976e4,-0.0009150000405497849,-0.11309400200843811,-1.2325724363327026,-0.5254964232444763,5,-43.76250076293945,16.462499618530273,1.4772980213165283,0,-0.9957095980644226,191.0037384033203,2023-06-08 16:40:12,-16.787500381469727
73d32f5bb75976e4,-0.25272300839424133,-0.02525399997830391,1.20981764793396,0.33139413595199585,5,-42.86249923706055,12.887499809265137,0.8990179896354675,1,0.6603448390960693,89.69249725341797,2023-06-08 16:40:12,-14.824999809265137
73d32f5bb75976e4,0.34605300426483154,-0.1584780067205429,0.09804379940032959,0.18570289015769958,5,-41.75,9.287500381469727,1.1269140243530273,2,1.1675152778625488,87.4312515258789,2023-06-08 16:40:12,-14
73d32f5bb75976e4,-0.03995500132441521,0.008418000303208828,-0.21945317089557648,-0.11972949653863907,5,-41.78750228881836,7.974999904632568,0.5862100124359131,0,-0.31062474846839905,98.28624725341797,2023-06-08 16:40:13,-13.100000381469727
73d32f5bb75976e4,0.06691699475049973,0.37637001276016235,-0.360868364572525,-0.9071341753005981,5,-40.712501525878906,7.224999904632568,1.2889299392700195,1,0.30482152104377747,108.68875122070312,2023-06-08 16:40:13,-7.800000190734863
73d32f5bb75976e4,0.20453299582004547,0.14603400230407715,0.2153298407793045,0.3998109996318817,5,-40.72500228881836,7.287499904632568,0.5403380393981934,2,0.6519454121589661,186.93374633789062,2023-06-08 16:40:13,-1.1375000476837158
73d32f5bb75976e4,0.15963700413703918,0.22118598222732544,-0.6246092319488525,0.662330150604248,5,-40.5,4.887500286102295,1.456313967704773,3,-0.08536835014820099,191.0037384033203,2023-06-08 16:40:13,5.6875
73d32f5bb75976e4,0.002500999951735139,0.17677800357341766,0.012980876490473747,-0.14767655730247498,5,-39.91250228881836,3.487499952316284,1.1752259731292725,0,-0.21548254787921906,186.4812469482422,2023-06-08 16:40:14,9.887499809265137
73d32f5bb75976e4,-0.2029469907283783,0.37051400542259216,-0.09162971377372742,0.5427533388137817,5,-36.5,-0.637499988079071,1.024433970451355,1,0.4790706932544708,265.6737365722656,2023-06-08 16:40:14,17.67500114440918
73d32f5bb75976e4,0.1815970093011856,0.36758601665496826,,,5,-33.60000228881836,-1.4500000476837158,1.230370044708252,2,,282.4075012207031,2023-06-08 16:40:14,19.725000381469727
73d32f5bb75976e4,-0.10290699452161789,0.2899940013885498,0.030085090547800064,0.3526217043399811,5,-27.375,-1.712499976158142,0.8794980049133301,0,0.13790272176265717,332.15875244140625,2023-06-08 16:40:15,20.75
73d32f5bb75976e4,-0.1453630030155182,0.6032900214195251,-0.43081238865852356,-0.27198755741119385,5,-24.649999618530273,-0.08749999850988388,1.2938100099563599,1,-0.18173226714134216,301.8562316894531,2023-06-08 16:40:15,20.762500762939453
73d32f5bb75976e4,-0.05361899733543396,0.34562602639198303,0.37751442193984985,0.4419606626033783,5,-20,6.3125,0.4905620217323303,2,0.6824886798858643,308.6399841308594,2023-06-08 16:40:15,18.600000381469727
73d32f5bb75976e4,0.05374100059270859,0.5125219821929932,0.31902414560317993,0.6592758297920227,5,-18.98750114440918,10.40000057220459,1.2991780042648315,0,0.6305651664733887,232.16249084472656,2023-06-08 16:40:16,15
73d32f5bb75976e4,-0.049226999282836914,0.15530599653720856,-0.0565049909055233,-0.8636100888252258,5,-21.975000381469727,17.42500114440918,0.6891780495643616,1,-1.4034618139266968,345.2749938964844,2023-06-08 16:40:16,8.40000057220459
73d32f5bb75976e4,-0.31909099221229553,1.0698180198669434,0.5082395076751709,-1.5560252666473389,5,-26.149999618530273,22.575000762939453,1.4694899320602417,2,-0.5393936038017273,1071.1912841796875,2023-06-08 16:40:16,4.412499904632568
73d32f5bb75976e4,0.017141001299023628,0.19385799765586853,0.4494437575340271,0.86544269323349,5,-28.462499618530273,23.587499618530273,0.7091860175132751,0,0.6012436747550964,1365.17626953125,2023-06-08 16:40:17,2.424999952316284
73d32f5bb75976e4,-0.23808300495147705,0.42468199133872986,0.054672397673130035,-0.8463531732559204,5,-31.600000381469727,23.287500381469727,1.2108500003814697,1,0.27550002932548523,1456.5374755859375,2023-06-08 16:40:17,-1.4875000715255737
73d32f5bb75976e4,-0.017506999894976616,0.0928419977426529,-0.6928733587265015,0.9854776263237,5,-32.63750076293945,22.5,0.5091059803962708,2,-0.9126319885253906,2665.0400390625,2023-06-08 16:40:17,-2.6000001430511475
73d32f5bb75976e4,-0.02580299973487854,0.21484200656414032,-0.3972148299217224,-0.3194822669029236,5,-34.4375,21.399999618530273,1.30308198928833,3,-0.8979712128639221,2957.668701171875,2023-06-08 16:40:17,-4.612500190734863
73d32f5bb75976e4,-0.05117899924516678,0.1533540040254593,0.18035782873630524,0.8083268404006958,5,-35.53750228881836,19.450000762939453,0.569130003452301,0,0.8744529485702515,3421.711181640625,2023-06-08 16:40:18,-6.275000095367432
73d32f5bb75976e4,0.36703699827194214,0.14261800050735474,0.4961749315261841,0.6725621223449707,5,-36.63750076293945,15.46250057220459,1.3333380222320557,1,0.5607738494873047,3180.643798828125,2023-06-08 16:40:18,-11.199999809265137
73d32f5bb75976e4,-0.3186030089855194,0.2529059946537018,-0.3422369956970215,0.04566214233636856,5,-37.4375,13.074999809265137,0.7614020109176636,2,-1.3173298835754395,4125.013671875,2023-06-08 16:40:18,-15.824999809265137
73d32f5bb75976e4,-0.1092509999871254,0.3500180244445801,0.09300415962934494,-0.8213077187538147,5,-38.07500076293945,12.5625,0.9307380318641663,0,-0.887891948223114,4539.30615234375,2023-06-08 16:40:19,-18.087499618530273
73d32f5bb75976e4,-0.08338699489831924,0.2895060181617737,0.4196641147136688,1.5401427745819092,5,-39.66250228881836,10.08750057220459,0.7262660264968872,1,0.49999281764030457,4361.10595703125,2023-06-08 16:40:19,-22.712499618530273
73d32f5bb75976e4,-0.13609100878238678,0.3104900121688843,0.0461202897131443,-0.2188423126935959,5,-39.88750076293945,8.762499809265137,1.1927939653396606,2,-0.8287907838821411,4637.90380859375,2023-06-08 16:40:19,-26.262500762939453
73d32f5bb75976e4,-0.3434910178184509,0.6267139911651611,-0.6424770355224609,0.08032871782779694,5,-39.88750076293945,8.762499809265137,1.3836020231246948,0,-0.8446732759475708,5054.0048828125,2023-06-08 16:40:20,-27.75
73d32f5bb75976e4,-0.07948300242424011,0.42517003417015076,0.23884813487529755,0.12446369975805283,5,-41.01250076293945,7.974999904632568,0.8341139554977417,1,0.49541133642196655,4983.9013671875,2023-06-08 16:40:20,-30.48750114440918
73d32f5bb75976e4,0.10205300152301788,0.6433059573173523,-0.3759872615337372,-0.6925679445266724,5,-42.03750228881836,6.212500095367432,1.28941810131073,2,0.46517354249954224,4383.7197265625,2023-06-08 16:40:20,-31.42500114440918
73d32f5bb75976e4,-0.07557900249958038,0.2080099880695343,-0.5054906010627747,0.18493930995464325,5,-41.13750076293945,5.5,0.5715699791908264,0,-0.42745262384414673,4499.5048828125,2023-06-08 16:40:21,-31.712499618530273
73d32f5bb75976e4,-0.07704300433397293,0.600849986076355,0.38469210267066956,-0.20830489695072174,5,-39.92499923706055,5.287499904632568,1.2411059141159058,1,-1.0051779747009277,4838.71728515625,2023-06-08 16:40:21,-30.86250114440918
73d32f5bb75976e4,-0.12925900518894196,0.3568499982357025,0.1815795600414276,0.44791659712791443,5,-38.20000076293945,7.599999904632568,0.44029802083969116,2,0.6666061878204346,5337.58740234375,2023-06-08 16:40:21,-30.1875
73d32f5bb75976e4,0.12254900485277176,0.42126601934432983,-0.03955349326133728,-0.5053378939628601,5,-36.91250228881836,10.6875,1.2576979398727417,3,0.5876519083976746,5102.85107421875,2023-06-08 16:40:21,-30.5
73d32f5bb75976e4,0.03422100096940994,0.09186600148677826,-0.5424479246139526,-0.5697841048240662,5,-36.04999923706055,11.58750057220459,0.6096339821815491,0,0.0639880821108818,5461.51220703125,2023-06-08 16:40:22,-30.887500762939453
73d32f5bb75976e4,-0.16293099522590637,0.6691699624061584,-0.2383899837732315,0.027488915249705315,5,-35.712501525878906,12.625,1.3387060165405273,1,-0.833219587802887,5577.75,2023-06-08 16:40:22,-31.462499618530273
73d32f5bb75976e4,-0.14048300683498383,0.320250004529953,-0.0539088174700737,0.19990549981594086,5,-35.16250228881836,13.5,0.4603060185909271,2,0.3776671588420868,6069.8349609375,2023-06-08 16:40:22,-33.375
73d32f5bb75976e4,-0.2029469907283783,0.4446900188922882,0.2591593861579895,1.302058219909668,5,-36.25,12.887499809265137,1.6768900156021118,0,0.20158538222312927,5506.7412109375,2023-06-08 16:40:23,-34.087501525878906
73d32f5bb75976e4,-0.16585899889469147,0.38808199763298035,-0.4842630624771118,0.7724385261535645,5,-35.70000076293945,10.02500057220459,0.7326100468635559,1,-0.0256563201546669,5544.732421875,2023-06-08 16:40:23,-34.66250228881836
73d32f5bb75976e4,0.03470899909734726,0.23387399315834045,-0.32330018281936646,-1.4610358476638794,5,-36.025001525878906,8.449999809265137,0.8106899857521057,2,-1.0228930711746216,5548.35107421875,2023-06-08 16:40:23,-34.57500076293945
73d32f5bb75976e4,-0.26248300075531006,0.5788900256156921,-0.14798198640346527,-0.6091849207878113,5,-35.73749923706055,7.625,0.3778339922428131,0,0.20922118425369263,6534.7822265625,2023-06-08 16:40:24,-34.45000076293945
73d32f5bb75976e4,0.07082100212574005,0.3241540193557739,0.4016436040401459,0.5338957905769348,5,-35.337501525878906,6.862500190734863,0.7121139764785767,1,0.7095194458961487,6821.53125,2023-06-08 16:40:24,-34.16250228881836
73d32f5bb75976e4,-0.1639070063829422,0.48568201065063477,0.43569931387901306,0.7533490061759949,5,-35.01250076293945,7.462500095367432,1.230370044708252,2,0.6995928883552551,5767.70849609375,2023-06-08 16:40:24,-33.88750076293945
73d32f5bb75976e4,0.043981000781059265,0.1567700058221817,-0.268627792596817,0.9411898851394653,5,-35.72500228881836,8.225000381469727,0.7106500267982483,0,-0.08032871782779694,5231.75244140625,2023-06-08 16:40:25,-33.625
73d32f5bb75976e4,0.19477300345897675,0.4744579792022705,-0.43631017208099365,-1.0596976280212402,5,-37.54999923706055,9.975000381469727,1.130329966545105,1,-0.6875283122062683,4121.84716796875,2023-06-08 16:40:25,-32.875
73d32f5bb75976e4,0.012261000461876392,0.3656339943408966,0.3906480371952057,0.8915571570396423,5,-39.32500076293945,11.08750057220459,0.5969460010528564,2,0.7831286191940308,5587.69970703125,2023-06-08 16:40:25,-32.76250076293945
73d32f5bb75976e4,0.5524770021438599,0.08064199984073639,,,5,,,1.2806339263916016,3,,5147.1748046875,2023-06-08 16:40:25,
73d32f5bb75976e4,0.002500999951735139,0.3231779932975769,0.401949018239975,0.21319180727005005,5,-40.22500228881836,11.449999809265137,1.1786420345306396,0,0.15836669504642487,4961.2861328125,2023-06-08 16:40:26,-32.67499923706055
73d32f5bb75976e4,-0.018482999876141548,0.18214599788188934,-0.24923282861709595,0.1997527778148651,5,-39.13750076293945,11.762499809265137,0.6964979767799377,1,-0.9019418358802795,6445.22998046875,2023-06-08 16:40:26,-32.92499923706055
73d32f5bb75976e4,-0.050202999264001846,0.3041459918022156,0.38881543278694153,0.6372846961021423,5,-36.04999923706055,11.9375,1.3104019165039062,2,0.7886264324188232,6709.8173828125,2023-06-08 16:40:26,-33.712501525878906
73d32f5bb75976e4,0.18354900181293488,0.14944998919963837,,,5,-34.1875,12.21250057220459,1.1191059350967407,0,,6512.62109375,2023-06-08 16:40:27,-34.22500228881836
73d32f5bb75976e4,-0.1273069977760315,0.15481799840927124,0.039706211537122726,-0.6771436333656311,5,-33,14.65000057220459,1.2801460027694702,1,0.23625195026397705,5961.28759765625,2023-06-08 16:40:27,-34.45000076293945
73d32f5bb75976e4,0.12303700298070908,0.07917799800634384,-0.12873975932598114,0.4416552484035492,5,-31.17500114440918,16.912500381469727,0.6545300483703613,2,-0.8457422852516174,6554.23095703125,2023-06-08 16:40:27,-34.73749923706055
73d32f5bb75976e4,-0.22051499783992767,0.369049996137619,0.9030108451843262,-0.1484401375055313,5,-31.274999618530273,17.92500114440918,0.877545952796936,0,0.39996370673179626,,2023-06-08 16:40:28,-34.875
73d32f5bb75976e4,0.1962369978427887,0.2114259898662567,0.250149130821228,0.06261363625526428,5,-31.48750114440918,20.5,0.8902339935302734,1,0.3984365463256836,5635.18994140625,2023-06-08 16:40:28,-34.9375
73d32f5bb75976e4,-0.012626999989151955,-0.07502999901771545,-0.18723005056381226,-0.41325002908706665,5,-32.86249923706055,21.524999618530273,0.8731539845466614,2,0.47296205163002014,5990.68505859375,2023-06-08 16:40:28,-35.07500076293945
73d32f5bb75976e4,0.20355699956417084,0.1806820034980774,-0.4482220411300659,-0.2698495090007782,5,-33.20000076293945,21.6875,1.091778039932251,0,-0.7875574231147766,,2023-06-08 16:40:29,-35.212501525878906
73d32f5bb75976e4,-0.06045100465416908,0.4051620066165924,-0.26679518818855286,-0.5456549525260925,5,-33.73749923706055,21.67500114440918,0.5081300139427185,1,-0.4488328993320465,6350.70361328125,2023-06-08 16:40:29,-35.712501525878906
73d32f5bb75976e4,0.27041301131248474,0.10748200118541718,0.5590940117835999,-0.11713331937789917,5,-34.42499923706055,21.975000381469727,0.7126019597053528,2,0.11194097250699997,5461.96484375,2023-06-08 16:40:29,-36.212501525878906
73d32f5bb75976e4,0.14402098953723907,0.20996199548244476,-0.1844811588525772,-0.3257436454296112,5,-34.53750228881836,22.774999618530273,0.813618004322052,3,-0.7229584455490112,5629.76220703125,2023-06-08 16:40:29,-36.26250076293945
73d32f5bb75976e4,0.13816499710083008,-0.06331799924373627,-0.337350070476532,1.0398445129394531,5,-33.875,25.162500381469727,0.8619300127029419,0,-0.379347026348114,5935.50732421875,2023-06-08 16:40:30,-36.60000228881836
73d32f5bb75976e4,-0.014579000882804394,0.16994599997997284,0.012980876490473747,0.4399753510951996,5,-34.03750228881836,26.450000762939453,1.2328099012374878,1,-0.6349939107894897,5522.11865234375,2023-06-08 16:40:30,-36.9375
73d32f5bb75976e4,0.1815970093011856,0.2719379961490631,0.46914416551589966,0.24633121490478516,5,-34.32500076293945,30.375,0.46957799792289734,2,0.3692677617073059,5230.8486328125,2023-06-08 16:40:30,-37.38750076293945
73d32f5bb75976e4,0.46170899271965027,-0.011101999320089817,0.13942988216876984,-0.07788526266813278,5,-34.9375,32.75,0.8199620246887207,0,-0.04657844081521034,4735.14501953125,2023-06-08 16:40:31,-37.41250228881836
73d32f5bb75976e4,0.27041301131248474,-0.02379000000655651,-0.16966769099235535,-0.14034618437290192,5,-35.86249923706055,36.23749923706055,0.870714008808136,1,-0.13011419773101807,4906.56103515625,2023-06-08 16:40:31,-37.5625
73d32f5bb75976e4,0.3841170072555542,-0.167262002825737,0.08124501258134842,0.9132428169250488,5,-37.212501525878906,38.22500228881836,1.1781539916992188,2,-0.2657261788845062,5112.80126953125,2023-06-08 16:40:31,-37.78750228881836
73d32f5bb75976e4,0.2928610146045685,0.1992259919643402,-0.0256563201546669,-0.27320927381515503,5,-37.92499923706055,38.875,0.911217987537384,0,-0.3633118271827698,4831.48095703125,2023-06-08 16:40:32,-37.45000076293945
73d32f5bb75976e4,0.24064499139785767,0.20313000679016113,0.3782780170440674,0.05253437161445618,5,-39.97500228881836,39.16250228881836,0.657945990562439,1,-0.18203771114349365,4568.70361328125,2023-06-08 16:40:32,-36.63750076293945
73d32f5bb75976e4,0.7052209973335266,-0.11406999826431274,-0.5991056561470032,0.08842267841100693,5,-41.25,38.212501525878906,1.0756739377975464,2,-0.3130682110786438,4711.173828125,2023-06-08 16:40:32,-35.837501525878906
73d32f5bb75976e4,0.5105089545249939,-0.09552599489688873,-1.2588396072387695,-0.3935496211051941,5,-41.25,37.51250076293945,0.6467220187187195,0,-1.1759146451950073,4871.2822265625,2023-06-08 16:40:33,-35.775001525878906
73d32f5bb75976e4,0.6573969721794128,-0.1765339970588684,-0.3761399984359741,-0.12904518842697144,5,-38.9375,34.837501525878906,0.74822598695755,1,-1.4117084741592407,6412.21337890625,2023-06-08 16:40:33,-36.6875
73d32f5bb75976e4,0.45780500769615173,0.02257000096142292,,,5,,,0.9688019752502441,2,,,2023-06-08 16:40:33,
73d32f5bb75976e4,,,1.2812888622283936,-0.6583595275878906,1,-59.17499923706055,15.175000190734863,,0,-0.3399462401866913,107.78374481201172,,-50.6875
73d32f5bb75976e4,,,-0.6010909676551819,-1.1391100883483887,5,-59.875,28.024999618530273,,0,-0.36544984579086304,43.55999755859375,,-22.262500762939453
73d32f5bb75976e4,,,0.0616973415017128,-0.4523453712463379,5,27.649999618530273,-32.07500076293945,,0,-0.5105302333831787,63.912498474121094,2023-06-08 20:21:39,-46.4375
73d32f5bb75976e4,,,0.2684750556945801,0.053756099194288254,5,29.087499618530273,-31.42500114440918,,1,0.05497783049941063,67.07875061035156,2023-06-08 20:21:39,-45.54999923706055
73d32f5bb75976e4,,,0.48304131627082825,0.10919208079576492,5,28.6875,-30.762500762939453,,2,-0.5429060459136963,46.974998474121094,2023-06-08 20:21:39,-45.962501525878906
73d32f5bb75976e4,,,-0.46608981490135193,-0.09621120244264603,5,28.75,-31.36250114440918,,0,-0.5497782826423645,44.463748931884766,2023-06-08 20:21:40,-45.98749923706055
73d32f5bb75976e4,,,-0.027336198836565018,0.15775582194328308,5,29.787500381469727,-32.962501525878906,,1,0.722347617149353,53.96249771118164,2023-06-08 20:21:40,-45.29999923706055
73d32f5bb75976e4,,,-0.1640172004699707,-0.12446369975805283,5,28.625,-33.525001525878906,,2,0.3568977415561676,44.463748931884766,2023-06-08 20:21:40,-46.22500228881836
73d32f5bb75976e4,,,0.5940660238265991,-0.23594652116298676,5,28.30000114440918,-33.73749923706055,,0,-0.07757982611656189,43.55999755859375,2023-06-08 20:21:41,-46.51250076293945
73d32f5bb75976e4,,,0.06627883017063141,-0.6236929297447205,5,28.912500381469727,-35.337501525878906,,1,0.027947064489126205,,2023-06-08 20:21:41,-46.07500076293945
73d32f5bb75976e4,,,0.9294307827949524,0.7547234296798706,5,26.42500114440918,-32.48749923706055,,2,0.7307469844818115,44.713748931884766,2023-06-08 20:21:41,-47.32500076293945
73d32f5bb75976e4,,,0.411722868680954,-0.3312414288520813,5,24.899999618530273,-30.30000114440918,,0,0.291687935590744,30.6924991607666,2023-06-08 20:21:42,-47.73749923706055
73d32f5bb75976e4,,,-0.8649845123291016,0.20250166952610016,5,24.012500762939453,-27.537500381469727,,1,-0.4987711012363434,30.6924991607666,2023-06-08 20:21:42,-47.462501525878906
73d32f5bb75976e4,,,-0.04108065739274025,0.7492256760597229,5,20.98750114440918,-24.912500381469727,,2,0.833219587802887,27.07499885559082,2023-06-08 20:21:42,-48.51250076293945
73d32f5bb75976e4,,,,,5,18.0625,-22.98750114440918,,0,,25.264999389648438,2023-06-08 20:21:43,-49.45000076293945
73d32f5bb75976e4,,,0.28405213356018066,-0.2948949635028839,5,16.05000114440918,-21.200000762939453,,1,-0.5004509687423706,23.908748626708984,2023-06-08 20:21:43,-49.47500228881836
73d32f5bb75976e4,,,0.28298309445381165,-0.04566214233636856,5,14.512499809265137,-19.375,,2,-0.16004657745361328,27.07499885559082,2023-06-08 20:21:43,-48.775001525878906
73d32f5bb75976e4,,,-0.008704823441803455,1.3348922729492188,5,11.83750057220459,-17.137500762939453,,0,0.795651376247406,24.813749313354492,2023-06-08 20:21:44,-48.375
73d32f5bb75976e4,,,0.2130390852689743,0.20708316564559937,5,6.900000095367432,-13.3125,,1,-0.439364492893219,21.647499084472656,2023-06-08 20:21:44,-46.837501525878906
73d32f5bb75976e4,,,-0.008399390615522861,0.06582067906856537,5,3.5,-10.21250057220459,,2,0.06780599057674408,17.125,2023-06-08 20:21:44,-44.38750076293945
73d32f5bb75976e4,,,0.6210967898368835,-0.29825472831726074,5,1.2375000715255737,-8.625,,0,0.23625195026397705,,2023-06-08 20:21:45,-43.03750228881836
73d32f5bb75976e4,,,-0.01511890348047018,0.19730933010578156,5,-3.924999952316284,-7.387500286102295,,1,-0.004123337101191282,16.67249870300293,2023-06-08 20:21:45,-41.67499923706055
73d32f5bb75976e4,,,0.29962918162345886,-0.3822486400604248,2,-11.199999809265137,-43.125,,0,-0.09330959618091583,811.1275024414062,,-27.962499618530273
73d32f5bb75976e4,,,1.0830632448196411,2.019671678543091,5,-1.8625000715255737,0.45000001788139343,,2,-0.521831214427948,44.9162483215332,2023-06-08 20:23:09,-4.012500286102295
73d32f5bb75976e4,,,0.07574722915887833,1.1343759298324585,5,-3.387500047683716,0.925000011920929,,0,-0.5222893953323364,29.33624839782715,2023-06-08 20:23:10,-4.200000286102295
73d32f5bb75976e4,,,-1.1241439580917358,-1.310152292251587,5,-8.050000190734863,3.7875001430511475,,1,0.21120649576187134,26.622499465942383,2023-06-08 20:23:10,-7.300000190734863
73d32f5bb75976e4,,,-0.8408553600311279,-1.4217877388000488,5,-10.83750057220459,5.075000286102295,,2,0.8014546036720276,,2023-06-08 20:23:10,-9.65000057220459
73d32f5bb75976e4,,,-0.6414080262184143,-0.5009090900421143,5,-13.637499809265137,4.037499904632568,,0,0.5500837564468384,51.69999694824219,2023-06-08 20:23:11,-13.625
73d32f5bb75976e4,,,-0.41844236850738525,-0.7890845537185669,5,-14.475000381469727,2.7125000953674316,,1,0.819322407245636,123.16124725341797,2023-06-08 20:23:11,-15.0625
73d32f5bb75976e4,,,1.4903573989868164,2.21881365776062,5,-15.225000381469727,-0.03750000149011612,,2,-1.6326888799667358,49.89125061035156,2023-06-08 20:23:11,-19.387500762939453
73d32f5bb75976e4,,,-0.3565923273563385,-0.665842592716217,5,-14.550000190734863,-0.07500000298023224,,3,0.28756460547447205,25.264999389648438,2023-06-08 20:23:11,-21.287500381469727
73d32f5bb75976e4,,,-2.699105978012085,0.8167262077331543,5,-13.83750057220459,-0.512499988079071,,0,0.3017672002315521,42,2023-06-08 20:23:12,-21.825000762939453
73d32f5bb75976e4,,,-1.4285073280334473,0.5138899683952332,5,-14.125,-1.899999976158142,,1,-1.1001675128936768,52.15250015258789,2023-06-08 20:23:12,-22.962499618530273
73d32f5bb75976e4,,,0.003665188793092966,0.02871064469218254,5,-13.9375,-3.7875001430511475,,2,-0.2383899837732315,61.651248931884766,2023-06-08 20:23:12,-23.11250114440918
73d32f5bb75976e4,,,0.35934120416641235,0.0899498388171196,5,-13.387499809265137,-5.162499904632568,,0,-0.20708316564559937,57.57999801635742,2023-06-08 20:23:13,-24.287500381469727
73d32f5bb75976e4,,,-0.03023780696094036,0.04413498193025589,5,-15.300000190734863,-9.074999809265137,,1,-0.3500255048274994,48.08250045776367,2023-06-08 20:23:13,-30.350000381469727
73d32f5bb75976e4,,,-0.5319104790687561,0.36712974309921265,5,-15.02500057220459,-12.662500381469727,,2,-0.10231985151767731,56.67625045776367,2023-06-08 20:23:13,-36.01250076293945
73d32f5bb75976e4,,,-0.33429574966430664,0.27107125520706177,5,-13.512499809265137,-12.975000381469727,,0,0.03894263133406639,60.74625015258789,2023-06-08 20:23:14,-36.66250228881836
73d32f5bb75976e4,,,-0.4068359434604645,0.17226386070251465,5,-11.375,-13.112500190734863,,1,0.017562363296747208,67.52999877929688,2023-06-08 20:23:14,-38.03750228881836
73d32f5bb75976e4,,,0.2185368686914444,-0.07559451460838318,5,-10.46250057220459,-14.350000381469727,,2,0.013439024798572063,,2023-06-08 20:23:14,-40.625
73d32f5bb75976e4,,,0.6760746240615845,-0.1562286615371704,5,-10.3125,-15.037500381469727,,0,0.007483093533664942,63.459999084472656,2023-06-08 20:23:15,-41.900001525878906
73d32f5bb75976e4,,,0.08659008145332336,-0.022907428443431854,5,-11.324999809265137,-14.800000190734863,,1,-0.006719512399286032,47.42749786376953,2023-06-08 20:23:15,-42.01250076293945
73d32f5bb75976e4,,,0.021838415414094925,-0.06215549260377884,5,-11.875,-13.33750057220459,,2,0.05024362727999687,40.64374923706055,2023-06-08 20:23:15,-40.48749923706055
73d32f5bb75976e4,,,,,3,-17.0625,-4.237500190734863,,0,,107.78374481201172,,70.55000305175781
73d32f5bb75976e4,,,0.16783510148525238,-0.25473061203956604,5,,,,2,-0.3808741867542267,23.00374984741211,2023-06-08 20:21:45,
73d32f5bb75976e4,,,-0.02412915788590908,-0.0102319847792387,6,,,,0,-0.08933897316455841,84.71749877929688,,
